# 3ds Max Wavefront OBJ Exporter v0.99 - (c)2007 guruware
# File Created: 19.03.2025 11:03:10

#
# object rueda_izqA
#

v  -0.2138 -0.1105 -0.0689
v  -0.2072 -0.1476 -0.0661
v  -0.2214 -0.1129 -0.0687
v  -0.2300 -0.0764 -0.0703
v  -0.2228 -0.0753 -0.0706
v  -0.2330 -0.0395 -0.0708
v  -0.2264 -0.0395 -0.0712
v  -0.2212 -0.0420 -0.0717
v  -0.2182 -0.0746 -0.0712
v  -0.2095 -0.1092 -0.0696
v  -0.1965 -0.1423 -0.0672
v  -0.2006 -0.1443 -0.0666
v  -0.1800 -0.1704 -0.0643
v  -0.1828 -0.1754 -0.0633
v  -0.1881 -0.1792 -0.0627
v  -0.0988 0.1642 -0.0496
v  -0.1314 0.1486 -0.0539
v  -0.1012 0.1682 -0.0486
v  -0.0693 0.1773 -0.0442
v  -0.0688 0.1828 -0.0427
v  -0.0710 0.1889 -0.0415
v  -0.1047 0.1746 -0.0476
v  -0.1362 0.1549 -0.0533
v  -0.1642 0.1305 -0.0584
v  -0.1589 0.1254 -0.0590
v  -0.1878 0.1023 -0.0626
v  -0.1825 0.0985 -0.0633
v  -0.1768 0.0976 -0.0637
v  -0.1555 0.1222 -0.0598
v  -0.1286 0.1451 -0.0549
v  -0.0317 -0.2635 -0.0374
v  0.0031 -0.2701 -0.0297
v  -0.0327 -0.2679 -0.0362
v  -0.0631 -0.2564 -0.0431
v  -0.0673 -0.2604 -0.0424
v  -0.0695 -0.2665 -0.0412
v  -0.0340 -0.2750 -0.0348
v  0.0029 -0.2779 -0.0281
v  0.0397 -0.2749 -0.0214
v  0.0389 -0.2677 -0.0232
v  0.0751 -0.2662 -0.0150
v  0.0735 -0.2601 -0.0169
v  0.0698 -0.2561 -0.0190
v  0.0384 -0.2633 -0.0247
v  0.0034 -0.2657 -0.0311
v  0.2029 -0.1414 0.0051
v  0.2197 -0.1096 0.0096
v  0.2065 -0.1434 0.0072
v  0.1865 -0.1696 0.0021
v  0.1887 -0.1746 0.0039
v  0.1936 -0.1783 0.0064
v  0.2126 -0.1467 0.0099
v  0.2267 -0.1120 0.0124
v  0.2353 -0.0754 0.0140
v  0.2286 -0.0743 0.0112
v  0.2381 -0.0385 0.0145
v  0.2321 -0.0385 0.0118
v  0.2275 -0.0410 0.0095
v  0.2245 -0.0736 0.0090
v  0.2159 -0.1082 0.0073
v  0.1366 0.1492 -0.0054
v  0.1092 0.1751 -0.0088
v  0.1408 0.1555 -0.0031
v  0.1690 0.1312 0.0020
v  0.1642 0.1261 -0.0005
v  0.1927 0.1031 0.0063
v  0.1878 0.0993 0.0038
v  0.1827 0.0984 0.0014
v  0.1613 0.1229 -0.0024
v  0.1343 0.1457 -0.0073
v  0.1046 0.1647 -0.0127
v  0.1064 0.1687 -0.0110
v  0.0750 0.1776 -0.0181
v  0.0739 0.1831 -0.0169
v  0.0756 0.1892 -0.0149
v  0.0296 0.0236 -0.0444
v  0.0404 0.0306 -0.0416
v  0.0366 0.0282 -0.0196
v  0.0272 0.0221 -0.0214
v  0.0261 0.0106 -0.0414
v  0.0247 0.0109 -0.0218
v  0.0323 -0.0003 -0.0377
v  0.0306 0.0014 -0.0207
v  0.0412 -0.0013 -0.0188
v  0.0451 -0.0034 -0.0379
v  0.0485 -0.0016 -0.0382
v  0.0510 0.0046 -0.0170
v  0.0570 0.0034 -0.0394
v  0.0585 0.0093 -0.0390
v  0.0537 0.0156 -0.0165
v  0.0601 0.0162 -0.0381
v  0.0478 0.0256 -0.0176
v  0.0531 0.0277 -0.0386
v  0.0060 -0.2857 -0.0438
v  0.0066 -0.2771 -0.0574
v  0.0088 -0.2806 -0.0598
v  0.0103 -0.2870 -0.0443
v  0.0131 -0.2820 -0.0603
v  0.0038 -0.2822 -0.0412
v  0.0077 -0.2735 -0.0541
v  0.0140 -0.2856 -0.0423
v  0.0168 -0.2805 -0.0584
v  0.0049 -0.2786 -0.0381
v  0.0114 -0.2719 -0.0522
v  0.0150 -0.2820 -0.0392
v  0.0179 -0.2769 -0.0554
v  0.0086 -0.2770 -0.0362
v  0.0156 -0.2734 -0.0526
v  0.0128 -0.2785 -0.0367
v  0.0124 -0.2846 -0.0565
v  0.0075 -0.2790 -0.0632
v  0.0138 -0.2818 -0.0646
v  0.0061 -0.2816 -0.0550
v  -0.3200 -0.0202 -0.2111
v  -0.3190 -0.0751 -0.2109
v  -0.3467 -0.0384 -0.1906
v  -0.3446 -0.0773 -0.1902
v  -0.3775 -0.0384 -0.0574
v  -0.3755 -0.0781 -0.0571
v  -0.3953 -0.0384 0.0780
v  -0.3932 -0.0773 0.0783
v  -0.3775 -0.0202 0.1066
v  -0.3738 -0.0932 0.1073
v  -0.3087 -0.1289 -0.2090
v  -0.3386 -0.1158 -0.1891
v  -0.3694 -0.1172 -0.0560
v  -0.3872 -0.1158 0.0794
v  -0.3773 -0.1534 0.0812
v  -0.3551 -0.1638 0.1106
v  -0.3287 -0.1534 -0.1873
v  -0.3593 -0.1554 -0.0541
v  -0.3453 -0.1924 -0.0516
v  -0.3635 -0.1897 0.0837
v  -0.3463 -0.2243 0.0868
v  -0.3224 -0.2290 0.1166
v  -0.2911 -0.1809 -0.2058
v  -0.3149 -0.1897 -0.1848
v  -0.2977 -0.2243 -0.1817
v  -0.3277 -0.2278 -0.0484
v  -0.3064 -0.2610 -0.0446
v  -0.3253 -0.2570 0.0906
v  -0.3012 -0.2872 0.0950
v  -0.2772 -0.2857 0.1248
v  -0.2649 -0.2290 -0.2011
v  -0.2767 -0.2570 -0.1779
v  -0.2526 -0.2872 -0.1735
v  -0.2819 -0.2918 -0.0401
v  -0.2543 -0.3198 -0.0351
v  -0.2742 -0.3147 0.0999
v  -0.2445 -0.3393 0.1053
v  -0.2213 -0.3318 0.1349
v  -0.2323 -0.2728 -0.1952
v  -0.1929 -0.3103 -0.1880
v  -0.2255 -0.3147 -0.1686
v  -0.1958 -0.3393 -0.1633
v  -0.2241 -0.3447 -0.0297
v  -0.1913 -0.3663 -0.0237
v  -0.2124 -0.3604 0.1111
v  -0.1781 -0.3781 0.1173
v  -0.1573 -0.3650 0.1465
v  -0.1486 -0.3417 -0.1800
v  -0.1638 -0.3604 -0.1575
v  -0.1295 -0.3781 -0.1513
v  -0.1567 -0.3843 -0.0175
v  -0.1203 -0.3985 -0.0109
v  -0.1424 -0.3921 0.1237
v  -0.1054 -0.4021 0.1304
v  -0.0877 -0.3838 0.1591
v  -0.0998 -0.3650 -0.1712
v  -0.0938 -0.3921 -0.1448
v  -0.0568 -0.4021 -0.1381
v  -0.0826 -0.4088 -0.0040
v  -0.0440 -0.4150 0.0029
v  -0.0676 -0.4082 0.1373
v  -0.0295 -0.4102 0.1442
v  -0.0159 -0.3876 0.1721
v  -0.0480 -0.3810 -0.1618
v  0.0056 -0.3876 -0.1521
v  -0.0190 -0.4082 -0.1312
v  0.0192 -0.4102 -0.1243
v  -0.0052 -0.4170 0.0100
v  0.0337 -0.4150 0.0170
v  0.0087 -0.4082 0.1511
v  0.0465 -0.4021 0.1580
v  0.0551 -0.3762 0.1849
v  0.0596 -0.3867 -0.1423
v  0.0574 -0.4082 -0.1174
v  0.0951 -0.4021 -0.1106
v  0.0723 -0.4088 0.0240
v  0.1100 -0.3985 0.0308
v  0.0835 -0.3921 0.1647
v  0.1192 -0.3781 0.1711
v  0.1223 -0.3500 0.1971
v  0.1127 -0.3762 -0.1327
v  0.1321 -0.3921 -0.1039
v  0.1679 -0.3781 -0.0974
v  0.1464 -0.3843 0.0374
v  0.1810 -0.3663 0.0437
v  0.1535 -0.3604 0.1773
v  0.1855 -0.3393 0.1831
v  0.1826 -0.3103 0.2080
v  0.1637 -0.3584 -0.1235
v  0.2110 -0.3318 -0.1149
v  0.2021 -0.3604 -0.0912
v  0.2342 -0.3393 -0.0854
v  0.2138 -0.3447 0.0496
v  0.2440 -0.3198 0.0551
v  0.2153 -0.3147 0.1885
v  0.2423 -0.2872 0.1934
v  0.2334 -0.2586 0.2172
v  0.2541 -0.2987 -0.1071
v  0.2639 -0.3147 -0.0800
v  0.2910 -0.2872 -0.0751
v  0.2716 -0.2918 0.0601
v  0.2961 -0.2610 0.0646
v  0.2664 -0.2570 0.1978
v  0.2874 -0.2243 0.2016
v  0.2726 -0.1972 0.2243
v  0.2910 -0.2586 -0.1004
v  0.3151 -0.2570 -0.0707
v  0.3360 -0.2243 -0.0669
v  0.3174 -0.2278 0.0684
v  0.3350 -0.1924 0.0716
v  0.3046 -0.1897 0.2047
v  0.3184 -0.1534 0.2072
v  0.2984 -0.1289 0.2290
v  0.3220 -0.2136 -0.0948
v  0.3448 -0.1638 -0.0907
v  0.3532 -0.1897 -0.0638
v  0.3670 -0.1534 -0.0613
v  0.3490 -0.1554 0.0741
v  0.3591 -0.1172 0.0760
v  0.3283 -0.1158 0.2090
v  0.3343 -0.0773 0.2101
v  0.3097 -0.0568 0.2310
v  0.3606 -0.1113 -0.0878
v  0.3770 -0.1158 -0.0595
v  0.3830 -0.0773 -0.0585
v  0.3652 -0.0781 0.0771
v  0.3672 -0.0384 0.0774
v  0.3363 -0.0384 0.2104
v  0.3343 0.0004 0.2101
v  0.3060 0.0163 0.2304
v  0.3672 -0.0568 -0.0866
v  0.3849 -0.0384 -0.0581
v  0.3830 0.0004 -0.0585
v  0.3652 0.0011 0.0771
v  0.3591 0.0402 0.0760
v  0.3283 0.0388 0.2090
v  0.3184 0.0764 0.2072
v  0.2873 0.0868 0.2270
v  0.3662 -0.0019 -0.0868
v  0.3559 0.0519 -0.0887
v  0.3770 0.0388 -0.0595
v  0.3670 0.0764 -0.0613
v  0.3490 0.0785 0.0741
v  0.3350 0.1155 0.0716
v  0.3046 0.1127 0.2047
v  0.2874 0.1473 0.2016
v  0.2546 0.1520 0.2211
v  0.3383 0.1039 -0.0918
v  0.3532 0.1127 -0.0638
v  0.3360 0.1473 -0.0669
v  0.3174 0.1508 0.0684
v  0.2961 0.1840 0.0646
v  0.2664 0.1801 0.1978
v  0.2423 0.2103 0.1934
v  0.2093 0.2087 0.2129
v  0.3121 0.1520 -0.0966
v  0.3151 0.1801 -0.0707
v  0.2910 0.2103 -0.0751
v  0.2716 0.2148 0.0601
v  0.2440 0.2429 0.0551
v  0.2153 0.2377 0.1885
v  0.1855 0.2623 0.1831
v  0.1534 0.2548 0.2027
v  0.2795 0.1958 -0.1025
v  0.2401 0.2333 -0.1096
v  0.2639 0.2377 -0.0800
v  0.2342 0.2623 -0.0854
v  0.2138 0.2677 0.0496
v  0.1810 0.2893 0.0437
v  0.1535 0.2834 0.1773
v  0.1192 0.3011 0.1711
v  0.0894 0.2880 0.1911
v  0.1958 0.2647 -0.1176
v  0.2021 0.2834 -0.0912
v  0.1679 0.3011 -0.0974
v  0.1464 0.3073 0.0374
v  0.1100 0.3215 0.0308
v  0.0835 0.3151 0.1647
v  0.0465 0.3251 0.1580
v  0.0199 0.3068 0.1786
v  0.1469 0.2880 -0.1265
v  0.1321 0.3151 -0.1039
v  0.0951 0.3251 -0.1106
v  0.0723 0.3318 0.0240
v  0.0337 0.3380 0.0170
v  0.0087 0.3312 0.1511
v  -0.0295 0.3332 0.1442
v  -0.0519 0.3107 0.1655
v  0.0952 0.3040 -0.1359
v  0.0416 0.3107 -0.1456
v  0.0574 0.3312 -0.1174
v  0.0192 0.3332 -0.1243
v  -0.0052 0.3400 0.0100
v  -0.0440 0.3380 0.0029
v  -0.0676 0.3312 0.1373
v  -0.1054 0.3251 0.1304
v  -0.1230 0.2992 0.1527
v  -0.0125 0.3097 -0.1554
v  -0.0190 0.3312 -0.1312
v  -0.0568 0.3251 -0.1381
v  -0.0826 0.3318 -0.0040
v  -0.1203 0.3215 -0.0109
v  -0.1424 0.3151 0.1237
v  -0.1781 0.3011 0.1173
v  -0.1902 0.2731 0.1405
v  -0.0654 0.2992 -0.1650
v  -0.0938 0.3151 -0.1448
v  -0.1295 0.3011 -0.1513
v  -0.1567 0.3073 -0.0175
v  -0.1913 0.2893 -0.0237
v  -0.2124 0.2834 0.1111
v  -0.2445 0.2623 0.1053
v  -0.2504 0.2333 0.1296
v  -0.1165 0.2814 -0.1742
v  -0.1637 0.2548 -0.1828
v  -0.1638 0.2834 -0.1575
v  -0.1958 0.2623 -0.1633
v  -0.2241 0.2677 -0.0297
v  -0.2543 0.2429 -0.0351
v  -0.2742 0.2377 0.0999
v  -0.3012 0.2103 0.0950
v  -0.3013 0.1816 0.1204
v  -0.2068 0.2217 -0.1906
v  -0.2255 0.2377 -0.1686
v  -0.2526 0.2103 -0.1735
v  -0.2819 0.2148 -0.0401
v  -0.3064 0.1840 -0.0446
v  -0.3253 0.1801 0.0906
v  -0.3463 0.1473 0.0868
v  -0.3404 0.1202 0.1133
v  -0.2437 0.1816 -0.1972
v  -0.2767 0.1801 -0.1779
v  -0.2977 0.1473 -0.1817
v  -0.3277 0.1508 -0.0484
v  -0.3453 0.1155 -0.0516
v  -0.3635 0.1127 0.0837
v  -0.3773 0.0764 0.0812
v  -0.3662 0.0519 0.1086
v  -0.2747 0.1366 -0.2029
v  -0.2976 0.0868 -0.2070
v  -0.3149 0.1127 -0.1848
v  -0.3287 0.0764 -0.1873
v  -0.3593 0.0785 -0.0541
v  -0.3694 0.0402 -0.0560
v  -0.3872 0.0388 0.0794
v  -0.3932 0.0004 0.0783
v  -0.3134 0.0343 -0.2099
v  -0.3386 0.0388 -0.1891
v  -0.3446 0.0004 -0.1902
v  -0.3755 0.0011 -0.0571
v  0.0091 -0.3552 -0.1621
v  0.0581 -0.3543 -0.1532
v  0.1063 -0.3449 -0.1445
v  0.1526 -0.3287 -0.1361
v  -0.0395 -0.3492 -0.1709
v  0.0090 -0.3122 -0.1485
v  0.0512 -0.3115 -0.1409
v  0.0929 -0.3032 -0.1333
v  0.1329 -0.2893 -0.1261
v  -0.0864 -0.3346 -0.1794
v  -0.0331 -0.3069 -0.1562
v  -0.1308 -0.3135 -0.1875
v  -0.0736 -0.2944 -0.1635
v  -0.1709 -0.2850 -0.1947
v  -0.1120 -0.2763 -0.1704
v  -0.2067 -0.2511 -0.2012
v  -0.1466 -0.2515 -0.1767
v  -0.2363 -0.2112 -0.2066
v  -0.1776 -0.2222 -0.1823
v  -0.2600 -0.1677 -0.2109
v  -0.2031 -0.1878 -0.1869
v  -0.2759 -0.1206 -0.2137
v  -0.2236 -0.1502 -0.1906
v  -0.2854 -0.0717 -0.2155
v  -0.2375 -0.1095 -0.1932
v  -0.2862 -0.0218 -0.2156
v  -0.2455 -0.0672 -0.1946
v  -0.2801 0.0276 -0.2145
v  -0.2462 -0.0241 -0.1947
v  -0.2659 0.0752 -0.2119
v  -0.2411 0.0186 -0.1938
v  -0.2452 0.1204 -0.2082
v  -0.2288 0.0597 -0.1916
v  -0.2171 0.1611 -0.2031
v  -0.2108 0.0987 -0.1883
v  -0.1836 0.1975 -0.1970
v  -0.1865 0.1340 -0.1839
v  -0.1445 0.2275 -0.1899
v  -0.1576 0.1655 -0.1787
v  -0.1017 0.2517 -0.1822
v  -0.1238 0.1914 -0.1726
v  -0.0553 0.2679 -0.1738
v  -0.0867 0.2123 -0.1659
v  -0.0072 0.2774 -0.1651
v  -0.0467 0.2263 -0.1586
v  0.0418 0.2782 -0.1562
v  -0.0051 0.2345 -0.1511
v  0.0904 0.2722 -0.1474
v  0.0372 0.2352 -0.1434
v  0.1373 0.2577 -0.1389
v  0.0793 0.2300 -0.1358
v  0.1817 0.2365 -0.1309
v  0.1197 0.2174 -0.1285
v  0.2219 0.2080 -0.1236
v  0.1582 0.1993 -0.1215
v  0.2577 0.1741 -0.1171
v  0.1928 0.1746 -0.1152
v  0.2872 0.1342 -0.1118
v  0.2238 0.1452 -0.1096
v  0.3109 0.0908 -0.1075
v  0.2493 0.1108 -0.1050
v  0.3269 0.0436 -0.1046
v  0.2698 0.0732 -0.1013
v  0.3363 -0.0052 -0.1029
v  0.2837 0.0325 -0.0988
v  0.3371 -0.0551 -0.1027
v  0.2917 -0.0098 -0.0973
v  0.3311 -0.1046 -0.1038
v  0.2924 -0.0529 -0.0972
v  0.3168 -0.1522 -0.1064
v  0.2873 -0.0956 -0.0981
v  0.2961 -0.1973 -0.1102
v  0.2749 -0.1367 -0.1004
v  0.2680 -0.2380 -0.1152
v  0.2570 -0.1757 -0.1036
v  0.2346 -0.2745 -0.1213
v  0.2327 -0.2109 -0.1080
v  0.1954 -0.3044 -0.1284
v  0.2038 -0.2425 -0.1133
v  0.1700 -0.2684 -0.1194
v  0.0566 0.2318 -0.1348
v  0.0230 0.2339 -0.1409
v  0.0248 0.2351 -0.1509
v  0.0586 0.2330 -0.1448
v  0.0897 0.2254 -0.1288
v  -0.0089 0.2330 -0.1571
v  -0.0107 0.2318 -0.1470
v  -0.0421 0.2265 -0.1631
v  -0.0437 0.2254 -0.1530
v  -0.0743 0.2159 -0.1689
v  -0.0757 0.2148 -0.1588
v  -0.1049 0.2013 -0.1744
v  -0.1061 0.2002 -0.1643
v  0.0917 0.2265 -0.1388
v  0.1217 0.2148 -0.1230
v  0.0251 0.2352 -0.1523
v  -0.0087 0.2331 -0.1584
v  0.0588 0.2331 -0.1462
v  -0.0421 0.2267 -0.1645
v  -0.0741 0.2161 -0.1703
v  -0.1047 0.2014 -0.1758
v  -0.1334 0.1828 -0.1796
v  -0.1346 0.1819 -0.1695
v  -0.1333 0.1830 -0.1810
v  0.1238 0.2159 -0.1330
v  0.1521 0.2002 -0.1175
v  0.0921 0.2267 -0.1402
v  0.0251 0.2361 -0.1523
v  -0.0088 0.2339 -0.1585
v  -0.0422 0.2274 -0.1645
v  0.0589 0.2339 -0.1462
v  -0.0743 0.2168 -0.1703
v  -0.1051 0.2021 -0.1759
v  -0.1338 0.1837 -0.1811
v  -0.1595 0.1610 -0.1843
v  -0.1606 0.1601 -0.1742
v  -0.1593 0.1611 -0.1857
v  -0.1599 0.1617 -0.1858
v  0.1544 0.2013 -0.1275
v  0.1805 0.1819 -0.1124
v  0.1242 0.2161 -0.1344
v  0.0922 0.2274 -0.1402
v  0.1829 0.1828 -0.1223
v  0.2064 0.1601 -0.1077
v  0.0251 0.2397 -0.1523
v  -0.0093 0.2375 -0.1585
v  -0.0430 0.2310 -0.1647
v  -0.0758 0.2202 -0.1706
v  0.0594 0.2375 -0.1461
v  -0.1068 0.2053 -0.1762
v  -0.1358 0.1866 -0.1815
v  -0.1624 0.1644 -0.1863
v  -0.1826 0.1359 -0.1885
v  -0.1836 0.1352 -0.1783
v  -0.1825 0.1360 -0.1899
v  -0.1831 0.1365 -0.1900
v  -0.1859 0.1388 -0.1905
v  0.1548 0.2014 -0.1288
v  0.1244 0.2168 -0.1343
v  0.0931 0.2310 -0.1400
v  0.2090 0.1610 -0.1176
v  0.2294 0.1352 -0.1035
v  0.1833 0.1830 -0.1237
v  0.0251 0.2405 -0.1523
v  -0.0094 0.2383 -0.1586
v  -0.0433 0.2317 -0.1647
v  -0.0760 0.2209 -0.1706
v  -0.1072 0.2060 -0.1763
v  0.0595 0.2383 -0.1461
v  -0.1363 0.1872 -0.1816
v  -0.1629 0.1649 -0.1864
v  -0.1864 0.1393 -0.1906
v  -0.2025 0.1081 -0.1921
v  -0.2033 0.1075 -0.1819
v  -0.2023 0.1082 -0.1935
v  -0.2031 0.1087 -0.1936
v  -0.2061 0.1106 -0.1942
v  -0.2067 0.1111 -0.1943
v  0.1551 0.2021 -0.1288
v  0.1258 0.2202 -0.1341
v  0.0932 0.2317 -0.1400
v  0.2322 0.1359 -0.1134
v  0.2492 0.1075 -0.0999
v  0.2094 0.1611 -0.1190
v  0.1838 0.1837 -0.1236
v  0.0241 0.2405 -0.1471
v  -0.0103 0.2383 -0.1533
v  -0.0443 0.2317 -0.1595
v  -0.0769 0.2209 -0.1654
v  -0.1081 0.2060 -0.1711
v  -0.1373 0.1872 -0.1763
v  0.0586 0.2383 -0.1409
v  -0.1638 0.1649 -0.1811
v  -0.1873 0.1393 -0.1854
v  -0.2076 0.1111 -0.1891
v  -0.2188 0.0780 -0.1951
v  -0.2196 0.0776 -0.1848
v  -0.2187 0.0780 -0.1965
v  -0.2194 0.0784 -0.1966
v  -0.2226 0.0799 -0.1972
v  -0.2233 0.0803 -0.1973
v  -0.2242 0.0803 -0.1921
v  0.1569 0.2053 -0.1284
v  0.2521 0.1081 -0.1098
v  0.2099 0.1617 -0.1188
v  0.1858 0.1866 -0.1232
v  -0.2312 0.0461 -0.1973
v  -0.2320 0.0458 -0.1871
v  -0.2312 0.0461 -0.1987
v  -0.2319 0.0463 -0.1989
v  -0.2353 0.0475 -0.1995
v  -0.2360 0.0478 -0.1996
v  -0.2369 0.0478 -0.1944
v  0.1573 0.2060 -0.1284
v  0.2655 0.0776 -0.0970
v  0.2124 0.1644 -0.1184
v  0.2332 0.1365 -0.1146
v  0.1863 0.1872 -0.1231
v  -0.2396 0.0129 -0.2003
v  -0.2439 0.0137 -0.2010
v  -0.2447 0.0138 -0.2012
v  -0.2456 0.0138 -0.1960
v  0.1564 0.2060 -0.1232
v  0.1252 0.2209 -0.1288
v  0.2778 0.0458 -0.0948
v  0.2683 0.0780 -0.1068
v  0.1854 0.1872 -0.1179
v  0.2129 0.1649 -0.1183
v  -0.2397 0.0128 -0.1988
v  -0.2490 -0.0210 -0.2020
v  0.2807 0.0461 -0.1046
v  0.2862 0.0125 -0.0932
v  0.2688 0.0780 -0.1082
v  0.2525 0.1082 -0.1111
v  0.2326 0.1360 -0.1147
v  0.2120 0.1649 -0.1131
v  0.2365 0.1393 -0.1140
v  0.2359 0.1388 -0.1141
v  -0.2403 0.0125 -0.1886
v  -0.2438 -0.0213 -0.1996
v  -0.2445 -0.0213 -0.1893
v  -0.2439 -0.0213 -0.2010
v  0.2892 0.0128 -0.1031
v  0.2904 -0.0213 -0.0925
v  0.2812 0.0461 -0.1059
v  0.2695 0.0784 -0.1081
v  0.2530 0.1087 -0.1110
v  0.2356 0.1393 -0.1088
v  0.2562 0.1106 -0.1105
v  -0.2438 -0.0556 -0.1996
v  -0.2445 -0.0556 -0.1893
v  -0.2439 -0.0556 -0.2010
v  0.2896 0.0129 -0.1044
v  0.2727 0.0799 -0.1075
v  0.2568 0.1111 -0.1104
v  0.2558 0.1111 -0.1051
v  -0.2396 -0.0898 -0.2003
v  -0.2397 -0.0897 -0.1988
v  -0.2403 -0.0896 -0.1886
v  -0.2403 -0.0899 -0.2004
v  -0.2446 -0.0557 -0.2012
v  0.2904 -0.0556 -0.0925
v  0.2934 -0.0213 -0.1023
v  0.2939 -0.0213 -0.1036
v  0.2734 0.0803 -0.1074
v  0.2725 0.0803 -0.1021
v  -0.2319 -0.1233 -0.1989
v  -0.2312 -0.1230 -0.1987
v  -0.2312 -0.1230 -0.1973
v  -0.2320 -0.1227 -0.1871
v  -0.2439 -0.0906 -0.2010
v  -0.2353 -0.1245 -0.1995
v  -0.2446 -0.0212 -0.2012
v  -0.2481 -0.0560 -0.2018
v  0.2862 -0.0896 -0.0932
v  0.2934 -0.0556 -0.1023
v  0.2892 -0.0897 -0.1031
v  0.2778 -0.1227 -0.0948
v  0.2904 0.0130 -0.1043
v  0.2946 -0.0212 -0.1035
v  0.2819 0.0463 -0.1058
v  0.2861 0.0478 -0.1051
v  0.2852 0.0478 -0.0998
v  -0.2187 -0.1550 -0.1965
v  -0.2188 -0.1550 -0.1951
v  -0.2196 -0.1545 -0.1848
v  -0.2403 0.0130 -0.2004
v  -0.2481 -0.0210 -0.2018
v  -0.2490 -0.0560 -0.2020
v  0.2807 -0.1230 -0.1046
v  0.2655 -0.1545 -0.0970
v  0.2939 0.0137 -0.1036
v  0.2982 -0.0210 -0.1029
v  0.2947 0.0138 -0.1035
v  0.2854 0.0475 -0.1052
v  -0.2025 -0.1850 -0.1921
v  -0.2033 -0.1844 -0.1819
v  -0.2023 -0.1851 -0.1935
v  -0.2031 -0.1856 -0.1936
v  0.2683 -0.1550 -0.1068
v  0.2492 -0.1844 -0.0999
v  0.2812 -0.1230 -0.1059
v  0.2896 -0.0898 -0.1044
v  0.2939 -0.0556 -0.1036
v  0.2990 -0.0210 -0.1027
v  0.2982 -0.0560 -0.1029
v  0.2946 -0.0557 -0.1035
v  0.2937 0.0138 -0.0983
v  -0.1831 -0.2134 -0.1900
v  -0.1825 -0.2129 -0.1899
v  0.2521 -0.1850 -0.1098
v  0.2294 -0.2121 -0.1035
v  0.2322 -0.2128 -0.1134
v  0.2064 -0.2371 -0.1077
v  0.2688 -0.1550 -0.1082
v  0.2904 -0.0899 -0.1043
v  0.2981 -0.0210 -0.0975
v  0.2990 -0.0560 -0.1027
v  0.2939 -0.0906 -0.1036
v  -0.1836 -0.2121 -0.1783
v  -0.1599 -0.2386 -0.1858
v  -0.1624 -0.2413 -0.1863
v  -0.1859 -0.2158 -0.1905
v  -0.1593 -0.2380 -0.1857
v  -0.2499 -0.0560 -0.1967
v  -0.2456 -0.0907 -0.1960
v  0.2525 -0.1851 -0.1111
v  0.2090 -0.2379 -0.1176
v  0.1805 -0.2588 -0.1124
v  0.2695 -0.1553 -0.1081
v  0.2819 -0.1233 -0.1058
v  0.2981 -0.0560 -0.0975
v  0.2947 -0.0907 -0.1035
v  0.2854 -0.1245 -0.1052
v  -0.1826 -0.2128 -0.1885
v  -0.1595 -0.2379 -0.1843
v  -0.1338 -0.2606 -0.1811
v  -0.1629 -0.2418 -0.1864
v  -0.2061 -0.1875 -0.1942
v  -0.1333 -0.2600 -0.1810
v  0.2531 -0.1856 -0.1110
v  0.1829 -0.2598 -0.1223
v  0.2727 -0.1569 -0.1075
v  0.2937 -0.0907 -0.0983
v  0.2861 -0.1247 -0.1051
v  -0.1334 -0.2598 -0.1796
v  -0.1606 -0.2371 -0.1742
v  -0.1864 -0.2162 -0.1906
v  -0.1047 -0.2783 -0.1758
v  0.2562 -0.1875 -0.1105
v  0.2332 -0.2134 -0.1146
v  0.2094 -0.2380 -0.1190
v  0.1521 -0.2772 -0.1175
v  0.2734 -0.1572 -0.1074
v  0.2852 -0.1247 -0.0998
v  -0.1049 -0.2782 -0.1744
v  -0.1638 -0.2418 -0.1811
v  -0.1873 -0.2162 -0.1854
v  -0.2067 -0.1880 -0.1943
v  -0.1377 -0.2641 -0.1739
v  -0.0741 -0.2930 -0.1703
v  0.2359 -0.2158 -0.1141
v  0.2568 -0.1880 -0.1104
v  0.2099 -0.2386 -0.1188
v  0.1544 -0.2782 -0.1275
v  0.2725 -0.1572 -0.1021
v  -0.0743 -0.2928 -0.1689
v  -0.1061 -0.2772 -0.1643
v  -0.2076 -0.1880 -0.1891
v  -0.2233 -0.1572 -0.1973
v  -0.2226 -0.1569 -0.1972
v  -0.0421 -0.3037 -0.1645
v  -0.0422 -0.3044 -0.1645
v  0.2124 -0.2413 -0.1184
v  0.2365 -0.2162 -0.1140
v  0.2558 -0.1880 -0.1051
v  0.1838 -0.2606 -0.1236
v  0.1833 -0.2600 -0.1237
v  0.1548 -0.2783 -0.1288
v  0.1217 -0.2917 -0.1230
v  -0.0421 -0.3034 -0.1631
v  -0.2241 -0.1572 -0.1931
v  -0.2194 -0.1553 -0.1966
v  -0.0088 -0.3109 -0.1585
v  -0.0093 -0.3145 -0.1585
v  0.1238 -0.2928 -0.1330
v  0.1242 -0.2930 -0.1344
v  0.0897 -0.3024 -0.1288
v  -0.0757 -0.2917 -0.1588
v  0.2356 -0.2162 -0.1088
v  0.2129 -0.2418 -0.1183
v  0.0917 -0.3034 -0.1388
v  0.1551 -0.2791 -0.1288
v  0.1244 -0.2937 -0.1343
v  0.0566 -0.3087 -0.1348
v  0.2120 -0.2418 -0.1131
v  0.1863 -0.2641 -0.1231
v  0.1858 -0.2636 -0.1232
v  0.0586 -0.3099 -0.1448
v  0.0921 -0.3037 -0.1402
v  0.1569 -0.2822 -0.1284
v  0.0922 -0.3044 -0.1402
v  0.1258 -0.2971 -0.1341
v  0.0230 -0.3109 -0.1409
v  0.1854 -0.2641 -0.1179
v  0.1573 -0.2830 -0.1284
v  0.0588 -0.3100 -0.1462
v  0.0248 -0.3121 -0.1509
v  0.0589 -0.3109 -0.1462
v  0.0931 -0.3079 -0.1400
v  0.1261 -0.2979 -0.1340
v  -0.0107 -0.3087 -0.1470
v  -0.0437 -0.3024 -0.1530
v  -0.0089 -0.3099 -0.1571
v  0.1564 -0.2830 -0.1232
v  0.0251 -0.3123 -0.1523
v  0.0251 -0.3130 -0.1523
v  0.0594 -0.3145 -0.1461
v  0.0932 -0.3086 -0.1400
v  0.1252 -0.2979 -0.1288
v  -0.0087 -0.3100 -0.1584
v  0.0251 -0.3167 -0.1523
v  0.0595 -0.3152 -0.1461
v  0.0923 -0.3086 -0.1348
v  0.0251 -0.3175 -0.1523
v  0.0586 -0.3152 -0.1409
v  -0.1346 -0.2588 -0.1695
v  -0.0094 -0.3152 -0.1586
v  -0.0430 -0.3079 -0.1647
v  0.0241 -0.3175 -0.1471
v  -0.0103 -0.3152 -0.1533
v  -0.0433 -0.3086 -0.1647
v  -0.0743 -0.2937 -0.1703
v  -0.0758 -0.2971 -0.1706
v  -0.0443 -0.3086 -0.1595
v  -0.0760 -0.2979 -0.1706
v  -0.1051 -0.2791 -0.1759
v  -0.1068 -0.2822 -0.1762
v  -0.0769 -0.2979 -0.1654
v  -0.1072 -0.2830 -0.1763
v  -0.1358 -0.2636 -0.1815
v  -0.1081 -0.2830 -0.1711
v  -0.1363 -0.2641 -0.1816
v  0.1261 0.2209 -0.1340
v  0.0923 0.2317 -0.1348
v  -0.2499 -0.0210 -0.1967
v  -0.2447 -0.0907 -0.2012
v  -0.2369 -0.1247 -0.1944
v  -0.2360 -0.1247 -0.1996
v  0.2326 -0.2129 -0.1147
v  -0.1342 0.1654 -0.1637
v  -0.1079 0.1837 -0.1589
v  -0.1074 0.1805 -0.1506
v  -0.1333 0.1625 -0.1553
v  -0.1581 0.1439 -0.1680
v  -0.0793 0.1951 -0.1455
v  -0.0794 0.1985 -0.1538
v  -0.1570 0.1413 -0.1596
v  -0.1791 0.1195 -0.1718
v  -0.0807 0.1948 -0.1373
v  -0.1088 0.1803 -0.1424
v  -0.1347 0.1622 -0.1471
v  -0.0498 0.2060 -0.1402
v  -0.0493 0.2095 -0.1483
v  -0.0511 0.2057 -0.1320
v  -0.1777 0.1173 -0.1633
v  -0.1970 0.0927 -0.1751
v  -0.1581 0.1411 -0.1514
v  -0.0925 0.1951 -0.0726
v  -0.0630 0.2060 -0.0673
v  -0.1205 0.1805 -0.0777
v  -0.1466 0.1625 -0.0824
v  -0.0182 0.2167 -0.1427
v  -0.0191 0.2130 -0.1346
v  -0.0205 0.2127 -0.1264
v  -0.0322 0.2131 -0.0617
v  -0.1953 0.0908 -0.1665
v  -0.2115 0.0638 -0.1777
v  -0.1790 0.1170 -0.1551
v  -0.1702 0.1413 -0.0867
v  -0.1220 0.1798 -0.0672
v  -0.0941 0.1943 -0.0621
v  -0.0646 0.2051 -0.0568
v  -0.1478 0.1618 -0.0720
v  -0.1713 0.1407 -0.0763
v  0.0122 0.2161 -0.1289
v  0.0135 0.2197 -0.1369
v  0.0108 0.2157 -0.1208
v  -0.0009 0.2160 -0.0560
v  -0.0341 0.2121 -0.0513
v  -0.2097 0.0623 -0.1691
v  -0.1966 0.0907 -0.1583
v  -0.2222 0.0332 -0.1796
v  -0.1909 0.1173 -0.0904
v  -0.1921 0.1167 -0.0801
v  -0.1207 0.1764 -0.0638
v  -0.1461 0.1588 -0.0684
v  -0.0931 0.1907 -0.0588
v  -0.0641 0.2014 -0.0535
v  -0.1693 0.1380 -0.0726
v  -0.1896 0.1144 -0.0763
v  0.0438 0.2151 -0.1232
v  0.0455 0.2188 -0.1311
v  0.0422 0.2148 -0.1151
v  0.0306 0.2151 -0.0503
v  -0.0028 0.2152 -0.0456
v  -0.0340 0.2083 -0.0481
v  -0.2202 0.0322 -0.1710
v  -0.2108 0.0621 -0.1609
v  -0.2085 0.0908 -0.0936
v  -0.2292 0.0015 -0.1809
v  -0.2097 0.0903 -0.0831
v  -0.2070 0.0884 -0.0794
v  -0.0907 0.1798 -0.0459
v  -0.1169 0.1662 -0.0507
v  -0.1411 0.1493 -0.0551
v  -0.0630 0.1899 -0.0409
v  -0.0343 0.1966 -0.0357
v  -0.1632 0.1295 -0.0591
v  -0.1826 0.1071 -0.0626
v  0.0748 0.2102 -0.1176
v  0.0770 0.2137 -0.1254
v  0.0732 0.2098 -0.1095
v  0.0616 0.2102 -0.0447
v  0.0286 0.2142 -0.0399
v  -0.0033 0.2113 -0.0425
v  -0.0050 0.1994 -0.0304
v  -0.2271 0.0009 -0.1723
v  -0.2214 0.0321 -0.1628
v  -0.2229 0.0623 -0.0962
v  -0.2239 0.0619 -0.0856
v  -0.2321 -0.0308 -0.1814
v  -0.2209 0.0604 -0.0819
v  -0.1991 0.0824 -0.0656
v  0.1050 0.2013 -0.1121
v  0.1077 0.2048 -0.1199
v  0.1035 0.2010 -0.1040
v  0.0918 0.2013 -0.0392
v  0.0596 0.2093 -0.0343
v  0.0277 0.2103 -0.0369
v  0.0244 0.1984 -0.0251
v  -0.2299 -0.0309 -0.1728
v  -0.2282 0.0009 -0.1640
v  -0.2334 0.0322 -0.0981
v  -0.2345 0.0319 -0.0875
v  -0.2314 0.0308 -0.0838
v  -0.2311 -0.0632 -0.1812
v  -0.2124 0.0557 -0.0680
v  0.1340 0.1886 -0.1069
v  0.1370 0.1920 -0.1146
v  0.1323 0.1883 -0.0988
v  0.1208 0.1886 -0.0340
v  0.0898 0.2005 -0.0288
v  0.0581 0.2055 -0.0314
v  0.0534 0.1939 -0.0199
v  -0.2289 -0.0629 -0.1726
v  -0.2311 -0.0309 -0.1646
v  -0.2403 0.0009 -0.0994
v  -0.2413 0.0009 -0.0888
v  -0.2380 0.0002 -0.0850
v  -0.2222 0.0276 -0.0698
v  -0.2260 -0.0952 -0.1803
v  0.1611 0.1724 -0.1020
v  0.1646 0.1755 -0.1096
v  0.1594 0.1721 -0.0939
v  0.1479 0.1724 -0.0291
v  0.1185 0.1879 -0.0236
v  0.0879 0.1968 -0.0260
v  0.0817 0.1856 -0.0147
v  -0.2240 -0.0944 -0.1717
v  -0.2301 -0.0628 -0.1644
v  -0.2431 -0.0309 -0.0999
v  -0.2287 -0.0016 -0.0709
v  0.1843 0.1526 -0.0893
v  0.1728 0.1528 -0.0246
v  0.1087 0.1738 -0.0098
v  -0.2171 -0.1264 -0.1787
v  -0.2151 -0.1251 -0.1701
v  -0.2252 -0.0944 -0.1635
v  -0.2421 -0.0629 -0.0997
v  -0.2431 -0.0628 -0.0891
v  -0.2442 -0.0309 -0.0893
v  -0.2314 -0.0313 -0.0714
v  -0.2409 -0.0310 -0.0855
v  0.1950 0.1303 -0.0205
v  0.1455 0.1717 -0.0187
v  -0.2044 -0.1562 -0.1764
v  -0.2025 -0.1545 -0.1678
v  -0.2163 -0.1251 -0.1619
v  -0.2398 -0.0625 -0.0854
v  -0.2303 -0.0613 -0.0712
v  0.1161 0.1844 -0.0209
v  0.1429 0.1684 -0.0161
v  -0.1881 -0.1841 -0.1734
v  -0.1865 -0.1820 -0.1649
v  -0.2037 -0.1543 -0.1596
v  -0.2283 -0.1251 -0.0972
v  -0.2372 -0.0944 -0.0988
v  -0.2350 -0.0934 -0.0845
v  0.2320 0.1072 -0.0974
v  0.2483 0.0793 -0.0944
v  0.2436 0.0776 -0.0870
v  0.2275 0.1051 -0.0900
v  0.2124 0.1327 -0.1009
v  0.1340 0.1586 -0.0053
v  0.1573 0.1403 -0.0010
v  -0.1684 -0.2097 -0.1699
v  -0.1672 -0.2072 -0.1614
v  -0.1877 -0.1817 -0.1567
v  -0.2157 -0.1545 -0.0949
v  -0.2258 -0.0908 -0.0704
v  -0.2263 -0.1236 -0.0829
v  0.2562 0.0482 -0.0848
v  0.2611 0.0495 -0.0921
v  0.2082 0.1303 -0.0935
v  -0.1459 -0.2325 -0.1658
v  -0.1450 -0.2298 -0.1574
v  -0.1684 -0.2070 -0.1532
v  -0.1997 -0.1820 -0.0920
v  -0.2009 -0.1815 -0.0815
v  -0.2169 -0.1541 -0.0844
v  -0.2294 -0.1249 -0.0866
v  -0.2175 -0.1195 -0.0689
v  0.2651 0.0175 -0.0832
v  0.2701 0.0182 -0.0905
v  0.2631 0.0174 -0.0751
v  0.2543 0.0480 -0.0767
v  0.1898 0.1556 -0.1050
v  0.1860 0.1528 -0.0975
v  0.2258 0.1048 -0.0818
v  0.2065 0.1301 -0.0853
v  0.2419 0.0773 -0.0789
v  -0.1206 -0.2524 -0.1612
v  -0.1201 -0.2493 -0.1529
v  -0.1461 -0.2295 -0.1492
v  -0.1804 -0.2072 -0.0885
v  -0.1815 -0.2066 -0.0779
v  -0.1982 -0.1793 -0.0778
v  -0.1793 -0.2041 -0.0744
v  -0.2382 -0.0943 -0.0882
v  0.2700 -0.0140 -0.0823
v  0.2751 -0.0138 -0.0896
v  0.2682 -0.0141 -0.0741
v  0.2519 0.0175 -0.0102
v  0.2568 -0.0141 -0.0093
v  0.2430 0.0482 -0.0118
v  0.2305 0.0775 -0.0141
v  -0.0931 -0.2689 -0.1563
v  -0.0929 -0.2656 -0.1480
v  -0.1212 -0.2490 -0.1447
v  -0.1582 -0.2298 -0.0845
v  -0.1594 -0.2291 -0.0739
v  -0.1575 -0.2263 -0.0704
v  -0.1908 -0.1726 -0.0641
v  -0.2059 -0.1469 -0.0668
v  -0.2140 -0.1522 -0.0807
v  -0.1726 -0.1962 -0.0608
v  0.2692 -0.0460 -0.0740
v  0.2579 -0.0461 -0.0092
v  0.2402 0.0478 -0.0016
v  0.2144 0.1050 -0.0170
v  0.2118 0.1046 -0.0067
v  0.2278 0.0772 -0.0038
v  -0.1332 -0.2494 -0.0800
v  -0.0942 -0.2653 -0.1398
v  -0.1347 -0.2486 -0.0695
v  -0.1330 -0.2454 -0.0660
v  -0.1519 -0.2173 -0.0570
v  0.2549 -0.0779 -0.0097
v  0.2663 -0.0779 -0.0745
v  0.2237 0.0753 -0.0014
v  0.1925 0.1296 -0.0102
v  0.1703 0.1521 -0.0142
v  0.2080 0.1023 -0.0043
v  0.1891 0.1271 -0.0077
v  -0.0638 -0.2817 -0.1509
v  -0.1060 -0.2656 -0.0750
v  -0.1064 -0.2613 -0.0612
v  0.2481 -0.1091 -0.0109
v  0.2521 -0.0778 0.0006
v  0.2711 -0.0461 -0.0821
v  0.2761 -0.0461 -0.0894
v  0.2112 0.0700 0.0087
v  0.1673 0.1492 -0.0116
v  0.1962 0.0956 0.0060
v  -0.0330 -0.2907 -0.1454
v  -0.0640 -0.2782 -0.1427
v  -0.0337 -0.2871 -0.1373
v  -0.0015 -0.2957 -0.1397
v  -0.0772 -0.2782 -0.0698
v  -0.0787 -0.2774 -0.0593
v  -0.1076 -0.2648 -0.0646
v  0.2731 -0.0784 -0.0899
v  0.2662 -0.1101 -0.0912
v  0.2613 -0.1091 -0.0838
v  0.2595 -0.1090 -0.0757
v  0.2375 -0.1392 -0.0128
v  0.2455 -0.1089 -0.0006
v  0.2680 -0.0779 -0.0826
v  0.1782 0.1192 0.0027
v  -0.0026 -0.2921 -0.1316
v  0.0304 -0.2966 -0.1339
v  -0.0487 -0.2863 -0.0539
v  -0.0469 -0.2871 -0.0643
v  -0.0484 -0.2824 -0.0507
v  -0.0780 -0.2738 -0.0561
v  0.2489 -0.1390 -0.0776
v  0.2232 -0.1678 -0.0154
v  0.2348 -0.1389 -0.0026
v  0.2412 -0.1078 0.0017
v  0.2479 -0.0772 0.0030
v  0.2506 -0.0459 0.0035
v  0.2551 -0.0460 0.0011
v  0.0288 -0.2930 -0.1259
v  0.0621 -0.2936 -0.1281
v  -0.0351 -0.2868 -0.1291
v  -0.0041 -0.2918 -0.1235
v  -0.0654 -0.2780 -0.1346
v  -0.0158 -0.2921 -0.0587
v  -0.1032 -0.2507 -0.0482
v  -0.0763 -0.2626 -0.0433
v  0.2207 -0.1673 -0.0051
v  0.2056 -0.1942 -0.0186
v  0.2348 -0.1676 -0.0802
v  0.2308 -0.1374 -0.0001
v  0.2178 -0.1326 0.0099
v  0.2277 -0.1045 0.0117
v  0.2342 -0.0753 0.0129
v  0.2368 -0.0456 0.0134
v  0.2497 -0.0145 0.0033
v  0.2540 -0.0142 0.0009
v  0.0601 -0.2900 -0.1203
v  0.0933 -0.2864 -0.1225
v  0.0272 -0.2926 -0.1178
v  0.0156 -0.2930 -0.0530
v  0.0136 -0.2921 -0.0426
v  -0.0176 -0.2912 -0.0483
v  -0.1285 -0.2355 -0.0528
v  0.2168 -0.1654 -0.0027
v  0.2030 -0.1937 -0.0083
v  0.2170 -0.1940 -0.0834
v  0.1849 -0.2182 -0.0224
v  0.2363 -0.1677 -0.0884
v  0.2507 -0.1392 -0.0858
v  0.2044 -0.1593 0.0075
v  0.0586 -0.2896 -0.1121
v  0.0469 -0.2900 -0.0474
v  0.1879 -0.1840 0.0045
v  0.1994 -0.1913 -0.0058
v  0.1824 -0.2177 -0.0120
v  0.2188 -0.1942 -0.0915
v  0.1963 -0.2180 -0.0872
v  0.2491 0.0173 0.0000
v  0.2448 0.0165 0.0024
v  0.2358 -0.0157 0.0132
v  0.2312 0.0139 0.0123
v  0.0909 -0.2829 -0.1147
v  0.0892 -0.2826 -0.1066
v  0.0777 -0.2829 -0.0418
v  0.0755 -0.2822 -0.0314
v  -0.0178 -0.2873 -0.0452
v  0.0131 -0.2882 -0.0396
v  0.1685 -0.2065 0.0010
v  0.1791 -0.2149 -0.0095
v  0.1589 -0.2388 -0.0163
v  0.1612 -0.2394 -0.0266
v  0.1727 -0.2392 -0.0914
v  0.2361 0.0466 0.0008
v  0.2228 0.0425 0.0108
v  0.1204 -0.2721 -0.1093
v  0.1187 -0.2717 -0.1012
v  0.1072 -0.2721 -0.0364
v  0.1354 -0.2575 -0.0313
v  0.1981 -0.2182 -0.0953
v  0.1744 -0.2394 -0.0996
v  0.2020 -0.2208 -0.1028
v  0.1781 -0.2424 -0.1071
v  0.1486 -0.2575 -0.1042
v  0.1518 -0.2606 -0.1119
v  0.1468 -0.2572 -0.0961
v  0.1330 -0.2568 -0.0210
v  0.0438 -0.2853 -0.0340
v  0.0449 -0.2891 -0.0369
v  0.0105 -0.2763 -0.0276
v  -0.0189 -0.2754 -0.0330
v  0.2231 -0.1965 -0.0990
v  0.0397 -0.2735 -0.0223
v  0.0739 -0.2784 -0.0285
v  -0.0480 -0.2708 -0.0382
v  0.0961 -0.2568 -0.0121
v  0.1223 -0.2431 -0.0074
v  0.1305 -0.2534 -0.0183
v  0.0685 -0.2669 -0.0171
v  0.1029 -0.2677 -0.0233
v  0.1558 -0.2357 -0.0137
v  0.1049 -0.2712 -0.0261
v  0.1466 -0.2262 -0.0030
v  0.1233 -0.2754 -0.1170
v  0.2410 -0.1697 -0.0957
v  0.2555 -0.1407 -0.0931
v  0.0617 0.1818 -0.0216
v  0.0588 0.1862 -0.0225
v  0.0720 0.1788 -0.0186
v  0.0616 0.1809 -0.0217
v  0.0580 0.1756 -0.0218
v  0.0561 0.1880 -0.0232
v  0.0399 0.1986 -0.0257
v  0.0755 0.1900 -0.0192
v  0.0733 0.1835 -0.0189
v  0.0707 0.1744 -0.0183
v  0.0624 0.1723 -0.0195
v  0.0559 0.1732 -0.0218
v  0.0592 0.1704 -0.0220
v  0.0703 0.1731 -0.0171
v  0.0640 0.1719 -0.0179
v  0.0597 0.1695 -0.0211
v  0.0569 0.1656 -0.0304
v  0.0578 0.1650 -0.0289
v  0.1023 0.1602 -0.0126
v  0.1016 0.1590 -0.0113
v  0.0996 0.1572 -0.0009
v  0.0693 0.1709 -0.0065
v  0.0631 0.1697 -0.0073
v  0.0590 0.1673 -0.0105
v  0.1276 0.1394 0.0041
v  0.1803 0.0864 0.0031
v  0.1761 0.0867 0.0131
v  0.1754 0.0929 0.0127
v  0.1796 0.0928 0.0027
v  0.1530 0.1179 0.0087
v  0.1566 0.1185 -0.0014
v  0.1305 0.1407 -0.0063
v  0.1314 0.1417 -0.0075
v  0.1809 0.0933 0.0016
v  0.1578 0.1194 -0.0026
v  0.1847 0.0958 0.0018
v  0.1889 0.0985 0.0020
v  0.1961 0.0851 0.0023
v  0.1986 0.0831 0.0026
v  0.1944 0.1025 0.0022
v  0.2136 0.0709 0.0057
v  0.1814 0.0847 0.0021
v  0.1811 0.0807 0.0001
v  0.1862 0.0813 0.0015
v  0.1903 0.0862 0.0016
v  0.1910 0.0866 0.0018
v  0.1846 0.0785 0.0015
v  0.1823 0.0737 -0.0075
v  0.1792 0.0756 -0.0083
v  0.1686 0.0638 -0.0185
v  0.1713 0.0606 -0.0192
v  0.1379 0.0429 -0.0315
v  0.1400 0.0398 -0.0323
v  0.1089 0.0281 -0.0360
v  0.1070 0.0312 -0.0351
v  0.0896 0.0289 -0.0356
v  0.1061 0.0323 -0.0339
v  0.1370 0.0439 -0.0303
v  0.1676 0.0647 -0.0175
v  0.1780 0.0766 -0.0071
v  0.1799 0.0811 0.0006
v  0.1042 0.0342 -0.0235
v  0.1341 0.0455 -0.0201
v  0.1638 0.0656 -0.0074
v  0.1739 0.0772 0.0029
v  0.1756 0.0815 0.0106
v  0.0436 0.0626 -0.0439
v  0.0421 0.0795 -0.0455
v  0.0446 0.0631 -0.0425
v  0.0504 0.0509 -0.0373
v  0.0507 0.0520 -0.0359
v  0.0615 0.0401 -0.0341
v  0.0620 0.0411 -0.0328
v  0.0759 0.0335 -0.0313
v  0.0753 0.0325 -0.0328
v  0.0895 0.0301 -0.0344
v  0.0445 0.0641 -0.0316
v  0.0503 0.0533 -0.0252
v  0.0612 0.0428 -0.0222
v  0.0748 0.0353 -0.0208
v  0.0880 0.0321 -0.0239
v  -0.1739 0.0921 -0.0505
v  -0.1743 0.0920 -0.0614
v  -0.1516 0.1172 -0.0464
v  -0.1514 0.1179 -0.0572
v  -0.1263 0.1389 -0.0419
v  -0.1752 0.0926 -0.0629
v  -0.1752 0.0856 -0.0612
v  -0.1747 0.0859 -0.0504
v  -0.1739 0.0803 -0.0634
v  -0.1734 0.0808 -0.0526
v  -0.1694 0.0758 -0.0701
v  -0.1690 0.0764 -0.0592
v  -0.1758 0.0839 -0.0626
v  -0.1801 0.0805 -0.0649
v  -0.1749 0.0799 -0.0644
v  -0.1701 0.0749 -0.0715
v  -0.1566 0.0631 -0.0774
v  -0.1560 0.0640 -0.0761
v  -0.1232 0.0423 -0.0787
v  -0.1228 0.0434 -0.0774
v  -0.1786 0.0777 -0.0643
v  -0.1733 0.0729 -0.0718
v  -0.1588 0.0598 -0.0790
v  -0.1249 0.0392 -0.0803
v  -0.0944 0.0276 -0.0727
v  -0.0930 0.0308 -0.0713
v  -0.0926 0.0319 -0.0699
v  -0.0765 0.0285 -0.0656
v  -0.0768 0.0298 -0.0645
v  -0.0641 0.0322 -0.0579
v  -0.0652 0.0332 -0.0569
v  -0.0507 0.0399 -0.0545
v  -0.0517 0.0409 -0.0534
v  -0.0401 0.0518 -0.0523
v  -0.0435 0.0531 -0.0422
v  -0.0762 0.0253 -0.0669
v  -0.0605 0.0288 -0.0586
v  -0.0483 0.0368 -0.0549
v  -0.0368 0.0464 -0.0543
v  -0.0392 0.0507 -0.0534
v  -0.0321 0.0629 -0.0564
v  -0.0271 0.0795 -0.0593
v  -0.0235 0.0802 -0.0599
v  -0.0274 0.0614 -0.0581
v  -0.0307 0.0625 -0.0573
v  -0.0287 0.0794 -0.0583
v  -0.0297 0.1124 -0.0605
v  -0.0283 0.1127 -0.0615
v  -0.0405 0.1496 -0.0552
v  -0.0392 0.1501 -0.0561
v  -0.0495 0.1648 -0.0483
v  -0.0481 0.1653 -0.0494
v  -0.0539 0.1692 -0.0416
v  -0.0570 0.1720 -0.0411
v  -0.0521 0.1754 -0.0417
v  -0.0501 0.1729 -0.0410
v  -0.0531 0.1702 -0.0423
v  -0.0453 0.1678 -0.0486
v  -0.0352 0.1514 -0.0566
v  -0.0245 0.1135 -0.0621
v  -0.0591 0.1716 -0.0402
v  -0.0652 0.1741 -0.0430
v  -0.0663 0.1785 -0.0437
v  -0.0554 0.1807 -0.0429
v  -0.0555 0.1815 -0.0428
v  -0.0526 0.1859 -0.0427
v  -0.0675 0.1832 -0.0444
v  -0.0968 0.1598 -0.0487
v  -0.1258 0.1412 -0.0540
v  -0.0652 0.1728 -0.0416
v  -0.0965 0.1586 -0.0472
v  -0.1253 0.1402 -0.0525
v  -0.1522 0.1187 -0.0587
v  -0.0525 0.1628 -0.0381
v  -0.0570 0.1671 -0.0315
v  -0.0619 0.1694 -0.0300
v  -0.0680 0.1706 -0.0314
v  -0.0983 0.1568 -0.0368
v  -0.1788 0.0950 -0.0640
v  -0.1828 0.0977 -0.0653
v  -0.1842 0.0874 -0.0650
v  -0.2017 0.0670 -0.0700
v  -0.2147 0.0358 -0.0724
v  -0.2072 0.0700 -0.0704
v  -0.1922 0.0823 -0.0682
v  -0.1882 0.1017 -0.0670
v  -0.1897 0.0843 -0.0675
v  -0.1847 0.0858 -0.0662
v  -0.1839 0.0854 -0.0662
v  -0.2214 -0.0387 -0.0718
v  -0.2261 -0.0384 -0.0731
v  -0.2239 -0.0234 -0.0737
v  -0.2248 -0.0203 -0.0741
v  -0.2327 -0.0385 -0.0750
v  -0.2299 -0.0014 -0.0745
v  -0.2238 -0.0022 -0.0740
v  -0.2163 0.0309 -0.0727
v  -0.2213 0.0352 -0.0730
v  -0.2141 -0.0261 -0.0710
v  -0.2127 -0.0316 -0.0693
v  -0.2171 -0.0389 -0.0705
v  -0.2200 -0.0277 -0.0727
v  -0.2208 -0.0276 -0.0728
v  -0.2131 -0.0335 -0.0681
v  -0.2161 -0.0391 -0.0690
v  -0.2124 -0.0737 -0.0682
v  -0.2134 -0.0738 -0.0698
v  -0.2041 -0.1073 -0.0669
v  -0.2045 -0.1068 -0.0561
v  -0.1914 -0.1394 -0.0644
v  -0.1921 -0.1379 -0.0537
v  -0.1742 -0.1694 -0.0614
v  -0.1755 -0.1671 -0.0508
v  -0.1749 -0.1704 -0.0628
v  -0.1921 -0.1400 -0.0659
v  -0.2050 -0.1076 -0.0684
v  -0.1782 -0.1732 -0.0639
v  -0.1819 -0.1763 -0.0651
v  -0.1714 -0.1872 -0.0642
v  -0.1713 -0.1819 -0.0638
v  -0.1707 -0.1813 -0.0638
v  -0.1650 -0.1790 -0.0621
v  -0.1670 -0.1736 -0.0610
v  -0.1685 -0.1722 -0.0600
v  -0.1627 -0.1742 -0.0621
v  -0.1628 -0.1730 -0.0615
v  -0.1556 -0.1725 -0.0689
v  -0.1424 -0.1613 -0.0628
v  -0.1097 -0.1389 -0.0750
v  -0.1402 -0.1634 -0.0732
v  -0.1581 -0.1690 -0.0572
v  -0.1564 -0.1713 -0.0677
v  -0.1644 -0.1706 -0.0510
v  -0.1700 -0.1698 -0.0495
v  -0.1393 -0.1645 -0.0744
v  -0.1087 -0.1399 -0.0761
v  -0.0887 -0.1138 -0.0705
v  -0.0899 -0.1130 -0.0694
v  -0.0818 -0.0982 -0.0666
v  -0.0832 -0.0978 -0.0656
v  -0.0821 -0.0841 -0.0613
v  -0.1619 -0.1783 -0.0613
v  -0.1547 -0.1761 -0.0685
v  -0.1368 -0.1678 -0.0750
v  -0.1061 -0.1426 -0.0769
v  -0.0861 -0.1164 -0.0713
v  -0.0785 -0.0991 -0.0673
v  -0.0776 -0.0819 -0.0617
v  -0.0852 -0.0686 -0.0607
v  -0.0814 -0.0674 -0.0609
v  -0.0867 -0.0536 -0.0633
v  -0.0916 -0.0544 -0.0630
v  -0.0972 -0.0408 -0.0707
v  -0.0993 -0.0434 -0.0698
v  -0.0835 -0.0847 -0.0602
v  -0.0866 -0.0690 -0.0597
v  -0.0931 -0.0546 -0.0619
v  -0.1004 -0.0444 -0.0688
v  -0.1144 -0.0365 -0.0738
v  -0.1139 -0.0352 -0.0751
v  -0.1454 -0.0276 -0.0815
v  -0.1854 -0.0273 -0.0706
v  -0.2029 -0.0297 -0.0654
v  -0.1845 -0.0254 -0.0812
v  -0.1474 -0.0294 -0.0711
v  -0.1173 -0.0380 -0.0636
v  -0.1037 -0.0457 -0.0585
v  -0.0967 -0.0557 -0.0518
v  -0.0904 -0.0696 -0.0497
v  -0.0874 -0.0848 -0.0501
v  -0.0871 -0.0976 -0.0556
v  -0.0934 -0.1123 -0.0592
v  -0.1127 -0.1375 -0.0648
v  -0.1559 0.0649 -0.0653
v  -0.1237 0.0449 -0.0668
v  -0.0944 0.0338 -0.0594
v  -0.0790 0.0317 -0.0540
v  -0.0679 0.0350 -0.0466
v  -0.0547 0.0425 -0.0432
v  -0.0356 0.0639 -0.0461
v  -0.0323 0.0798 -0.0482
v  -0.0332 0.1119 -0.0504
v  -0.0439 0.1480 -0.0450
v  0.0032 -0.2609 -0.0307
v  0.0376 -0.2584 -0.0244
v  0.0713 -0.2510 -0.0183
v  0.0730 -0.2553 -0.0184
v  0.0748 -0.2598 -0.0186
v  0.0775 -0.2404 -0.0179
v  0.0804 -0.2346 -0.0262
v  0.0789 -0.2407 -0.0184
v  0.0748 -0.2452 -0.0160
v  0.0766 -0.2444 -0.0169
v  0.0826 -0.2443 -0.0173
v  0.0830 -0.2506 -0.0178
v  0.0834 -0.2514 -0.0177
v  0.0884 -0.2532 -0.0172
v  0.0829 -0.2410 -0.0170
v  0.0841 -0.2349 -0.0253
v  0.0790 -0.2179 -0.0348
v  0.0830 -0.2167 -0.0353
v  0.0664 -0.1819 -0.0444
v  0.0699 -0.1805 -0.0450
v  0.0513 -0.1528 -0.0465
v  0.0479 -0.1543 -0.0457
v  0.0342 -0.1434 -0.0444
v  0.0212 -0.1374 -0.0426
v  0.0351 -0.1423 -0.0454
v  0.0466 -0.1549 -0.0447
v  0.0650 -0.1824 -0.0434
v  0.0776 -0.2182 -0.0338
v  0.0789 -0.2349 -0.0251
v  0.0735 -0.2394 -0.0079
v  0.0749 -0.2340 -0.0150
v  0.0736 -0.2178 -0.0237
v  0.0614 -0.1830 -0.0332
v  0.0435 -0.1563 -0.0344
v  0.0315 -0.1452 -0.0341
v  0.0030 -0.2596 -0.0294
v  -0.0310 -0.2585 -0.0368
v  -0.0310 -0.2573 -0.0353
v  0.0011 -0.2580 -0.0190
v  0.0370 -0.2572 -0.0230
v  0.0341 -0.2556 -0.0128
v  0.0705 -0.2499 -0.0171
v  0.0666 -0.2486 -0.0070
v  0.0708 -0.2440 -0.0059
v  -0.0648 -0.2513 -0.0430
v  -0.0688 -0.2455 -0.0420
v  -0.0644 -0.2502 -0.0415
v  -0.0663 -0.2556 -0.0437
v  -0.0680 -0.2601 -0.0445
v  -0.0704 -0.2447 -0.0435
v  -0.0757 -0.2446 -0.0460
v  -0.0759 -0.2510 -0.0466
v  -0.0763 -0.2517 -0.0466
v  -0.0813 -0.2536 -0.0479
v  -0.0844 -0.2534 -0.0487
v  -0.0699 -0.2666 -0.0456
v  -0.1036 -0.2525 -0.0517
v  -0.1010 -0.2469 -0.0518
v  -0.1296 -0.2295 -0.0570
v  -0.1352 -0.2329 -0.0575
v  -0.1336 -0.2265 -0.0577
v  -0.1635 -0.2085 -0.0626
v  -0.1589 -0.2043 -0.0623
v  -0.1702 -0.1903 -0.0642
v  -0.1872 -0.1803 -0.0669
v  -0.2089 -0.0297 -0.0698
v  -0.2095 -0.0287 -0.0706
v  -0.2023 -0.0266 -0.0773
v  -0.2025 -0.0279 -0.0761
v  -0.1451 -0.0264 -0.0826
v  -0.1844 -0.0242 -0.0824
v  -0.2039 -0.0231 -0.0774
v  -0.1133 -0.0317 -0.0762
v  -0.1446 -0.0228 -0.0839
v  -0.1842 -0.0201 -0.0836
v  -0.2126 -0.0742 -0.0574
v  -0.2161 -0.0406 -0.0582
v  -0.2132 -0.0351 -0.0574
v  -0.2091 -0.0314 -0.0591
v  0.2112 -0.1067 0.0070
v  0.2195 -0.0728 0.0086
v  0.2231 -0.0379 0.0091
v  0.2277 -0.0377 0.0096
v  0.2325 -0.0374 0.0099
v  0.2216 -0.0382 0.0103
v  0.2185 -0.0325 0.0100
v  0.2181 -0.0727 0.0098
v  0.2098 -0.1064 0.0081
v  0.1983 -0.1392 0.0048
v  0.2149 -0.0342 0.0202
v  0.2116 -0.0305 0.0171
v  0.2152 -0.0287 0.0070
v  0.2179 -0.0397 0.0204
v  0.2144 -0.0732 0.0199
v  0.2065 -0.1059 0.0182
v  0.1971 -0.1385 0.0060
v  0.1811 -0.1696 0.0015
v  0.1742 -0.1714 0.0020
v  0.1801 -0.1687 0.0028
v  0.1847 -0.1724 0.0018
v  0.1886 -0.1755 0.0020
v  0.1941 -0.1795 0.0022
v  0.1705 -0.2078 -0.0021
v  0.1774 -0.1895 -0.0013
v  0.1784 -0.1865 -0.0009
v  0.1782 -0.1811 -0.0005
v  0.1776 -0.1805 -0.0007
v  0.1717 -0.1783 -0.0012
v  0.1732 -0.1728 0.0006
v  0.0917 -0.2530 -0.0168
v  0.0770 -0.2663 -0.0190
v  0.1108 -0.2520 -0.0129
v  0.1083 -0.2465 -0.0139
v  0.1369 -0.2289 -0.0087
v  0.1424 -0.2323 -0.0072
v  0.1409 -0.2258 -0.0080
v  0.1662 -0.2036 -0.0034
v  0.0897 0.0256 -0.0369
v  0.0721 0.0291 -0.0346
v  0.0594 0.0370 -0.0354
v  0.0484 0.0465 -0.0388
v  0.0409 0.0616 -0.0457
v  0.0410 0.0797 -0.0470
v  0.0378 0.0804 -0.0488
v  0.0428 0.1129 -0.0486
v  0.0394 0.1137 -0.0505
v  0.0475 0.1516 -0.0417
v  0.0510 0.1503 -0.0398
v  0.0541 0.1680 -0.0307
v  0.0520 0.1498 -0.0384
v  0.0437 0.1126 -0.0472
v  0.0572 0.1630 -0.0183
v  0.0515 0.1483 -0.0277
v  0.0436 0.1121 -0.0365
v  0.0420 0.0800 -0.0347
v  0.0973 -0.0686 -0.0264
v  0.1038 -0.0552 -0.0155
v  0.0973 -0.0692 -0.0157
v  0.0946 -0.0844 -0.0172
v  0.0945 -0.0843 -0.0280
v  0.0962 -0.0972 -0.0224
v  0.0962 -0.0975 -0.0332
v  0.1036 -0.1119 -0.0236
v  0.1037 -0.1125 -0.0343
v  0.1235 -0.1370 -0.0220
v  0.1243 -0.1384 -0.0326
v  0.1507 -0.1606 -0.0098
v  0.1030 -0.1134 -0.0358
v  0.0952 -0.0978 -0.0345
v  0.0936 -0.0838 -0.0295
v  0.0962 -0.0682 -0.0279
v  0.1041 -0.0542 -0.0262
v  0.1128 -0.0453 -0.0194
v  0.1132 -0.0439 -0.0301
v  0.1030 -0.0539 -0.0277
v  0.0985 -0.0532 -0.0298
v  0.0928 -0.0671 -0.0294
v  0.0894 -0.0815 -0.0314
v  0.0924 -0.0987 -0.0364
v  0.1009 -0.1160 -0.0375
v  0.1110 -0.0404 -0.0330
v  0.1280 -0.0311 -0.0326
v  0.1281 -0.0347 -0.0312
v  0.1126 -0.0429 -0.0314
v  0.2117 -0.0257 -0.0024
v  0.2113 -0.0270 -0.0011
v  0.1967 -0.0233 -0.0135
v  0.1962 -0.0246 -0.0123
v  0.1599 -0.0257 -0.0275
v  0.1597 -0.0270 -0.0262
v  0.1281 -0.0359 -0.0299
v  0.1272 -0.0375 -0.0193
v  0.1579 -0.0288 -0.0158
v  0.1934 -0.0265 -0.0020
v  0.2079 -0.0288 0.0090
v  0.2307 -0.0224 0.0086
v  0.2274 -0.0266 0.0084
v  0.2266 -0.0268 0.0082
v  0.2204 -0.0251 0.0076
v  0.2184 -0.0306 0.0088
v  0.2159 -0.0277 0.0064
v  0.2175 -0.0238 0.0074
v  0.2131 -0.0222 -0.0019
v  0.1969 -0.0193 -0.0147
v  0.1598 -0.0221 -0.0287
v  0.0372 -0.1397 -0.0464
v  0.0207 -0.1326 -0.0439
v  -0.0334 -0.1544 -0.0605
v  -0.0365 -0.1530 -0.0623
v  -0.0232 -0.1398 -0.0573
v  -0.0216 -0.1425 -0.0557
v  -0.0097 -0.1374 -0.0481
v  -0.0087 -0.1326 -0.0492
v  0.0056 -0.1354 -0.0443
v  0.0058 -0.1316 -0.0452
v  0.0211 -0.1387 -0.0413
v  0.0187 -0.1406 -0.0309
v  0.0054 -0.1367 -0.0431
v  -0.0100 -0.1387 -0.0469
v  -0.0211 -0.1435 -0.0544
v  -0.0326 -0.1551 -0.0590
v  0.0035 -0.1387 -0.0327
v  -0.0114 -0.1407 -0.0364
v  -0.0222 -0.1453 -0.0438
v  -0.0333 -0.1565 -0.0484
v  -0.0505 -0.1833 -0.0535
v  -0.0502 -0.1826 -0.0642
v  -0.0651 -0.2181 -0.0488
v  -0.0512 -0.1822 -0.0657
v  -0.0653 -0.2185 -0.0596
v  -0.0663 -0.2182 -0.0611
v  -0.0695 -0.2352 -0.0520
v  -0.0706 -0.2350 -0.0535
v  -0.0708 -0.2407 -0.0448
v  -0.0718 -0.2410 -0.0457
v  -0.0761 -0.2414 -0.0457
v  -0.0744 -0.2352 -0.0540
v  -0.0699 -0.2170 -0.0630
v  -0.0542 -0.1808 -0.0675
v  0.1523 -0.1628 -0.0202
v  0.1636 -0.1683 0.0010
v  0.1656 -0.1706 -0.0094
v  0.1673 -0.1699 0.0091
v  0.1695 -0.1722 -0.0013
v  0.1720 -0.1690 0.0124
v  0.1775 -0.1664 0.0131
v  0.1940 -0.1371 0.0162
v  0.1696 -0.1735 -0.0020
v  0.1652 -0.1717 -0.0108
v  0.1519 -0.1639 -0.0216
v  0.1238 -0.1394 -0.0340
v  0.1216 -0.1421 -0.0357
v  0.1498 -0.1671 -0.0232
v  0.1643 -0.1754 -0.0108
v  0.1685 -0.1776 -0.0015
v  -0.0498 0.1877 -0.0424
v  -0.0694 0.1897 -0.0454
v  -0.0339 0.1984 -0.0390
v  -0.0327 0.1924 -0.0394
v  0.0030 0.2015 -0.0323
v  0.0006 0.1954 -0.0334
v  0.0057 0.1954 -0.0325
v  0.0389 0.1926 -0.0264
v  0.2084 0.0679 0.0042
v  0.2214 0.0367 0.0066
v  0.2278 0.0362 0.0083
v  0.2230 0.0318 0.0069
v  0.2364 -0.0004 0.0098
v  0.2305 -0.0012 0.0083
v  0.2316 -0.0193 0.0086
v  0.2394 -0.0374 0.0104
v  -0.0693 -0.2343 -0.0412
v  -0.0706 -0.2397 -0.0340
v  -0.0686 -0.2443 -0.0312
v  -0.0643 -0.2489 -0.0307
v  -0.0319 -0.2558 -0.0247
v  -0.1363 0.1691 -0.1678
v  -0.1607 0.1472 -0.1722
v  -0.1095 0.1877 -0.1630
v  -0.1386 0.1720 -0.1680
v  -0.1633 0.1498 -0.1725
v  -0.1821 0.1224 -0.1761
v  -0.1851 0.1246 -0.1765
v  -0.1113 0.1909 -0.1631
v  -0.0806 0.2028 -0.1577
v  -0.1407 0.1745 -0.1672
v  -0.1657 0.1521 -0.1717
v  -0.1878 0.1266 -0.1757
v  -0.2004 0.0951 -0.1794
v  -0.2035 0.0969 -0.1798
v  -0.2064 0.0986 -0.1791
v  -0.0821 0.2062 -0.1578
v  -0.1132 0.1936 -0.1622
v  -0.0501 0.2140 -0.1522
v  -0.0183 0.2213 -0.1465
v  -0.1416 0.1766 -0.1707
v  -0.1669 0.1538 -0.1753
v  -0.1892 0.1281 -0.1793
v  -0.2081 0.0998 -0.1828
v  -0.2152 0.0656 -0.1821
v  -0.2185 0.0671 -0.1825
v  -0.2215 0.0683 -0.1818
v  -0.2232 0.0693 -0.1855
v  -0.0511 0.2175 -0.1522
v  -0.0835 0.2090 -0.1568
v  -0.1139 0.1958 -0.1657
v  -0.0188 0.2249 -0.1463
v  0.0141 0.2244 -0.1406
v  -0.2260 0.0346 -0.1841
v  -0.2295 0.0356 -0.1845
v  -0.2327 0.0364 -0.1839
v  -0.2345 0.0371 -0.1875
v  -0.0521 0.2205 -0.1512
v  -0.0839 0.2114 -0.1603
v  0.0140 0.2282 -0.1404
v  -0.0196 0.2280 -0.1453
v  0.0466 0.2234 -0.1347
v  -0.2331 0.0023 -0.1854
v  -0.2368 0.0028 -0.1858
v  -0.2399 0.0033 -0.1852
v  -0.2419 0.0037 -0.1889
v  -0.0523 0.2230 -0.1545
v  0.0469 0.2271 -0.1344
v  0.0136 0.2313 -0.1393
v  -0.0193 0.2305 -0.1486
v  0.0787 0.2183 -0.1289
v  -0.2360 -0.0306 -0.1859
v  -0.2398 -0.0305 -0.1864
v  -0.2431 -0.0305 -0.1857
v  -0.2451 -0.0304 -0.1895
v  0.0795 0.2219 -0.1285
v  0.0470 0.2302 -0.1332
v  0.0140 0.2338 -0.1425
v  0.1098 0.2092 -0.1233
v  -0.2350 -0.0637 -0.1857
v  -0.2386 -0.0641 -0.1862
v  -0.2419 -0.0643 -0.1855
v  -0.2439 -0.0646 -0.1892
v  0.1112 0.2127 -0.1228
v  0.0799 0.2251 -0.1273
v  0.0477 0.2327 -0.1364
v  0.1397 0.1961 -0.1178
v  -0.2298 -0.0963 -0.1848
v  -0.2334 -0.0971 -0.1852
v  -0.2368 -0.0978 -0.1846
v  -0.2385 -0.0983 -0.1883
v  0.1414 0.1994 -0.1173
v  0.1119 0.2157 -0.1215
v  0.0809 0.2274 -0.1304
v  0.1677 0.1793 -0.1128
v  -0.2208 -0.1279 -0.1831
v  -0.2243 -0.1293 -0.1836
v  -0.2274 -0.1303 -0.1829
v  -0.2291 -0.1311 -0.1866
v  0.1697 0.1824 -0.1122
v  0.1934 0.1591 -0.1081
v  -0.2111 -0.1600 -0.1812
v  -0.2078 -0.1583 -0.1808
v  -0.2141 -0.1614 -0.1805
v  -0.2156 -0.1625 -0.1841
v  0.1958 0.1620 -0.1075
v  0.1713 0.1850 -0.1107
v  0.1425 0.2022 -0.1159
v  0.1133 0.2180 -0.1246
v  0.2165 0.1358 -0.1039
v  -0.1943 -0.1887 -0.1781
v  -0.1984 -0.1920 -0.1810
v  -0.1970 -0.1905 -0.1774
v  0.2192 0.1383 -0.1032
v  0.1442 0.2045 -0.1190
v  0.2365 0.1097 -0.1003
v  -0.1912 -0.1866 -0.1778
v  0.2395 0.1118 -0.0996
v  0.2213 0.1404 -0.1017
v  0.1977 0.1642 -0.1059
v  0.1733 0.1870 -0.1137
v  0.2530 0.0814 -0.0973
v  -0.1712 -0.2127 -0.1741
v  -0.1741 -0.2152 -0.1745
v  -0.1765 -0.2173 -0.1737
v  -0.1778 -0.2189 -0.1773
v  0.2563 0.0830 -0.0965
v  0.2418 0.1135 -0.0979
v  0.2237 0.1420 -0.1046
v  0.1998 0.1662 -0.1089
v  0.2660 0.0510 -0.0950
v  -0.1482 -0.2361 -0.1700
v  -0.1507 -0.2389 -0.1702
v  0.2694 0.0524 -0.0942
v  0.2752 0.0193 -0.0933
v  -0.1225 -0.2563 -0.1653
v  -0.1245 -0.2593 -0.1655
v  -0.1265 -0.2619 -0.1646
v  -0.1529 -0.2412 -0.1694
v  -0.1539 -0.2431 -0.1730
v  -0.1273 -0.2640 -0.1681
v  0.2787 0.0202 -0.0925
v  0.2721 0.0534 -0.0924
v  0.2588 0.0845 -0.0949
v  0.2445 0.1150 -0.1008
v  0.2802 -0.0133 -0.0924
v  -0.0945 -0.2730 -0.1603
v  -0.0962 -0.2764 -0.1604
v  -0.0978 -0.2791 -0.1594
v  -0.0982 -0.2814 -0.1629
v  0.2840 -0.0129 -0.0915
v  0.2616 0.0856 -0.0977
v  -0.0646 -0.2861 -0.1548
v  -0.0671 -0.2926 -0.1539
v  -0.0674 -0.2950 -0.1573
v  0.2815 0.0209 -0.0907
v  0.2867 -0.0126 -0.0898
v  0.2849 -0.0464 -0.0913
v  0.2813 -0.0463 -0.0922
v  0.2751 0.0542 -0.0953
v  -0.0334 -0.2953 -0.1492
v  -0.0343 -0.2988 -0.1491
v  -0.0659 -0.2896 -0.1549
v  -0.0351 -0.3044 -0.1514
v  0.2844 0.0214 -0.0936
v  0.2898 -0.0124 -0.0926
v  0.2878 -0.0465 -0.0896
v  0.2783 -0.0792 -0.0927
v  0.2820 -0.0798 -0.0919
v  -0.0013 -0.3003 -0.1434
v  -0.0352 -0.3020 -0.1481
v  0.2908 -0.0466 -0.0924
v  0.0312 -0.3013 -0.1375
v  0.0313 -0.3051 -0.1373
v  -0.0019 -0.3097 -0.1454
v  0.2878 -0.0806 -0.0930
v  0.2847 -0.0803 -0.0902
v  0.2713 -0.1115 -0.0940
v  0.0636 -0.2982 -0.1316
v  0.2604 -0.1425 -0.0960
v  0.2747 -0.1125 -0.0932
v  0.0953 -0.2909 -0.1259
v  0.2456 -0.1720 -0.0987
v  0.1258 -0.2798 -0.1204
v  0.1273 -0.2831 -0.1199
v  0.1548 -0.2647 -0.1151
v  0.1816 -0.2460 -0.1103
v  0.1838 -0.2490 -0.1097
v  0.1565 -0.2678 -0.1146
v  0.2060 -0.2242 -0.1058
v  0.2085 -0.2268 -0.1052
v  0.1855 -0.2515 -0.1081
v  0.2105 -0.2290 -0.1036
v  0.1580 -0.2705 -0.1131
v  0.2274 -0.1993 -0.1020
v  0.2302 -0.2015 -0.1012
v  0.2325 -0.2035 -0.0996
v  0.1298 -0.2883 -0.1216
v  0.0982 -0.2999 -0.1273
v  0.0970 -0.2975 -0.1242
v  0.1283 -0.2860 -0.1185
v  0.2350 -0.2050 -0.1025
v  0.2128 -0.2308 -0.1065
v  0.2539 -0.1767 -0.0991
v  0.2487 -0.1738 -0.0979
v  0.2512 -0.1755 -0.0962
v  0.0962 -0.2944 -0.1255
v  0.0641 -0.3019 -0.1313
v  0.0644 -0.3049 -0.1301
v  0.1598 -0.2728 -0.1161
v  0.1876 -0.2535 -0.1111
v  0.2692 -0.1462 -0.0963
v  0.2663 -0.1453 -0.0935
v  0.2637 -0.1440 -0.0952
v  0.2804 -0.1141 -0.0943
v  0.2776 -0.1134 -0.0915
v  0.0312 -0.3082 -0.1361
v  -0.0017 -0.3041 -0.1432
v  0.0653 -0.3075 -0.1333
v  0.0318 -0.3108 -0.1393
v  -0.0022 -0.3072 -0.1421
v  0.0390 0.1801 -0.0724
v  0.0340 0.1546 -0.0768
v  0.0272 0.1162 -0.0774
v  0.0313 0.1549 -0.0772
v  0.0360 0.1805 -0.0729
v  0.0379 0.1820 -0.0717
v  0.0052 0.1933 -0.0356
v  0.0022 0.1933 -0.0361
v  0.0066 0.1831 -0.0437
v  0.0084 0.1563 -0.0540
v  0.0037 0.1831 -0.0442
v  -0.0135 0.1804 -0.0819
v  -0.0103 0.1545 -0.0849
v  -0.0318 0.1519 -0.0646
v  -0.0167 0.1800 -0.0824
v  -0.0076 0.1548 -0.0843
v  0.0057 0.1563 -0.0545
v  0.0094 0.1175 -0.0600
v  0.0245 0.1165 -0.0775
v  -0.0212 0.1139 -0.0691
v  -0.0037 0.1162 -0.0830
v  0.0002 0.0736 -0.0746
v  -0.0011 0.1165 -0.0822
v  0.0070 0.1175 -0.0605
v  0.0572 0.1761 -0.0329
v  0.0471 0.1520 -0.0503
v  0.0388 0.1140 -0.0583
v  0.0208 0.0736 -0.0709
v  0.0177 0.0739 -0.0704
v  0.0090 0.0744 -0.0585
v  0.0146 0.0251 -0.0534
v  0.0369 0.0807 -0.0562
v  0.0380 0.0805 -0.0530
v  0.0397 0.1138 -0.0550
v  0.0478 0.1518 -0.0467
v  0.0580 0.1758 -0.0291
v  0.0284 0.0296 -0.0474
v  0.0234 0.0159 -0.0444
v  0.0401 0.0604 -0.0518
v  0.0410 0.0614 -0.0494
v  0.0486 0.0462 -0.0411
v  0.0722 0.0288 -0.0368
v  0.0596 0.0366 -0.0375
v  0.0480 0.0444 -0.0428
v  0.0588 0.0351 -0.0393
v  0.0711 0.0274 -0.0386
v  0.0903 0.0234 -0.0428
v  0.0904 0.0250 -0.0406
v  0.1111 0.0261 -0.0428
v  0.1099 0.0276 -0.0400
v  0.1422 0.0380 -0.0395
v  0.1725 0.0601 -0.0241
v  0.1411 0.0392 -0.0366
v  0.1738 0.0589 -0.0273
v  0.1896 0.0787 -0.0090
v  0.2072 0.0564 -0.0420
v  0.2092 0.0560 -0.0406
v  0.2202 0.0351 0.0033
v  0.2086 0.0535 -0.0417
v  0.1881 0.0801 -0.0055
v  -0.1845 0.0555 -0.1128
v  -0.1868 0.0552 -0.1123
v  -0.1859 0.0527 -0.1131
v  -0.1618 0.0422 -0.1123
v  -0.1629 0.0397 -0.1124
v  -0.1280 0.0240 -0.1056
v  -0.1293 0.0215 -0.1054
v  -0.1746 0.0226 -0.0872
v  -0.1373 0.0106 -0.0866
v  -0.1244 0.0374 -0.0878
v  -0.0911 0.0059 -0.0911
v  -0.0925 0.0032 -0.0904
v  -0.0972 -0.0028 -0.0777
v  -0.1380 0.0082 -0.0867
v  -0.0979 -0.0049 -0.0778
v  -0.0970 -0.0111 -0.0912
v  -0.0541 -0.0228 -0.0643
v  -0.0543 -0.0260 -0.0659
v  -0.0499 -0.0119 -0.0651
v  -0.0270 -0.0146 -0.0493
v  -0.0304 -0.0207 -0.0499
v  -0.0515 -0.0148 -0.0639
v  -0.0538 -0.0178 -0.0581
v  -0.0545 -0.0197 -0.0582
v  -0.0318 -0.0239 -0.0501
v  -0.0327 -0.0260 -0.0503
v  -0.0331 -0.0282 -0.0504
v  -0.0338 -0.0316 -0.0505
v  -0.0347 -0.0386 -0.0507
v  -0.0389 -0.0531 -0.0506
v  -0.0327 -0.0511 -0.0503
v  -0.0303 -0.0570 -0.0498
v  -0.0393 -0.0660 -0.0532
v  -0.0270 -0.0624 -0.0493
v  -0.0590 -0.0421 -0.0604
v  -0.0690 -0.0505 -0.0614
v  -0.0637 -0.0386 -0.0640
v  -0.0501 -0.0386 -0.0577
v  -0.0466 -0.0433 -0.0545
v  -0.0342 -0.0449 -0.0506
v  -0.1754 0.0200 -0.0873
v  -0.1372 -0.0032 -0.1068
v  -0.0974 -0.0140 -0.0923
v  -0.0945 -0.0393 -0.0762
v  -0.0837 -0.0532 -0.0666
v  -0.0703 -0.0639 -0.0611
v  -0.0786 -0.0667 -0.0642
v  -0.0616 -0.0739 -0.0601
v  -0.0748 -0.0808 -0.0650
v  -0.0807 -0.0673 -0.0629
v  -0.0859 -0.0535 -0.0654
v  -0.0962 -0.0404 -0.0743
v  -0.1118 -0.0295 -0.0831
v  -0.1125 -0.0311 -0.0803
v  -0.1430 -0.0207 -0.0912
v  -0.0769 -0.0817 -0.0638
v  -0.0753 -0.0993 -0.0727
v  -0.0502 -0.0807 -0.0616
v  -0.0484 -0.0747 -0.0585
v  -0.0394 -0.0721 -0.0558
v  -0.0773 -0.0993 -0.0710
v  -0.0352 -0.0856 -0.0624
v  -0.0624 -0.1232 -0.0859
v  -0.0833 -0.1180 -0.0780
v  -0.0849 -0.1169 -0.0753
v  -0.0223 -0.0675 -0.0484
v  -0.0332 -0.0879 -0.0605
v  -0.0198 -0.0699 -0.0479
v  -0.1034 -0.1441 -0.0840
v  -0.1049 -0.1431 -0.0811
v  -0.1340 -0.1693 -0.0831
v  -0.1355 -0.1683 -0.0799
v  -0.1610 -0.1811 -0.0725
v  -0.1628 -0.1800 -0.0691
v  -0.1372 -0.1989 -0.1044
v  -0.1173 -0.1816 -0.1042
v  -0.0898 -0.1546 -0.0986
v  -0.0880 -0.1564 -0.0979
v  -0.0604 -0.1251 -0.0846
v  -0.0826 -0.1641 -0.0767
v  -0.0814 -0.2080 -0.0977
v  -0.0702 -0.2162 -0.0715
v  -0.0921 -0.2321 -0.0962
v  -0.0949 -0.2306 -0.0966
v  -0.0838 -0.2067 -0.0980
v  -0.1213 -0.2188 -0.0668
v  -0.1041 -0.1971 -0.0744
v  -0.1063 -0.1955 -0.0748
v  -0.1153 -0.1835 -0.1038
v  -0.0547 -0.1799 -0.0752
v  -0.0648 -0.1730 -0.0941
v  -0.0807 -0.1655 -0.0764
v  -0.0673 -0.1716 -0.0942
v  -0.0457 -0.1354 -0.0829
v  -0.0372 -0.1520 -0.0697
v  -0.0362 -0.1527 -0.0665
v  -0.0540 -0.1805 -0.0719
v  -0.0696 -0.2168 -0.0679
v  -0.0764 -0.2434 -0.0572
v  -0.0229 -0.1393 -0.0611
v  -0.0230 -0.1377 -0.0633
v  -0.0082 -0.1322 -0.0513
v  -0.0076 -0.1302 -0.0529
v  -0.0059 -0.1149 -0.0501
v  0.0061 -0.1201 -0.0472
v  0.0064 -0.1292 -0.0488
v  0.0209 -0.1302 -0.0477
v  0.0061 -0.1312 -0.0473
v  0.0210 -0.1321 -0.0461
v  0.0390 -0.1376 -0.0520
v  0.0381 -0.1392 -0.0501
v  0.0526 -0.1525 -0.0504
v  0.0712 -0.1802 -0.0493
v  0.0845 -0.2165 -0.0400
v  0.0286 -0.1065 -0.0473
v  0.0672 -0.1351 -0.0625
v  0.0545 -0.1518 -0.0531
v  0.0730 -0.1796 -0.0522
v  0.0863 -0.2159 -0.0432
v  0.0871 -0.2430 -0.0276
v  0.0851 -0.2437 -0.0242
v  0.1155 -0.2316 -0.0586
v  0.1060 -0.2076 -0.0638
v  0.1183 -0.2301 -0.0580
v  0.1173 -0.2326 -0.0573
v  0.1370 -0.2266 -0.0117
v  0.1395 -0.2248 -0.0113
v  0.1607 -0.2004 -0.0494
v  0.1326 -0.2183 -0.0209
v  0.1083 -0.2062 -0.0633
v  0.1583 -0.2005 -0.0508
v  0.1606 -0.1983 -0.0504
v  0.1349 -0.2166 -0.0204
v  0.1190 -0.1966 -0.0340
v  0.0913 -0.1713 -0.0654
v  0.0890 -0.1727 -0.0662
v  0.0977 -0.1651 -0.0441
v  0.1211 -0.1950 -0.0336
v  0.1398 -0.1829 -0.0576
v  0.1418 -0.1811 -0.0573
v  0.1500 -0.1686 -0.0316
v  0.1716 -0.1804 -0.0123
v  0.1503 -0.1677 -0.0281
v  0.1216 -0.1436 -0.0434
v  0.1140 -0.1541 -0.0617
v  0.0839 -0.1228 -0.0595
v  0.1120 -0.1560 -0.0617
v  0.0997 -0.1637 -0.0438
v  0.0815 -0.1248 -0.0589
v  0.0501 -0.0854 -0.0470
v  0.0637 -0.0804 -0.0410
v  0.0515 -0.0719 -0.0393
v  0.0377 -0.0623 -0.0375
v  0.0410 -0.0568 -0.0369
v  0.0434 -0.0509 -0.0365
v  0.0493 -0.0529 -0.0346
v  0.0506 -0.0658 -0.0369
v  0.0611 -0.0745 -0.0387
v  0.0739 -0.0736 -0.0356
v  0.0913 -0.0989 -0.0426
v  0.1006 -0.1176 -0.0447
v  0.0825 -0.0635 -0.0334
v  0.0912 -0.0663 -0.0334
v  0.0881 -0.0805 -0.0355
v  0.1220 -0.1426 -0.0401
v  0.1012 -0.1165 -0.0416
v  0.0925 -0.0989 -0.0402
v  0.0895 -0.0814 -0.0336
v  0.0928 -0.0669 -0.0316
v  0.0968 -0.0528 -0.0339
v  0.0813 -0.0502 -0.0343
v  0.0985 -0.0531 -0.0320
v  0.1103 -0.0389 -0.0391
v  0.1113 -0.0399 -0.0368
v  0.0772 -0.0383 -0.0385
v  0.0715 -0.0418 -0.0368
v  0.0623 -0.0383 -0.0374
v  0.0617 -0.0426 -0.0358
v  0.0579 -0.0430 -0.0356
v  0.0448 -0.0447 -0.0363
v  0.0453 -0.0384 -0.0362
v  0.0691 -0.0257 -0.0435
v  0.1187 -0.0135 -0.0532
v  0.1288 -0.0290 -0.0396
v  0.1286 -0.0305 -0.0366
v  0.0445 -0.0315 -0.0363
v  0.0682 -0.0226 -0.0422
v  0.0438 -0.0280 -0.0364
v  0.0657 -0.0145 -0.0426
v  0.1133 -0.0024 -0.0396
v  0.0659 -0.0175 -0.0364
v  0.0424 -0.0238 -0.0367
v  0.0410 -0.0206 -0.0369
v  0.0433 -0.0258 -0.0365
v  0.0664 -0.0195 -0.0363
v  0.1140 -0.0044 -0.0395
v  0.1178 -0.0106 -0.0523
v  0.1608 -0.0026 -0.0528
v  0.1546 0.0089 -0.0337
v  0.1539 0.0112 -0.0339
v  0.1133 0.0036 -0.0531
v  0.0646 -0.0117 -0.0444
v  0.0376 -0.0145 -0.0376
v  0.1529 0.0221 -0.0543
v  0.1123 0.0063 -0.0543
v  0.0636 0.0037 -0.0410
v  0.0515 -0.0048 -0.0393
v  0.1518 0.0246 -0.0549
v  0.1868 0.0405 -0.0490
v  0.1890 0.0234 -0.0213
v  0.1857 0.0430 -0.0494
v  0.2122 0.0318 -0.0065
v  0.1898 0.0208 -0.0212
v  0.1989 0.0029 -0.0469
v  0.1615 -0.0053 -0.0531
v  0.2212 0.0322 0.0035
v  0.2258 0.0042 -0.0376
v  0.2239 0.0058 -0.0389
v  0.2130 0.0291 -0.0063
v  0.1995 0.0002 -0.0469
v  0.2245 0.0026 -0.0389
v  0.2216 -0.0238 0.0005
v  0.2220 -0.0222 -0.0031
v  0.1982 -0.0173 -0.0229
v  0.1609 -0.0201 -0.0362
v  0.1606 -0.0215 -0.0331
v  0.1978 -0.0187 -0.0195
v  -0.0755 0.0247 -0.0705
v  -0.0598 0.0285 -0.0607
v  -0.0746 0.0231 -0.0726
v  -0.0362 0.0460 -0.0564
v  -0.0477 0.0364 -0.0570
v  -0.0582 0.0271 -0.0620
v  -0.0479 0.0160 -0.0576
v  -0.0503 0.0035 -0.0616
v  -0.0445 0.0032 -0.0578
v  -0.0395 -0.0050 -0.0558
v  -0.0340 -0.0036 -0.0523
v  -0.0413 0.0275 -0.0557
v  -0.0463 0.0349 -0.0583
v  -0.0350 0.0442 -0.0578
v  -0.0245 0.0603 -0.0635
v  -0.0262 0.0612 -0.0616
v  -0.0201 0.0806 -0.0665
v  -0.0222 0.0804 -0.0639
v  -0.0283 0.0305 -0.0541
v  -0.0338 0.1516 -0.0615
v  -0.0232 0.1137 -0.0662
v  -0.0474 0.1759 -0.0518
v  -0.0157 0.1819 -0.0814
v  -0.0495 0.1756 -0.0486
v  0.0383 -0.0941 -0.0491
v  0.0177 -0.0771 -0.0412
v  0.0239 -0.0742 -0.0400
v  0.0409 -0.0927 -0.0471
v  0.0269 -0.0724 -0.0395
v  0.0052 -0.0856 -0.0426
v  0.0053 -0.0791 -0.0434
v  0.0116 -0.0786 -0.0423
v  0.0174 -0.0904 -0.0429
v  0.0235 -0.0928 -0.0444
v  0.0184 -0.1148 -0.0457
v  0.0233 -0.1025 -0.0455
v  -0.0265 -0.0928 -0.0593
v  -0.0563 -0.1305 -0.0703
v  -0.0303 -0.0911 -0.0538
v  -0.0162 -0.0725 -0.0473
v  -0.0133 -0.0742 -0.0468
v  -0.0182 -0.0714 -0.0477
v  -0.0320 -0.0899 -0.0541
v  -0.0579 -0.1293 -0.0706
v  -0.0485 -0.1339 -0.0824
v  -0.0234 -0.0943 -0.0603
v  -0.0070 -0.0772 -0.0456
v  -0.0149 -0.1066 -0.0552
v  -0.0112 -0.0928 -0.0507
v  -0.0061 -0.0904 -0.0472
v  -0.0009 -0.0786 -0.0445
v  -0.0106 -0.1026 -0.0517
v  -0.1749 0.0020 -0.1145
v  -0.1376 -0.0060 -0.1073
v  -0.1753 -0.0007 -0.1147
v  -0.2012 0.0048 -0.1159
v  -0.2024 0.0282 -0.0815
v  -0.2135 0.0312 -0.0752
v  -0.2015 0.0309 -0.0814
v  -0.2125 0.0341 -0.0750
v  -0.1825 -0.0182 -0.0919
v  -0.2017 0.0017 -0.1159
v  -0.2033 0.0032 -0.1153
v  -0.2117 -0.0232 -0.0816
v  -0.1438 -0.0221 -0.0882
v  -0.1833 -0.0195 -0.0885
v  -0.2126 -0.0247 -0.0781
v  -0.0756 -0.2441 -0.0533
v  -0.0943 -0.2331 -0.0956
v  -0.1287 -0.2272 -0.0598
v  -0.1350 -0.2011 -0.1039
v  -0.1378 -0.2011 -0.1035
v  -0.1311 -0.2254 -0.0603
v  -0.1237 -0.2171 -0.0673
v  0.1721 -0.1792 -0.0084
v  0.0029 0.0739 -0.0731
v  0.0000 0.0251 -0.0561
v  -0.0151 0.0295 -0.0552
v  -0.0113 0.0158 -0.0507
v  -0.0071 0.0002 -0.0456
v  -0.0129 -0.0023 -0.0467
v  -0.0182 -0.0056 -0.0477
v  -0.0221 -0.0004 -0.0475
v  -0.0149 0.0105 -0.0488
v  -0.0172 0.0234 -0.0529
v  0.0069 0.0744 -0.0589
v  0.0029 0.0255 -0.0540
v  -0.0004 0.0015 -0.0444
v  0.0049 0.0258 -0.0474
v  0.0031 0.0019 -0.0438
v  0.0111 0.0256 -0.0525
v  0.0109 0.0016 -0.0424
v  0.0075 0.0019 -0.0430
v  0.0069 0.0258 -0.0471
v  0.0052 0.0022 -0.0434
v  0.0176 0.0002 -0.0412
v  0.0287 -0.0055 -0.0392
v  0.0234 -0.0022 -0.0401
v  0.0336 -0.0097 -0.0383
v  0.0288 -0.0713 -0.0391
v  0.0305 -0.0698 -0.0388
v  0.0441 -0.0898 -0.0403
v  0.0424 -0.0910 -0.0406
v  0.0743 -0.1290 -0.0468
v  0.0726 -0.1302 -0.0471
v  0.0476 -0.0877 -0.0459
v  0.0331 -0.0674 -0.0384
v  0.0696 -0.1337 -0.0610
v  -0.0942 0.0257 -0.0799
v  -0.0940 0.0271 -0.0769
v  -0.1244 0.0387 -0.0846
v  -0.1582 0.0581 -0.0875
v  -0.1583 0.0593 -0.0840
v  -0.1796 0.0779 -0.0758
v  -0.1795 0.0793 -0.0721
v  -0.0230 -0.0098 -0.0485
v  -0.0269 0.0128 -0.0095
v  -0.0223 0.0221 -0.0542
v  -0.0303 0.0221 -0.0101
v  -0.0189 0.0128 -0.0536
v  -0.0321 0.0236 -0.0104
v  -0.0337 0.0253 -0.0563
v  -0.0417 0.0253 -0.0122
v  -0.0242 0.0236 -0.0545
v  -0.0439 0.0244 -0.0126
v  -0.0422 0.0169 -0.0578
v  -0.0501 0.0169 -0.0137
v  -0.0360 0.0244 -0.0567
v  -0.0505 0.0145 -0.0138
v  -0.0392 0.0052 -0.0573
v  -0.0472 0.0052 -0.0132
v  -0.0426 0.0145 -0.0579
v  -0.0453 0.0037 -0.0128
v  -0.0278 0.0020 -0.0552
v  -0.0358 0.0020 -0.0111
v  -0.0373 0.0037 -0.0569
v  -0.0335 0.0029 -0.0107
v  -0.0193 0.0104 -0.0537
v  -0.0273 0.0104 -0.0096
v  -0.0255 0.0029 -0.0548
v  -0.0234 0.0221 -0.0572
v  -0.0410 0.0155 -0.0604
v  -0.0340 0.0240 -0.0592
v  -0.0265 0.0033 -0.0578
v  -0.0371 0.0052 -0.0597
v  -0.0195 0.0118 -0.0565
v  0.0476 0.0131 0.0040
v  0.0522 0.0223 -0.0407
v  0.0442 0.0223 0.0034
v  0.0555 0.0131 -0.0401
v  0.0423 0.0239 0.0030
v  0.0408 0.0255 -0.0428
v  0.0328 0.0255 0.0013
v  0.0503 0.0239 -0.0410
v  0.0305 0.0247 0.0009
v  0.0323 0.0171 -0.0443
v  0.0243 0.0171 -0.0002
v  0.0385 0.0247 -0.0432
v  0.0239 0.0147 -0.0003
v  0.0353 0.0055 -0.0438
v  0.0273 0.0055 0.0003
v  0.0319 0.0147 -0.0444
v  0.0292 0.0039 0.0007
v  0.0467 0.0023 -0.0417
v  0.0387 0.0023 0.0024
v  0.0371 0.0039 -0.0434
v  0.0410 0.0031 0.0028
v  0.0552 0.0107 -0.0402
v  0.0472 0.0107 0.0039
v  0.0490 0.0031 -0.0413
v  0.0511 0.0224 -0.0437
v  0.0335 0.0158 -0.0469
v  0.0404 0.0243 -0.0457
v  0.0480 0.0036 -0.0443
v  0.0373 0.0054 -0.0463
v  0.0550 0.0121 -0.0430
v  0.0702 -0.0589 0.0081
v  0.0748 -0.0496 -0.0366
v  0.0668 -0.0496 0.0075
v  0.0782 -0.0589 -0.0360
v  0.0650 -0.0481 0.0071
v  0.0634 -0.0464 -0.0387
v  0.0554 -0.0464 0.0054
v  0.0730 -0.0481 -0.0369
v  0.0532 -0.0473 0.0050
v  0.0551 -0.0548 -0.0402
v  0.0471 -0.0548 0.0039
v  0.0612 -0.0473 -0.0391
v  0.0466 -0.0572 0.0038
v  0.0580 -0.0665 -0.0397
v  0.0500 -0.0665 0.0044
v  0.0546 -0.0572 -0.0403
v  0.0518 -0.0680 0.0048
v  0.0693 -0.0697 -0.0376
v  0.0613 -0.0697 0.0065
v  0.0598 -0.0680 -0.0393
v  0.0636 -0.0688 0.0069
v  0.0778 -0.0613 -0.0361
v  0.0698 -0.0613 0.0080
v  0.0716 -0.0688 -0.0372
v  0.0739 -0.0496 -0.0396
v  0.0562 -0.0562 -0.0428
v  0.0631 -0.0477 -0.0416
v  0.0707 -0.0684 -0.0402
v  0.0600 -0.0665 -0.0421
v  0.0776 -0.0599 -0.0390
v  -0.0498 -0.0590 -0.0136
v  -0.0451 -0.0497 -0.0583
v  -0.0531 -0.0497 -0.0142
v  -0.0418 -0.0590 -0.0577
v  -0.0550 -0.0482 -0.0146
v  -0.0565 -0.0465 -0.0604
v  -0.0645 -0.0465 -0.0163
v  -0.0470 -0.0482 -0.0587
v  -0.0668 -0.0474 -0.0167
v  -0.0650 -0.0549 -0.0619
v  -0.0730 -0.0549 -0.0178
v  -0.0588 -0.0474 -0.0608
v  -0.0734 -0.0574 -0.0179
v  -0.0620 -0.0666 -0.0614
v  -0.0700 -0.0666 -0.0173
v  -0.0654 -0.0574 -0.0620
v  -0.0682 -0.0681 -0.0170
v  -0.0506 -0.0698 -0.0593
v  -0.0586 -0.0698 -0.0152
v  -0.0602 -0.0681 -0.0611
v  -0.0563 -0.0689 -0.0148
v  -0.0422 -0.0614 -0.0578
v  -0.0501 -0.0614 -0.0137
v  -0.0484 -0.0689 -0.0589
v  -0.0462 -0.0497 -0.0614
v  -0.0638 -0.0563 -0.0646
v  -0.0568 -0.0478 -0.0633
v  -0.0493 -0.0685 -0.0619
v  -0.0601 -0.0666 -0.0639
v  -0.0424 -0.0600 -0.0607
v  0.0105 -0.1033 -0.0027
v  0.0151 -0.0941 -0.0474
v  0.0071 -0.0941 -0.0033
v  0.0184 -0.1033 -0.0468
v  0.0053 -0.0925 -0.0037
v  0.0037 -0.0909 -0.0495
v  -0.0043 -0.0909 -0.0054
v  0.0132 -0.0925 -0.0478
v  -0.0066 -0.0917 -0.0058
v  -0.0048 -0.0993 -0.0510
v  -0.0128 -0.0993 -0.0069
v  0.0014 -0.0917 -0.0499
v  -0.0131 -0.1017 -0.0070
v  -0.0017 -0.1109 -0.0505
v  -0.0097 -0.1109 -0.0064
v  -0.0052 -0.1017 -0.0511
v  -0.0079 -0.1125 -0.0061
v  0.0096 -0.1141 -0.0484
v  0.0016 -0.1141 -0.0043
v  0.0000 -0.1125 -0.0501
v  0.0039 -0.1133 -0.0039
v  0.0181 -0.1057 -0.0469
v  0.0101 -0.1057 -0.0028
v  0.0119 -0.1133 -0.0480
v  0.0141 -0.0940 -0.0504
v  -0.0035 -0.1007 -0.0536
v  0.0034 -0.0922 -0.0524
v  0.0110 -0.1129 -0.0510
v  0.0003 -0.1110 -0.0530
v  0.0179 -0.1044 -0.0498
v  0.0205 -0.0084 -0.0522
v  0.0284 -0.0135 -0.0508
v  0.0131 -0.0061 -0.0535
v  0.0037 -0.0058 -0.0552
v  0.0337 -0.0189 -0.0500
v  0.0371 -0.0250 -0.0494
v  -0.0035 -0.0076 -0.0565
v  0.0394 -0.0315 -0.0491
v  -0.0098 -0.0106 -0.0576
v  0.0401 -0.0383 -0.0490
v  -0.0152 -0.0149 -0.0586
v  0.0396 -0.0450 -0.0491
v  0.0375 -0.0514 -0.0496
v  -0.0227 -0.0260 -0.0601
v  -0.0197 -0.0199 -0.0594
v  0.0344 -0.0574 -0.0501
v  -0.0247 -0.0325 -0.0605
v  0.0300 -0.0625 -0.0510
v  -0.0253 -0.0391 -0.0606
v  0.0247 -0.0668 -0.0520
v  -0.0246 -0.0459 -0.0605
v  0.0184 -0.0698 -0.0531
v  -0.0222 -0.0524 -0.0602
v  0.0111 -0.0716 -0.0544
v  -0.0188 -0.0586 -0.0597
v  -0.0135 -0.0640 -0.0587
v  0.0017 -0.0713 -0.0560
v  -0.0057 -0.0690 -0.0574
v  0.0393 -0.0252 -0.0472
v  0.0370 -0.0174 -0.0395
v  0.0404 -0.0240 -0.0389
v  0.0362 -0.0191 -0.0478
v  0.0322 -0.0117 -0.0403
v  0.0317 -0.0139 -0.0485
v  0.0267 -0.0069 -0.0412
v  0.0265 -0.0094 -0.0493
v  0.0201 -0.0035 -0.0424
v  0.0204 -0.0062 -0.0504
v  0.0131 -0.0013 -0.0436
v  0.0139 -0.0042 -0.0515
v  0.0057 -0.0006 -0.0449
v  0.0070 -0.0036 -0.0527
v  -0.0016 -0.0012 -0.0462
v  0.0002 -0.0041 -0.0540
v  -0.0087 -0.0035 -0.0475
v  0.0315 -0.0144 -0.0503
v  0.0265 -0.0101 -0.0512
v  0.0204 -0.0070 -0.0522
v  0.0140 -0.0049 -0.0533
v  0.0073 -0.0043 -0.0545
v  0.0007 -0.0049 -0.0557
v  0.0359 -0.0196 -0.0495
v  0.0390 -0.0256 -0.0491
v  -0.0057 -0.0070 -0.0569
v  -0.0063 -0.0062 -0.0552
v  0.0427 -0.0311 -0.0386
v  0.0414 -0.0318 -0.0469
v  0.0411 -0.0320 -0.0487
v  -0.0116 -0.0100 -0.0580
v  -0.0124 -0.0094 -0.0563
v  0.0433 -0.0384 -0.0385
v  0.0419 -0.0387 -0.0469
v  0.0416 -0.0387 -0.0487
v  -0.0168 -0.0144 -0.0589
v  -0.0176 -0.0138 -0.0572
v  -0.0152 -0.0069 -0.0486
v  0.0427 -0.0459 -0.0387
v  0.0414 -0.0456 -0.0470
v  0.0410 -0.0455 -0.0488
v  0.0405 -0.0529 -0.0392
v  0.0393 -0.0521 -0.0475
v  0.0390 -0.0519 -0.0493
v  -0.0212 -0.0195 -0.0598
v  -0.0221 -0.0190 -0.0580
v  0.0371 -0.0595 -0.0398
v  0.0363 -0.0582 -0.0481
v  0.0360 -0.0579 -0.0498
v  -0.0262 -0.0320 -0.0607
v  -0.0241 -0.0255 -0.0603
v  -0.0272 -0.0318 -0.0590
v  -0.0251 -0.0252 -0.0587
v  -0.0290 -0.0240 -0.0512
v  -0.0257 -0.0173 -0.0506
v  0.0324 -0.0652 -0.0406
v  0.0318 -0.0634 -0.0490
v  0.0317 -0.0630 -0.0507
v  -0.0268 -0.0387 -0.0609
v  -0.0278 -0.0386 -0.0593
v  -0.0312 -0.0311 -0.0517
v  0.0268 -0.0700 -0.0417
v  0.0265 -0.0679 -0.0499
v  0.0265 -0.0674 -0.0517
v  -0.0262 -0.0455 -0.0609
v  -0.0272 -0.0455 -0.0592
v  -0.0318 -0.0384 -0.0518
v  0.0202 -0.0733 -0.0428
v  0.0205 -0.0710 -0.0510
v  0.0205 -0.0704 -0.0527
v  -0.0241 -0.0519 -0.0605
v  -0.0250 -0.0521 -0.0589
v  -0.0311 -0.0459 -0.0518
v  0.0132 -0.0756 -0.0442
v  0.0140 -0.0731 -0.0522
v  0.0141 -0.0725 -0.0539
v  -0.0210 -0.0579 -0.0600
v  -0.0218 -0.0582 -0.0584
v  -0.0289 -0.0529 -0.0514
v  -0.0255 -0.0595 -0.0509
v  -0.0174 -0.0634 -0.0577
v  -0.0167 -0.0630 -0.0593
v  0.0075 -0.0731 -0.0551
v  0.0072 -0.0737 -0.0534
v  0.0058 -0.0762 -0.0455
v  -0.0016 -0.0756 -0.0468
v  -0.0208 -0.0651 -0.0501
v  -0.0122 -0.0678 -0.0568
v  -0.0115 -0.0673 -0.0584
v  -0.0056 -0.0704 -0.0574
v  0.0008 -0.0725 -0.0563
v  0.0003 -0.0731 -0.0546
v  -0.0062 -0.0710 -0.0557
v  -0.0085 -0.0733 -0.0480
v  -0.0151 -0.0698 -0.0491
v  -0.0209 -0.0117 -0.0497
# 2540 vertices

vn 0.9862 -0.0512 -0.1571
vn 0.9914 -0.0556 -0.1182
vn 0.9924 -0.0382 -0.1174
vn 0.9914 -0.0247 -0.1283
vn 0.9862 -0.0247 -0.1637
vn 0.9895 -0.0136 -0.1436
vn 0.9857 -0.0178 -0.1673
vn 0.9820 -0.0190 -0.1877
vn 0.9800 -0.0395 -0.1949
vn 0.9782 -0.0644 -0.1976
vn 0.9800 -0.0830 -0.1808
vn 0.9862 -0.0765 -0.1468
vn 0.9820 -0.0953 -0.1628
vn 0.9858 -0.0842 -0.1456
vn 0.9896 -0.0736 -0.1239
vn 0.9800 0.1732 -0.0980
vn 0.9862 0.1336 -0.0975
vn 0.9862 0.1481 -0.0743
vn 0.9820 0.1727 -0.0763
vn 0.9857 0.1536 -0.0688
vn 0.9895 0.1323 -0.0575
vn 0.9914 0.1144 -0.0633
vn 0.9923 0.0999 -0.0728
vn 0.9914 0.0953 -0.0896
vn 0.9862 0.1160 -0.1183
vn 0.9895 0.0952 -0.1084
vn 0.9857 0.1125 -0.1253
vn 0.9820 0.1255 -0.1411
vn 0.9800 0.1463 -0.1350
vn 0.9781 0.1680 -0.1225
vn 0.9800 -0.1976 -0.0225
vn 0.9863 -0.1652 0.0003
vn 0.9862 -0.1633 -0.0269
vn 0.9821 -0.1843 -0.0397
vn 0.9858 -0.1645 -0.0346
vn 0.9896 -0.1407 -0.0312
vn 0.9914 -0.1297 -0.0160
vn 0.9924 -0.1234 0.0002
vn 0.9914 -0.1296 0.0165
vn 0.9862 -0.1632 0.0275
vn 0.9896 -0.1406 0.0318
vn 0.9858 -0.1645 0.0353
vn 0.9820 -0.1842 0.0405
vn 0.9800 -0.1975 0.0232
vn 0.9782 -0.2078 0.0004
vn 0.9800 -0.0826 0.1811
vn 0.9862 -0.0509 0.1573
vn 0.9862 -0.0761 0.1471
vn 0.9820 -0.0949 0.1631
vn 0.9857 -0.0838 0.1459
vn 0.9896 -0.0733 0.1242
vn 0.9914 -0.0553 0.1183
vn 0.9924 -0.0380 0.1174
vn 0.9914 -0.0244 0.1284
vn 0.9862 -0.0244 0.1638
vn 0.9896 -0.0133 0.1435
vn 0.9857 -0.0174 0.1673
vn 0.9820 -0.0186 0.1878
vn 0.9800 -0.0391 0.1951
vn 0.9781 -0.0640 0.1978
vn 0.9863 0.1339 0.0968
vn 0.9914 0.1146 0.0628
vn 0.9924 0.1000 0.0723
vn 0.9914 0.0955 0.0892
vn 0.9862 0.1163 0.1177
vn 0.9896 0.0955 0.1080
vn 0.9858 0.1128 0.1247
vn 0.9821 0.1258 0.1405
vn 0.9800 0.1466 0.1343
vn 0.9782 0.1683 0.1218
vn 0.9800 0.1734 0.0973
vn 0.9862 0.1483 0.0736
vn 0.9821 0.1728 0.0755
vn 0.9858 0.1538 0.0681
vn 0.9896 0.1325 0.0569
vn 0.1561 -0.6762 0.7200
vn 0.1735 -0.9841 0.0369
vn 0.1660 -0.9385 0.3029
vn 0.1627 -0.4570 0.8745
vn 0.1670 0.0200 0.9858
vn 0.1828 0.2910 0.9391
vn 0.1867 0.7958 0.5760
vn 0.1979 0.7940 0.5747
vn 0.1825 0.9717 -0.1500
vn 0.1770 0.9715 -0.1574
vn 0.1573 0.8423 -0.5156
vn 0.1633 0.5876 -0.7925
vn 0.1544 0.5831 -0.7976
vn 0.1517 0.2482 -0.9567
vn 0.1675 -0.0079 -0.9858
vn 0.1733 -0.2745 -0.9458
vn 0.1815 -0.7966 -0.5766
vn 0.1858 -0.7959 -0.5762
vn 0.3209 -0.6431 -0.6953
vn 0.0002 -0.0192 -0.9998
vn 0.3213 -0.6434 -0.6948
vn 0.4543 -0.8907 0.0171
vn 0.0001 -0.0192 -0.9998
vn -0.3211 0.6166 -0.7188
vn 0.3212 -0.6163 0.7190
vn 0.3212 -0.6169 0.7185
vn -0.3211 0.6165 -0.7189
vn -0.4541 0.8908 -0.0169
vn 0.0002 0.0186 0.9998
vn 0.0001 0.0186 0.9998
vn -0.3212 0.6435 0.6948
vn -0.3212 0.6434 0.6949
vn 0.3935 -0.7807 -0.4854
vn 0.3936 -0.7807 -0.4853
vn 0.3934 -0.7808 -0.4854
vn 0.8950 0.0253 -0.4453
vn 0.8917 -0.0511 -0.4497
vn 0.4551 -0.0008 -0.8904
vn 0.4521 -0.0972 -0.8866
vn -0.0000 0.0000 -1.0000
vn -0.0000 -0.1045 -0.9945
vn -0.4616 -0.0061 -0.8871
vn -0.4616 -0.0867 -0.8828
vn -0.8956 0.0233 -0.4442
vn -0.8956 -0.0696 -0.4394
vn 0.8950 -0.1135 -0.4313
vn 0.4616 -0.1785 -0.8689
vn -0.0000 -0.2079 -0.9781
vn -0.4616 -0.1904 -0.8664
vn -0.4616 -0.2684 -0.8455
vn -0.8956 -0.1594 -0.4153
vn 0.4551 -0.2760 -0.8466
vn -0.0000 -0.3090 -0.9511
vn -0.0000 -0.4067 -0.9136
vn -0.4616 -0.3663 -0.8079
vn -0.4616 -0.4383 -0.7712
vn -0.8956 -0.2423 -0.3731
vn 0.8917 -0.1876 -0.4119
vn 0.4521 -0.3664 -0.8132
vn 0.4616 -0.4383 -0.7712
vn -0.0000 -0.5000 -0.8660
vn -0.0000 -0.5878 -0.8090
vn -0.4616 -0.5263 -0.7141
vn -0.4616 -0.5891 -0.6633
vn -0.8956 -0.3145 -0.3145
vn 0.8950 -0.2412 -0.3752
vn 0.4551 -0.5241 -0.7199
vn 0.4521 -0.5998 -0.6602
vn -0.0000 -0.6691 -0.7431
vn -0.0000 -0.7431 -0.6691
vn -0.4616 -0.6633 -0.5891
vn -0.4616 -0.7141 -0.5263
vn -0.8956 -0.3731 -0.2423
vn 0.8917 -0.3057 -0.3338
vn 0.8950 -0.3454 -0.2822
vn 0.4616 -0.6552 -0.5981
vn 0.4551 -0.7209 -0.5227
vn -0.0000 -0.8090 -0.5878
vn -0.0000 -0.8660 -0.5000
vn -0.4616 -0.7712 -0.4383
vn -0.4616 -0.8079 -0.3663
vn -0.8956 -0.4153 -0.1594
vn 0.8917 -0.3939 -0.2230
vn 0.4521 -0.7744 -0.4425
vn 0.4616 -0.8079 -0.3663
vn -0.0000 -0.9136 -0.4067
vn -0.0000 -0.9511 -0.3090
vn -0.4616 -0.8455 -0.2684
vn -0.4616 -0.8664 -0.1904
vn -0.8956 -0.4394 -0.0696
vn 0.8950 -0.4157 -0.1617
vn 0.4551 -0.8471 -0.2744
vn 0.4521 -0.8733 -0.1816
vn -0.0000 -0.9781 -0.2079
vn -0.0000 -0.9945 -0.1045
vn -0.4616 -0.8828 -0.0867
vn -0.4616 -0.8871 -0.0061
vn -0.8956 -0.4442 0.0233
vn 0.8917 -0.4435 -0.0904
vn 0.8950 -0.4453 -0.0253
vn 0.4616 -0.8816 -0.0987
vn 0.4551 -0.8904 0.0008
vn -0.0000 -1.0000 0.0000
vn -0.0000 -0.9945 0.1045
vn -0.4616 -0.8816 0.0987
vn -0.4616 -0.8689 0.1785
vn -0.8956 -0.4297 0.1151
vn 0.8917 -0.4497 0.0511
vn 0.4521 -0.8866 0.0972
vn 0.4616 -0.8689 0.1785
vn -0.0000 -0.9781 0.2079
vn -0.0000 -0.9511 0.3090
vn -0.4616 -0.8418 0.2799
vn -0.4616 -0.8128 0.3553
vn -0.8956 -0.3963 0.2019
vn 0.8950 -0.4313 0.1135
vn 0.4551 -0.8466 0.2760
vn 0.4521 -0.8132 0.3664
vn -0.0000 -0.9136 0.4067
vn -0.0000 -0.8660 0.5000
vn -0.4616 -0.7652 0.4488
vn -0.4616 -0.7212 0.5165
vn -0.8956 -0.3457 0.2799
vn 0.8917 -0.4119 0.1876
vn 0.8950 -0.3752 0.2412
vn 0.4616 -0.7712 0.4383
vn 0.4551 -0.7199 0.5241
vn -0.0000 -0.8090 0.5878
vn -0.0000 -0.7431 0.6691
vn -0.4616 -0.6552 0.5981
vn -0.4616 -0.5981 0.6552
vn -0.8956 -0.2799 0.3457
vn 0.8917 -0.3338 0.3057
vn 0.4521 -0.6602 0.5998
vn 0.4616 -0.5981 0.6552
vn -0.0000 -0.6691 0.7431
vn -0.0000 -0.5878 0.8090
vn -0.4616 -0.5165 0.7212
vn -0.4616 -0.4488 0.7652
vn -0.8956 -0.2019 0.3963
vn 0.8950 -0.2822 0.3454
vn 0.4551 -0.5227 0.7209
vn 0.4521 -0.4425 0.7744
vn -0.0000 -0.5000 0.8660
vn -0.0000 -0.4067 0.9136
vn -0.4616 -0.3553 0.8128
vn -0.4616 -0.2799 0.8418
vn -0.8956 -0.1151 0.4297
vn 0.8917 -0.2230 0.3939
vn 0.8950 -0.1617 0.4157
vn 0.4616 -0.3663 0.8079
vn 0.4551 -0.2744 0.8471
vn -0.0000 -0.3090 0.9511
vn -0.0000 -0.2079 0.9781
vn -0.4616 -0.1785 0.8689
vn -0.4616 -0.0987 0.8816
vn -0.8956 -0.0233 0.4442
vn 0.8917 -0.0904 0.4435
vn 0.4521 -0.1816 0.8733
vn 0.4616 -0.0987 0.8816
vn -0.0000 -0.1045 0.9945
vn -0.0000 0.0000 1.0000
vn -0.4616 0.0061 0.8871
vn -0.4616 0.0867 0.8828
vn -0.8956 0.0696 0.4394
vn 0.8950 -0.0253 0.4453
vn 0.4551 0.0008 0.8904
vn 0.4521 0.0972 0.8866
vn -0.0000 0.1045 0.9945
vn -0.0000 0.2079 0.9781
vn -0.4616 0.1904 0.8664
vn -0.4616 0.2684 0.8455
vn -0.8956 0.1594 0.4153
vn 0.8917 0.0511 0.4497
vn 0.8950 0.1135 0.4313
vn 0.4616 0.1785 0.8689
vn 0.4551 0.2760 0.8466
vn -0.0000 0.3090 0.9511
vn -0.0000 0.4067 0.9136
vn -0.4616 0.3663 0.8079
vn -0.4616 0.4383 0.7712
vn -0.8956 0.2423 0.3731
vn 0.8917 0.1876 0.4119
vn 0.4521 0.3664 0.8132
vn 0.4616 0.4383 0.7712
vn -0.0000 0.5000 0.8660
vn -0.0000 0.5878 0.8090
vn -0.4616 0.5263 0.7141
vn -0.4616 0.5891 0.6633
vn -0.8956 0.3145 0.3145
vn 0.8950 0.2412 0.3752
vn 0.4551 0.5241 0.7199
vn 0.4521 0.5998 0.6602
vn -0.0000 0.6691 0.7431
vn -0.0000 0.7431 0.6691
vn -0.4616 0.6633 0.5891
vn -0.4616 0.7141 0.5263
vn -0.8956 0.3731 0.2423
vn 0.8917 0.3057 0.3338
vn 0.8950 0.3454 0.2822
vn 0.4616 0.6552 0.5981
vn 0.4551 0.7209 0.5227
vn -0.0000 0.8090 0.5878
vn -0.0000 0.8660 0.5000
vn -0.4616 0.7712 0.4383
vn -0.4616 0.8079 0.3663
vn -0.8956 0.4153 0.1594
vn 0.8917 0.3939 0.2230
vn 0.4521 0.7744 0.4425
vn 0.4616 0.8079 0.3663
vn -0.0000 0.9136 0.4067
vn -0.0000 0.9511 0.3090
vn -0.4616 0.8455 0.2684
vn -0.4616 0.8664 0.1904
vn -0.8956 0.4394 0.0696
vn 0.8950 0.4157 0.1617
vn 0.4551 0.8471 0.2744
vn 0.4521 0.8733 0.1816
vn -0.0000 0.9781 0.2079
vn -0.0000 0.9945 0.1045
vn -0.4616 0.8828 0.0867
vn -0.4616 0.8871 0.0061
vn -0.8956 0.4442 -0.0233
vn 0.8917 0.4435 0.0904
vn 0.8950 0.4453 0.0253
vn 0.4616 0.8816 0.0987
vn 0.4551 0.8904 -0.0008
vn -0.0000 1.0000 0.0000
vn -0.0000 0.9945 -0.1045
vn -0.4616 0.8816 -0.0987
vn -0.4616 0.8689 -0.1785
vn -0.8956 0.4297 -0.1151
vn 0.8917 0.4497 -0.0511
vn 0.4521 0.8866 -0.0972
vn 0.4616 0.8689 -0.1785
vn -0.0000 0.9781 -0.2079
vn -0.0000 0.9511 -0.3090
vn -0.4616 0.8418 -0.2799
vn -0.4616 0.8128 -0.3553
vn -0.8956 0.3963 -0.2019
vn 0.8950 0.4313 -0.1135
vn 0.4551 0.8466 -0.2760
vn 0.4521 0.8132 -0.3664
vn -0.0000 0.9136 -0.4067
vn -0.0000 0.8660 -0.5000
vn -0.4616 0.7652 -0.4488
vn -0.4616 0.7212 -0.5165
vn -0.8956 0.3457 -0.2799
vn 0.8917 0.4119 -0.1876
vn 0.8950 0.3752 -0.2412
vn 0.4616 0.7712 -0.4383
vn 0.4551 0.7199 -0.5241
vn -0.0000 0.8090 -0.5878
vn -0.0000 0.7431 -0.6691
vn -0.4616 0.6552 -0.5981
vn -0.4616 0.5981 -0.6552
vn -0.8956 0.2799 -0.3457
vn 0.8917 0.3338 -0.3057
vn 0.4521 0.6602 -0.5998
vn 0.4616 0.5981 -0.6552
vn -0.0000 0.6691 -0.7431
vn -0.0000 0.5878 -0.8090
vn -0.4616 0.5165 -0.7212
vn -0.4616 0.4488 -0.7652
vn -0.8956 0.2019 -0.3963
vn 0.8950 0.2822 -0.3454
vn 0.4551 0.5227 -0.7209
vn 0.4521 0.4425 -0.7744
vn -0.0000 0.5000 -0.8660
vn -0.0000 0.4067 -0.9136
vn -0.4616 0.3553 -0.8128
vn -0.4616 0.2799 -0.8418
vn -0.8956 0.1151 -0.4297
vn 0.8917 0.2230 -0.3939
vn 0.8950 0.1617 -0.4157
vn 0.4616 0.3663 -0.8079
vn 0.4551 0.2744 -0.8471
vn -0.0000 0.3090 -0.9511
vn -0.0000 0.2079 -0.9781
vn -0.4616 0.1785 -0.8689
vn -0.4616 0.0987 -0.8816
vn 0.8917 0.0904 -0.4435
vn 0.4521 0.1816 -0.8733
vn 0.4616 0.0987 -0.8816
vn -0.0000 0.1045 -0.9945
vn 0.9999 -0.0131 -0.0007
vn 0.9999 -0.0155 0.0016
vn 0.9999 -0.0127 0.0034
vn 0.9999 -0.0142 0.0063
vn 0.9999 -0.0152 -0.0032
vn 0.9316 0.3630 0.0179
vn 0.9328 0.3585 -0.0364
vn 0.9316 0.3507 -0.0951
vn 0.9328 0.3297 -0.1454
vn 0.9999 -0.0122 -0.0047
vn 0.9328 0.3522 0.0761
vn 0.9999 -0.0135 -0.0078
vn 0.9316 0.3397 0.1292
vn 0.9999 -0.0102 -0.0082
vn 0.9328 0.3115 0.1812
vn 0.9999 -0.0104 -0.0116
vn 0.9316 0.2831 0.2279
vn 0.9999 -0.0071 -0.0110
vn 0.9328 0.2402 0.2686
vn 0.9999 -0.0063 -0.0142
vn 0.9316 0.1988 0.3042
vn 0.9999 -0.0034 -0.0127
vn 0.9328 0.1454 0.3297
vn 0.9999 -0.0016 -0.0155
vn 0.9316 0.0951 0.3508
vn 0.9999 0.0007 -0.0131
vn 0.9328 0.0364 0.3585
vn 0.9999 0.0032 -0.0152
vn 0.9316 -0.0179 0.3630
vn 0.9999 0.0047 -0.0122
vn 0.9328 -0.0761 0.3522
vn 0.9999 0.0078 -0.0135
vn 0.9316 -0.1292 0.3397
vn 0.9999 0.0082 -0.0102
vn 0.9328 -0.1812 0.3115
vn 0.9999 0.0116 -0.0104
vn 0.9316 -0.2279 0.2831
vn 0.9999 0.0110 -0.0071
vn 0.9328 -0.2686 0.2402
vn 0.9999 0.0142 -0.0063
vn 0.9316 -0.3042 0.1988
vn 0.9999 0.0127 -0.0034
vn 0.9328 -0.3297 0.1454
vn 0.9999 0.0155 -0.0016
vn 0.9316 -0.3507 0.0951
vn 0.9999 0.0131 0.0007
vn 0.9328 -0.3585 0.0364
vn 0.9999 0.0152 0.0032
vn 0.9316 -0.3630 -0.0179
vn 0.9999 0.0122 0.0047
vn 0.9328 -0.3522 -0.0761
vn 0.9999 0.0135 0.0078
vn 0.9316 -0.3397 -0.1292
vn 0.9999 0.0102 0.0082
vn 0.9328 -0.3115 -0.1812
vn 0.9999 0.0104 0.0116
vn 0.9316 -0.2831 -0.2279
vn 0.9999 0.0071 0.0110
vn 0.9328 -0.2402 -0.2686
vn 0.9999 0.0063 0.0142
vn 0.9316 -0.1988 -0.3042
vn 0.9999 0.0034 0.0127
vn 0.9328 -0.1454 -0.3297
vn 0.9999 0.0016 0.0155
vn 0.9316 -0.0951 -0.3508
vn 0.9999 -0.0007 0.0131
vn 0.9328 -0.0364 -0.3585
vn 0.9999 -0.0032 0.0152
vn 0.9316 0.0179 -0.3630
vn 0.9999 -0.0047 0.0122
vn 0.9328 0.0761 -0.3522
vn 0.9999 -0.0078 0.0135
vn 0.9316 0.1292 -0.3397
vn 0.9999 -0.0082 0.0102
vn 0.9328 0.1812 -0.3115
vn 0.9999 -0.0116 0.0104
vn 0.9316 0.2279 -0.2831
vn 0.9999 -0.0110 0.0071
vn 0.9328 0.2686 -0.2402
vn 0.9316 0.3042 -0.1988
vn 0.5078 -0.8547 -0.1079
vn 0.5075 -0.8616 0.0000
vn 0.2140 -0.9768 0.0000
vn 0.2149 -0.9689 -0.1224
vn 0.5074 -0.8346 -0.2143
vn 0.2150 -0.9689 0.1225
vn 0.5078 -0.8547 0.1080
vn 0.2173 -0.9454 0.2428
vn 0.5074 -0.8346 0.2143
vn 0.2128 -0.9085 0.3596
vn 0.5077 -0.8010 0.3173
vn 0.2182 -0.8552 0.4702
vn 0.5073 -0.7552 0.4151
vn 0.2171 -0.9455 -0.2428
vn 0.5078 -0.8010 -0.3171
vn 0.8013 -0.5983 0.0000
vn 0.8018 -0.5929 0.0749
vn 0.8018 -0.5928 -0.0749
vn 0.8035 -0.5766 0.1481
vn 0.8004 -0.5574 0.2207
vn 0.8041 -0.5210 0.2865
vn 0.2153 -0.7900 0.5740
vn 0.5069 -0.6974 0.5066
vn 0.8024 -0.4828 0.3507
vn 0.2124 -0.9086 -0.3597
vn 0.5073 -0.7552 -0.4152
vn 0.8034 -0.5768 -0.1480
vn 1.0000 0.0000 0.0000
vn 0.2163 -0.7117 0.6683
vn 0.5073 -0.6282 0.5899
vn 0.8031 -0.4343 0.4079
vn 0.2181 -0.8552 -0.4702
vn 0.5072 -0.6972 -0.5065
vn 0.8004 -0.5573 -0.2208
vn 0.2156 -0.7899 -0.5741
vn 0.5072 -0.6283 -0.5900
vn 0.2143 -0.6227 0.7525
vn 0.5073 -0.5493 0.6641
vn 0.8015 -0.3811 0.4608
vn 0.8041 -0.5210 -0.2864
vn 0.2168 -0.7116 -0.6682
vn 0.5072 -0.5494 -0.6640
vn 0.8024 -0.4828 -0.3507
vn 0.6933 0.7207 0.0000
vn 0.6932 0.7150 -0.0903
vn 0.6932 0.6981 -0.1793
vn 0.6933 0.6701 -0.2653
vn 0.6932 0.6316 -0.3472
vn 0.6932 0.7150 0.0903
vn 0.6933 0.5831 -0.4236
vn 0.6932 0.5254 -0.4933
vn 0.6932 0.4594 -0.5553
vn 0.2129 -0.5235 0.8250
vn 0.5077 -0.4616 0.7274
vn 0.8006 -0.3212 0.5058
vn 0.6932 0.3861 -0.6085
vn 0.6933 0.6981 0.1792
vn 0.2148 -0.6226 -0.7524
vn 0.5073 -0.4617 -0.7276
vn 0.8031 -0.4344 -0.4078
vn -0.0000 1.0000 -0.0000
vn -0.0000 0.9921 -0.1253
vn -0.0000 0.9686 -0.2487
vn -0.0000 0.9298 -0.3682
vn -0.0000 0.8763 -0.4817
vn -0.0000 0.8091 -0.5877
vn -0.0000 0.9921 0.1253
vn -0.0000 0.7290 -0.6845
vn -0.0000 0.6374 -0.7705
vn -0.0000 0.5358 -0.8444
vn 0.2208 -0.4152 0.8825
vn 0.5071 -0.3670 0.7799
vn 0.8058 -0.2521 0.5358
vn 0.6933 0.3068 -0.6521
vn -0.0000 0.4258 -0.9048
vn 0.2164 -0.5231 -0.8243
vn 0.2152 -0.3016 0.9288
vn 0.5077 -0.2662 0.8194
vn 0.8019 -0.1847 0.5681
vn 0.6932 0.2228 -0.6854
vn -0.0000 0.3091 -0.9510
vn 0.6933 0.6315 0.3473
vn 0.5069 -0.3670 -0.7800
vn 0.6933 0.5830 0.4236
vn 0.8018 -0.1118 0.5870
vn 0.6932 0.1350 -0.7080
vn -0.0000 0.1873 -0.9823
vn -0.0000 0.8762 0.4819
vn -0.0000 0.9298 0.3681
vn 0.5071 -0.2664 -0.8197
vn 0.2165 -0.4155 -0.8834
vn 0.6932 0.5254 0.4933
vn 0.2146 -0.1831 0.9594
vn 0.6933 0.0452 -0.7193
vn 0.2197 -0.3015 -0.9278
vn 0.5075 -0.1615 -0.8464
vn 0.8029 -0.2539 -0.5393
vn 0.8030 -0.3193 -0.5032
vn 0.8015 -0.3810 -0.4608
vn -0.0000 0.7290 0.6845
vn 0.6933 0.4594 0.5553
vn 0.5075 -0.1615 0.8464
vn 0.2134 -0.0614 0.9750
vn 0.5075 -0.0541 0.8599
vn 0.8009 -0.0375 0.5976
vn 0.2146 -0.1831 -0.9594
vn 0.5075 -0.0541 -0.8600
vn 0.8050 -0.1834 -0.5643
vn 0.0000 0.6375 0.7705
vn 0.2134 0.0615 0.9750
vn 0.5075 0.0541 0.8600
vn 0.8009 0.0375 0.5976
vn 0.8018 -0.1118 -0.5870
vn 0.6932 0.3862 0.6085
vn -0.0000 0.5358 0.8443
vn 0.8018 0.1118 0.5870
vn 0.2146 0.1831 0.9594
vn 0.5075 0.1614 0.8464
vn 0.5075 0.0541 -0.8599
vn 0.2141 -0.0614 -0.9749
vn 0.8013 -0.0375 -0.5970
vn 0.6933 0.3068 0.6521
vn -0.0000 0.4258 0.9048
vn 0.8019 0.1847 0.5682
vn 0.2153 0.3017 0.9288
vn 0.5077 0.2663 0.8194
vn 0.5075 0.1615 -0.8464
vn 0.2141 0.0615 -0.9749
vn 0.2154 0.1830 -0.9592
vn 0.5071 0.2664 -0.8197
vn 0.6932 0.2227 0.6855
vn 0.0000 0.3090 0.9511
vn 0.8045 0.2528 0.5375
vn 0.2186 0.4156 0.8829
vn 0.5070 0.3669 0.7800
vn 0.6933 -0.0452 -0.7193
vn 0.2197 0.3014 -0.9278
vn 0.5069 0.3670 -0.7800
vn 0.6933 0.1350 0.7079
vn 0.2132 0.5234 0.8250
vn 0.5078 0.4617 0.7273
vn 0.8009 0.3209 0.5056
vn 0.2143 0.4159 -0.8838
vn 0.5077 0.4616 -0.7274
vn 0.8050 0.1833 -0.5643
vn 0.8024 0.1120 -0.5862
vn 0.8013 0.0375 -0.5971
vn 0.6933 0.0454 0.7193
vn 0.0000 0.1873 0.9823
vn 0.8015 0.3810 0.4608
vn 0.2132 0.5234 -0.8250
vn 0.5072 0.5494 -0.6640
vn 0.2148 0.6226 -0.7525
vn 0.5072 0.6283 -0.5899
vn 0.8015 0.2546 -0.5411
vn 0.0000 0.0629 0.9980
vn 0.6932 -0.0452 0.7193
vn 0.5073 0.5493 0.6641
vn 0.8034 0.4341 0.4075
vn -0.0000 -0.0627 -0.9980
vn -0.0000 -0.1873 -0.9823
vn 0.8009 0.3209 -0.5056
vn 0.2172 0.7116 -0.6682
vn 0.5073 0.6972 -0.5065
vn -0.0000 -0.0627 0.9980
vn 0.6932 -0.1351 0.7079
vn 0.2145 0.6227 0.7525
vn 0.2168 0.7116 0.6683
vn 0.6933 -0.5254 -0.4933
vn 0.8024 0.4828 0.3507
vn 0.2157 0.7899 -0.5740
vn 0.0000 -0.1875 0.9823
vn 0.6932 -0.2228 0.6854
vn 0.2153 0.7900 0.5741
vn 0.5073 0.6282 0.5900
vn 0.6932 -0.4594 -0.5553
vn 0.8044 0.5206 0.2861
vn 0.8034 0.4340 -0.4076
vn 0.5072 0.7553 -0.4151
vn 0.6933 -0.3068 0.6521
vn 0.0000 -0.3091 0.9510
vn 0.2186 0.8551 0.4701
vn -0.0000 -0.7296 -0.6838
vn -0.0000 -0.6375 -0.7705
vn 0.6933 -0.3862 -0.6085
vn 0.0000 -0.8090 -0.5878
vn 0.8004 0.5573 0.2208
vn 0.6932 -0.3861 0.6085
vn 0.2187 0.8551 -0.4702
vn 0.0000 -0.4258 0.9048
vn 0.2122 0.9086 0.3598
vn 0.5072 0.7552 0.4152
vn -0.0000 -0.5361 -0.8441
vn 0.6932 -0.3069 -0.6521
vn 0.8004 0.5807 0.1492
vn 0.6932 -0.4594 0.5553
vn 0.0000 -0.5358 0.8444
vn 0.8025 0.4828 -0.3506
vn 0.8044 0.5206 -0.2862
vn 0.5076 0.8011 -0.3172
vn 0.2127 0.9464 0.2429
vn 0.0000 -0.4258 -0.9048
vn 0.2130 0.9084 -0.3597
vn 0.8004 0.5574 -0.2207
vn 0.5080 0.8343 -0.2143
vn 0.5077 0.8010 0.3172
vn 0.0000 -0.6374 0.7705
vn 0.6932 -0.5254 0.4933
vn 0.2126 0.9464 -0.2430
vn 0.5078 0.8547 -0.1079
vn 0.0000 -0.7291 0.6845
vn 0.6933 -0.5831 0.4236
vn 0.2149 0.9689 -0.1224
vn 0.8003 0.5808 -0.1491
vn 0.5075 0.8616 -0.0000
vn 0.0000 -0.8091 0.5877
vn 0.6932 -0.6316 0.3472
vn 0.8018 0.5929 -0.0749
vn 0.2187 0.9758 -0.0000
vn 0.6933 -0.6701 0.2653
vn 0.5078 0.8547 0.1079
vn 0.5080 0.8343 0.2142
vn 0.2150 0.9689 0.1224
vn 0.0000 -0.8763 0.4818
vn 0.8041 0.5945 -0.0001
vn 0.6932 -0.6981 0.1793
vn 0.0000 -0.9298 0.3682
vn 0.8018 0.5929 0.0749
vn 0.6932 -0.7150 0.0903
vn 0.0000 -0.9686 0.2487
vn 0.6933 -0.7207 0.0000
vn 0.0000 -0.9921 0.1253
vn 0.5074 0.6972 0.5065
vn 0.6932 -0.7150 -0.0903
vn 0.0000 -1.0000 0.0000
vn 0.0000 -0.9921 -0.1253
vn 0.6933 -0.6981 -0.1792
vn 0.0000 -0.9686 -0.2486
vn 0.6932 -0.6701 -0.2653
vn -0.0000 -0.9298 -0.3681
vn 0.6933 -0.6315 -0.3473
vn -0.0000 -0.8758 -0.4826
vn 0.6933 -0.5831 -0.4236
vn 0.6932 0.6701 0.2653
vn -0.0000 0.9686 0.2486
vn -0.0000 0.0627 -0.9980
vn 0.6932 -0.1350 -0.7080
vn -0.0000 -0.3087 -0.9512
vn 0.6933 -0.2227 -0.6854
vn 0.8015 0.3811 -0.4608
vn 0.7751 -0.4986 0.3882
vn 0.7747 -0.5437 0.3228
vn 0.3518 -0.8049 0.4778
vn 0.3515 -0.7388 0.5750
vn 0.7751 -0.4461 0.4475
vn 0.3521 -0.8584 0.3731
vn 0.7747 -0.5799 0.2521
vn 0.3518 -0.6608 0.6630
vn 0.7750 -0.3866 0.4999
vn 0.0213 -0.9169 0.3986
vn 0.0209 -0.8597 0.5104
vn 0.0202 -0.7889 0.6142
vn 0.3516 -0.8986 0.2626
vn 0.7752 -0.6063 0.1773
vn 0.0202 -0.9597 0.2805
vn 0.3522 -0.5724 0.7405
vn 0.7751 -0.3207 0.5443
vn 0.0207 -0.7057 0.7082
vn 0.0560 -0.9156 0.3981
vn 0.0561 -0.9583 0.2801
vn 0.0563 -0.8585 0.5096
vn 0.0561 -0.7879 0.6133
vn 0.7753 -0.6236 0.0999
vn 0.3515 -0.9244 0.1480
vn 0.0199 -0.9872 0.1581
vn 0.0561 -0.9859 0.1579
vn 0.3523 -0.4751 0.8063
vn 0.7750 -0.2501 0.5804
vn 0.0208 -0.6114 0.7910
vn 0.0561 -0.7048 0.7072
vn 0.5735 -0.7045 0.4181
vn 0.5737 -0.7511 0.3265
vn 0.5737 -0.7862 0.2298
vn 0.5734 -0.6465 0.5032
vn 0.5733 -0.5784 0.5803
vn 0.3521 -0.9354 0.0311
vn 0.7750 -0.6316 0.0208
vn 0.0205 -0.9992 0.0330
vn 0.0559 -0.9979 0.0331
vn 0.5740 -0.8086 0.1294
vn 0.3523 -0.3703 0.8595
vn 0.0208 -0.5075 0.8614
vn 0.7752 -0.1751 0.6069
vn 0.0559 -0.6106 0.7900
vn 0.5734 -0.5011 0.6482
vn 0.8725 -0.4201 0.2495
vn 0.8725 -0.3856 0.3000
vn 0.8726 -0.4479 0.1947
vn 0.8726 -0.4689 0.1371
vn 0.8725 -0.3450 0.3461
vn 0.8725 -0.2988 0.3866
vn 0.3519 -0.9320 -0.0865
vn 0.7748 -0.6295 -0.0585
vn 0.0206 -0.9955 -0.0925
vn 0.0558 -0.9942 -0.0924
vn 0.5738 -0.8186 0.0270
vn 0.8727 -0.4821 0.0772
vn 0.3518 -0.2596 0.8993
vn 0.0211 -0.3956 0.9182
vn 0.0562 -0.5069 0.8602
vn 0.7753 -0.0978 0.6240
vn 0.5738 -0.4157 0.7056
vn 0.8727 -0.2479 0.4207
vn 0.8707 -0.4510 0.1961
vn 0.8706 -0.4231 0.2512
vn 0.8703 -0.3888 0.3025
vn 0.8707 -0.4721 0.1380
vn 0.8707 -0.4856 0.0777
vn 0.8702 -0.3479 0.3490
vn 0.8702 -0.3014 0.3898
vn 0.3515 -0.9140 -0.2028
vn 0.7748 -0.6172 -0.1369
vn 0.0206 -0.9761 -0.2164
vn 0.0552 -0.9748 -0.2161
vn 0.5737 -0.8155 -0.0759
vn 0.8728 -0.4879 0.0162
vn 0.8709 -0.4912 0.0163
vn 0.3515 -0.1450 0.9249
vn 0.0203 -0.2774 0.9605
vn 0.0564 -0.3952 0.9169
vn 0.5741 -0.3240 0.7520
vn 0.7753 -0.0188 0.6314
vn 0.8726 -0.1933 0.4486
vn 0.8702 -0.2502 0.4245
vn 0.3516 -0.8813 -0.3157
vn 0.7749 -0.5951 -0.2132
vn 0.0204 -0.9412 -0.3372
vn 0.0553 -0.9400 -0.3367
vn 0.5732 -0.8000 -0.1775
vn 0.8727 -0.4861 -0.0451
vn 0.8707 -0.4897 -0.0454
vn 0.3530 -0.0277 0.9352
vn 0.0202 -0.1547 0.9878
vn 0.0563 -0.2770 0.9592
vn 0.5737 -0.2271 0.7870
vn 0.8725 -0.1355 0.4694
vn 0.7751 0.0606 0.6289
vn 0.8706 -0.1946 0.4518
vn 0.3520 -0.8347 -0.4236
vn 0.7751 -0.5634 -0.2860
vn 0.0203 -0.8915 -0.4525
vn 0.0548 -0.8904 -0.4519
vn 0.5732 -0.7714 -0.2765
vn 0.8729 -0.4764 -0.1056
vn 0.8709 -0.4799 -0.1064
vn 0.3518 0.0895 0.9318
vn 0.0212 -0.0297 0.9993
vn 0.0562 -0.1545 0.9864
vn 0.5737 -0.1267 0.8092
vn 0.8726 -0.0756 0.4826
vn 0.8706 -0.1365 0.4727
vn 0.7749 0.1388 0.6166
vn 0.3516 -0.7751 -0.5249
vn 0.7752 -0.5231 -0.3542
vn 0.0200 -0.8278 -0.5606
vn 0.0545 -0.8268 -0.5598
vn 0.5733 -0.7306 -0.3709
vn 0.8728 -0.4595 -0.1646
vn 0.8710 -0.4625 -0.1656
vn 0.3519 0.2057 0.9131
vn 0.0202 0.0955 0.9952
vn 0.0559 -0.0298 0.9980
vn 0.8707 -0.0761 0.4859
vn 0.0201 -0.7511 -0.6599
vn 0.0543 -0.7502 -0.6590
vn 0.8709 -0.4383 -0.2224
vn 0.7751 0.2150 0.5941
vn 0.3515 0.3186 0.8803
vn 0.0206 0.2197 0.9754
vn 0.0560 0.0955 0.9939
vn 0.5737 0.0784 0.8153
vn 0.5736 -0.0243 0.8188
vn 0.8705 -0.0146 0.4919
vn 0.8726 -0.0145 0.4882
vn 0.0539 -0.6617 -0.7479
vn 0.5731 -0.6785 -0.4596
vn 0.7748 0.2879 0.5628
vn 0.3516 0.4264 0.8334
vn 0.0204 0.3402 0.9401
vn 0.8727 0.0467 0.4861
vn 0.8707 0.0470 0.4896
vn 0.8731 -0.4348 -0.2206
vn 0.8731 -0.4037 -0.2733
vn 0.7750 0.3561 0.5221
vn 0.3523 0.5275 0.7731
vn 0.0206 0.4554 0.8900
vn 0.0555 0.3397 0.9389
vn 0.0558 0.2194 0.9740
vn 0.8726 0.1073 0.4764
vn 0.7750 -0.3561 -0.5221
vn 0.7748 -0.2879 -0.5628
vn 0.3522 -0.4263 -0.8332
vn 0.3521 -0.5274 -0.7732
vn 0.7751 -0.4187 -0.4732
vn 0.8713 -0.4064 -0.2752
vn 0.8714 -0.3685 -0.3238
vn 0.7750 0.4187 0.4734
vn 0.3518 0.6202 0.7012
vn 0.0208 0.5634 0.8259
vn 0.0552 0.4548 0.8889
vn 0.8709 0.1080 0.4795
vn 0.8727 0.1661 0.4591
vn 0.3519 -0.3186 -0.8802
vn 0.7751 -0.2150 -0.5941
vn 0.3519 -0.6202 -0.7011
vn 0.7752 0.4746 0.4170
vn 0.3522 0.7030 0.6178
vn 0.0203 0.6625 0.7488
vn 0.0551 0.5626 0.8249
vn 0.5736 0.4616 0.6767
vn 0.5733 0.3733 0.7294
vn 0.5732 0.2789 0.7705
vn 0.8707 0.1674 0.4625
vn 0.3515 -0.2057 -0.9133
vn 0.7748 -0.1388 -0.6167
vn 0.0199 -0.2197 -0.9754
vn 0.0201 -0.3402 -0.9401
vn 0.7751 -0.4747 -0.4170
vn 0.3519 -0.7032 -0.6178
vn 0.0203 -0.5634 -0.8260
vn 0.0200 -0.6624 -0.7489
vn 0.0206 -0.4553 -0.8901
vn 0.7750 0.5233 0.3544
vn 0.3521 0.7749 0.5249
vn 0.0203 0.7510 0.6600
vn 0.0546 0.6616 0.7479
vn 0.5726 0.5433 0.6139
vn 0.8731 0.2747 0.4029
vn 0.8729 0.3233 0.3655
vn 0.5733 0.1802 0.7993
vn 0.3520 -0.0896 -0.9317
vn 0.7752 -0.0605 -0.6288
vn 0.0197 -0.0957 -0.9952
vn 0.0535 -0.2195 -0.9741
vn 0.0529 -0.0957 -0.9940
vn 0.0534 -0.3399 -0.9389
vn 0.0539 -0.4548 -0.8890
vn 0.7748 0.5637 0.2862
vn 0.3520 0.8347 0.4236
vn 0.0204 0.8278 0.5606
vn 0.0543 0.7500 0.6592
vn 0.5729 0.6158 0.5409
vn 0.8733 0.3660 0.3216
vn 0.8712 0.2766 0.4056
vn 0.8709 0.2239 0.4376
vn 0.8730 0.2221 0.4342
vn 0.8712 0.3252 0.3677
vn 0.0195 0.0297 -0.9994
vn 0.0533 0.0298 -0.9981
vn 0.5731 -0.2788 -0.7706
vn 0.0541 -0.5626 -0.8249
vn 0.5733 -0.4615 -0.6770
vn 0.5733 -0.3731 -0.7295
vn 0.0548 0.8267 0.5600
vn 0.0208 0.8916 0.4524
vn 0.5735 0.6783 0.4593
vn 0.8732 0.4035 0.2733
vn 0.8709 0.3691 0.3244
vn 0.0530 0.1546 -0.9866
vn 0.0194 0.1548 -0.9878
vn 0.8736 -0.2217 -0.4333
vn 0.5730 -0.5430 -0.6139
vn 0.5733 -0.6154 -0.5410
vn 0.8734 -0.2744 -0.4023
vn 0.8734 -0.3228 -0.3648
vn 0.7750 0.5950 0.2131
vn 0.0542 0.8905 0.4518
vn 0.8733 0.4344 0.2205
vn 0.0527 0.2769 -0.9595
vn 0.5723 0.1269 -0.8102
vn 0.3518 0.0279 -0.9357
vn 0.7752 0.0188 -0.6314
vn 0.8712 -0.2236 -0.4370
vn 0.8733 -0.3660 -0.3216
vn 0.8713 -0.2766 -0.4054
vn 0.7748 0.6172 0.1369
vn 0.3513 0.8814 0.3157
vn 0.3514 0.9140 0.2028
vn 0.7749 0.6294 0.0586
vn 0.0543 0.9400 0.3368
vn 0.5728 0.7717 0.2763
vn 0.5730 0.7309 0.3707
vn 0.7753 0.0978 -0.6240
vn 0.7752 0.1752 -0.6070
vn 0.3517 0.2597 -0.8994
vn 0.0196 0.2773 -0.9606
vn 0.0529 0.3951 -0.9171
vn 0.5727 0.2274 -0.7876
vn 0.3516 0.1450 -0.9249
vn 0.8710 -0.3255 -0.3679
vn 0.3519 0.9320 0.0865
vn 0.7750 0.6316 -0.0209
vn 0.5731 0.8001 0.1774
vn 0.0537 0.9749 0.2162
vn 0.8736 0.4751 0.1054
vn 0.8733 0.4587 0.1642
vn 0.0197 0.3955 -0.9182
vn 0.0528 0.5069 -0.8604
vn 0.5726 0.3245 -0.7529
vn 0.8739 0.1349 -0.4671
vn 0.8736 0.0752 -0.4808
vn 0.8737 0.0144 -0.4863
vn 0.5728 0.0245 -0.8193
vn 0.3520 0.9355 -0.0310
vn 0.7751 0.6239 -0.1000
vn 0.0202 0.9761 0.2164
vn 0.0202 0.9955 0.0925
vn 0.0199 0.9412 0.3372
vn 0.0534 0.9943 0.0924
vn 0.8712 0.4378 0.2222
vn 0.8714 0.4619 0.1654
vn 0.5722 0.4163 -0.7066
vn 0.0525 0.6107 -0.7901
vn 0.0193 0.5076 -0.8614
vn 0.8738 0.1923 -0.4466
vn 0.8719 0.1938 -0.4498
vn 0.8720 0.1358 -0.4703
vn 0.8718 0.0758 -0.4840
vn 0.8716 0.0146 -0.4899
vn 0.8737 -0.0466 -0.4842
vn 0.5726 -0.0784 -0.8161
vn 0.3517 0.9243 -0.1480
vn 0.7751 0.6064 -0.1772
vn 0.0201 0.9993 -0.0330
vn 0.0538 0.9980 -0.0330
vn 0.5731 0.8190 -0.0272
vn 0.5730 0.8161 0.0757
vn 0.8713 0.4063 0.2752
vn 0.8737 0.2469 -0.4192
vn 0.5721 0.5015 -0.6490
vn 0.0194 0.6115 -0.7910
vn 0.0527 0.7050 -0.7073
vn 0.3514 0.4753 -0.8066
vn 0.3513 0.3704 -0.8599
vn 0.8719 0.2486 -0.4218
vn 0.0199 0.9872 -0.1581
vn 0.0534 0.9860 -0.1579
vn 0.8718 0.2995 -0.3875
vn 0.8738 0.2974 -0.3848
vn 0.5723 0.5789 -0.5808
vn 0.3515 0.5725 -0.7407
vn 0.0191 0.7058 -0.7081
vn 0.5731 -0.1800 -0.7995
vn 0.8737 -0.1070 -0.4746
vn 0.8716 -0.0469 -0.4880
vn 0.8714 -0.1078 -0.4785
vn 0.3517 0.8985 -0.2626
vn 0.0198 0.9597 -0.2805
vn 0.0528 0.9585 -0.2802
vn 0.5726 0.7869 -0.2300
vn 0.8737 0.4844 0.0451
vn 0.8735 0.4865 -0.0161
vn 0.8721 0.3454 -0.3466
vn 0.8738 0.3432 -0.3444
vn 0.5720 0.6473 -0.5038
vn 0.0525 0.7881 -0.6133
vn 0.0194 0.7891 -0.6140
vn 0.8737 -0.1656 -0.4574
vn 0.8713 -0.1670 -0.4614
vn 0.3515 0.8586 -0.3731
vn 0.0197 0.9169 -0.3985
vn 0.0529 0.9158 -0.3980
vn 0.0529 0.8587 -0.5098
vn 0.3510 0.6610 -0.6632
vn 0.3514 0.7388 -0.5751
vn 0.7751 0.4460 -0.4475
vn 0.7750 0.4986 -0.3882
vn 0.3519 0.8049 -0.4779
vn 0.7748 0.5436 -0.3227
vn 0.0202 0.8597 -0.5105
vn 0.5724 0.7050 -0.4187
vn 0.8736 0.4806 -0.0769
vn 0.5727 0.8095 -0.1297
vn 0.8717 0.4897 -0.0162
vn 0.8716 0.4882 0.0454
vn 0.7750 0.3865 -0.5000
vn 0.8717 0.4838 -0.0775
vn 0.8737 0.4669 -0.1364
vn 0.8716 0.4786 0.1061
vn 0.8719 0.4492 -0.1953
vn 0.8719 0.4210 -0.2499
vn 0.8737 0.4183 -0.2483
vn 0.8720 0.4699 -0.1373
vn 0.8738 0.4459 -0.1938
vn 0.8738 0.3837 -0.2987
vn 0.5726 0.7519 -0.3268
vn 0.8718 0.3865 -0.3008
vn 0.7748 0.5798 -0.2520
vn 0.7751 0.3208 -0.5444
vn 0.7750 0.2501 -0.5804
vn 0.9953 0.0284 0.0927
vn 0.9976 -0.0418 0.0561
vn 0.9973 -0.0623 0.0396
vn 0.9959 -0.0329 0.0841
vn 0.9807 -0.1838 0.0662
vn 0.9996 0.0004 0.0287
vn 0.9979 0.0639 0.0136
vn 0.9995 -0.0256 0.0204
vn 0.9971 -0.0736 0.0207
vn 0.9964 -0.0783 -0.0325
vn 0.9164 -0.3990 -0.0328
vn 0.9505 -0.2318 0.2069
vn 0.9179 0.3023 0.2570
vn 0.8289 0.2759 0.4867
vn 0.9963 -0.0768 -0.0379
vn 0.4513 -0.8754 -0.1732
vn 0.6092 -0.7240 0.3235
vn 0.5525 -0.3277 0.7664
vn 0.7476 0.3061 0.5895
vn 0.4882 -0.1429 0.8610
vn 0.9967 -0.0653 -0.0474
vn 0.9135 -0.3543 -0.1998
vn 0.4776 -0.7740 -0.4157
vn 0.1865 -0.8785 -0.4399
vn 0.2451 -0.9693 -0.0171
vn 0.2674 -0.8691 0.4161
vn 0.2397 -0.5368 0.8090
vn 0.1785 -0.7971 -0.5769
vn 0.6091 0.0815 -0.7889
vn 0.2671 0.1242 -0.9556
vn 0.2450 -0.3189 -0.9156
vn 0.4512 -0.4379 -0.7776
vn 0.1864 -0.6923 -0.6971
vn 0.4776 -0.6366 -0.6055
vn 0.5711 -0.6649 -0.4813
vn 0.9155 -0.3259 -0.2359
vn 0.9163 -0.1556 -0.3689
vn 0.9135 -0.3005 -0.2742
vn 0.9963 -0.0600 -0.0612
vn 0.9964 -0.0552 -0.0643
vn 0.9973 0.0183 -0.0715
vn 0.9971 -0.0032 -0.0764
vn 0.9975 0.0403 -0.0573
vn 0.9996 0.0275 -0.0086
vn 0.9995 0.0115 -0.0308
vn 0.9976 0.0325 0.0603
vn 0.9504 0.1243 -0.2850
vn 0.8288 0.5487 0.1099
vn 0.9807 0.0056 -0.1954
vn 0.9959 0.0698 -0.0574
vn 0.9953 0.0970 -0.0020
vn 0.9179 0.3387 0.2067
vn 0.8114 0.4850 0.3263
vn 0.7474 0.6557 0.1066
vn 0.8687 0.4931 -0.0476
vn 0.9424 0.3317 0.0435
vn 0.8944 0.4194 -0.1555
vn 0.9583 0.2742 -0.0802
vn 0.9601 0.2423 -0.1398
vn 0.8775 0.4389 -0.1930
vn 0.8471 0.5048 -0.1665
vn 0.5056 0.8218 -0.2628
vn 0.5062 0.7753 -0.3777
vn 0.5069 0.7443 -0.4349
vn 0.4879 0.7735 -0.4045
vn 0.5522 0.6260 -0.5506
vn 0.2047 0.9532 -0.2223
vn 0.2010 0.8927 -0.4034
vn 0.2068 0.8149 -0.5415
vn 0.2138 0.7529 -0.6224
vn 0.2394 0.6012 -0.7624
vn 0.8472 -0.0005 0.5313
vn 0.5058 0.0068 0.8626
vn 0.4931 0.1985 0.8470
vn 0.8640 0.1308 0.4862
vn 0.5060 0.4791 0.7172
vn 0.9057 0.3434 0.2485
vn 0.4297 0.7315 0.5294
vn 0.5059 0.8311 0.2310
vn 0.8639 0.5029 -0.0276
vn 0.4929 0.8668 -0.0759
vn 0.2165 0.3675 0.9045
vn 0.2206 0.6318 0.7431
vn 0.2212 0.7900 0.5718
vn 0.2205 0.9033 0.3680
vn 0.2163 0.9741 0.0666
vn 0.2450 -0.3165 0.9164
vn 0.4512 -0.4357 0.7789
vn 0.1864 -0.6900 0.6994
vn 0.4775 -0.6346 0.6076
vn 0.1785 -0.7950 0.5798
vn 0.9335 -0.1398 0.3303
vn 0.6093 0.0834 0.7885
vn 0.2674 0.1265 0.9552
vn 0.5526 0.6277 0.5483
vn 0.2398 0.6036 0.7604
vn 0.4881 0.7749 0.4015
vn 0.2142 0.7551 0.6197
vn 0.9505 0.1250 0.2844
vn 0.9540 0.1093 0.2791
vn 0.8287 0.5483 -0.1123
vn 0.7473 0.6554 -0.1095
vn 0.8687 0.4933 0.0455
vn 0.5071 0.7458 0.4320
vn 0.8945 0.4198 0.1537
vn 0.5064 0.7767 0.3746
vn 0.9178 0.3381 -0.2082
vn 0.8111 0.4840 -0.3284
vn 0.9424 0.3315 -0.0450
vn 0.9584 0.2742 0.0789
vn 0.9602 0.2425 0.1387
vn 0.8777 0.4395 0.1911
vn 0.5057 0.8228 0.2594
vn 0.8472 0.5052 0.1643
vn 0.4930 0.8670 0.0722
vn 0.8640 0.5029 0.0254
vn 0.5057 0.8302 -0.2345
vn 0.9055 0.3428 -0.2500
vn 0.4293 0.7297 -0.5322
vn 0.5055 0.4771 -0.7189
vn 0.2202 0.6295 -0.7452
vn 0.9331 0.3190 0.1660
vn 0.9576 0.2876 0.0155
vn 0.9811 0.1565 -0.1141
vn 0.9576 0.0732 -0.2786
vn 0.8639 0.1296 -0.4868
vn 0.4928 0.1964 -0.8477
vn 0.8776 -0.0475 -0.4769
vn 0.9602 -0.0578 -0.2734
vn 0.9330 -0.0604 -0.3547
vn 0.8472 -0.0018 -0.5313
vn 0.5057 0.0048 -0.8627
vn 0.5064 -0.1190 -0.8541
vn 0.8945 -0.0179 -0.4468
vn 0.5070 -0.1830 -0.8423
vn 0.8686 0.1076 -0.4837
vn 0.4880 -0.1451 -0.8607
vn 0.7472 0.3046 -0.5907
vn 0.5525 -0.3299 -0.7654
vn 0.9505 -0.2325 -0.2060
vn 0.9808 -0.1839 -0.0655
vn 0.9178 0.3016 -0.2582
vn 0.8286 0.2746 -0.4878
vn 0.8111 0.4606 -0.3605
vn 0.9424 0.1442 -0.3019
vn 0.9584 0.0088 -0.2853
vn 0.6093 -0.7252 -0.3207
vn 0.9163 -0.3989 0.0343
vn 0.9973 -0.0624 -0.0394
vn 0.9959 -0.0331 -0.0840
vn 0.9953 0.0281 -0.0928
vn 0.9976 -0.0419 -0.0560
vn 0.9971 -0.0736 -0.0205
vn 0.9964 -0.0782 0.0328
vn 0.9963 -0.0767 0.0382
vn 0.9135 -0.3537 0.2012
vn 0.9967 -0.0652 0.0476
vn 0.9154 -0.3252 0.2372
vn 0.4512 -0.8747 0.1767
vn 0.4775 -0.7725 0.4186
vn 0.5709 -0.6633 0.4838
vn 0.9135 -0.2997 0.2753
vn 0.9963 -0.0599 0.0614
vn 0.2141 -0.3588 -0.9085
vn 0.2397 -0.5391 -0.8074
vn 0.2674 -0.8707 -0.4127
vn 0.2451 -0.9693 0.0212
vn 0.1864 -0.8768 0.4433
vn 0.9964 -0.0552 0.0644
vn 0.9964 -0.0500 0.0681
vn 0.9946 -0.0250 0.1003
vn 0.9717 0.1877 0.1431
vn 0.9974 0.0358 -0.0618
vn 0.9972 0.0273 -0.0702
vn 0.9976 0.0324 -0.0605
vn 0.9996 0.0275 0.0085
vn 0.9995 0.0115 0.0307
vn 0.9827 0.1774 0.0535
vn 0.8778 0.4790 0.0105
vn 0.8477 0.4050 0.3427
vn 0.9973 -0.0567 0.0472
vn 0.9964 0.0070 0.0845
vn 0.9971 -0.0422 0.0637
vn 0.9976 -0.0662 0.0225
vn 0.9996 -0.0271 -0.0092
vn 0.9995 -0.0272 0.0182
vn 0.9976 0.0093 -0.0680
vn 0.9974 0.0073 -0.0710
vn 0.9972 0.0191 -0.0729
vn 0.9970 0.0239 -0.0738
vn 0.9691 -0.2450 -0.0295
vn 0.9150 -0.3455 0.2085
vn 0.9163 -0.0909 0.3900
vn 0.9959 -0.0901 0.0056
vn 0.9953 -0.0795 -0.0554
vn 0.6092 -0.5293 0.5905
vn 0.4512 -0.1029 0.8865
vn 0.4777 0.1588 0.8641
vn 0.9135 0.0818 0.3984
vn 0.5712 0.2547 0.7803
vn 0.1785 0.3052 0.9354
vn 0.4776 0.3815 0.7914
vn 0.1864 0.4517 0.8725
vn 0.4512 0.6062 0.6549
vn 0.2450 0.7740 0.5838
vn 0.9163 0.3036 0.2611
vn 0.9135 0.1691 0.3700
vn 0.9155 0.1249 0.3824
vn 0.9967 0.0251 0.0768
vn 0.9963 0.0127 0.0849
vn 0.9963 0.0399 0.0759
vn 0.9964 0.0443 0.0722
vn 0.9973 0.0737 0.0044
vn 0.9971 0.0718 0.0263
vn 0.9975 0.0668 -0.0209
vn 0.9953 0.0315 -0.0918
vn 0.9959 0.0759 -0.0490
vn 0.9807 0.1877 0.0544
vn 0.9505 0.3093 -0.0312
vn 0.6091 0.7760 0.1637
vn 0.8287 0.0632 -0.5561
vn 0.5522 0.7156 -0.4278
vn 0.7473 0.0991 -0.6571
vn 0.2068 0.7645 -0.6105
vn 0.5061 0.5966 -0.6228
vn 0.5067 0.6416 -0.5758
vn 0.2138 0.8227 -0.5268
vn 0.4878 0.6216 -0.6130
vn 0.2394 0.9096 -0.3394
vn 0.2672 0.9478 0.1741
vn 0.8686 0.1962 -0.4551
vn 0.8943 0.2763 -0.3519
vn 0.8775 0.3180 -0.3591
vn 0.5055 0.5014 -0.7022
vn 0.8470 0.3128 -0.4298
vn 0.4928 0.3373 -0.8021
vn 0.8638 0.1801 -0.4705
vn 0.9179 -0.0932 -0.3857
vn 0.8113 -0.1622 -0.5617
vn 0.9424 0.0600 -0.3291
vn 0.9583 0.1601 -0.2365
vn 0.9601 0.2071 -0.1879
vn 0.9329 0.2568 -0.2524
vn 0.9576 0.1039 -0.2688
vn 0.9057 -0.1315 -0.4031
vn 0.9811 -0.0600 -0.1842
vn 0.9577 -0.2423 -0.1555
vn 0.8641 -0.4227 -0.2733
vn 0.9331 -0.3559 -0.0518
vn 0.8473 -0.5059 -0.1619
vn 0.5058 0.0343 -0.8620
vn 0.4296 -0.2801 -0.8585
vn 0.5060 -0.5361 -0.6757
vn 0.4932 -0.7456 -0.4482
vn 0.5059 -0.8191 -0.2704
vn 0.8777 -0.4683 -0.1018
vn 0.5065 -0.8491 -0.1500
vn 0.2072 -0.9775 -0.0407
vn 0.2142 -0.9749 0.0613
vn 0.5072 -0.8576 -0.0854
vn 0.2014 -0.9593 -0.1982
vn 0.2050 -0.9018 -0.3805
vn 0.2165 -0.7486 -0.6267
vn 0.2205 -0.5140 -0.8290
vn 0.2211 -0.3025 -0.9271
vn 0.2204 -0.0740 -0.9726
vn 0.2162 0.2344 -0.9478
vn 0.2046 0.5030 -0.8397
vn 0.2010 0.6569 -0.7267
vn 0.2071 0.8169 0.5384
vn 0.2012 0.8942 0.3999
vn 0.2048 0.9541 0.2183
vn 0.2162 0.9738 -0.0708
vn 0.2202 0.9019 -0.3717
vn 0.2208 0.7880 -0.5747
vn 0.2161 0.3651 -0.9055
vn 0.2047 0.0840 -0.9752
vn 0.2011 -0.1070 -0.9737
vn 0.2070 -0.2625 -0.9425
vn 0.9967 0.0808 -0.0002
vn 0.9154 0.4025 -0.0009
vn 0.9134 0.4043 -0.0468
vn 0.9963 0.0846 -0.0146
vn 0.9162 0.3423 -0.2082
vn 0.9964 0.0826 -0.0198
vn 0.9973 0.0272 -0.0687
vn 0.9971 0.0475 -0.0601
vn 0.5525 -0.1852 -0.8127
vn 0.7476 -0.5942 -0.2968
vn 0.8289 -0.5092 -0.2316
vn 0.6089 0.3960 -0.6873
vn 0.9504 0.0662 -0.3038
vn 0.9807 0.1099 -0.1617
vn 0.9959 -0.0225 -0.0875
vn 0.9953 -0.0773 -0.0584
vn 0.9975 0.0009 -0.0700
vn 0.9179 -0.3956 -0.0302
vn 0.8113 -0.5843 -0.0186
vn 0.8688 -0.3720 -0.3269
vn 0.9425 -0.2944 -0.1585
vn 0.8945 -0.2490 -0.3713
vn 0.9584 -0.1753 -0.2253
vn 0.9602 -0.1145 -0.2549
vn 0.8777 -0.2429 -0.4131
vn 0.4932 -0.6586 -0.5683
vn 0.8641 -0.3916 -0.3163
vn 0.8473 -0.3118 -0.4300
vn 0.5059 -0.5127 -0.6937
vn 0.5065 -0.4076 -0.7598
vn 0.5071 -0.3489 -0.7881
vn 0.4882 -0.3905 -0.7805
vn 0.2395 -0.0410 -0.9700
vn 0.2141 -0.2461 -0.9453
vn 0.2070 -0.3439 -0.9159
vn 0.2013 -0.4879 -0.8494
vn 0.2050 -0.6432 -0.7378
vn 0.2165 -0.8292 -0.5153
vn 0.5709 0.8210 -0.0018
vn 0.9135 0.4044 0.0450
vn 0.4774 0.8711 0.1152
vn 0.1782 0.9840 -0.0021
vn 0.4774 0.8706 -0.1189
vn 0.1861 0.9693 -0.1607
vn 0.4509 0.8102 -0.3745
vn 0.2447 0.7945 -0.5558
vn 0.2670 0.4590 -0.8473
vn 0.9163 0.3429 0.2067
vn 0.6092 0.3980 0.6859
vn 0.4512 0.8116 0.3713
vn 0.9963 0.0846 0.0141
vn 0.9964 0.0826 0.0194
vn 0.9973 0.0274 0.0685
vn 0.9971 0.0476 0.0598
vn 0.9505 0.0670 0.3035
vn 0.9808 0.1103 0.1611
vn 0.9959 -0.0225 0.0874
vn 0.9953 -0.0771 0.0586
vn 0.9975 0.0011 0.0700
vn 0.9996 -0.0171 0.0230
vn 0.9995 0.0089 0.0315
vn 0.9977 -0.0617 -0.0297
vn 0.9975 -0.0652 -0.0288
vn 0.9972 -0.0634 -0.0405
vn 0.9970 -0.0627 -0.0454
vn 0.9972 -0.0583 -0.0476
vn 0.9977 -0.0475 -0.0494
vn 0.9975 -0.0476 -0.0530
vn 0.9996 0.0166 -0.0235
vn 0.9995 0.0328 -0.0014
vn 0.5527 -0.8298 0.0776
vn 0.8277 -0.4726 -0.3025
vn 0.7476 -0.4674 -0.4718
vn 0.4883 -0.8633 -0.1273
vn 0.8945 -0.4305 -0.1206
vn 0.8688 -0.4267 -0.2513
vn 0.8370 -0.2952 -0.4607
vn 0.9602 -0.2778 -0.0292
vn 0.9584 -0.2686 -0.0962
vn 0.9425 -0.2425 -0.2302
vn 0.1864 0.1499 0.9710
vn 0.2450 -0.2801 0.9282
vn 0.2673 -0.6618 0.7004
vn 0.2397 -0.9343 0.2638
vn 0.9967 0.0250 -0.0770
vn 0.9154 0.1239 -0.3830
vn 0.9134 0.0809 -0.3988
vn 0.9963 0.0125 -0.0850
vn 0.9163 -0.0918 -0.3897
vn 0.9964 0.0068 -0.0846
vn 0.9973 -0.0568 -0.0471
vn 0.9971 -0.0424 -0.0635
vn 0.4511 -0.1051 -0.8862
vn 0.6093 -0.5311 -0.5888
vn 0.4774 0.1567 -0.8646
vn 0.5709 0.2527 -0.7811
vn 0.9134 0.1681 -0.3707
vn 0.9963 0.0398 -0.0762
vn 0.2674 -0.6641 -0.6982
vn 0.2398 -0.9354 -0.2600
vn 0.5525 -0.8302 -0.0745
vn 0.2450 -0.2825 -0.9275
vn 0.1861 0.1476 -0.9714
vn 0.1782 0.3029 -0.9362
vn 0.4773 0.3794 -0.7926
vn 0.9162 0.3028 -0.2624
vn 0.6091 0.7754 -0.1670
vn 0.4509 0.6042 -0.6570
vn 0.9964 0.0442 -0.0725
vn 0.9973 0.0737 -0.0049
vn 0.9971 0.0717 -0.0267
vn 0.9995 0.0328 0.0013
vn 0.9976 -0.0473 0.0496
vn 0.9996 0.0166 0.0234
vn 0.9976 0.0669 0.0206
vn 0.9953 0.0317 0.0916
vn 0.9959 0.0761 0.0485
vn 0.9807 0.1876 -0.0553
vn 0.9505 0.3094 0.0299
vn 0.9996 -0.0170 -0.0231
vn 0.9995 0.0088 -0.0316
vn 0.9977 -0.0616 0.0299
vn 0.9975 -0.0651 0.0290
vn 0.9972 -0.0632 0.0408
vn 0.9970 -0.0626 0.0456
vn 0.9972 -0.0581 0.0478
vn 0.9975 -0.0475 0.0532
vn 0.9329 0.3187 -0.1674
vn 0.9576 0.2876 -0.0168
vn 0.9811 0.1569 0.1135
vn 0.9576 0.0739 0.2783
vn 0.9330 -0.0595 0.3548
vn 0.8777 -0.0463 0.4770
vn 0.9602 -0.0572 0.2735
vn 0.8945 -0.0168 0.4468
vn 0.9584 0.0094 0.2853
vn 0.9424 0.1449 0.3013
vn 0.8687 0.1087 0.4832
vn 0.8114 0.4616 0.3587
vn 0.5071 -0.1809 0.8427
vn 0.5065 -0.1169 0.8543
vn 0.2142 -0.3564 0.9095
vn 0.2071 -0.2601 0.9431
vn 0.2013 -0.1047 0.9739
vn 0.2050 0.0863 0.9750
vn 0.4296 -0.2779 0.8592
vn 0.2205 -0.5116 0.8304
vn 0.2212 -0.3002 0.9279
vn 0.2206 -0.0716 0.9727
vn 0.5060 0.0363 0.8618
vn 0.2165 0.2368 0.9471
vn 0.4931 0.3394 0.8011
vn 0.2050 0.5054 0.8382
vn 0.5058 0.5034 0.7005
vn 0.2013 0.6592 0.7245
vn 0.5065 0.5985 0.6207
vn 0.2071 0.7667 0.6077
vn 0.8777 0.3189 0.3577
vn 0.8472 0.3139 0.4286
vn 0.8640 0.1812 0.4697
vn 0.9056 -0.1305 0.4035
vn 0.5058 -0.5341 0.6774
vn 0.2164 -0.7464 0.6293
vn 0.4930 -0.7440 0.4510
vn 0.8639 -0.4220 0.2750
vn 0.9576 -0.2419 0.1564
vn 0.9811 -0.0595 0.1842
vn 0.9576 0.1046 0.2683
vn 0.9331 0.2574 0.2511
vn 0.9602 0.2075 0.1869
vn 0.9330 -0.3559 0.0534
vn 0.9602 -0.2778 0.0304
vn 0.8777 -0.4679 0.1037
vn 0.8472 -0.5054 0.1640
vn 0.7473 -0.4661 0.4735
vn 0.4881 -0.8629 0.1308
vn 0.8686 -0.4260 0.2530
vn 0.5070 -0.8573 0.0890
vn 0.8944 -0.4301 0.1224
vn 0.5065 -0.8485 0.1536
vn 0.5059 -0.8180 0.2737
vn 0.2050 -0.9002 0.3841
vn 0.2013 -0.9584 0.2022
vn 0.2072 -0.9773 0.0449
vn 0.2142 -0.9751 -0.0571
vn 0.9976 -0.0662 -0.0223
vn 0.9953 -0.0794 0.0555
vn 0.9959 -0.0900 -0.0053
vn 0.9808 -0.1196 -0.1543
vn 0.9505 -0.2683 -0.1566
vn 0.8287 -0.3778 0.4129
vn 0.9179 -0.1512 0.3670
vn 0.8113 -0.1987 0.5499
vn 0.9424 -0.2417 0.2311
vn 0.9584 -0.2683 0.0973
vn 0.9331 -0.1603 -0.3220
vn 0.9577 -0.2233 -0.1817
vn 0.8776 -0.2418 0.4140
vn 0.9602 -0.1138 0.2552
vn 0.9330 -0.1595 0.3225
vn 0.8471 -0.3106 0.4311
vn 0.8639 -0.3907 0.3178
vn 0.9576 -0.2229 0.1825
vn 0.9057 -0.4240 0.0009
vn 0.9811 -0.1935 0.0004
vn 0.5060 -0.8093 -0.2983
vn 0.2206 -0.9480 -0.2294
vn 0.4297 -0.9030 0.0019
vn 0.5059 -0.8082 0.3015
vn 0.4930 -0.6568 0.5706
vn 0.5057 -0.5107 0.6953
vn 0.2212 -0.9752 0.0021
vn 0.2206 -0.9471 0.2333
vn 0.2164 -0.8273 0.5184
vn 0.2049 -0.6408 0.7398
vn 0.2013 -0.4855 0.8508
vn 0.5063 -0.4056 0.7610
vn 0.2071 -0.3415 0.9168
vn 0.8944 -0.2480 0.3722
vn 0.5070 -0.3469 0.7891
vn 0.8686 -0.3711 0.3283
vn 0.4881 -0.3884 0.7816
vn 0.7474 -0.5933 0.2991
vn 0.5525 -0.1830 0.8132
vn 0.8288 -0.5085 0.2336
vn 0.9179 -0.3955 0.0318
vn 0.8113 -0.5842 0.0212
vn 0.9424 -0.2939 0.1596
vn 0.9584 -0.1746 0.2257
vn 0.5072 0.6434 0.5734
vn 0.2141 0.8246 0.5237
vn 0.4883 0.6235 0.6107
vn 0.2396 0.9109 0.3358
vn 0.5526 0.7170 0.4249
vn 0.2671 0.9471 -0.1780
vn 0.2447 0.7720 -0.5867
vn 0.1861 0.4493 -0.8738
vn 0.8288 0.0646 0.5557
vn 0.7475 0.1007 0.6566
vn 0.8688 0.1973 0.4542
vn 0.8945 0.2772 0.3507
vn 0.9584 0.1607 0.2358
vn 0.9424 0.0608 0.3288
vn 0.8113 -0.1608 0.5621
vn 0.9179 -0.0923 0.3860
vn 0.9996 0.0004 -0.0287
vn 0.9995 -0.0257 -0.0203
vn 0.9979 0.0639 -0.0139
vn 0.9973 0.0729 -0.0123
vn 0.9972 0.0754 -0.0002
vn 0.9970 0.0774 -0.0040
vn 0.9970 0.0774 0.0035
vn 0.9973 0.0730 0.0119
vn 0.9975 0.0359 0.0616
vn 0.9972 0.0275 0.0700
vn 0.9970 0.0241 0.0736
vn 0.9972 0.0192 0.0727
vn 0.9977 0.0094 0.0678
vn 0.9975 0.0075 0.0709
vn 0.9996 -0.0271 0.0093
vn 0.9995 -0.0273 -0.0182
vn 0.2142 -0.2438 0.9459
vn 0.2398 -0.0385 0.9701
vn 0.2674 0.4614 0.8459
vn 0.2451 0.7964 0.5529
vn 0.1862 0.9700 0.1566
vn 0.9805 -0.1552 0.1207
vn 0.9805 -0.1387 0.1391
vn 0.9804 -0.1692 0.1005
vn 0.9912 0.1047 -0.0816
vn 0.9912 0.0937 -0.0940
vn 0.9805 -0.1203 0.1555
vn 0.9912 0.0812 -0.1050
vn 0.9911 0.1142 -0.0678
vn 0.9805 -0.1803 0.0784
vn 0.9702 -0.1912 0.1487
vn 0.9701 -0.1713 0.1718
vn 0.9702 -0.1481 0.1917
vn 0.9804 -0.0999 0.1695
vn 0.9911 0.0674 -0.1144
vn 0.9702 -0.1230 0.2087
vn 0.9912 0.1217 -0.0529
vn 0.9702 -0.2083 0.1237
vn 0.9805 -0.1885 0.0551
vn 0.9806 -0.1937 0.0310
vn 0.5078 -0.6798 0.5292
vn 0.5075 -0.6083 0.6103
vn 0.5078 -0.5269 0.6816
vn 0.5074 -0.4374 0.7424
vn 0.9805 -0.0777 0.1804
vn 0.9912 0.0525 -0.1219
vn 0.9701 -0.0960 0.2228
vn 0.5077 -0.3407 0.7913
vn 0.9911 0.1275 -0.0373
vn 0.9703 -0.2220 0.0965
vn 0.5074 -0.7410 0.4399
vn 0.9912 0.1310 -0.0209
vn 0.9805 -0.1964 0.0065
vn 0.9805 -0.0545 0.1887
vn 0.9911 0.0368 -0.1276
vn 0.9702 -0.0671 0.2327
vn 0.5073 -0.2391 0.8279
vn 0.9702 -0.2325 0.0679
vn 0.5078 -0.7900 0.3435
vn 0.9912 0.1326 -0.0044
vn 0.9701 -0.2395 0.0383
vn 0.9805 -0.1958 -0.0183
vn 0.9806 -0.0304 0.1938
vn 0.9912 0.0205 -0.1309
vn 0.9701 -0.0376 0.2399
vn 0.5069 -0.1335 0.8516
vn 0.5073 -0.8272 0.2418
vn 0.9912 0.1321 0.0122
vn 0.9701 -0.2425 0.0080
vn 0.5072 -0.8510 0.1363
vn 0.9805 -0.1918 -0.0425
vn 0.9805 -0.0059 0.1964
vn 0.9912 0.0040 -0.1326
vn 0.9703 -0.0072 0.2419
vn 0.5073 -0.0257 0.8614
vn 0.9911 0.1297 0.0288
vn 0.9699 -0.2424 -0.0226
vn 0.5072 -0.8614 0.0285
vn 0.9805 -0.1850 -0.0662
vn 0.9805 0.0188 0.1957
vn 0.9912 -0.0127 -0.1321
vn 0.9701 0.0232 0.2417
vn 0.5073 0.0826 0.8578
vn 0.9912 0.1248 0.0446
vn 0.9703 -0.2363 -0.0524
vn 0.5072 -0.8581 -0.0796
vn 0.9805 -0.1752 -0.0889
vn 0.9804 0.0432 0.1921
vn 0.9911 -0.0291 -0.1296
vn 0.9703 0.0532 0.2360
vn 0.5077 0.1893 0.8405
vn 0.9911 0.1185 0.0602
vn 0.9700 -0.2289 -0.0820
vn 0.5073 -0.8413 -0.1866
vn 0.9805 -0.1625 -0.1100
vn 0.9805 0.0668 0.1847
vn 0.9912 -0.0452 -0.1247
vn 0.9702 0.0825 0.2280
vn 0.5071 0.2933 0.8105
vn 0.9911 0.1099 0.0744
vn 0.9805 -0.1476 -0.1297
vn 0.9911 -0.0605 -0.1183
vn 0.9805 0.0895 0.1751
vn 0.9702 0.1104 0.2158
vn 0.5077 0.3924 0.7670
vn 0.9912 0.0996 0.0876
vn 0.9703 -0.2004 -0.1356
vn 0.9702 -0.2161 -0.1097
vn 0.5069 -0.8115 -0.2907
vn 0.9805 -0.1302 -0.1471
vn 0.9911 -0.0748 -0.1097
vn 0.5075 0.4855 0.7119
vn 0.9703 0.1364 0.1999
vn 0.9912 0.0879 0.0993
vn 0.5071 -0.7686 -0.3900
vn 0.9805 -0.1108 -0.1624
vn 0.9805 0.1108 0.1624
vn 0.9911 0.0748 0.1097
vn 0.9701 -0.1607 -0.1818
vn 0.9701 -0.1822 -0.1601
vn 0.5075 -0.7135 -0.4831
vn 0.9805 -0.0895 -0.1751
vn 0.9805 0.1302 0.1471
vn 0.9912 -0.0879 -0.0993
vn 0.9701 0.1607 0.1817
vn 0.5075 0.5709 0.6454
vn 0.9911 0.0605 0.1183
vn 0.9703 -0.1364 -0.1999
vn 0.5075 -0.5709 -0.6454
vn 0.5075 -0.6473 -0.5688
vn 0.9805 -0.0668 -0.1847
vn 0.9804 0.1478 0.1299
vn 0.9911 -0.0998 -0.0878
vn 0.9912 0.0452 0.1247
vn 0.9805 -0.0432 -0.1918
vn 0.9805 0.1627 0.1103
vn 0.9911 -0.1099 -0.0744
vn 0.9703 0.2004 0.1356
vn 0.9702 0.1821 0.1600
vn 0.5075 0.6473 0.5688
vn 0.5075 0.7134 0.4832
vn 0.9911 0.0291 0.1296
vn 0.9700 -0.0827 -0.2287
vn 0.9702 -0.1104 -0.2158
vn 0.5075 -0.4855 -0.7119
vn 0.9804 -0.0188 -0.1960
vn 0.9805 0.1754 0.0889
vn 0.9911 -0.1185 -0.0602
vn 0.9702 0.2161 0.1097
vn 0.5077 0.7683 0.3898
vn 0.9912 0.0127 0.1321
vn 0.5071 -0.3925 -0.7673
vn 0.9805 0.1849 0.0662
vn 0.9702 0.2280 0.0817
vn 0.5070 0.8114 0.2908
vn 0.9703 -0.0532 -0.2360
vn 0.9699 -0.0232 -0.2423
vn 0.9912 -0.0040 0.1326
vn 0.9805 0.0059 -0.1964
vn 0.5069 -0.2934 -0.8106
vn 0.9805 0.1919 0.0426
vn 0.9911 -0.1297 -0.0287
vn 0.9911 -0.1250 -0.0448
vn 0.5078 0.8411 0.1864
vn 0.5077 -0.1893 -0.8405
vn 0.5072 -0.0824 -0.8579
vn 0.9701 0.0072 -0.2425
vn 0.9805 0.0304 -0.1939
vn 0.9911 -0.0206 0.1313
vn 0.9805 0.1958 0.0182
vn 0.9703 0.2362 0.0523
vn 0.5072 0.0257 -0.8614
vn 0.9805 0.1965 -0.0065
vn 0.9912 -0.1326 0.0044
vn 0.5073 0.8581 0.0798
vn 0.5073 0.1334 -0.8514
vn 0.9702 0.0375 -0.2395
vn 0.9805 0.0545 -0.1887
vn 0.9805 0.1938 -0.0310
vn 0.9806 0.0776 -0.1802
vn 0.9911 -0.0368 0.1276
vn 0.9805 0.1885 -0.0551
vn 0.9805 0.0999 -0.1695
vn 0.9805 0.1804 -0.0784
vn 0.9912 -0.1217 0.0529
vn 0.9805 0.1691 -0.1004
vn 0.9805 0.1552 -0.1207
vn 0.9912 -0.1047 0.0816
vn 0.9911 -0.1142 0.0679
vn 0.9805 0.1387 -0.1391
vn 0.9912 -0.0937 0.0940
vn 0.9702 0.1912 -0.1487
vn 0.9701 0.1713 -0.1718
vn 0.9702 0.2082 -0.1236
vn 0.9805 0.1202 -0.1556
vn 0.9912 -0.0812 0.1050
vn 0.9702 0.1481 -0.1917
vn 0.5077 0.7901 -0.3434
vn 0.5072 0.8272 -0.2418
vn 0.9702 0.2325 -0.0679
vn 0.9703 0.2218 -0.0965
vn 0.5078 0.5269 -0.6815
vn 0.5075 0.6083 -0.6103
vn 0.5080 0.4372 -0.7422
vn 0.9911 -0.0674 0.1144
vn 0.9702 0.1230 -0.2087
vn 0.9911 -0.1275 0.0373
vn 0.9911 -0.1312 0.0210
vn 0.9703 0.2388 -0.0383
vn 0.5080 0.7407 -0.4397
vn 0.5078 0.6798 -0.5292
vn 0.5076 0.3409 -0.7913
vn 0.9700 0.0962 -0.2231
vn 0.9912 -0.0525 0.1219
vn 0.5072 0.2392 -0.8280
vn 0.9702 0.0671 -0.2327
vn 0.9703 0.2418 -0.0080
vn 0.9912 -0.1321 -0.0122
vn 0.5074 0.8509 -0.1362
vn 0.5073 0.8613 -0.0284
vn 0.9701 0.2417 0.0225
vn 0.7571 0.2956 0.5826
vn 0.4672 0.7482 0.4710
vn 0.5480 0.5785 0.6042
vn 0.6006 0.0502 0.7980
vn 0.9176 -0.0205 0.3970
vn 0.9650 -0.1004 0.2424
vn 0.8864 0.1214 -0.4466
vn 0.8637 0.3810 -0.3300
vn 0.5748 0.8163 0.0571
vn 0.3097 0.9371 0.1612
vn 0.5000 0.8612 -0.0913
vn 0.6608 0.7093 -0.2452
vn 0.5390 0.8398 0.0653
vn 0.6954 0.6757 0.2445
vn 0.8186 0.4088 -0.4034
vn 0.8719 0.2114 -0.4418
vn 0.8387 0.3661 0.4031
vn 0.8639 0.3818 0.3285
vn 0.9175 -0.0214 -0.3971
vn 0.5583 -0.1380 -0.8181
vn 0.7568 0.2940 -0.5838
vn 0.8866 0.1225 0.4461
vn 0.8790 0.1803 0.4415
vn 0.8712 0.0562 -0.4878
vn 0.8457 -0.0037 -0.5337
vn 0.6543 -0.1125 -0.7478
vn 0.9650 -0.1010 -0.2421
vn 0.9601 -0.1884 -0.2069
vn 0.8457 -0.0024 0.5337
vn 0.8726 0.0283 0.4875
vn 0.5338 -0.1482 0.8325
vn 0.5583 -0.1361 0.8184
vn 0.6543 -0.1107 0.7481
vn 0.9600 -0.1879 0.2076
vn 0.7663 -0.1304 -0.6291
vn 0.8545 -0.0911 -0.5115
vn 0.9482 -0.3145 -0.0444
vn 0.7119 -0.0097 0.7022
vn 0.3510 0.0416 0.9354
vn 0.3166 -0.1149 0.9416
vn 0.2621 -0.2812 0.9232
vn 0.3012 -0.4052 0.8632
vn 0.1612 -0.1599 0.9739
vn 0.1522 -0.3047 0.9402
vn 0.0850 -0.4451 0.8915
vn 0.1349 -0.5676 0.8122
vn 0.1923 -0.6051 0.7726
vn 0.4366 -0.3217 0.8401
vn 0.9250 -0.2782 0.2589
vn 0.9337 -0.2795 0.2239
vn 0.8485 -0.0618 0.5256
vn 0.4108 0.2386 0.8800
vn 0.1755 0.2610 0.9493
vn 0.1670 0.0236 0.9857
vn 0.2052 0.5497 0.8098
vn 0.4990 0.4796 0.7218
vn 0.2332 0.7877 0.5702
vn 0.4989 0.8356 0.2301
vn 0.6560 0.6114 0.4425
vn 0.9451 0.0747 0.3180
vn 0.9587 -0.2291 0.1683
vn 0.9397 -0.2717 0.2075
vn 0.9758 -0.1904 0.1074
vn 0.9911 -0.1076 -0.0780
vn 0.9741 0.1832 0.1325
vn 0.9451 0.3256 -0.0284
vn 0.8484 0.4802 -0.2229
vn 0.4105 0.9106 -0.0482
vn 0.7117 0.6643 -0.2285
vn 0.3507 0.9018 -0.2525
vn 0.6541 0.6763 -0.3388
vn 0.9603 0.0904 -0.2641
vn 0.1519 0.7983 -0.5828
vn 0.0846 0.7082 -0.7010
vn 0.2618 0.7894 -0.5553
vn 0.1609 0.8754 -0.4558
vn 0.3163 0.8588 -0.4030
vn 0.1667 0.9439 -0.2852
vn 0.1752 0.9833 -0.0485
vn 0.2050 0.9410 0.2692
vn 0.5580 0.7353 -0.3848
vn 0.5335 0.7449 -0.4007
vn 0.7570 0.6459 0.0987
vn 0.5751 0.3091 0.7575
vn 0.5391 0.1967 0.8189
vn 0.6954 -0.0242 0.7182
vn 0.8638 -0.1947 0.4647
vn 0.4673 0.6812 0.5636
vn 0.5479 0.7547 0.3608
vn 0.6004 0.7740 -0.2014
vn 0.3009 0.6938 -0.6543
vn 0.3099 0.4458 0.8398
vn 0.4365 0.6980 -0.5677
vn 0.1920 0.5453 -0.8160
vn 0.1345 0.5947 -0.7926
vn 0.7569 0.6456 -0.1014
vn 0.4668 0.6794 -0.5661
vn 0.5476 0.7535 -0.3638
vn 0.6006 0.7746 0.1981
vn 0.5747 0.3071 -0.7585
vn 0.4999 0.1801 -0.8471
vn 0.3095 0.4435 -0.8411
vn 0.8638 -0.1959 -0.4641
vn 0.9176 0.3714 0.1419
vn 0.8866 -0.3871 -0.2531
vn 0.9650 0.1996 0.1702
vn 0.8458 -0.5087 -0.1609
vn 0.8721 -0.3547 -0.3372
vn 0.8713 -0.4464 -0.2038
vn 0.6544 0.6774 0.3359
vn 0.9600 0.1393 0.2427
vn 0.7663 -0.6386 -0.0698
vn 0.8545 -0.5146 -0.0710
vn 0.8726 0.4726 0.1234
vn 0.8511 0.4493 0.2716
vn 0.7663 0.5590 0.3166
vn 0.7617 0.5134 0.3953
vn 0.9482 -0.0539 0.3131
vn 0.9482 -0.1396 0.2855
vn 0.9937 0.0961 0.0572
vn 0.9968 -0.0281 -0.0752
vn 0.7616 -0.6477 0.0206
vn 0.9274 -0.3704 0.0518
vn 0.9012 0.3385 0.2708
vn 0.9774 -0.1626 -0.1353
vn 0.9939 0.0341 -0.1052
vn 0.9773 0.2112 -0.0147
vn 0.9968 0.0669 -0.0445
vn 0.9937 -0.1113 -0.0097
vn 0.9995 -0.0101 -0.0311
vn 0.9570 -0.0899 -0.2757
vn 0.9741 -0.0775 -0.2126
vn 0.9758 0.2172 0.0249
vn 0.9937 0.0842 -0.0737
vn 0.9397 -0.2806 0.1953
vn 0.9587 -0.2303 0.1667
vn 0.9250 -0.3315 0.1858
vn 0.9337 -0.2986 0.1977
vn 0.9758 -0.1604 0.1485
vn 0.9741 -0.0627 -0.2174
vn 0.8788 0.4758 -0.0354
vn 0.8457 0.5069 0.1668
vn 0.9600 -0.2551 0.1155
vn 0.8486 -0.5192 -0.1019
vn 0.9452 -0.2798 -0.1684
vn 0.9911 0.0413 0.1263
vn 0.9741 -0.0701 -0.2149
vn 0.9587 0.2843 -0.0017
vn 0.9451 0.1266 -0.3013
vn 0.6560 -0.2341 -0.7175
vn 0.4991 -0.5403 -0.6775
vn 0.4108 -0.7647 -0.4964
vn 0.7120 -0.6714 -0.2055
vn 0.3511 -0.8778 -0.3258
vn 0.6544 -0.7460 -0.1234
vn 0.2331 -0.3017 -0.9245
vn 0.4988 0.0366 -0.8660
vn 0.8484 0.3590 -0.3891
vn 0.9250 0.3772 -0.0461
vn 0.9397 0.3419 -0.0084
vn 0.9336 0.3578 -0.0171
vn 0.4104 0.3243 -0.8523
vn 0.2050 0.0316 -0.9783
vn 0.1752 0.3468 -0.9214
vn 0.9482 0.2283 0.2208
vn 0.9600 0.2740 -0.0576
vn 0.7116 0.4206 -0.5628
vn 0.3506 0.5160 -0.7815
vn 0.1666 0.5600 -0.8116
vn 0.9968 -0.0802 0.0036
vn 0.7616 -0.1810 0.6223
vn 0.9774 -0.1789 0.1129
vn 0.6540 0.5292 -0.5405
vn 0.3162 0.6462 -0.6946
vn 0.5579 0.5910 -0.5826
vn 0.2618 0.7699 -0.5820
vn 0.5335 0.6091 -0.5869
vn 0.3009 0.8350 -0.4607
vn 0.1609 0.7015 -0.6943
vn 0.1519 0.7989 -0.5820
vn 0.0846 0.8838 -0.4601
vn 0.1346 0.9364 -0.3240
vn 0.1920 0.9436 -0.2698
vn 0.4365 0.7538 -0.4912
vn 0.6003 0.4283 -0.6754
vn 0.7569 0.1036 -0.6453
vn 0.4672 -0.3281 -0.8211
vn 0.5478 -0.1125 -0.8290
vn 0.9175 0.2500 -0.3094
vn 0.9649 0.2238 -0.1373
vn 0.8456 -0.3106 0.4341
vn 0.7662 -0.2642 0.5858
vn 0.8712 -0.3319 0.3617
vn 0.9175 -0.2159 0.3339
vn 0.5582 -0.3690 0.7431
vn 0.7569 -0.5807 0.2997
vn 0.8638 -0.1156 -0.4904
vn 0.8864 0.1633 -0.4331
vn 0.8386 -0.0590 -0.5415
vn 0.8788 0.1138 -0.4634
vn 0.8720 -0.4304 0.2334
vn 0.8865 -0.3605 0.2901
vn 0.6543 -0.3483 0.6713
vn 0.9650 -0.0605 0.2552
vn 0.8725 0.2638 -0.4113
vn 0.8455 0.3157 -0.4306
vn 0.9600 0.0308 0.2782
vn 0.7118 -0.4033 0.5750
vn 0.3509 -0.5815 0.7340
vn 0.3166 -0.4583 0.8305
vn 0.2621 -0.3127 0.9130
vn 0.5337 -0.3675 0.7617
vn 0.1522 -0.3037 0.9405
vn 0.0850 -0.1613 0.9832
vn 0.1612 -0.4408 0.8830
vn 0.1669 -0.5963 0.7852
vn 0.1755 -0.7672 0.6169
vn 0.4106 -0.7085 0.5739
vn 0.8485 -0.2576 0.4623
vn 0.2052 -0.9195 0.3353
vn 0.4989 -0.8112 0.3049
vn 0.9451 -0.2467 0.2142
vn 0.9588 0.0872 0.2704
vn 0.9911 0.1330 -0.0003
vn 0.9741 -0.2260 0.0004
vn 0.9452 -0.2473 -0.2133
vn 0.6560 -0.7547 0.0016
vn 0.4991 -0.8124 -0.3017
vn 0.2333 -0.9724 0.0021
vn 0.8486 -0.2588 -0.4614
vn 0.4108 -0.7105 -0.5714
vn 0.2053 -0.9208 -0.3316
vn 0.1755 -0.7694 -0.6142
vn 0.3510 -0.5837 -0.7321
vn 0.1669 -0.5987 -0.7833
vn 0.3166 -0.4607 -0.8292
vn 0.1612 -0.4432 -0.8818
vn 0.2620 -0.3151 -0.9122
vn 0.1521 -0.3061 -0.9398
vn 0.9250 0.0731 -0.3729
vn 0.9600 0.0302 -0.2784
vn 0.7120 -0.4049 -0.5737
vn 0.6544 -0.3501 -0.6702
vn 0.5584 -0.3710 -0.7420
vn 0.5339 -0.3695 -0.7606
vn 0.3011 -0.1794 -0.9366
vn 0.0848 -0.1637 -0.9829
vn 0.1347 -0.0179 -0.9907
vn 0.1921 0.0358 -0.9807
vn 0.4365 -0.2333 -0.8689
vn 0.6006 -0.5097 -0.6160
vn 0.7571 -0.5816 -0.2974
vn 0.9176 -0.2167 -0.3332
vn 0.4672 -0.8822 0.0590
vn 0.5479 -0.8232 -0.1484
vn 0.8638 -0.1143 0.4907
vn 0.5749 -0.6940 0.4334
vn 0.3098 -0.8529 0.4203
vn 0.5001 -0.6433 0.5797
vn 0.6609 -0.4299 0.6151
vn 0.5390 -0.7179 0.4406
vn 0.6953 -0.6905 0.1994
vn 0.5749 -0.6248 0.5284
vn 0.3098 -0.6608 0.6837
vn 0.8188 -0.0937 0.5664
vn 0.8866 0.1643 0.4324
vn 0.8638 -0.5021 -0.0412
vn 0.7571 0.1052 0.6448
vn 0.8387 -0.5333 -0.1108
vn 0.8720 0.0887 0.4814
vn 0.8458 0.3168 0.4293
vn 0.9650 -0.0612 -0.2552
vn 0.8713 0.2413 0.4274
vn 0.8790 -0.4054 -0.2511
vn 0.8866 -0.3613 -0.2888
vn 0.9176 0.2509 0.3084
vn 0.5584 0.5928 0.5803
vn 0.5339 0.6109 0.5846
vn 0.2621 0.7719 0.5792
vn 0.6544 0.5308 0.5385
vn 0.9650 0.2241 0.1363
vn 0.9600 0.2742 0.0564
vn 0.8457 -0.3117 -0.4330
vn 0.8727 -0.3095 -0.3778
vn 0.7663 -0.2658 -0.5850
vn 0.9481 0.2277 -0.2219
vn 0.9250 0.3773 0.0444
vn 0.9337 0.3578 0.0155
vn 0.9937 0.0844 0.0732
vn 0.9741 -0.0769 0.2128
vn 0.9570 -0.0893 0.2760
vn 0.9995 -0.0100 0.0310
vn 0.9758 0.2171 -0.0259
vn 0.9398 0.3418 0.0068
vn 0.9587 0.2843 0.0004
vn 0.8486 0.3600 0.3876
vn 0.7120 0.4221 0.5611
vn 0.9911 0.0410 -0.1266
vn 0.9741 -0.0695 0.2151
vn 0.9452 0.1274 0.3007
vn 0.3166 0.6483 0.6924
vn 0.3510 0.5183 0.7799
vn 0.4108 0.3265 0.8513
vn 0.4990 0.0387 0.8657
vn 0.6560 -0.2323 0.7181
vn 0.9451 -0.2793 0.1694
vn 0.9588 -0.2307 -0.1658
vn 0.1612 0.7038 0.6919
vn 0.1670 0.5624 0.8098
vn 0.1755 0.3492 0.9205
vn 0.2052 0.0339 0.9781
vn 0.2332 -0.2993 0.9252
vn 0.4989 -0.5383 0.6793
vn 0.2051 -0.6002 0.7731
vn 0.8485 -0.5188 0.1040
vn 0.4107 -0.7629 0.4993
vn 0.1755 -0.8218 0.5420
vn 0.9251 -0.3320 -0.1844
vn 0.9377 -0.2868 -0.1961
vn 0.9347 -0.2987 -0.1926
vn 0.9431 -0.2778 -0.1828
vn 0.9759 -0.1662 -0.1416
vn 0.9741 -0.0622 0.2176
vn 0.9937 -0.1113 0.0101
vn 0.9482 -0.0547 -0.3130
vn 0.9601 -0.2553 -0.1145
vn 0.7118 -0.6707 0.2083
vn 0.3510 -0.8765 0.3294
vn 0.9968 0.0670 0.0441
vn 0.7614 0.5122 -0.3974
vn 0.9774 0.2112 0.0137
vn 0.7617 -0.6477 -0.0179
vn 0.8510 -0.5232 0.0444
vn 0.9012 -0.4330 -0.0201
vn 0.9774 -0.1622 0.1359
vn 0.9968 -0.0279 0.0752
vn 0.9939 0.0342 0.1049
vn 0.9274 0.2693 -0.2597
vn 0.8544 0.4582 -0.2451
vn 0.7661 0.5580 -0.3190
vn 0.8455 0.5065 -0.1690
vn 0.8712 0.4811 -0.0977
vn 0.8726 -0.4549 0.1779
vn 0.7663 -0.6384 0.0725
vn 0.9482 -0.1403 -0.2850
vn 0.9937 0.0959 -0.0577
vn 0.8457 -0.5082 0.1630
vn 0.9600 0.1387 -0.2434
vn 0.9278 0.1541 -0.3397
vn 0.9346 0.1276 -0.3321
vn 0.9649 0.1991 -0.1711
vn 0.8865 -0.3864 0.2546
vn 0.8789 -0.3642 0.3081
vn 0.9175 0.3710 -0.1435
vn 0.8386 -0.2704 0.4730
vn 0.8720 0.4854 0.0640
vn 0.8865 0.4622 -0.0230
vn 0.9650 -0.2615 -0.0204
vn 0.6612 0.4520 0.5988
vn 0.5751 0.1973 0.7939
vn 0.8639 0.4314 0.2600
vn 0.8189 0.5098 0.2637
vn 0.9176 -0.3839 0.1035
vn 0.7569 -0.4628 0.4613
vn 0.4671 -0.2172 0.8571
vn 0.3099 0.1354 0.9411
vn 0.5003 0.3522 0.7910
vn 0.5478 -0.3960 0.7370
vn 0.6004 -0.7433 0.2948
vn 0.4366 -0.8985 -0.0458
vn 0.1924 -0.9219 -0.3363
vn 0.3012 -0.9462 -0.1180
vn 0.5338 -0.8375 0.1171
vn 0.5583 -0.8203 0.1242
vn 0.6543 -0.7455 0.1265
vn 0.3166 -0.9308 0.1826
vn 0.2622 -0.9648 0.0186
vn 0.1670 -0.9298 0.3279
vn 0.1613 -0.9755 0.1498
vn 0.1523 -0.9883 0.0016
vn 0.0850 -0.9855 -0.1471
vn 0.1349 -0.9480 -0.2883
vn 0.1753 0.9835 0.0443
vn 0.2049 0.9399 -0.2731
vn 0.4106 0.9107 0.0443
vn 0.4988 0.8347 -0.2336
vn 0.8486 0.4808 0.2208
vn 0.2328 0.7857 -0.5731
vn 0.4986 0.4776 -0.7234
vn 0.6558 0.6100 -0.4449
vn 0.9451 0.3256 0.0270
vn 0.9588 0.0892 0.2698
vn 0.9251 0.1601 0.3444
vn 0.9398 0.1133 0.3224
vn 0.9337 0.1264 0.3349
vn 0.9758 0.0433 0.2142
vn 0.9911 -0.1074 0.0783
vn 0.9741 0.1828 -0.1333
vn 0.9451 0.0739 -0.3183
vn 0.8485 -0.0631 -0.5254
vn 0.4104 0.2364 -0.8807
vn 0.7118 -0.0114 -0.7023
vn 0.3508 0.0394 -0.9356
vn 0.9588 -0.2295 -0.1674
vn 0.1521 -0.3071 -0.9395
vn 0.0848 -0.4475 -0.8902
vn 0.2620 -0.2836 -0.9225
vn 0.1610 -0.1622 -0.9735
vn 0.3165 -0.1171 -0.9413
vn 0.1667 0.0213 -0.9858
vn 0.1752 0.2586 -0.9500
vn 0.2048 0.5473 -0.8115
vn 0.5337 -0.1502 -0.8322
vn 0.5748 0.8160 -0.0605
vn 0.4668 0.7467 -0.4739
vn 0.5475 0.5768 -0.6063
vn 0.6004 0.0482 -0.7983
vn 0.3011 -0.4076 -0.8621
vn 0.3096 0.9364 -0.1652
vn 0.4367 -0.3239 -0.8393
vn 0.1923 -0.6075 -0.7707
vn 0.1348 -0.5700 -0.8105
vn 0.9481 0.2808 -0.1490
vn 0.9937 -0.0439 -0.1028
vn 0.9968 -0.0213 0.0774
vn 0.7617 0.5360 0.3641
vn 0.9774 0.0521 0.2051
vn 0.9995 -0.0326 0.0001
vn 0.9570 -0.2900 0.0006
vn 0.9741 -0.2261 0.0082
vn 0.9758 0.0911 -0.1989
vn 0.9336 0.0947 -0.3455
vn 0.9587 0.0866 -0.2708
vn 0.9397 0.0981 -0.3276
vn 0.7614 0.5349 -0.3663
vn 0.8509 0.3975 -0.3435
vn 0.9010 0.3624 -0.2383
vn 0.9773 0.0515 -0.2053
vn 0.9968 -0.0215 -0.0774
vn 0.9939 -0.0894 -0.0648
vn 0.9275 -0.0653 0.3682
vn 0.8545 -0.2268 0.4674
vn 0.7660 0.4743 -0.4339
vn 0.9482 0.2812 0.1478
vn 0.9937 -0.0437 0.1029
vn 0.9251 0.0740 0.3725
vn 0.9337 0.0955 0.3450
vn 0.9758 0.0916 0.1984
vn 0.9741 -0.2261 -0.0073
vn 0.9398 0.0988 0.3271
vn 0.8865 0.4623 0.0210
vn 0.9650 -0.2615 0.0215
vn 0.9176 -0.3842 -0.1019
vn 0.8637 0.4307 -0.2618
vn 0.8384 0.4968 -0.2240
vn 0.6951 0.4418 -0.5671
vn 0.8189 -0.2570 -0.5132
vn 0.6609 -0.0134 -0.7503
vn 0.5584 -0.8207 -0.1208
vn 0.7571 -0.4642 -0.4597
vn 0.5748 0.1953 -0.7947
vn 0.5388 0.3223 -0.7784
vn 0.5339 -0.8379 -0.1135
vn 0.6007 -0.7443 -0.2919
vn 0.5479 -0.3980 -0.7358
vn 0.4671 -0.2194 -0.8565
vn 0.3096 0.1332 -0.9415
vn 0.3167 -0.9316 -0.1786
vn 0.2622 -0.9649 -0.0145
vn 0.3395 -0.9381 0.0684
vn 0.4368 -0.8982 0.0495
vn 0.2035 -0.9542 0.2194
vn 0.1268 -0.9810 0.1470
vn 0.1522 -0.9883 0.0026
vn 0.1613 -0.9761 -0.1456
vn 0.1670 -0.9312 -0.3241
vn 0.1755 -0.8238 -0.5390
vn 0.2051 -0.6026 -0.7712
vn 0.4366 -0.2312 0.8695
vn 0.6004 -0.5079 0.6177
vn 0.3011 -0.1771 0.9370
vn 0.1924 0.0382 0.9806
vn 0.1349 -0.0155 0.9907
vn 0.5751 -0.6955 -0.4308
vn 0.5392 -0.6407 -0.5466
vn 0.6955 -0.4026 -0.5952
vn 0.4672 -0.8824 -0.0553
vn 0.5479 -0.8227 0.1519
vn 0.3100 -0.8545 -0.4169
vn 0.8638 -0.5019 0.0433
vn 0.5751 -0.6265 -0.5261
vn 0.3099 -0.6630 -0.6815
vn 0.5003 -0.7501 -0.4325
vn 0.6612 -0.7177 -0.2184
vn 0.8188 -0.5675 0.0863
vn 0.4368 0.7556 0.4882
vn 0.6007 0.4302 0.6738
vn 0.3012 0.8367 0.4574
vn 0.1922 0.9446 0.2659
vn 0.1347 0.9377 0.3202
vn 0.0848 0.8856 0.4566
vn 0.4671 -0.3259 0.8220
vn 0.5478 -0.1105 0.8293
vn 0.1522 0.8009 0.5791
vn 0.7662 -0.1288 0.6295
vn 0.9482 -0.3144 0.0457
vn 0.9251 -0.2788 -0.2578
vn 0.9338 -0.2801 -0.2229
vn 0.9937 -0.0250 -0.1090
vn 0.9740 0.1875 -0.1271
vn 0.9569 0.2345 -0.1710
vn 0.9995 0.0265 -0.0193
vn 0.9758 -0.1907 -0.1067
vn 0.9398 -0.2722 -0.2065
vn 0.8510 -0.1199 0.5113
vn 0.7615 -0.2177 0.6105
vn 0.9968 0.0630 0.0498
vn 0.9011 -0.1532 0.4055
vn 0.9774 0.0791 0.1961
vn 0.7617 -0.2192 -0.6098
vn 0.9968 0.0628 -0.0501
vn 0.9773 0.0786 -0.1966
vn 0.9275 -0.1634 -0.3363
vn 0.9939 0.1105 -0.0004
vn 0.9937 -0.0248 0.1090
vn 0.9995 0.0265 0.0191
vn 0.9570 0.2350 0.1700
vn 0.9741 0.1878 0.1262
vn 0.9741 0.1786 0.1388
vn 0.9758 0.0507 -0.2126
vn 0.9430 0.1165 -0.3118
vn 0.9382 0.1108 -0.3278
vn 0.9394 0.1270 -0.3183
vn 0.9939 -0.0892 0.0650
vn 0.9774 -0.1793 -0.1123
vn 0.9011 -0.1144 -0.4183
vn 0.9275 0.3301 0.1757
vn 0.8510 -0.2035 -0.4841
vn 0.8545 0.3745 0.3599
vn 0.7616 -0.1826 -0.6218
vn 0.9968 -0.0802 -0.0034
vn 0.7663 0.4755 0.4320
vn 0.7119 0.6650 0.2257
vn 0.3509 0.9028 0.2487
vn 0.3166 0.8603 0.3995
vn 0.5584 0.7366 0.3817
vn 0.2621 0.7914 0.5523
vn 0.5339 0.7462 0.3976
vn 0.3013 0.6959 0.6518
vn 0.1669 0.9450 0.2813
vn 0.1611 0.8772 0.4524
vn 0.1521 0.8004 0.5799
vn 0.0849 0.7105 0.6986
vn 0.1348 0.5971 0.7908
vn 0.1923 0.5477 0.8143
vn 0.4368 0.6998 0.5652
vn 0.9740 0.1783 -0.1396
vn -0.3598 0.1606 0.9191
vn 0.3598 0.4765 0.8022
vn -0.2743 0.6068 0.7460
vn 0.2743 0.0252 0.9613
vn -0.3598 0.8763 0.3204
vn 0.3598 0.9330 -0.0115
vn -0.2743 0.9495 -0.1525
vn 0.2743 0.8451 0.4588
vn -0.3598 0.7157 -0.5987
vn 0.3598 0.4565 -0.8137
vn -0.2743 0.3427 -0.8985
vn 0.2743 0.8199 -0.5025
vn -0.3598 -0.1606 -0.9191
vn 0.3598 -0.4765 -0.8022
vn -0.2743 -0.6068 -0.7460
vn 0.2743 -0.0252 -0.9613
vn -0.3598 -0.8763 -0.3204
vn 0.3598 -0.9330 0.0115
vn -0.2743 -0.9495 0.1525
vn 0.2743 -0.8451 -0.4588
vn -0.3598 -0.7157 0.5987
vn 0.3598 -0.4565 0.8137
vn -0.2743 -0.3427 0.8985
vn 0.2743 -0.8199 0.5025
vn 0.9030 0.3637 0.2287
vn 0.9030 0.0162 -0.4293
vn 0.8057 0.5237 -0.2766
vn 0.9030 -0.3799 0.2007
vn 0.8057 -0.5014 -0.3152
vn 0.8057 -0.0223 0.5919
vn 0.9976 -0.0698 0.0029
vn 0.9976 -0.0696 0.0030
vn 0.9976 -0.0697 0.0029
vn 0.9976 -0.0696 0.0031
vn 0.9976 -0.0697 0.0031
vn 0.9976 -0.0698 0.0030
vn 0.9976 -0.0697 0.0030
vn 0.9976 -0.0695 0.0031
vn 0.4865 0.3050 0.8187
vn 0.4895 0.4570 0.7427
vn 0.4864 0.3024 0.8198
vn 0.4895 0.4602 0.7406
vn 0.4896 0.5969 0.6356
vn 0.4896 0.5988 0.6339
vn 0.4912 0.7112 0.5030
vn 0.4912 0.7130 0.5003
vn 0.4897 0.7990 0.3491
vn 0.4897 0.7997 0.3474
vn 0.4900 0.8528 0.1809
vn 0.4899 0.8532 0.1791
vn 0.4870 0.8734 0.0030
vn 0.4870 0.8734 0.0022
vn 0.4857 0.8564 -0.1753
vn 0.4857 0.8563 -0.1758
vn 0.4813 0.8049 -0.3473
vn 0.8625 0.3264 0.3868
vn 0.8612 0.4031 0.3097
vn 0.8672 0.4500 0.2133
vn 0.8640 0.4909 0.1118
vn 0.8681 0.4964 0.0025
vn 0.8630 0.4936 -0.1079
vn 0.8550 0.2465 0.4562
vn 0.8552 0.1471 0.4969
vn 0.8652 0.4548 -0.2113
vn 0.4813 0.8050 -0.3470
vn 0.4851 0.1343 0.8641
vn 0.4852 0.1383 0.8634
vn 0.8468 0.0485 0.5297
vn 0.8588 0.4088 -0.3088
vn 0.4788 0.7210 -0.5009
vn 0.4810 -0.0360 0.8760
vn 0.4810 -0.0332 0.8761
vn 0.8465 -0.0573 0.5293
vn 0.8603 0.3361 -0.3833
vn 0.4743 0.6140 -0.6309
vn 0.4788 0.7203 -0.5019
vn 0.4787 -0.2062 0.8534
vn 0.4789 -0.2027 0.8542
vn 0.8378 -0.1596 0.5221
vn 0.4741 -0.3661 0.8008
vn 0.4742 -0.3641 0.8016
vn 0.8378 -0.2557 0.4825
vn 0.8486 0.2543 -0.4639
vn 0.4727 0.4670 -0.7473
vn 0.4716 -0.5134 0.7169
vn 0.4716 -0.5113 0.7184
vn 0.8294 -0.3467 0.4380
vn 0.8420 0.0499 -0.5371
vn 0.8514 0.1445 -0.5042
vn 0.4634 0.1408 -0.8749
vn 0.4659 0.3011 -0.8320
vn 0.4659 0.2994 -0.8327
vn 0.4726 0.4644 -0.7490
vn 0.4669 -0.6420 0.6082
vn 0.4669 -0.6410 0.6092
vn 0.8300 -0.4209 0.3661
vn 0.8411 -0.0570 -0.5378
vn 0.4591 -0.0319 -0.8878
vn 0.4634 0.1373 -0.8755
vn 0.4644 -0.7469 0.4759
vn 0.4644 -0.7462 0.4770
vn 0.8225 -0.4888 0.2907
vn 0.8324 -0.1625 -0.5298
vn 0.4574 -0.2057 -0.8651
vn 0.4591 -0.0348 -0.8877
vn 0.4600 -0.8248 0.3288
vn 0.4600 -0.8247 0.3291
vn 0.8246 -0.5299 0.1979
vn 0.8328 -0.2608 -0.4884
vn 0.4539 -0.3698 -0.8107
vn 0.4574 -0.2096 -0.8642
vn 0.4583 -0.8726 0.1690
vn 0.4583 -0.8726 0.1687
vn 0.8183 -0.5654 0.1034
vn 0.8247 -0.3528 -0.4420
vn 0.4535 -0.5184 -0.7250
vn 0.4539 -0.3724 -0.8095
vn 0.4534 -0.5215 -0.7228
vn 0.4513 -0.6535 -0.6077
vn 0.8246 -0.4316 -0.3657
vn 0.8217 -0.5699 0.0017
vn 0.4548 -0.8906 0.0008
vn 0.4548 -0.8906 0.0016
vn 0.4541 -0.8754 -0.1659
vn 0.4513 -0.6552 -0.6058
vn 0.4510 -0.7526 -0.4797
vn 0.8218 -0.4912 -0.2887
vn 0.8211 -0.5339 -0.2018
vn 0.8172 -0.5675 -0.1010
vn 0.4541 -0.8750 -0.1677
vn 0.4516 -0.8261 -0.3370
vn 0.4516 -0.8270 -0.3349
vn 0.4509 -0.7540 -0.4776
vn 0.4743 0.6129 -0.6320
# 2476 vertex normals

o rueda_izqA
g rueda_izqA
s 1
f 1//1 2//2 3//3 
f 1//1 3//3 4//4 
f 5//5 1//1 4//4 
f 5//5 4//4 6//6 
f 5//5 6//6 7//7 
f 5//5 7//7 8//8 
f 5//5 8//8 9//9 
f 1//1 5//5 9//9 
f 1//1 9//9 10//10 
f 1//1 10//10 11//11 
f 12//12 1//1 11//11 
f 12//12 11//11 13//13 
f 12//12 13//13 14//14 
f 12//12 14//14 15//15 
f 12//12 15//15 2//2 
f 1//1 12//12 2//2 
f 16//16 17//17 18//18 
f 19//19 16//16 18//18 
f 20//20 19//19 18//18 
f 21//21 20//20 18//18 
f 22//22 21//21 18//18 
f 22//22 18//18 17//17 
f 23//23 22//22 17//17 
f 24//24 23//23 17//17 
f 24//24 17//17 25//25 
f 26//26 24//24 25//25 
f 27//27 26//26 25//25 
f 28//28 27//27 25//25 
f 29//29 28//28 25//25 
f 29//29 25//25 17//17 
f 30//30 29//29 17//17 
f 16//16 30//30 17//17 
f 31//31 32//32 33//33 
f 34//34 31//31 33//33 
f 35//35 34//34 33//33 
f 36//36 35//35 33//33 
f 37//37 36//36 33//33 
f 37//37 33//33 32//32 
f 38//38 37//37 32//32 
f 39//39 38//38 32//32 
f 39//39 32//32 40//40 
f 41//41 39//39 40//40 
f 42//42 41//41 40//40 
f 43//43 42//42 40//40 
f 44//44 43//43 40//40 
f 44//44 40//40 32//32 
f 45//45 44//44 32//32 
f 31//31 45//45 32//32 
f 46//46 47//47 48//48 
f 49//49 46//46 48//48 
f 50//50 49//49 48//48 
f 51//51 50//50 48//48 
f 52//52 51//51 48//48 
f 52//52 48//48 47//47 
f 53//53 52//52 47//47 
f 54//54 53//53 47//47 
f 54//54 47//47 55//55 
f 56//56 54//54 55//55 
f 57//57 56//56 55//55 
f 58//58 57//57 55//55 
f 59//59 58//58 55//55 
f 59//59 55//55 47//47 
f 60//60 59//59 47//47 
f 46//46 60//60 47//47 
f 61//61 62//62 63//63 
f 61//61 63//63 64//64 
f 65//65 61//61 64//64 
f 65//65 64//64 66//66 
f 65//65 66//66 67//67 
f 68//68 65//65 67//67 
f 65//65 68//68 69//69 
f 61//61 65//65 69//69 
f 61//61 69//69 70//70 
f 61//61 70//70 71//71 
f 72//72 61//61 71//71 
f 72//72 71//71 73//73 
f 72//72 73//73 74//74 
f 72//72 74//74 75//75 
f 72//72 75//75 62//62 
f 61//61 72//72 62//62 
f 76//76 77//77 78//78 
f 76//76 78//78 79//79 
f 80//80 76//76 79//79 
f 80//80 79//79 81//81 
f 82//82 80//80 81//81 
f 82//82 81//81 83//83 
f 82//82 83//83 84//84 
f 85//85 82//82 84//84 
f 86//86 85//85 84//84 
f 86//86 84//84 87//87 
f 88//88 86//86 87//87 
f 89//89 88//88 87//87 
f 89//89 87//87 90//90 
f 91//91 89//89 90//90 
f 91//91 90//90 92//92 
f 93//93 91//91 92//92 
f 77//77 93//93 92//92 
f 77//77 92//92 78//78 
f 94//94 95//95 96//96 
f 97//97 94//94 96//96 
f 97//97 96//96 98//97 
f 94//94 99//98 95//95 
f 99//98 100//99 95//95 
f 101//100 97//97 98//97 
f 101//100 98//97 102//101 
f 99//98 103//102 100//99 
f 103//102 104//103 100//99 
f 105//104 101//100 102//101 
f 105//104 102//101 106//105 
f 103//102 107//103 104//103 
f 107//103 108//106 104//103 
f 105//104 106//105 108//106 
f 105//104 108//106 109//107 
f 107//103 109//107 108//106 
f 110//108 111//108 112//109 
f 110//108 113//110 111//108 
f 114//111 115//112 116//113 
f 117//114 116//113 115//112 
f 116//113 117//114 118//115 
f 119//116 118//115 117//114 
f 118//115 119//116 120//117 
f 121//118 120//117 119//116 
f 120//117 121//118 122//119 
f 123//120 122//119 121//118 
f 115//112 124//121 117//114 
f 125//122 117//114 124//121 
f 117//114 125//122 119//116 
f 126//123 119//116 125//122 
f 119//116 126//123 121//118 
f 127//124 121//118 126//123 
f 121//118 127//124 123//120 
f 127//124 128//125 123//120 
f 129//126 123//120 128//125 
f 130//127 125//122 124//121 
f 125//122 130//127 126//123 
f 131//128 126//123 130//127 
f 126//123 131//128 127//124 
f 128//125 127//124 131//128 
f 131//128 132//129 128//125 
f 133//130 128//125 132//129 
f 128//125 133//130 129//126 
f 133//130 134//131 129//126 
f 135//132 129//126 134//131 
f 124//121 136//133 130//127 
f 137//134 130//127 136//133 
f 130//127 137//134 131//128 
f 132//129 131//128 137//134 
f 137//134 138//135 132//129 
f 139//136 132//129 138//135 
f 132//129 139//136 133//130 
f 134//131 133//130 139//136 
f 139//136 140//137 134//131 
f 141//138 134//131 140//137 
f 134//131 141//138 135//132 
f 141//138 142//139 135//132 
f 143//140 135//132 142//139 
f 136//133 144//141 137//134 
f 138//135 137//134 144//141 
f 145//142 138//135 144//141 
f 138//135 145//142 139//136 
f 140//137 139//136 145//142 
f 145//142 146//143 140//137 
f 147//144 140//137 146//143 
f 140//137 147//144 141//138 
f 142//139 141//138 147//144 
f 147//144 148//145 142//139 
f 149//146 142//139 148//145 
f 142//139 149//146 143//140 
f 149//146 150//147 143//140 
f 151//148 143//140 150//147 
f 144//141 152//149 145//142 
f 146//143 145//142 152//149 
f 152//149 153//150 146//143 
f 154//151 146//143 153//150 
f 146//143 154//151 147//144 
f 148//145 147//144 154//151 
f 154//151 155//152 148//145 
f 156//153 148//145 155//152 
f 148//145 156//153 149//146 
f 150//147 149//146 156//153 
f 156//153 157//154 150//147 
f 158//155 150//147 157//154 
f 150//147 158//155 151//148 
f 158//155 159//156 151//148 
f 160//157 151//148 159//156 
f 155//152 154//151 153//150 
f 153//150 161//158 155//152 
f 162//159 155//152 161//158 
f 155//152 162//159 156//153 
f 157//154 156//153 162//159 
f 162//159 163//160 157//154 
f 164//161 157//154 163//160 
f 157//154 164//161 158//155 
f 159//156 158//155 164//161 
f 164//161 165//162 159//156 
f 166//163 159//156 165//162 
f 159//156 166//163 160//157 
f 166//163 167//164 160//157 
f 168//165 160//157 167//164 
f 161//158 169//166 162//159 
f 163//160 162//159 169//166 
f 170//167 163//160 169//166 
f 163//160 170//167 164//161 
f 165//162 164//161 170//167 
f 170//167 171//168 165//162 
f 172//169 165//162 171//168 
f 165//162 172//169 166//163 
f 167//164 166//163 172//169 
f 172//169 173//170 167//164 
f 174//171 167//164 173//170 
f 167//164 174//171 168//165 
f 174//171 175//172 168//165 
f 176//173 168//165 175//172 
f 169//166 177//174 170//167 
f 171//168 170//167 177//174 
f 177//174 178//175 171//168 
f 179//176 171//168 178//175 
f 171//168 179//176 172//169 
f 173//170 172//169 179//176 
f 179//176 180//177 173//170 
f 181//178 173//170 180//177 
f 173//170 181//178 174//171 
f 175//172 174//171 181//178 
f 181//178 182//179 175//172 
f 183//180 175//172 182//179 
f 175//172 183//180 176//173 
f 183//180 184//181 176//173 
f 185//182 176//173 184//181 
f 180//177 179//176 178//175 
f 178//175 186//183 180//177 
f 187//184 180//177 186//183 
f 180//177 187//184 181//178 
f 182//179 181//178 187//184 
f 187//184 188//185 182//179 
f 189//186 182//179 188//185 
f 182//179 189//186 183//180 
f 184//181 183//180 189//186 
f 189//186 190//187 184//181 
f 191//188 184//181 190//187 
f 184//181 191//188 185//182 
f 191//188 192//189 185//182 
f 193//190 185//182 192//189 
f 186//183 194//191 187//184 
f 188//185 187//184 194//191 
f 195//192 188//185 194//191 
f 188//185 195//192 189//186 
f 190//187 189//186 195//192 
f 195//192 196//193 190//187 
f 197//194 190//187 196//193 
f 190//187 197//194 191//188 
f 192//189 191//188 197//194 
f 197//194 198//195 192//189 
f 199//196 192//189 198//195 
f 192//189 199//196 193//190 
f 199//196 200//197 193//190 
f 201//198 193//190 200//197 
f 194//191 202//199 195//192 
f 196//193 195//192 202//199 
f 202//199 203//200 196//193 
f 204//201 196//193 203//200 
f 196//193 204//201 197//194 
f 198//195 197//194 204//201 
f 204//201 205//202 198//195 
f 206//203 198//195 205//202 
f 198//195 206//203 199//196 
f 200//197 199//196 206//203 
f 206//203 207//204 200//197 
f 208//205 200//197 207//204 
f 200//197 208//205 201//198 
f 208//205 209//206 201//198 
f 210//207 201//198 209//206 
f 205//202 204//201 203//200 
f 203//200 211//208 205//202 
f 212//209 205//202 211//208 
f 205//202 212//209 206//203 
f 207//204 206//203 212//209 
f 212//209 213//210 207//204 
f 214//211 207//204 213//210 
f 207//204 214//211 208//205 
f 209//206 208//205 214//211 
f 214//211 215//212 209//206 
f 216//213 209//206 215//212 
f 209//206 216//213 210//207 
f 216//213 217//214 210//207 
f 218//215 210//207 217//214 
f 211//208 219//216 212//209 
f 213//210 212//209 219//216 
f 220//217 213//210 219//216 
f 213//210 220//217 214//211 
f 215//212 214//211 220//217 
f 220//217 221//218 215//212 
f 222//219 215//212 221//218 
f 215//212 222//219 216//213 
f 217//214 216//213 222//219 
f 222//219 223//220 217//214 
f 224//221 217//214 223//220 
f 217//214 224//221 218//215 
f 224//221 225//222 218//215 
f 226//223 218//215 225//222 
f 219//216 227//224 220//217 
f 221//218 220//217 227//224 
f 227//224 228//225 221//218 
f 229//226 221//218 228//225 
f 221//218 229//226 222//219 
f 223//220 222//219 229//226 
f 229//226 230//227 223//220 
f 231//228 223//220 230//227 
f 223//220 231//228 224//221 
f 225//222 224//221 231//228 
f 231//228 232//229 225//222 
f 233//230 225//222 232//229 
f 225//222 233//230 226//223 
f 233//230 234//231 226//223 
f 235//232 226//223 234//231 
f 230//227 229//226 228//225 
f 228//225 236//233 230//227 
f 237//234 230//227 236//233 
f 230//227 237//234 231//228 
f 232//229 231//228 237//234 
f 237//234 238//235 232//229 
f 239//236 232//229 238//235 
f 232//229 239//236 233//230 
f 234//231 233//230 239//236 
f 239//236 240//237 234//231 
f 241//238 234//231 240//237 
f 234//231 241//238 235//232 
f 241//238 242//239 235//232 
f 243//240 235//232 242//239 
f 236//233 244//241 237//234 
f 238//235 237//234 244//241 
f 245//242 238//235 244//241 
f 238//235 245//242 239//236 
f 240//237 239//236 245//242 
f 245//242 246//243 240//237 
f 247//244 240//237 246//243 
f 240//237 247//244 241//238 
f 242//239 241//238 247//244 
f 247//244 248//245 242//239 
f 249//246 242//239 248//245 
f 242//239 249//246 243//240 
f 249//246 250//247 243//240 
f 251//248 243//240 250//247 
f 244//241 252//249 245//242 
f 246//243 245//242 252//249 
f 252//249 253//250 246//243 
f 254//251 246//243 253//250 
f 246//243 254//251 247//244 
f 248//245 247//244 254//251 
f 254//251 255//252 248//245 
f 256//253 248//245 255//252 
f 248//245 256//253 249//246 
f 250//247 249//246 256//253 
f 256//253 257//254 250//247 
f 258//255 250//247 257//254 
f 250//247 258//255 251//248 
f 258//255 259//256 251//248 
f 260//257 251//248 259//256 
f 255//252 254//251 253//250 
f 253//250 261//258 255//252 
f 262//259 255//252 261//258 
f 255//252 262//259 256//253 
f 257//254 256//253 262//259 
f 262//259 263//260 257//254 
f 264//261 257//254 263//260 
f 257//254 264//261 258//255 
f 259//256 258//255 264//261 
f 264//261 265//262 259//256 
f 266//263 259//256 265//262 
f 259//256 266//263 260//257 
f 266//263 267//264 260//257 
f 268//265 260//257 267//264 
f 261//258 269//266 262//259 
f 263//260 262//259 269//266 
f 270//267 263//260 269//266 
f 263//260 270//267 264//261 
f 265//262 264//261 270//267 
f 270//267 271//268 265//262 
f 272//269 265//262 271//268 
f 265//262 272//269 266//263 
f 267//264 266//263 272//269 
f 272//269 273//270 267//264 
f 274//271 267//264 273//270 
f 267//264 274//271 268//265 
f 274//271 275//272 268//265 
f 276//273 268//265 275//272 
f 269//266 277//274 270//267 
f 271//268 270//267 277//274 
f 277//274 278//275 271//268 
f 279//276 271//268 278//275 
f 271//268 279//276 272//269 
f 273//270 272//269 279//276 
f 279//276 280//277 273//270 
f 281//278 273//270 280//277 
f 273//270 281//278 274//271 
f 275//272 274//271 281//278 
f 281//278 282//279 275//272 
f 283//280 275//272 282//279 
f 275//272 283//280 276//273 
f 283//280 284//281 276//273 
f 285//282 276//273 284//281 
f 280//277 279//276 278//275 
f 278//275 286//283 280//277 
f 287//284 280//277 286//283 
f 280//277 287//284 281//278 
f 282//279 281//278 287//284 
f 287//284 288//285 282//279 
f 289//286 282//279 288//285 
f 282//279 289//286 283//280 
f 284//281 283//280 289//286 
f 289//286 290//287 284//281 
f 291//288 284//281 290//287 
f 284//281 291//288 285//282 
f 291//288 292//289 285//282 
f 293//290 285//282 292//289 
f 286//283 294//291 287//284 
f 288//285 287//284 294//291 
f 295//292 288//285 294//291 
f 288//285 295//292 289//286 
f 290//287 289//286 295//292 
f 295//292 296//293 290//287 
f 297//294 290//287 296//293 
f 290//287 297//294 291//288 
f 292//289 291//288 297//294 
f 297//294 298//295 292//289 
f 299//296 292//289 298//295 
f 292//289 299//296 293//290 
f 299//296 300//297 293//290 
f 301//298 293//290 300//297 
f 294//291 302//299 295//292 
f 296//293 295//292 302//299 
f 302//299 303//300 296//293 
f 304//301 296//293 303//300 
f 296//293 304//301 297//294 
f 298//295 297//294 304//301 
f 304//301 305//302 298//295 
f 306//303 298//295 305//302 
f 298//295 306//303 299//296 
f 300//297 299//296 306//303 
f 306//303 307//304 300//297 
f 308//305 300//297 307//304 
f 300//297 308//305 301//298 
f 308//305 309//306 301//298 
f 310//307 301//298 309//306 
f 305//302 304//301 303//300 
f 303//300 311//308 305//302 
f 312//309 305//302 311//308 
f 305//302 312//309 306//303 
f 307//304 306//303 312//309 
f 312//309 313//310 307//304 
f 314//311 307//304 313//310 
f 307//304 314//311 308//305 
f 309//306 308//305 314//311 
f 314//311 315//312 309//306 
f 316//313 309//306 315//312 
f 309//306 316//313 310//307 
f 316//313 317//314 310//307 
f 318//315 310//307 317//314 
f 311//308 319//316 312//309 
f 313//310 312//309 319//316 
f 320//317 313//310 319//316 
f 313//310 320//317 314//311 
f 315//312 314//311 320//317 
f 320//317 321//318 315//312 
f 322//319 315//312 321//318 
f 315//312 322//319 316//313 
f 317//314 316//313 322//319 
f 322//319 323//320 317//314 
f 324//321 317//314 323//320 
f 317//314 324//321 318//315 
f 324//321 325//322 318//315 
f 326//323 318//315 325//322 
f 319//316 327//324 320//317 
f 321//318 320//317 327//324 
f 327//324 328//325 321//318 
f 329//326 321//318 328//325 
f 321//318 329//326 322//319 
f 323//320 322//319 329//326 
f 329//326 330//327 323//320 
f 331//328 323//320 330//327 
f 323//320 331//328 324//321 
f 325//322 324//321 331//328 
f 331//328 332//329 325//322 
f 333//330 325//322 332//329 
f 325//322 333//330 326//323 
f 333//330 334//331 326//323 
f 335//332 326//323 334//331 
f 330//327 329//326 328//325 
f 328//325 336//333 330//327 
f 337//334 330//327 336//333 
f 330//327 337//334 331//328 
f 332//329 331//328 337//334 
f 337//334 338//335 332//329 
f 339//336 332//329 338//335 
f 332//329 339//336 333//330 
f 334//331 333//330 339//336 
f 339//336 340//337 334//331 
f 341//338 334//331 340//337 
f 334//331 341//338 335//332 
f 341//338 342//339 335//332 
f 343//340 335//332 342//339 
f 336//333 344//341 337//334 
f 338//335 337//334 344//341 
f 345//342 338//335 344//341 
f 338//335 345//342 339//336 
f 340//337 339//336 345//342 
f 345//342 346//343 340//337 
f 347//344 340//337 346//343 
f 340//337 347//344 341//338 
f 342//339 341//338 347//344 
f 347//344 348//345 342//339 
f 349//346 342//339 348//345 
f 342//339 349//346 343//340 
f 349//346 350//347 343//340 
f 351//348 343//340 350//347 
f 344//341 352//349 345//342 
f 346//343 345//342 352//349 
f 352//349 353//350 346//343 
f 354//351 346//343 353//350 
f 346//343 354//351 347//344 
f 348//345 347//344 354//351 
f 354//351 355//352 348//345 
f 356//353 348//345 355//352 
f 348//345 356//353 349//346 
f 350//347 349//346 356//353 
f 356//353 357//354 350//347 
f 358//355 350//347 357//354 
f 350//347 358//355 351//348 
f 358//355 359//356 351//348 
f 122//119 351//348 359//356 
f 355//352 354//351 353//350 
f 353//350 360//357 355//352 
f 361//358 355//352 360//357 
f 355//352 361//358 356//353 
f 357//354 356//353 361//358 
f 361//358 362//359 357//354 
f 363//360 357//354 362//359 
f 357//354 363//360 358//355 
f 359//356 358//355 363//360 
f 363//360 118//115 359//356 
f 120//117 359//356 118//115 
f 359//356 120//117 122//119 
f 360//357 114//111 361//358 
f 362//359 361//358 114//111 
f 116//113 362//359 114//111 
f 362//359 116//113 363//360 
f 118//115 363//360 116//113 
f 178//175 177//174 364//361 
f 364//361 365//362 178//175 
f 186//183 178//175 365//362 
f 365//362 366//363 186//183 
f 194//191 186//183 366//363 
f 366//363 367//364 194//191 
f 202//199 194//191 367//364 
f 368//365 364//361 177//174 
f 364//361 368//365 369//366 
f 369//366 370//367 364//361 
f 365//362 364//361 370//367 
f 370//367 371//368 365//362 
f 366//363 365//362 371//368 
f 371//368 372//369 366//363 
f 367//364 366//363 372//369 
f 177//174 169//166 368//365 
f 373//370 368//365 169//166 
f 368//365 373//370 374//371 
f 374//371 369//366 368//365 
f 169//166 161//158 373//370 
f 375//372 373//370 161//158 
f 373//370 375//372 376//373 
f 376//373 374//371 373//370 
f 161//158 153//150 375//372 
f 377//374 375//372 153//150 
f 375//372 377//374 378//375 
f 378//375 376//373 375//372 
f 153//150 152//149 377//374 
f 379//376 377//374 152//149 
f 377//374 379//376 380//377 
f 380//377 378//375 377//374 
f 152//149 144//141 379//376 
f 381//378 379//376 144//141 
f 379//376 381//378 382//379 
f 382//379 380//377 379//376 
f 144//141 136//133 381//378 
f 383//380 381//378 136//133 
f 381//378 383//380 384//381 
f 384//381 382//379 381//378 
f 136//133 124//121 383//380 
f 385//382 383//380 124//121 
f 383//380 385//382 386//383 
f 386//383 384//381 383//380 
f 124//121 115//112 385//382 
f 387//384 385//382 115//112 
f 385//382 387//384 388//385 
f 388//385 386//383 385//382 
f 115//112 114//111 387//384 
f 389//386 387//384 114//111 
f 387//384 389//386 390//387 
f 390//387 388//385 387//384 
f 114//111 360//357 389//386 
f 391//388 389//386 360//357 
f 389//386 391//388 392//389 
f 392//389 390//387 389//386 
f 360//357 353//350 391//388 
f 393//390 391//388 353//350 
f 391//388 393//390 394//391 
f 394//391 392//389 391//388 
f 353//350 352//349 393//390 
f 395//392 393//390 352//349 
f 393//390 395//392 396//393 
f 396//393 394//391 393//390 
f 352//349 344//341 395//392 
f 397//394 395//392 344//341 
f 395//392 397//394 398//395 
f 398//395 396//393 395//392 
f 344//341 336//333 397//394 
f 399//396 397//394 336//333 
f 397//394 399//396 400//397 
f 400//397 398//395 397//394 
f 336//333 328//325 399//396 
f 401//398 399//396 328//325 
f 399//396 401//398 402//399 
f 402//399 400//397 399//396 
f 328//325 327//324 401//398 
f 403//400 401//398 327//324 
f 401//398 403//400 404//401 
f 404//401 402//399 401//398 
f 327//324 319//316 403//400 
f 405//402 403//400 319//316 
f 403//400 405//402 406//403 
f 406//403 404//401 403//400 
f 319//316 311//308 405//402 
f 407//404 405//402 311//308 
f 405//402 407//404 408//405 
f 408//405 406//403 405//402 
f 311//308 303//300 407//404 
f 409//406 407//404 303//300 
f 407//404 409//406 410//407 
f 410//407 408//405 407//404 
f 303//300 302//299 409//406 
f 411//408 409//406 302//299 
f 409//406 411//408 412//409 
f 412//409 410//407 409//406 
f 302//299 294//291 411//408 
f 413//410 411//408 294//291 
f 411//408 413//410 414//411 
f 414//411 412//409 411//408 
f 294//291 286//283 413//410 
f 415//412 413//410 286//283 
f 413//410 415//412 416//413 
f 416//413 414//411 413//410 
f 286//283 278//275 415//412 
f 417//414 415//412 278//275 
f 415//412 417//414 418//415 
f 418//415 416//413 415//412 
f 278//275 277//274 417//414 
f 419//416 417//414 277//274 
f 417//414 419//416 420//417 
f 420//417 418//415 417//414 
f 277//274 269//266 419//416 
f 421//418 419//416 269//266 
f 419//416 421//418 422//419 
f 422//419 420//417 419//416 
f 269//266 261//258 421//418 
f 423//420 421//418 261//258 
f 421//418 423//420 424//421 
f 424//421 422//419 421//418 
f 261//258 253//250 423//420 
f 425//422 423//420 253//250 
f 423//420 425//422 426//423 
f 426//423 424//421 423//420 
f 253//250 252//249 425//422 
f 427//424 425//422 252//249 
f 425//422 427//424 428//425 
f 428//425 426//423 425//422 
f 252//249 244//241 427//424 
f 429//426 427//424 244//241 
f 427//424 429//426 430//427 
f 430//427 428//425 427//424 
f 244//241 236//233 429//426 
f 431//428 429//426 236//233 
f 429//426 431//428 432//429 
f 432//429 430//427 429//426 
f 236//233 228//225 431//428 
f 433//430 431//428 228//225 
f 431//428 433//430 434//431 
f 434//431 432//429 431//428 
f 228//225 227//224 433//430 
f 435//432 433//430 227//224 
f 433//430 435//432 436//433 
f 436//433 434//431 433//430 
f 227//224 219//216 435//432 
f 437//434 435//432 219//216 
f 435//432 437//434 438//435 
f 438//435 436//433 435//432 
f 219//216 211//208 437//434 
f 439//436 437//434 211//208 
f 437//434 439//436 440//437 
f 440//437 438//435 437//434 
f 211//208 203//200 439//436 
f 441//438 439//436 203//200 
f 439//436 441//438 442//439 
f 442//439 440//437 439//436 
f 203//200 202//199 441//438 
f 367//364 441//438 202//199 
f 441//438 367//364 443//440 
f 443//440 442//439 441//438 
f 372//369 443//440 367//364 
f 444//441 445//442 446//443 
f 444//441 446//443 447//444 
f 448//445 444//441 447//444 
f 445//442 449//446 446//443 
f 445//442 450//447 449//446 
f 450//447 451//448 449//446 
f 450//447 452//449 451//448 
f 452//449 453//450 451//448 
f 452//449 454//451 453//450 
f 454//451 455//452 453//450 
f 454//451 456//453 455//452 
f 448//445 447//444 457//454 
f 458//455 448//445 457//454 
f 447//444 446//443 459//456 
f 446//443 460//457 459//456 
f 446//443 449//446 460//457 
f 457//454 447//444 461//458 
f 447//444 459//456 461//458 
f 449//446 462//459 460//457 
f 449//446 451//448 462//459 
f 451//448 463//460 462//459 
f 451//448 453//450 463//460 
f 453//450 464//461 463//460 
f 453//450 455//452 464//461 
f 456//453 465//462 455//452 
f 456//453 466//463 465//462 
f 455//452 467//464 464//461 
f 455//452 465//462 467//464 
f 458//455 457//454 468//465 
f 469//466 458//455 468//465 
f 468//465 457//454 470//467 
f 457//454 461//458 470//467 
f 471//468 461//458 459//456 
f 472//468 459//456 460//457 
f 472//468 471//468 459//456 
f 473//468 460//457 462//459 
f 473//468 472//468 460//457 
f 474//468 470//467 461//458 
f 471//468 474//468 461//458 
f 475//468 462//459 463//460 
f 475//468 473//468 462//459 
f 476//468 463//460 464//461 
f 476//468 475//468 463//460 
f 477//468 464//461 467//464 
f 477//468 476//468 464//461 
f 466//463 478//469 465//462 
f 466//463 479//470 478//469 
f 465//462 480//471 467//464 
f 465//462 478//469 480//471 
f 481//468 467//464 480//471 
f 481//468 477//468 467//464 
f 469//466 468//465 482//472 
f 483//473 469//466 482//472 
f 482//472 468//465 484//474 
f 468//465 470//467 484//474 
f 485//468 484//474 470//467 
f 474//468 485//468 470//467 
f 483//473 482//472 486//475 
f 487//476 483//473 486//475 
f 488//468 474//468 471//468 
f 489//468 471//468 472//468 
f 489//468 488//468 471//468 
f 490//468 472//468 473//468 
f 490//468 489//468 472//468 
f 491//468 473//468 475//468 
f 491//468 490//468 473//468 
f 492//468 485//468 474//468 
f 488//468 492//468 474//468 
f 493//468 475//468 476//468 
f 493//468 491//468 475//468 
f 494//468 476//468 477//468 
f 494//468 493//468 476//468 
f 495//468 477//468 481//468 
f 495//468 494//468 477//468 
f 479//470 496//477 478//469 
f 479//470 497//478 496//477 
f 478//469 498//479 480//471 
f 478//469 496//477 498//479 
f 499//468 480//471 498//479 
f 499//468 481//468 480//471 
f 500//468 481//468 499//468 
f 500//468 495//468 481//468 
f 486//475 482//472 501//480 
f 482//472 484//474 501//480 
f 502//468 501//480 484//474 
f 485//468 502//468 484//474 
f 503//468 502//468 485//468 
f 492//468 503//468 485//468 
f 487//476 486//475 504//481 
f 505//482 487//476 504//481 
f 504//481 486//475 506//483 
f 486//475 501//480 506//483 
f 507//484 492//468 488//468 
f 508//485 488//468 489//468 
f 508//485 507//484 488//468 
f 509//486 489//468 490//468 
f 509//486 508//485 489//468 
f 510//487 490//468 491//468 
f 510//487 509//486 490//468 
f 511//488 491//468 493//468 
f 511//488 510//487 491//468 
f 512//489 503//468 492//468 
f 507//484 512//489 492//468 
f 513//490 493//468 494//468 
f 513//490 511//488 493//468 
f 514//491 494//468 495//468 
f 514//491 513//490 494//468 
f 515//492 495//468 500//468 
f 515//492 514//491 495//468 
f 497//478 516//493 496//477 
f 497//478 517//494 516//493 
f 496//477 518//495 498//479 
f 496//477 516//493 518//495 
f 519//468 498//479 518//495 
f 519//468 499//468 498//479 
f 520//468 499//468 519//468 
f 520//468 500//468 499//468 
f 521//496 500//468 520//468 
f 521//496 515//492 500//468 
f 522//468 506//483 501//480 
f 502//468 522//468 501//480 
f 523//468 522//468 502//468 
f 503//468 523//468 502//468 
f 524//497 523//468 503//468 
f 512//489 524//497 503//468 
f 505//482 504//481 525//498 
f 526//499 505//482 525//498 
f 525//498 504//481 527//500 
f 504//481 506//483 527//500 
f 528//468 527//500 506//483 
f 522//468 528//468 506//483 
f 529//501 512//489 507//484 
f 530//502 507//484 508//485 
f 530//502 529//501 507//484 
f 531//503 508//485 509//486 
f 531//503 530//502 508//485 
f 532//504 509//486 510//487 
f 532//504 531//503 509//486 
f 533//505 510//487 511//488 
f 533//505 532//504 510//487 
f 534//506 511//488 513//490 
f 534//506 533//505 511//488 
f 535//507 524//497 512//489 
f 529//501 535//507 512//489 
f 536//508 513//490 514//491 
f 536//508 534//506 513//490 
f 537//509 514//491 515//492 
f 537//509 536//508 514//491 
f 538//510 515//492 521//496 
f 538//510 537//509 515//492 
f 517//494 539//511 516//493 
f 517//494 540//512 539//511 
f 516//493 541//513 518//495 
f 516//493 539//511 541//513 
f 542//468 518//495 541//513 
f 542//468 519//468 518//495 
f 543//468 519//468 542//468 
f 543//468 520//468 519//468 
f 544//514 520//468 543//468 
f 544//514 521//496 520//468 
f 545//515 521//496 544//514 
f 545//515 538//510 521//496 
f 546//468 528//468 522//468 
f 523//468 546//468 522//468 
f 526//499 525//498 547//516 
f 528//468 548//468 527//500 
f 549//468 548//468 528//468 
f 540//512 550//517 539//511 
f 540//512 551//518 550//517 
f 539//511 552//519 541//513 
f 539//511 550//517 552//519 
f 553//468 541//513 552//519 
f 553//468 542//468 541//513 
f 554//468 542//468 553//468 
f 554//468 543//468 542//468 
f 555//520 543//468 554//468 
f 555//520 544//514 543//468 
f 556//521 544//514 555//520 
f 556//521 545//515 544//514 
f 546//468 549//468 528//468 
f 557//522 549//468 546//468 
f 558//523 526//499 547//516 
f 549//468 559//468 548//468 
f 559//468 560//468 548//468 
f 561//524 559//468 549//468 
f 550//517 562//525 552//519 
f 563//468 554//468 553//468 
f 564//526 554//468 563//468 
f 565//527 556//521 555//520 
f 557//522 561//524 549//468 
f 566//528 561//524 557//522 
f 567//529 566//528 557//522 
f 568//530 558//523 569//531 
f 558//523 547//516 569//531 
f 566//528 570//278 561//524 
f 570//278 571//532 561//524 
f 550//517 572//533 562//525 
f 551//518 572//533 550//517 
f 573//534 564//526 563//468 
f 565//527 555//520 564//526 
f 568//530 569//531 574//535 
f 575//536 568//530 574//535 
f 574//535 569//531 576//537 
f 569//531 577//538 576//537 
f 569//531 547//516 577//538 
f 547//516 578//539 577//538 
f 547//516 525//498 578//539 
f 570//278 579//540 571//532 
f 579//540 580//541 571//532 
f 571//532 580//541 581//468 
f 571//532 581//468 559//468 
f 561//524 571//532 559//468 
f 551//518 582//542 572//533 
f 582//542 583//543 572//533 
f 582//542 584//544 583//543 
f 572//533 583//543 585//545 
f 572//533 585//545 562//525 
f 575//536 574//535 586//546 
f 587//547 575//536 586//546 
f 586//546 574//535 588//548 
f 574//535 576//537 588//548 
f 589//468 588//548 576//537 
f 590//468 576//537 577//538 
f 590//468 589//468 576//537 
f 560//468 577//538 578//539 
f 560//468 590//468 577//538 
f 581//468 590//468 560//468 
f 559//468 581//468 560//468 
f 548//468 560//468 578//539 
f 548//468 578//539 527//500 
f 579//540 591//549 580//541 
f 581//468 592//468 590//468 
f 592//468 589//468 590//468 
f 584//544 593//550 583//543 
f 584//544 594//551 593//550 
f 583//543 595//552 585//545 
f 583//543 593//550 595//552 
f 586//546 588//548 596//553 
f 592//468 597//468 589//468 
f 525//498 527//500 578//539 
f 598//554 597//468 592//468 
f 591//549 598//554 580//541 
f 580//541 592//468 581//468 
f 580//541 598//554 592//468 
f 591//549 599//555 598//554 
f 593//550 600//556 595//552 
f 593//550 601//557 600//556 
f 594//551 601//557 593//550 
f 594//551 602//558 601//557 
f 603//468 595//552 600//556 
f 603//468 604//468 595//552 
f 604//468 585//545 595//552 
f 605//559 587//547 606//560 
f 606//560 586//546 596//553 
f 606//560 596//553 607//561 
f 598//554 608//562 597//468 
f 599//555 608//562 598//554 
f 599//555 609//563 608//562 
f 610//468 603//468 600//556 
f 610//468 600//556 611//564 
f 601//557 611//564 600//556 
f 601//557 612//565 611//564 
f 602//558 612//565 601//557 
f 602//558 613//566 612//565 
f 614//468 604//468 603//468 
f 615//468 603//468 610//468 
f 615//468 614//468 603//468 
f 604//468 616//468 585//545 
f 617//468 616//468 604//468 
f 614//468 617//468 604//468 
f 616//468 562//525 585//545 
f 618//567 605//559 619//568 
f 619//568 606//560 607//561 
f 605//559 606//560 619//568 
f 618//567 619//568 620//569 
f 621//570 618//567 620//569 
f 622//468 607//561 596//553 
f 622//468 623//468 607//561 
f 624//468 622//468 596//553 
f 609//563 625//571 608//562 
f 609//563 626//572 625//571 
f 612//565 627//573 611//564 
f 612//565 628//574 627//573 
f 613//566 629//575 628//574 
f 613//566 628//574 612//565 
f 616//468 630//468 562//525 
f 617//468 631//468 616//468 
f 632//576 631//468 617//468 
f 630//468 552//519 562//525 
f 621//570 620//569 633//577 
f 634//578 621//570 633//577 
f 635//468 623//468 622//468 
f 635//468 636//468 623//468 
f 626//572 637//579 625//571 
f 625//571 637//579 635//468 
f 637//579 636//468 635//468 
f 625//571 635//468 638//468 
f 629//575 639//580 628//574 
f 629//575 640//581 639//580 
f 628//574 641//582 627//573 
f 628//574 639//580 641//582 
f 642//468 627//573 641//582 
f 630//468 553//468 552//519 
f 563//468 553//468 630//468 
f 631//468 563//468 630//468 
f 631//468 630//468 616//468 
f 634//578 633//577 643//583 
f 644//584 634//578 643//583 
f 643//583 633//577 645//585 
f 633//577 646//586 645//585 
f 633//577 620//569 646//586 
f 620//569 647//587 646//586 
f 620//569 619//568 647//587 
f 638//468 635//468 622//468 
f 637//579 648//588 636//468 
f 648//588 649//468 636//468 
f 636//468 649//468 650//468 
f 650//468 646//586 647//587 
f 636//468 650//468 623//468 
f 623//468 650//468 647//587 
f 651//589 648//588 637//579 
f 626//572 651//589 637//579 
f 638//468 622//468 624//468 
f 597//468 638//468 624//468 
f 652//468 642//468 641//582 
f 652//468 641//582 653//590 
f 573//534 563//468 631//468 
f 632//576 573//534 631//468 
f 644//584 643//583 654//591 
f 655//592 644//584 654//591 
f 655//592 654//591 656//593 
f 657//594 655//592 656//593 
f 654//591 643//583 658//595 
f 650//468 659//468 646//586 
f 649//468 659//468 650//468 
f 623//468 647//587 607//561 
f 651//589 660//596 648//588 
f 660//596 661//597 648//588 
f 649//468 662//468 659//468 
f 661//597 662//468 649//468 
f 597//468 624//468 589//468 
f 589//468 624//468 588//548 
f 624//468 596//553 588//548 
f 663//598 639//580 640//581 
f 664//468 652//468 653//590 
f 665//468 652//468 664//468 
f 665//468 666//468 652//468 
f 666//468 642//468 652//468 
f 664//468 653//590 667//599 
f 668//600 573//534 632//576 
f 669//601 668//600 632//576 
f 656//593 654//591 670//602 
f 654//591 658//595 670//602 
f 657//594 656//593 671//603 
f 672//604 657//594 671//603 
f 673//468 670//602 658//595 
f 674//468 673//468 658//595 
f 662//468 674//468 659//468 
f 674//468 658//595 645//585 
f 659//468 674//468 645//585 
f 659//468 645//585 646//586 
f 660//596 675//605 661//597 
f 675//605 676//606 661//597 
f 661//597 676//606 662//468 
f 648//588 661//597 649//468 
f 662//468 677//468 674//468 
f 677//468 673//468 674//468 
f 676//606 677//468 662//468 
f 663//598 678//607 639//580 
f 678//607 667//599 653//590 
f 663//598 679//608 678//607 
f 678//607 679//608 667//599 
f 680//468 664//468 667//599 
f 681//609 666//468 665//468 
f 666//468 682//468 642//468 
f 680//468 667//599 683//610 
f 679//608 683//610 667//599 
f 673//468 684//468 670//602 
f 672//604 671//603 685//611 
f 686//468 684//468 673//468 
f 677//468 686//468 673//468 
f 643//583 645//585 658//595 
f 675//605 687//612 676//606 
f 687//612 688//613 676//606 
f 676//606 688//613 677//468 
f 688//613 686//468 677//468 
f 679//608 689//614 683//610 
f 690//615 689//614 679//608 
f 663//598 690//615 679//608 
f 681//609 691//616 666//468 
f 691//616 682//468 666//468 
f 689//614 692//617 683//610 
f 686//468 693//468 684//468 
f 693//468 694//468 684//468 
f 685//611 671//603 695//618 
f 696//619 672//604 685//611 
f 697//620 693//468 686//468 
f 688//613 697//620 686//468 
f 687//612 698//621 688//613 
f 698//621 697//620 688//613 
f 689//614 699//622 692//617 
f 700//623 691//616 681//609 
f 700//623 701//624 691//616 
f 701//624 702//625 691//616 
f 703//626 700//623 681//609 
f 691//616 702//625 682//468 
f 699//622 704//627 692//617 
f 693//468 705//468 694//468 
f 706//628 705//468 693//468 
f 705//468 707//468 694//468 
f 694//468 707//468 695//618 
f 696//619 685//611 708//629 
f 698//621 709//630 697//620 
f 709//630 706//628 697//620 
f 697//620 706//628 693//468 
f 699//622 710//631 704//627 
f 711//632 710//631 699//622 
f 701//624 712//633 702//625 
f 712//633 713//634 702//625 
f 702//625 713//634 714//468 
f 702//625 714//468 682//468 
f 710//631 715//635 704//627 
f 716//468 704//627 715//635 
f 705//468 717//468 707//468 
f 718//636 717//468 705//468 
f 709//630 719//637 706//628 
f 717//468 720//468 707//468 
f 708//629 685//611 721//638 
f 708//629 721//638 722//639 
f 720//468 722//639 721//638 
f 723//640 696//619 708//629 
f 710//631 724//641 715//635 
f 712//633 725//642 713//634 
f 682//468 714//468 726//468 
f 727//468 716//468 715//635 
f 728//468 716//468 727//468 
f 719//637 718//636 706//628 
f 729//643 708//629 722//639 
f 723//640 708//629 729//643 
f 729//643 722//639 730//644 
f 731//645 723//640 729//643 
f 732//646 724//641 710//631 
f 711//632 732//646 710//631 
f 714//468 610//468 726//468 
f 726//468 610//468 611//564 
f 726//468 611//564 627//573 
f 682//468 726//468 642//468 
f 642//468 726//468 627//573 
f 706//628 718//636 705//468 
f 719//637 733//647 718//636 
f 733//647 734//648 718//636 
f 735//649 729//643 730//644 
f 731//645 729//643 735//649 
f 736//468 730//644 722//639 
f 736//468 737//468 730//644 
f 720//468 736//468 722//639 
f 738//650 731//645 735//649 
f 733//647 739//651 734//648 
f 739//651 740//652 734//648 
f 734//648 740//652 741//468 
f 741//468 736//468 720//468 
f 734//648 741//468 717//468 
f 717//468 741//468 720//468 
f 718//636 734//648 717//468 
f 738//650 735//649 742//653 
f 742//653 735//649 743//654 
f 735//649 730//644 743//654 
f 737//468 743//654 730//644 
f 744//468 737//468 736//468 
f 741//468 744//468 736//468 
f 740//652 744//468 741//468 
f 737//468 745//468 743//654 
f 746//468 745//468 737//468 
f 744//468 746//468 737//468 
f 747//655 738//650 742//653 
f 739//651 748//656 740//652 
f 748//656 749//657 740//652 
f 740//652 749//657 744//468 
f 749//657 746//468 744//468 
f 742//653 743//654 750//658 
f 745//468 750//658 743//654 
f 751//659 742//653 750//658 
f 747//655 742//653 751//659 
f 745//468 752//468 750//658 
f 753//468 752//468 745//468 
f 746//468 753//468 745//468 
f 754//660 753//468 746//468 
f 749//657 754//660 746//468 
f 755//661 747//655 751//659 
f 756//662 755//661 757//663 
f 755//661 751//659 757//663 
f 756//662 757//663 724//641 
f 748//656 758//664 749//657 
f 758//664 754//660 749//657 
f 752//468 759//665 750//658 
f 751//659 750//658 759//665 
f 757//663 751//659 759//665 
f 752//468 760//468 759//665 
f 761//468 760//468 752//468 
f 753//468 761//468 752//468 
f 762//666 761//468 753//468 
f 754//660 762//666 753//468 
f 763//667 762//666 754//660 
f 758//664 763//667 754//660 
f 724//641 757//663 764//668 
f 757//663 759//665 764//668 
f 760//468 764//668 759//665 
f 724//641 764//668 715//635 
f 732//646 756//662 724//641 
f 760//468 727//468 764//668 
f 727//468 715//635 764//668 
f 765//468 727//468 760//468 
f 761//468 765//468 760//468 
f 766//669 765//468 761//468 
f 762//666 766//669 761//468 
f 767//670 766//669 762//666 
f 763//667 767//670 762//666 
f 765//468 728//468 727//468 
f 768//671 728//468 765//468 
f 766//669 768//671 765//468 
f 769//672 768//671 766//669 
f 767//670 769//672 766//669 
f 770//673 711//632 699//622 
f 770//673 699//622 689//614 
f 690//615 770//673 689//614 
f 768//671 771//674 728//468 
f 771//674 772//468 728//468 
f 728//468 772//468 716//468 
f 773//675 771//674 768//671 
f 769//672 773//675 768//671 
f 773//675 774//676 771//674 
f 774//676 775//677 771//674 
f 771//674 775//677 772//468 
f 772//468 776//468 716//468 
f 772//468 777//468 776//468 
f 775//677 777//468 772//468 
f 716//468 776//468 704//627 
f 774//676 778//678 775//677 
f 778//678 779//679 775//677 
f 775//677 779//679 777//468 
f 776//468 692//617 704//627 
f 776//468 780//468 692//617 
f 777//468 780//468 776//468 
f 777//468 781//468 780//468 
f 779//679 781//468 777//468 
f 778//678 782//680 779//679 
f 782//680 783//681 779//679 
f 779//679 783//681 781//468 
f 780//468 683//610 692//617 
f 780//468 680//468 683//610 
f 781//468 680//468 780//468 
f 781//468 784//468 680//468 
f 783//681 784//468 781//468 
f 782//680 785//682 783//681 
f 785//682 786//683 783//681 
f 783//681 786//683 784//468 
f 784//468 664//468 680//468 
f 784//468 665//468 664//468 
f 786//683 665//468 784//468 
f 785//682 703//626 786//683 
f 703//626 681//609 786//683 
f 786//683 681//609 665//468 
f 567//529 557//522 787//684 
f 788//685 567//529 787//684 
f 788//685 787//684 524//497 
f 787//684 557//522 546//468 
f 787//684 546//468 523//468 
f 524//497 787//684 523//468 
f 535//507 788//685 524//497 
f 789//686 564//526 573//534 
f 668//600 789//686 573//534 
f 789//686 565//527 564//526 
f 564//526 555//520 554//468 
f 669//601 632//576 790//687 
f 791//688 669//601 790//687 
f 791//688 790//687 792//689 
f 790//687 632//576 617//468 
f 790//687 617//468 614//468 
f 792//689 790//687 614//468 
f 725//642 791//688 792//689 
f 725//642 792//689 713//634 
f 792//689 614//468 615//468 
f 713//634 792//689 615//468 
f 713//634 615//468 714//468 
f 714//468 615//468 610//468 
f 707//468 721//638 695//618 
f 685//611 695//618 721//638 
f 707//468 720//468 721//638 
f 694//468 695//618 793//690 
f 671//603 793//690 695//618 
f 684//468 694//468 793//690 
f 684//468 793//690 670//602 
f 671//603 656//593 793//690 
f 656//593 670//602 793//690 
f 678//607 641//582 639//580 
f 678//607 653//590 641//582 
f 619//568 607//561 647//587 
f 608//562 638//468 597//468 
f 608//562 625//571 638//468 
f 587//547 586//546 606//560 
f 794//691 795//692 796//693 
f 794//691 796//693 797//694 
f 798//695 794//691 797//694 
f 795//692 799//696 796//693 
f 795//692 800//697 799//696 
f 798//695 797//694 801//698 
f 802//699 798//695 801//698 
f 803//700 796//693 799//696 
f 803//700 804//701 796//693 
f 804//701 797//694 796//693 
f 804//701 805//702 797//694 
f 805//702 801//698 797//694 
f 800//697 806//703 799//696 
f 800//697 807//704 806//703 
f 808//705 799//696 806//703 
f 808//705 803//700 799//696 
f 802//699 801//698 809//706 
f 810//707 802//699 809//706 
f 811//708 809//706 801//698 
f 805//702 811//708 801//698 
f 812//709 804//701 803//700 
f 813//710 803//700 808//705 
f 813//710 812//709 803//700 
f 814//711 805//702 804//701 
f 812//709 814//711 804//701 
f 815//712 811//708 805//702 
f 814//711 815//712 805//702 
f 816//713 806//703 807//704 
f 816//713 817//714 806//703 
f 818//715 806//703 817//714 
f 818//715 808//705 806//703 
f 819//716 808//705 818//715 
f 819//716 813//710 808//705 
f 810//707 809//706 820//717 
f 821//718 810//707 820//717 
f 811//708 822//719 809//706 
f 822//719 820//717 809//706 
f 823//720 822//719 811//708 
f 815//712 823//720 811//708 
f 824//721 814//711 812//709 
f 824//721 812//709 825//722 
f 825//722 812//709 813//710 
f 825//722 813//710 826//723 
f 826//723 813//710 819//716 
f 827//724 814//711 824//721 
f 827//724 815//712 814//711 
f 828//725 815//712 827//724 
f 828//725 823//720 815//712 
f 816//713 829//726 817//714 
f 816//713 830//727 829//726 
f 831//728 817//714 829//726 
f 831//728 818//715 817//714 
f 832//729 818//715 831//728 
f 832//729 819//716 818//715 
f 826//723 819//716 833//730 
f 833//730 819//716 832//729 
f 821//718 820//717 834//731 
f 822//719 835//732 820//717 
f 835//732 834//731 820//717 
f 836//733 821//718 834//731 
f 837//734 835//732 822//719 
f 823//720 837//734 822//719 
f 838//735 823//720 828//725 
f 838//735 837//734 823//720 
f 825//722 839//736 824//721 
f 824//721 840//737 827//724 
f 824//721 839//736 840//737 
f 826//723 841//738 825//722 
f 825//722 841//738 839//736 
f 833//730 842//739 826//723 
f 826//723 842//739 841//738 
f 827//724 843//740 828//725 
f 827//724 840//737 843//740 
f 828//725 844//741 838//735 
f 828//725 843//740 844//741 
f 830//727 845//742 829//726 
f 830//727 846//743 845//742 
f 847//744 829//726 845//742 
f 847//744 831//728 829//726 
f 848//745 831//728 847//744 
f 848//745 832//729 831//728 
f 833//730 832//729 849//746 
f 849//746 832//729 848//745 
f 849//746 850//747 833//730 
f 833//730 850//747 842//739 
f 836//733 834//731 851//748 
f 835//732 852//749 834//731 
f 852//749 851//748 834//731 
f 853//750 852//749 835//732 
f 837//734 853//750 835//732 
f 854//751 836//733 851//748 
f 855//752 837//734 838//735 
f 855//752 853//750 837//734 
f 838//735 856//753 855//752 
f 838//735 844//741 856//753 
f 857//754 839//736 841//738 
f 857//754 858//755 839//736 
f 858//755 840//737 839//736 
f 858//755 859//756 840//737 
f 859//756 843//740 840//737 
f 860//757 841//738 842//739 
f 860//757 857//754 841//738 
f 861//758 842//739 850//747 
f 861//758 860//757 842//739 
f 859//756 862//759 843//740 
f 862//759 844//741 843//740 
f 862//759 863//760 844//741 
f 863//760 856//753 844//741 
f 846//743 864//761 845//742 
f 846//743 865//762 864//761 
f 866//763 845//742 864//761 
f 866//763 847//744 845//742 
f 867//764 847//744 866//763 
f 867//764 848//745 847//744 
f 849//746 848//745 868//765 
f 868//765 848//745 867//764 
f 868//765 869//766 849//746 
f 849//746 869//766 850//747 
f 870//767 850//747 869//766 
f 870//767 861//758 850//747 
f 854//751 851//748 871//768 
f 852//749 872//769 851//748 
f 872//769 871//768 851//748 
f 873//770 872//769 852//749 
f 853//750 873//770 852//749 
f 874//771 853//750 855//752 
f 874//771 873//770 853//750 
f 875//772 854//751 871//768 
f 855//752 876//773 874//771 
f 855//752 856//753 876//773 
f 863//760 877//774 856//753 
f 877//774 876//773 856//753 
f 865//762 878//775 864//761 
f 865//762 879//776 878//775 
f 880//777 864//761 878//775 
f 880//777 866//763 864//761 
f 881//778 866//763 880//777 
f 881//778 867//764 866//763 
f 868//765 867//764 882//779 
f 882//779 867//764 881//778 
f 882//779 883//780 868//765 
f 868//765 883//780 869//766 
f 884//781 869//766 883//780 
f 884//781 870//767 869//766 
f 875//772 871//768 885//782 
f 872//769 886//783 871//768 
f 886//783 885//782 871//768 
f 887//784 886//783 872//769 
f 873//770 887//784 872//769 
f 888//785 873//770 874//771 
f 888//785 887//784 873//770 
f 874//771 889//786 888//785 
f 874//771 876//773 889//786 
f 890//787 875//772 885//782 
f 877//774 891//788 876//773 
f 891//788 889//786 876//773 
f 879//776 892//789 878//775 
f 879//776 893//790 892//789 
f 894//791 878//775 892//789 
f 894//791 880//777 878//775 
f 895//792 880//777 894//791 
f 895//792 881//778 880//777 
f 882//779 881//778 896//793 
f 896//793 881//778 895//792 
f 896//793 897//794 882//779 
f 882//779 897//794 883//780 
f 898//795 883//780 897//794 
f 898//795 884//781 883//780 
f 890//787 885//782 899//796 
f 886//783 900//797 885//782 
f 900//797 899//796 885//782 
f 901//798 900//797 886//783 
f 887//784 901//798 886//783 
f 902//799 887//784 888//785 
f 902//799 901//798 887//784 
f 888//785 903//800 902//799 
f 888//785 889//786 903//800 
f 891//788 904//801 889//786 
f 904//801 903//800 889//786 
f 905//802 890//787 899//796 
f 893//790 906//803 892//789 
f 893//790 907//804 906//803 
f 908//805 892//789 906//803 
f 908//805 894//791 892//789 
f 909//806 894//791 908//805 
f 909//806 895//792 894//791 
f 910//807 895//792 909//806 
f 896//793 895//792 910//807 
f 910//807 911//808 896//793 
f 896//793 911//808 897//794 
f 912//809 897//794 911//808 
f 912//809 898//795 897//794 
f 905//802 899//796 913//810 
f 900//797 914//811 899//796 
f 915//812 914//811 900//797 
f 901//798 915//812 900//797 
f 904//801 916//813 903//800 
f 917//814 908//805 906//803 
f 918//815 908//805 917//814 
f 918//815 909//806 908//805 
f 919//816 912//809 911//808 
f 920//817 905//802 913//810 
f 920//817 913//810 921//818 
f 914//811 913//810 899//796 
f 914//811 922//819 913//810 
f 922//819 921//818 913//810 
f 923//820 922//819 914//811 
f 915//812 923//820 914//811 
f 924//821 923//820 915//812 
f 924//821 915//812 925//822 
f 925//822 915//812 901//798 
f 925//822 901//798 902//799 
f 916//813 926//823 927//824 
f 902//799 927//824 925//822 
f 916//813 927//824 903//800 
f 902//799 903//800 927//824 
f 928//825 918//815 917//814 
f 929//826 909//806 918//815 
f 910//807 909//806 929//826 
f 930//827 920//817 921//818 
f 930//827 921//818 931//828 
f 922//819 932//829 921//818 
f 932//829 931//828 921//818 
f 925//822 933//830 924//821 
f 925//822 927//824 933//830 
f 926//823 933//830 927//824 
f 926//823 934//831 933//830 
f 929//826 935//832 910//807 
f 929//826 936//833 935//832 
f 937//834 930//827 931//828 
f 937//834 931//828 938//835 
f 932//829 939//836 931//828 
f 940//837 939//836 932//829 
f 941//838 932//829 922//819 
f 923//820 941//838 922//819 
f 934//831 942//839 933//830 
f 943//840 944//841 945//842 
f 943//840 945//842 946//843 
f 947//844 943//840 946//843 
f 948//845 935//832 936//833 
f 948//845 919//816 935//832 
f 919//816 911//808 935//832 
f 949//846 948//845 936//833 
f 950//847 937//834 938//835 
f 950//847 938//835 951//848 
f 939//836 938//835 931//828 
f 939//836 952//849 938//835 
f 953//850 952//849 939//836 
f 940//837 953//850 939//836 
f 934//831 954//851 942//839 
f 954//851 955//852 942//839 
f 944//841 956//853 945//842 
f 944//841 957//854 956//853 
f 947//844 946//843 958//855 
f 959//856 950//847 951//848 
f 959//856 951//848 960//857 
f 952//849 951//848 938//835 
f 952//849 961//858 951//848 
f 962//859 961//858 952//849 
f 953//850 962//859 952//849 
f 963//860 962//859 953//850 
f 963//860 953//850 964//861 
f 964//861 953//850 940//837 
f 964//861 940//837 965//862 
f 954//851 966//863 955//852 
f 957//854 967//864 956//853 
f 957//854 968//865 967//864 
f 969//866 956//853 967//864 
f 969//866 970//867 956//853 
f 970//867 945//842 956//853 
f 971//868 947//844 958//855 
f 971//868 958//855 972//869 
f 973//870 958//855 946//843 
f 973//870 974//871 958//855 
f 975//872 946//843 945//842 
f 970//867 975//872 945//842 
f 976//873 959//856 960//857 
f 976//873 960//857 977//874 
f 961//858 960//857 951//848 
f 961//858 978//875 960//857 
f 979//876 978//875 961//858 
f 962//859 979//876 961//858 
f 980//877 962//859 963//860 
f 980//877 979//876 962//859 
f 964//861 981//878 963//860 
f 963//860 982//879 980//877 
f 963//860 981//878 982//879 
f 965//862 940//837 941//838 
f 965//862 941//838 983//880 
f 968//865 984//881 967//864 
f 968//865 985//882 984//881 
f 986//883 967//864 984//881 
f 986//883 969//866 967//864 
f 987//884 970//867 969//866 
f 988//885 969//866 986//883 
f 988//885 987//884 969//866 
f 989//886 975//872 970//867 
f 987//884 989//886 970//867 
f 907//804 971//868 972//869 
f 907//804 972//869 906//803 
f 974//871 972//869 958//855 
f 974//871 917//814 972//869 
f 975//872 973//870 946//843 
f 990//887 973//870 975//872 
f 991//888 976//873 977//874 
f 991//888 977//874 992//889 
f 978//875 977//874 960//857 
f 978//875 993//890 977//874 
f 993//890 992//889 977//874 
f 994//891 993//890 978//875 
f 979//876 994//891 978//875 
f 995//892 979//876 980//877 
f 995//892 994//891 979//876 
f 980//877 996//893 995//892 
f 980//877 982//879 996//893 
f 997//894 982//879 981//878 
f 998//895 997//894 981//878 
f 998//895 981//878 999//896 
f 964//861 999//896 981//878 
f 965//862 999//896 964//861 
f 997//894 1000//897 982//879 
f 983//880 941//838 923//820 
f 983//880 955//852 965//862 
f 965//862 955//852 999//896 
f 983//880 942//839 955//852 
f 1001//898 986//883 984//881 
f 1002//899 986//883 1001//898 
f 1003//900 989//886 987//884 
f 1002//899 988//885 986//883 
f 917//814 906//803 972//869 
f 990//887 1004//901 973//870 
f 1004//901 974//871 973//870 
f 928//825 917//814 974//871 
f 1004//901 928//825 974//871 
f 1005//902 1004//901 990//887 
f 1005//902 990//887 1006//903 
f 1006//903 990//887 989//886 
f 1006//903 989//886 1003//900 
f 994//891 1007//904 993//890 
f 1007//904 1008//905 993//890 
f 1009//906 994//891 995//892 
f 995//892 1010//907 1009//906 
f 966//863 998//895 999//896 
f 966//863 999//896 955//852 
f 1000//897 1011//908 996//893 
f 1011//908 1010//907 996//893 
f 995//892 996//893 1010//907 
f 1000//897 996//893 982//879 
f 924//821 942//839 983//880 
f 924//821 933//830 942//839 
f 983//880 923//820 924//821 
f 1012//909 1002//899 1001//898 
f 1012//909 1001//898 1013//910 
f 1003//900 1014//911 1006//903 
f 1015//912 1004//901 1005//902 
f 1015//912 928//825 1004//901 
f 1016//913 928//825 1015//912 
f 1016//913 918//815 928//825 
f 1006//903 1017//914 1005//902 
f 1006//903 1014//911 1017//914 
f 1005//902 1018//915 1015//912 
f 1005//902 1017//914 1018//915 
f 989//886 990//887 975//872 
f 1019//916 991//888 992//889 
f 1007//904 1020//917 1008//905 
f 1009//906 1010//907 1021//918 
f 1022//919 1012//909 1013//910 
f 1023//920 1012//909 1022//919 
f 1013//910 1001//898 1024//921 
f 985//882 1025//922 1024//921 
f 1026//923 1017//914 1014//911 
f 1015//912 1027//924 1016//913 
f 1015//912 1018//915 1027//924 
f 1016//913 1027//924 936//833 
f 1016//913 936//833 929//826 
f 1026//923 1028//925 1017//914 
f 1028//925 1018//915 1017//914 
f 1029//926 1019//916 1030//927 
f 1019//916 992//889 1030//927 
f 1029//926 1030//927 1031//928 
f 1032//929 1029//926 1031//928 
f 1030//927 992//889 1008//905 
f 993//890 1008//905 992//889 
f 1033//930 1008//905 1020//917 
f 1034//931 1033//930 1020//917 
f 1009//906 1007//904 994//891 
f 1035//932 1007//904 1009//906 
f 1036//933 1037//934 1038//935 
f 985//882 1024//921 984//881 
f 1022//919 1013//910 1039//936 
f 1040//937 1022//919 1039//936 
f 1023//920 1022//919 1041//938 
f 1041//938 1022//919 1040//937 
f 1039//936 1013//910 1042//939 
f 1036//933 1038//935 1042//939 
f 1039//936 1042//939 1038//935 
f 1043//940 1027//924 1018//915 
f 1028//925 1043//940 1018//915 
f 929//826 918//815 1016//913 
f 1032//929 1031//928 1044//941 
f 1045//942 1032//929 1044//941 
f 1046//943 1033//930 1034//931 
f 1046//943 1047//944 1033//930 
f 1034//931 1048//945 1046//943 
f 1035//932 1020//917 1007//904 
f 1034//931 1020//917 1035//932 
f 1035//932 1049//946 1034//931 
f 1034//931 1049//946 1048//945 
f 1050//947 1039//936 1038//935 
f 1040//937 1039//936 1050//947 
f 1025//922 1036//933 1042//939 
f 1051//948 1040//937 1050//947 
f 1041//938 1040//937 1052//949 
f 1052//949 1040//937 1051//948 
f 1052//949 1053//950 1041//938 
f 1041//938 1054//951 1023//920 
f 1041//938 1053//950 1054//951 
f 1023//920 1054//951 1055//952 
f 1023//920 1055//952 1056//953 
f 1056//953 1012//909 1023//920 
f 1025//922 1042//939 1024//921 
f 1013//910 1024//921 1042//939 
f 1043//940 949//846 1027//924 
f 1045//942 1044//941 1057//954 
f 1058//955 1045//942 1057//954 
f 1059//956 1044//941 1031//928 
f 1059//956 1060//957 1044//941 
f 1060//957 1057//954 1044//941 
f 1047//944 1060//957 1059//956 
f 1061//958 1059//956 1031//928 
f 1061//958 1031//928 1030//927 
f 1047//944 1062//959 1060//957 
f 1035//932 1021//918 1049//946 
f 1063//960 1049//946 1021//918 
f 1063//960 1064//961 1049//946 
f 1009//906 1021//918 1035//932 
f 1052//949 1051//948 1065//962 
f 1065//962 1051//948 1066//963 
f 1066//963 1051//948 1067//964 
f 1051//948 1050//947 1067//964 
f 1065//962 1068//965 1052//949 
f 1052//949 1068//965 1053//950 
f 1069//966 1053//950 1068//965 
f 1069//966 1070//967 1053//950 
f 1070//967 1054//951 1053//950 
f 1070//967 1071//968 1054//951 
f 1071//968 1055//952 1054//951 
f 1071//968 1072//969 1055//952 
f 1072//969 1073//970 1055//952 
f 1056//953 1055//952 1073//970 
f 1056//953 1073//970 1074//971 
f 1074//971 1002//899 1056//953 
f 1056//953 1002//899 1012//909 
f 949//846 936//833 1027//924 
f 1058//955 1057//954 1075//972 
f 1076//973 1058//955 1075//972 
f 1033//930 1059//956 1061//958 
f 1062//959 1077//974 1060//957 
f 1030//927 1008//905 1061//958 
f 1062//959 1078//975 1077//974 
f 1079//976 1078//975 1062//959 
f 1079//976 1062//959 1080//977 
f 1081//978 1063//960 1021//918 
f 1065//962 1082//979 1068//965 
f 1083//980 1082//979 1065//962 
f 1065//962 1066//963 1083//980 
f 1066//963 1067//964 1084//981 
f 1085//982 1066//963 1084//981 
f 1083//980 1066//963 1085//982 
f 1084//981 1067//964 1086//983 
f 1067//964 1087//984 1086//983 
f 1067//964 1050//947 1087//984 
f 1050//947 1038//935 1087//984 
f 1088//985 1068//965 1082//979 
f 1088//985 1069//966 1068//965 
f 1074//971 988//885 1002//899 
f 1033//930 1061//958 1008//905 
f 1078//975 1089//986 1077//974 
f 1077//974 1089//986 1075//972 
f 1078//975 1090//987 1089//986 
f 1080//977 1062//959 1047//944 
f 1091//988 1088//985 1082//979 
f 1091//988 1082//979 1092//989 
f 1083//980 1092//989 1082//979 
f 1093//990 1092//989 1083//980 
f 1083//980 1085//982 1093//990 
f 1084//981 1086//983 1094//991 
f 1095//992 1084//981 1094//991 
f 1085//982 1084//981 1095//992 
f 1037//934 1087//984 1038//935 
f 1096//993 988//885 1074//971 
f 1074//971 1097//994 1096//993 
f 1098//995 1099//996 1097//994 
f 1089//986 1100//997 1075//972 
f 1089//986 1101//998 1100//997 
f 1090//987 1101//998 1089//986 
f 1090//987 1102//999 1101//998 
f 1103//1000 1102//999 1090//987 
f 1080//977 1047//944 1046//943 
f 1046//943 1104//1001 1080//977 
f 1080//977 1104//1001 1105//1002 
f 1106//1003 1091//988 1092//989 
f 1106//1003 1092//989 1107//1004 
f 1093//990 1107//1004 1092//989 
f 1108//1005 1107//1004 1093//990 
f 1093//990 1109//1006 1108//1005 
f 1109//1006 1085//982 1095//992 
f 1093//990 1085//982 1109//1006 
f 1109//1006 1095//992 1110//1007 
f 1098//995 1097//994 1073//970 
f 1074//971 1073//970 1097//994 
f 1072//969 1098//995 1073//970 
f 1096//993 1097//994 1111//1008 
f 1099//996 1111//1008 1097//994 
f 1099//996 1112//1009 1111//1008 
f 1101//998 1113//1010 1100//997 
f 1101//998 1114//1011 1113//1010 
f 1102//999 1114//1011 1101//998 
f 1102//999 1115//1012 1114//1011 
f 1046//943 1048//945 1104//1001 
f 1080//977 1105//1002 1079//976 
f 1108//1005 1109//1006 1116//1013 
f 1110//1007 1095//992 1117//1014 
f 1110//1007 1117//1014 1118//1015 
f 1112//1009 1014//911 1111//1008 
f 1096//993 1111//1008 1003//900 
f 1003//900 1111//1008 1014//911 
f 1112//1009 1026//923 1014//911 
f 1119//1016 1120//1017 1118//1015 
f 1119//1016 1118//1015 1117//1014 
f 1120//1017 1121//1018 1118//1015 
f 1114//1011 1121//1018 1113//1010 
f 1122//1019 1113//1010 1121//1018 
f 1120//1017 1122//1019 1121//1018 
f 1114//1011 1123//1020 1121//1018 
f 1115//1012 1123//1020 1114//1011 
f 1115//1012 1116//1013 1123//1020 
f 1116//1013 1110//1007 1123//1020 
f 1123//1020 1118//1015 1121//1018 
f 1123//1020 1110//1007 1118//1015 
f 1124//1021 1116//1013 1115//1012 
f 1108//1005 1116//1013 1124//1021 
f 1079//976 1105//1002 1125//1022 
f 1079//976 1125//1022 1126//1023 
f 1126//1023 1078//975 1079//976 
f 1127//1024 1125//1022 1105//1002 
f 1128//1025 1127//1024 1105//1002 
f 1116//1013 1109//1006 1110//1007 
f 1129//1026 1119//1016 1117//1014 
f 1003//900 987//884 1096//993 
f 1096//993 987//884 988//885 
f 1127//1024 1130//1027 1125//1022 
f 1130//1027 1131//1028 1125//1022 
f 1126//1023 1125//1022 1131//1028 
f 1126//1023 1131//1028 1103//1000 
f 1103//1000 1090//987 1126//1023 
f 1126//1023 1090//987 1078//975 
f 1132//1029 1128//1025 1104//1001 
f 1128//1025 1105//1002 1104//1001 
f 1133//1030 1134//1031 1135//1032 
f 1136//1033 1133//1030 1137//1034 
f 1133//1030 1135//1032 1137//1034 
f 1134//1031 1138//1035 1135//1032 
f 1139//1036 1137//1034 1135//1032 
f 1134//1031 1140//1037 1138//1035 
f 1130//1027 1136//1033 1131//1028 
f 1136//1033 1137//1034 1131//1028 
f 1103//1000 1137//1034 1139//1036 
f 1103//1000 1131//1028 1137//1034 
f 1140//1037 1107//1004 1138//1035 
f 1108//1005 1138//1035 1107//1004 
f 1124//1021 1138//1035 1108//1005 
f 1124//1021 1135//1032 1138//1035 
f 1139//1036 1135//1032 1124//1021 
f 1124//1021 1115//1012 1139//1036 
f 1139//1036 1102//999 1103//1000 
f 1139//1036 1115//1012 1102//999 
f 1140//1037 1106//1003 1107//1004 
f 1011//908 1081//978 1010//907 
f 1081//978 1021//918 1010//907 
f 1076//973 1075//972 1100//997 
f 1141//1038 1076//973 1100//997 
f 1141//1038 1100//997 1113//1010 
f 1122//1019 1141//1038 1113//1010 
f 1077//974 1075//972 1057//954 
f 1060//957 1077//974 1057//954 
f 1129//1026 1117//1014 1094//991 
f 1142//1039 1129//1026 1094//991 
f 1142//1039 1094//991 1086//983 
f 1095//992 1094//991 1117//1014 
f 1143//1040 1142//1039 1086//983 
f 1143//1040 1086//983 1087//984 
f 1037//934 1143//1040 1087//984 
f 1001//898 984//881 1024//921 
f 941//838 940//837 932//829 
f 1033//930 1047//944 1059//956 
f 1064//961 1048//945 1049//946 
f 1064//961 1132//1029 1048//945 
f 1132//1029 1104//1001 1048//945 
f 910//807 935//832 911//808 
f 1144//1041 1145//1042 1146//1043 
f 1147//1044 1144//1041 1146//1043 
f 1147//1044 1146//1043 1148//1045 
f 1149//1046 1150//1047 1151//1048 
f 1149//1046 1151//1048 1152//1049 
f 1145//1042 1149//1046 1152//1049 
f 1146//1043 1145//1042 1152//1049 
f 1146//1043 1152//1049 73//1050 
f 1146//1043 73//1050 1153//1051 
f 1148//1045 1146//1043 1153//1051 
f 1148//1045 1153//1051 1154//1052 
f 1155//1053 1148//1045 1154//1052 
f 1155//1053 1154//1052 1156//1054 
f 73//1050 71//1055 1153//1051 
f 1153//1051 1157//1056 1158//1057 
f 1154//1052 1153//1051 1158//1057 
f 1156//1054 1154//1052 1158//1057 
f 1156//1054 1158//1057 1159//1058 
f 1160//1059 1156//1054 1159//1058 
f 1160//1059 1159//1058 1161//1060 
f 71//1055 70//1061 1162//1062 
f 1153//1051 71//1055 1162//1062 
f 1153//1051 1162//1062 1163//1063 
f 1157//1056 1153//1051 1163//1063 
f 1157//1056 1163//1063 1164//1064 
f 1157//1056 1164//1064 1165//1065 
f 1158//1057 1157//1056 1165//1065 
f 1158//1057 1165//1065 1166//1066 
f 1159//1058 1158//1057 1166//1066 
f 1159//1058 1166//1066 1167//1067 
f 1164//1064 1163//1063 1168//1068 
f 1169//1069 1170//1070 1171//1071 
f 1172//1072 1169//1069 1171//1071 
f 1172//1072 1171//1071 1173//1073 
f 1174//1074 1172//1072 1173//1073 
f 1174//1074 1173//1073 1168//1068 
f 1175//1075 1174//1074 1168//1068 
f 1175//1075 1168//1068 1163//1063 
f 1175//1075 1163//1063 1162//1062 
f 1176//1076 1175//1075 1162//1062 
f 1176//1076 1162//1062 70//1061 
f 1177//1077 1169//1069 1172//1072 
f 1177//1077 1172//1072 1174//1074 
f 1178//1078 1177//1077 1174//1074 
f 1178//1078 1174//1074 1175//1075 
f 1176//1076 1178//1078 1175//1075 
f 1178//1078 1176//1076 70//1061 
f 1178//1078 70//1061 69//1079 
f 1177//1077 1178//1078 69//1079 
f 1177//1077 69//1079 68//1080 
f 1179//1081 1177//1077 68//1080 
f 1179//1081 68//1080 1180//1082 
f 1181//1083 1179//1081 1180//1082 
f 1182//1084 1181//1083 1180//1082 
f 1182//1084 1180//1082 1183//1085 
f 1182//1084 1183//1085 1184//1086 
f 1185//1087 1186//1088 1169//1069 
f 1185//1087 1169//1069 1177//1077 
f 1187//1089 1185//1087 1177//1077 
f 1187//1089 1177//1077 1179//1081 
f 1188//1090 1187//1089 1179//1081 
f 1189//1091 1188//1090 1179//1081 
f 1189//1091 1179//1081 1181//1083 
f 1185//1087 1187//1089 1190//1092 
f 1186//1088 1185//1087 1190//1092 
f 1186//1088 1190//1092 1191//1093 
f 1192//1094 1186//1088 1191//1093 
f 1193//1095 1192//1094 1191//1093 
f 1193//1095 1191//1093 1194//1096 
f 1195//1097 1193//1095 1194//1096 
f 1195//1097 1194//1096 1196//1098 
f 1195//1097 1196//1098 1197//1099 
f 1198//1100 1195//1097 1197//1099 
f 1198//1100 1199//1101 1200//1102 
f 1198//1100 1200//1102 1201//1103 
f 1195//1097 1198//1100 1201//1103 
f 1195//1097 1201//1103 1202//1104 
f 1193//1095 1195//1097 1202//1104 
f 1193//1095 1202//1104 1203//1105 
f 1192//1094 1193//1095 1203//1105 
f 1192//1094 1203//1105 1204//1106 
f 1186//1088 1192//1094 1204//1106 
f 1186//1088 1204//1106 1169//1069 
f 1200//1102 1205//1107 1206//1108 
f 1201//1103 1200//1102 1206//1108 
f 1201//1103 1206//1108 1207//1109 
f 1202//1104 1201//1103 1207//1109 
f 1202//1104 1207//1109 1208//1110 
f 1203//1105 1202//1104 1208//1110 
f 1203//1105 1208//1110 1209//1111 
f 1204//1106 1203//1105 1209//1111 
f 1204//1106 1209//1111 1170//1070 
f 1169//1069 1204//1106 1170//1070 
f 1210//1112 1211//1113 1212//1114 
f 1213//1115 1210//1112 1212//1114 
f 1213//1115 1212//1114 1214//1116 
f 1215//1117 1213//1115 1214//1116 
f 1215//1117 1214//1116 1216//1118 
f 1215//1117 1216//1118 1217//1119 
f 1218//1120 1215//1117 1217//1119 
f 1218//1120 1217//1119 1219//1121 
f 1199//1101 1218//1120 1219//1121 
f 1199//1101 1219//1121 1200//1102 
f 1214//1116 1212//1114 1220//1122 
f 1214//1116 1220//1122 1221//1123 
f 1216//1118 1214//1116 1221//1123 
f 1216//1118 1221//1123 1222//1124 
f 1216//1118 1222//1124 1223//1125 
f 1217//1119 1216//1118 1223//1125 
f 1217//1119 1223//1125 1224//1126 
f 1219//1121 1217//1119 1224//1126 
f 1219//1121 1224//1126 1205//1107 
f 1200//1102 1219//1121 1205//1107 
f 1225//1127 1226//1128 1227//1129 
f 1228//1130 1229//1131 1227//1129 
f 1228//1130 1227//1129 1226//1128 
f 1230//1132 1228//1130 1226//1128 
f 1231//1133 1230//1132 1226//1128 
f 1231//1133 1226//1128 1225//1127 
f 1231//1133 1225//1127 1232//1134 
f 1233//1135 1231//1133 1232//1134 
f 1233//1135 1232//1134 1234//1136 
f 1235//1137 1233//1135 1234//1136 
f 1235//1137 1234//1136 1236//1138 
f 1237//1139 1238//1140 1230//1132 
f 1237//1139 1230//1132 1231//1133 
f 1239//1141 1237//1139 1231//1133 
f 1239//1141 1231//1133 1233//1135 
f 1240//1142 1239//1141 1233//1135 
f 1240//1142 1233//1135 1235//1137 
f 1241//1143 1240//1142 1235//1137 
f 1241//1143 1235//1137 1242//1144 
f 1243//1145 1241//1143 1242//1144 
f 1243//1145 1242//1144 1244//1146 
f 1245//1147 1238//1140 1237//1139 
f 1245//1147 1237//1139 1239//1141 
f 1246//1148 1245//1147 1239//1141 
f 1246//1148 1239//1141 1240//1142 
f 1246//1148 1240//1142 1241//1143 
f 1247//1149 1246//1148 1241//1143 
f 1247//1149 1241//1143 1243//1145 
f 1248//1150 1247//1149 1243//1145 
f 1249//1151 1248//1150 1243//1145 
f 1249//1151 1243//1145 1250//1152 
f 1250//1152 1243//1145 1244//1146 
f 1250//1152 1244//1146 1251//1153 
f 1252//1154 1250//1152 1251//1153 
f 1252//1154 1251//1153 1253//1155 
f 1254//1156 1252//1154 1253//1155 
f 1254//1156 1253//1155 1255//1157 
f 1256//1158 1254//1156 1255//1157 
f 1256//1158 1255//1157 1257//1159 
f 1258//1160 1256//1158 1257//1159 
f 1258//1160 1257//1159 1259//1161 
f 1260//1162 1249//1151 1250//1152 
f 1260//1162 1250//1152 1252//1154 
f 1260//1162 1252//1154 1254//1156 
f 1261//1163 1260//1162 1254//1156 
f 1261//1163 1254//1156 1256//1158 
f 1262//1164 1261//1163 1256//1158 
f 1263//1165 1262//1164 1256//1158 
f 1264//1166 1263//1165 1256//1158 
f 1264//1166 1256//1158 1258//1160 
f 1264//1166 1258//1160 1265//1167 
f 1266//1168 1267//1169 1268//1170 
f 1269//1171 1266//1168 1268//1170 
f 1264//1166 1269//1171 1268//1170 
f 1264//1166 1268//1170 1263//1165 
f 1269//1171 1264//1166 1265//1167 
f 1269//1171 1265//1167 1270//1172 
f 1266//1168 1269//1171 1270//1172 
f 1266//1168 1270//1172 1271//1173 
f 1272//1174 1266//1168 1271//1173 
f 1272//1174 1271//1173 1273//1175 
f 1274//1176 1272//1174 1273//1175 
f 1274//1176 1273//1175 1275//1177 
f 1276//1178 1274//1176 1275//1177 
f 1276//1178 1275//1177 1277//1179 
f 1278//1180 1279//1181 1280//1182 
f 1281//1183 1278//1180 1280//1182 
f 1281//1183 1280//1182 1282//1184 
f 1276//1178 1281//1183 1282//1184 
f 1274//1176 1276//1178 1282//1184 
f 1274//1176 1282//1184 1283//1185 
f 1272//1174 1274//1176 1283//1185 
f 1272//1174 1283//1185 1284//1186 
f 1272//1174 1284//1186 1267//1169 
f 1266//1168 1272//1174 1267//1169 
f 1281//1183 1276//1178 1277//1179 
f 1281//1183 1277//1179 1285//1187 
f 1278//1180 1281//1183 1285//1187 
f 1278//1180 1285//1187 1286//1188 
f 1279//1181 1278//1180 1286//1188 
f 1279//1181 1286//1188 1287//1189 
f 1288//1190 1279//1181 1287//1189 
f 1289//1191 1288//1190 1287//1189 
f 1290//1192 1289//1191 1287//1189 
f 1290//1192 1287//1189 1291//1193 
f 19//1194 1291//1193 1287//1189 
f 19//1194 1287//1189 1286//1188 
f 16//1195 19//1194 1286//1188 
f 16//1195 1286//1188 1292//1196 
f 30//1197 16//1195 1292//1196 
f 1293//1198 30//1197 1292//1196 
f 1286//1188 1285//1187 1294//1199 
f 1286//1188 1294//1199 1295//1200 
f 1292//1196 1286//1188 1295//1200 
f 1292//1196 1295//1200 1296//1201 
f 1293//1198 1292//1196 1296//1201 
f 1293//1198 1296//1201 1297//1202 
f 30//1197 1293//1198 1297//1202 
f 30//1197 1297//1202 29//1203 
f 1275//1177 1298//1204 1299//1205 
f 1277//1179 1275//1177 1299//1205 
f 1277//1179 1299//1205 1300//1206 
f 1285//1187 1277//1179 1300//1206 
f 1285//1187 1300//1206 1301//1207 
f 1294//1199 1285//1187 1301//1207 
f 1294//1199 1301//1207 1302//1208 
f 1295//1200 1294//1199 1302//1208 
f 1295//1200 1302//1208 1229//1131 
f 1296//1201 1295//1200 1229//1131 
f 1296//1201 1229//1131 1228//1130 
f 1297//1202 1296//1201 1228//1130 
f 1297//1202 1228//1130 1230//1132 
f 29//1203 1297//1202 1230//1132 
f 28//1209 29//1203 1230//1132 
f 28//1209 1230//1132 1303//1210 
f 1304//1211 28//1209 1303//1210 
f 1305//1212 1304//1211 1303//1210 
f 1305//1212 1303//1210 1230//1132 
f 1306//1213 1307//1214 1308//1215 
f 1309//1216 1306//1213 1308//1215 
f 1309//1216 1308//1215 1310//1217 
f 1309//1216 1310//1217 1304//1211 
f 1311//1218 1309//1216 1304//1211 
f 1311//1218 1304//1211 1305//1212 
f 1312//1219 1311//1218 1305//1212 
f 1313//1220 1312//1219 1305//1212 
f 1238//1140 1313//1220 1305//1212 
f 1238//1140 1305//1212 1230//1132 
f 1314//1221 8//1222 1315//1223 
f 1316//1224 1314//1221 1315//1223 
f 1317//1225 1316//1224 1315//1223 
f 1317//1225 1315//1223 1318//1226 
f 1317//1225 1318//1226 1319//1227 
f 1320//1228 1317//1225 1319//1227 
f 1321//1229 1320//1228 1319//1227 
f 1321//1229 1319//1227 1322//1230 
f 1307//1214 1321//1229 1322//1230 
f 1307//1214 1322//1230 1308//1215 
f 1323//1231 1324//1232 1325//1233 
f 1323//1231 1325//1233 1314//1221 
f 1326//1234 1323//1231 1314//1221 
f 1327//1235 1326//1234 1314//1221 
f 1327//1235 1314//1221 1316//1224 
f 1325//1233 1324//1232 1328//1236 
f 1325//1233 1328//1236 1329//1237 
f 1325//1233 1329//1237 1330//1238 
f 1331//1239 1325//1233 1330//1238 
f 1332//1240 1331//1239 1330//1238 
f 1332//1240 1330//1238 1333//1241 
f 1334//1242 1332//1240 1333//1241 
f 1334//1242 1333//1241 1335//1243 
f 1336//1244 1334//1242 1335//1243 
f 1337//1245 1336//1244 1335//1243 
f 1334//1242 1336//1244 1338//1246 
f 1334//1242 1338//1246 1339//1247 
f 1332//1240 1334//1242 1339//1247 
f 1332//1240 1339//1247 1340//1248 
f 1331//1239 1332//1240 1340//1248 
f 1331//1239 1340//1248 10//1249 
f 1331//1239 10//1249 9//1250 
f 1325//1233 1331//1239 9//1250 
f 1325//1233 9//1250 8//1222 
f 1314//1221 1325//1233 8//1222 
f 10//1249 1340//1248 1339//1247 
f 11//1251 10//1249 1339//1247 
f 11//1251 1339//1247 1338//1246 
f 13//1252 11//1251 1338//1246 
f 13//1252 1338//1246 1341//1253 
f 1342//1254 13//1252 1341//1253 
f 1343//1255 1342//1254 1341//1253 
f 1344//1256 1343//1255 1341//1253 
f 1345//1257 1344//1256 1341//1253 
f 1346//1258 1345//1257 1341//1253 
f 1346//1258 1341//1253 1338//1246 
f 1347//1259 1346//1258 1338//1246 
f 1347//1259 1338//1246 1348//1260 
f 1349//1261 1347//1259 1348//1260 
f 1349//1261 1348//1260 1350//1262 
f 1351//1263 1349//1261 1350//1262 
f 1352//1264 1353//1265 1354//1266 
f 1355//1267 1352//1264 1354//1266 
f 1355//1267 1354//1266 1356//1268 
f 1357//1269 1355//1267 1356//1268 
f 1357//1269 1356//1268 1350//1262 
f 1358//1270 1357//1269 1350//1262 
f 1358//1270 1350//1262 1348//1260 
f 1337//1245 1358//1270 1348//1260 
f 1336//1244 1337//1245 1348//1260 
f 1336//1244 1348//1260 1338//1246 
f 1351//1263 1350//1262 1356//1268 
f 1359//1271 1351//1263 1356//1268 
f 1359//1271 1356//1268 1354//1266 
f 1360//1272 1359//1271 1354//1266 
f 1360//1272 1354//1266 1353//1265 
f 1361//1273 1360//1272 1353//1265 
f 1361//1273 1353//1265 1362//1274 
f 1363//1275 1361//1273 1362//1274 
f 1363//1275 1362//1274 1364//1276 
f 1365//1277 1363//1275 1364//1276 
f 1366//1278 1346//1258 1347//1259 
f 1366//1278 1347//1259 1349//1261 
f 1367//1279 1366//1278 1349//1261 
f 1367//1279 1349//1261 1351//1263 
f 1367//1279 1351//1263 1359//1271 
f 1368//1280 1367//1279 1359//1271 
f 1368//1280 1359//1271 1360//1272 
f 1369//1281 1368//1280 1360//1272 
f 1370//1282 1369//1281 1360//1272 
f 1370//1282 1360//1272 1361//1273 
f 1371//1283 1370//1282 1361//1273 
f 1371//1283 1361//1273 1363//1275 
f 1371//1283 1363//1275 1365//1277 
f 1372//1284 1371//1283 1365//1277 
f 1372//1284 1365//1277 1373//1285 
f 1374//1286 1372//1284 1373//1285 
f 1375//1287 1374//1286 1373//1285 
f 1375//1287 1373//1285 1376//1288 
f 1377//1289 1375//1287 1376//1288 
f 1377//1289 1376//1288 1378//1290 
f 1365//1277 1364//1276 1379//1291 
f 1373//1285 1365//1277 1379//1291 
f 1373//1285 1379//1291 1380//1292 
f 1373//1285 1380//1292 1381//1293 
f 1376//1288 1373//1285 1381//1293 
f 1376//1288 1381//1293 1382//1294 
f 1378//1290 1376//1288 1382//1294 
f 1378//1290 1382//1294 1383//1295 
f 1384//1296 1378//1290 1383//1295 
f 1384//1296 1383//1295 1385//1297 
f 1386//1298 1387//1299 1388//1300 
f 1386//1298 1388//1300 1385//1297 
f 1389//1301 1386//1298 1385//1297 
f 1389//1301 1385//1297 1383//1295 
f 1390//1302 1389//1301 1383//1295 
f 1390//1302 1383//1295 1382//1294 
f 1391//1303 1390//1302 1382//1294 
f 1391//1303 1382//1294 1381//1293 
f 1392//1304 1391//1303 1381//1293 
f 1392//1304 1381//1293 1380//1292 
f 1393//1305 1392//1304 1380//1292 
f 1394//1306 1393//1305 1380//1292 
f 1394//1306 1380//1292 1379//1291 
f 1395//1307 1394//1306 1379//1291 
f 1395//1307 1379//1291 1364//1276 
f 1396//1308 1395//1307 1364//1276 
f 1396//1308 1364//1276 1362//1274 
f 1397//1309 1396//1308 1362//1274 
f 1397//1309 1362//1274 1353//1265 
f 1352//1264 1397//1309 1353//1265 
f 1242//1144 1235//1137 1236//1138 
f 1242//1144 1236//1138 1398//1310 
f 1244//1146 1242//1144 1398//1310 
f 1244//1146 1398//1310 1399//1311 
f 1251//1153 1244//1146 1399//1311 
f 1251//1153 1399//1311 1400//1312 
f 1253//1155 1251//1153 1400//1312 
f 1253//1155 1400//1312 1401//1313 
f 1255//1157 1253//1155 1401//1313 
f 1255//1157 1401//1313 1402//1314 
f 1257//1159 1255//1157 1402//1314 
f 1257//1159 1402//1314 1403//1315 
f 1259//1161 1257//1159 1403//1315 
f 1258//1160 1259//1161 1404//1316 
f 1265//1167 1258//1160 1404//1316 
f 1265//1167 1404//1316 1405//1317 
f 1270//1172 1265//1167 1405//1317 
f 1270//1172 1405//1317 1406//1318 
f 1271//1173 1270//1172 1406//1318 
f 1271//1173 1406//1318 1407//1319 
f 1273//1175 1271//1173 1407//1319 
f 1273//1175 1407//1319 1298//1204 
f 1275//1177 1273//1175 1298//1204 
f 45//1320 1408//1321 1409//1322 
f 44//1323 45//1320 1409//1322 
f 44//1323 1409//1322 1410//1324 
f 43//1325 44//1323 1410//1324 
f 43//1325 1410//1324 1411//1326 
f 1412//1327 43//1325 1411//1326 
f 1413//1328 1414//1329 1415//1330 
f 1416//1331 1413//1328 1415//1330 
f 1416//1331 1415//1330 1417//1332 
f 1410//1324 1416//1331 1417//1332 
f 1410//1324 1417//1332 1418//1333 
f 1411//1326 1410//1324 1418//1333 
f 1411//1326 1418//1333 1419//1334 
f 1411//1326 1419//1334 1420//1335 
f 1411//1326 1420//1335 1421//1336 
f 1412//1327 1411//1326 1421//1336 
f 1422//1337 1418//1333 1417//1332 
f 1422//1337 1417//1332 1415//1330 
f 1423//1338 1422//1337 1415//1330 
f 1423//1338 1415//1330 1414//1329 
f 1423//1338 1414//1329 1424//1339 
f 1425//1340 1423//1338 1424//1339 
f 1425//1340 1424//1339 1426//1341 
f 1427//1342 1425//1340 1426//1341 
f 1428//1343 1427//1342 1426//1341 
f 1428//1343 1426//1341 1429//1344 
f 1430//1345 1431//1346 1432//1347 
f 1433//1348 1430//1345 1432//1347 
f 1433//1348 1432//1347 1429//1344 
f 1434//1349 1433//1348 1429//1344 
f 1434//1349 1429//1344 1426//1341 
f 1435//1350 1434//1349 1426//1341 
f 1435//1350 1426//1341 1424//1339 
f 1436//1351 1435//1350 1424//1339 
f 1436//1351 1424//1339 1414//1329 
f 1413//1328 1436//1351 1414//1329 
f 1436//1351 1413//1328 1437//1352 
f 1436//1351 1437//1352 1438//1353 
f 1435//1350 1436//1351 1438//1353 
f 1435//1350 1438//1353 1439//1354 
f 1434//1349 1435//1350 1439//1354 
f 1434//1349 1439//1354 1440//1355 
f 1433//1348 1434//1349 1440//1355 
f 1433//1348 1440//1355 1441//1356 
f 1430//1345 1433//1348 1441//1356 
f 1430//1345 1441//1356 1442//1357 
f 1443//1358 1444//1359 1445//1360 
f 1443//1358 1445//1360 1446//1361 
f 1447//1362 1443//1358 1446//1361 
f 1447//1362 1446//1361 1448//1363 
f 1449//1364 1447//1362 1448//1363 
f 1449//1364 1448//1363 1450//1365 
f 1416//1331 1449//1364 1450//1365 
f 1416//1331 1450//1365 1451//1366 
f 1413//1328 1416//1331 1451//1366 
f 1413//1328 1451//1366 1437//1352 
f 1452//1367 1453//1368 1454//1369 
f 1452//1367 1454//1369 1445//1360 
f 1444//1359 1452//1367 1445//1360 
f 1449//1364 1416//1331 1410//1324 
f 1447//1362 1449//1364 1410//1324 
f 1447//1362 1410//1324 1409//1322 
f 1443//1358 1447//1362 1409//1322 
f 1443//1358 1409//1322 1408//1321 
f 1444//1359 1443//1358 1408//1321 
f 1444//1359 1408//1321 45//1320 
f 1444//1359 45//1320 31//1370 
f 1452//1367 1444//1359 31//1370 
f 1452//1367 31//1370 34//1371 
f 1455//1372 1452//1367 34//1371 
f 1455//1372 34//1371 1456//1373 
f 1457//1374 1453//1368 1452//1367 
f 1458//1375 1457//1374 1452//1367 
f 1458//1375 1452//1367 1455//1372 
f 1459//1376 1458//1375 1455//1372 
f 1460//1377 1459//1376 1455//1372 
f 1461//1378 1460//1377 1455//1372 
f 1461//1378 1455//1372 1456//1373 
f 1462//1379 1461//1378 1456//1373 
f 1462//1379 1456//1373 1463//1380 
f 1462//1379 1463//1380 1464//1381 
f 1465//1382 1462//1379 1464//1381 
f 1466//1383 1465//1382 1464//1381 
f 1466//1383 1464//1381 1467//1384 
f 1468//1385 1466//1383 1467//1384 
f 1468//1385 1467//1384 1469//1386 
f 1470//1387 1468//1385 1469//1386 
f 1471//1388 1470//1387 1469//1386 
f 1471//1388 1469//1386 1472//1389 
f 1471//1388 1472//1389 1342//1254 
f 1343//1255 1471//1388 1342//1254 
f 1473//1390 1328//1236 1474//1391 
f 1473//1390 1474//1391 1475//1392 
f 1476//1393 1473//1390 1475//1392 
f 1477//1394 1384//1296 1385//1297 
f 1477//1394 1385//1297 1388//1300 
f 1478//1395 1477//1394 1388//1300 
f 1478//1395 1388//1300 1476//1393 
f 1478//1395 1476//1393 1475//1392 
f 1479//1396 1478//1395 1475//1392 
f 1479//1396 1475//1392 1474//1391 
f 1323//1231 1479//1396 1474//1391 
f 1324//1232 1323//1231 1474//1391 
f 1324//1232 1474//1391 1328//1236 
f 1377//1289 1378//1290 1384//1296 
f 1480//1397 1377//1289 1384//1296 
f 1480//1397 1384//1296 1477//1394 
f 1481//1398 1480//1397 1477//1394 
f 1482//1399 1481//1398 1477//1394 
f 1482//1399 1477//1394 1478//1395 
f 1479//1396 1482//1399 1478//1395 
f 1483//1400 1333//1241 1330//1238 
f 1483//1400 1330//1238 1329//1237 
f 1484//1401 1483//1400 1329//1237 
f 1484//1401 1329//1237 1328//1236 
f 1485//1402 1484//1401 1328//1236 
f 1485//1402 1328//1236 1473//1390 
f 1486//1403 1485//1402 1473//1390 
f 1486//1403 1473//1390 1476//1393 
f 1387//1299 1486//1403 1476//1393 
f 1387//1299 1476//1393 1388//1300 
f 60//1404 1487//1405 1488//1406 
f 59//1407 60//1404 1488//1406 
f 59//1407 1488//1406 1489//1408 
f 58//1409 59//1407 1489//1408 
f 58//1409 1489//1408 1490//1410 
f 1491//1411 58//1409 1490//1410 
f 1492//1412 1493//1413 1489//1408 
f 1494//1414 1492//1412 1489//1408 
f 1494//1414 1489//1408 1488//1406 
f 1495//1415 1494//1414 1488//1406 
f 1495//1415 1488//1406 1487//1405 
f 1496//1416 1495//1415 1487//1405 
f 1496//1416 1487//1405 60//1404 
f 46//1417 1496//1416 60//1404 
f 1497//1418 1498//1419 1499//1420 
f 1497//1418 1499//1420 1493//1413 
f 1500//1421 1497//1418 1493//1413 
f 1500//1421 1493//1413 1492//1412 
f 1501//1422 1500//1421 1492//1412 
f 1501//1422 1492//1412 1494//1414 
f 1502//1423 1501//1422 1494//1414 
f 1502//1423 1494//1414 1495//1415 
f 1503//1424 1502//1423 1495//1415 
f 1503//1424 1495//1415 1496//1416 
f 1504//1425 1505//1426 1506//1427 
f 1503//1424 1504//1425 1506//1427 
f 1504//1425 1503//1424 1496//1416 
f 1504//1425 1496//1416 46//1417 
f 1504//1425 46//1417 49//1428 
f 1507//1429 1504//1425 49//1428 
f 1507//1429 49//1428 1508//1430 
f 1509//1431 1510//1432 1511//1433 
f 1508//1430 1509//1431 1511//1433 
f 1508//1430 1511//1433 1512//1434 
f 1507//1429 1508//1430 1512//1434 
f 1507//1429 1512//1434 1513//1435 
f 1507//1429 1513//1435 1514//1436 
f 1507//1429 1514//1436 1515//1437 
f 1504//1425 1507//1429 1515//1437 
f 1504//1425 1515//1437 1516//1438 
f 1505//1426 1504//1425 1516//1438 
f 1412//1327 1421//1336 1517//1439 
f 1518//1440 1412//1327 1517//1439 
f 1519//1441 1518//1440 1517//1439 
f 1519//1441 1517//1439 1520//1442 
f 1519//1441 1520//1442 1521//1443 
f 1522//1444 1519//1441 1521//1443 
f 1522//1444 1521//1443 1523//1445 
f 1510//1432 1522//1444 1523//1445 
f 1510//1432 1523//1445 1524//1446 
f 1510//1432 1524//1446 1511//1433 
f 1198//1100 1197//1099 1525//1447 
f 1199//1101 1198//1100 1525//1447 
f 1218//1120 1199//1101 1525//1447 
f 1218//1120 1525//1447 1526//1448 
f 1215//1117 1218//1120 1526//1448 
f 1215//1117 1526//1448 1527//1449 
f 1215//1117 1527//1449 1528//1450 
f 1213//1115 1215//1117 1528//1450 
f 1213//1115 1528//1450 1529//1451 
f 1210//1112 1213//1115 1529//1451 
f 1530//1452 1210//1112 1529//1451 
f 1530//1452 1529//1451 1531//1453 
f 1532//1454 1530//1452 1531//1453 
f 1532//1454 1531//1453 1533//1455 
f 1532//1454 1533//1455 1534//1456 
f 1535//1457 1532//1454 1534//1456 
f 1535//1457 1534//1456 1536//1458 
f 1536//1458 1155//1053 1156//1054 
f 1536//1458 1156//1054 1160//1059 
f 1535//1457 1536//1458 1160//1059 
f 1535//1457 1160//1059 1161//1060 
f 1535//1457 1161//1060 1537//1459 
f 1532//1454 1535//1457 1537//1459 
f 1532//1454 1537//1459 1538//1460 
f 1530//1452 1532//1454 1538//1460 
f 1530//1452 1538//1460 1211//1113 
f 1210//1112 1530//1452 1211//1113 
f 1161//1060 1159//1058 1167//1067 
f 1161//1060 1167//1067 1539//1461 
f 1537//1459 1161//1060 1539//1461 
f 1537//1459 1539//1461 1540//1462 
f 1538//1460 1537//1459 1540//1462 
f 1538//1460 1540//1462 1541//1463 
f 1211//1113 1538//1460 1541//1463 
f 1211//1113 1541//1463 1542//1464 
f 1212//1114 1211//1113 1542//1464 
f 1212//1114 1542//1464 1220//1122 
f 1543//1465 1544//1466 1545//1467 
f 1543//1465 1545//1467 1546//1468 
f 1547//1469 1543//1465 1546//1468 
f 1547//1469 1546//1468 1548//1470 
f 1549//1471 1547//1469 1548//1470 
f 1549//1471 1548//1470 1550//1472 
f 1551//1473 1549//1471 1550//1472 
f 1551//1473 1550//1472 1552//1474 
f 1553//1475 1551//1473 1552//1474 
f 1553//1475 1552//1474 1554//1476 
f 1551//1473 1555//1477 1556//1478 
f 1549//1471 1551//1473 1556//1478 
f 1549//1471 1556//1478 1557//1479 
f 1547//1469 1549//1471 1557//1479 
f 1547//1469 1557//1479 1558//1480 
f 1543//1465 1547//1469 1558//1480 
f 1543//1465 1558//1480 1559//1481 
f 1544//1466 1543//1465 1559//1481 
f 1560//1482 1544//1466 1559//1481 
f 1560//1482 1559//1481 1561//1483 
f 1562//1484 1561//1483 1559//1481 
f 1562//1484 1559//1481 1558//1480 
f 1563//1485 1562//1484 1558//1480 
f 1564//1486 1563//1485 1558//1480 
f 1565//1487 1564//1486 1558//1480 
f 1565//1487 1558//1480 1557//1479 
f 1566//1488 1565//1487 1557//1479 
f 1566//1488 1557//1479 1556//1478 
f 1566//1488 1556//1478 1555//1477 
f 1567//1489 1566//1488 1555//1477 
f 1568//1490 1569//1491 1570//1492 
f 1568//1490 1570//1492 1571//1493 
f 1568//1490 1571//1493 1562//1484 
f 1563//1485 1568//1490 1562//1484 
f 1572//1494 1499//1420 1573//1495 
f 1574//1496 1572//1494 1573//1495 
f 1574//1496 1573//1495 1575//1497 
f 1576//1498 1574//1496 1575//1497 
f 1576//1498 1575//1497 1577//1499 
f 1570//1492 1576//1498 1577//1499 
f 1570//1492 1577//1499 1578//1500 
f 1571//1493 1570//1492 1578//1500 
f 1571//1493 1578//1500 1561//1483 
f 1562//1484 1571//1493 1561//1483 
f 1579//1501 1560//1482 1561//1483 
f 1579//1501 1561//1483 1578//1500 
f 1580//1502 1579//1501 1578//1500 
f 1580//1502 1578//1500 1577//1499 
f 1581//1503 1580//1502 1577//1499 
f 1581//1503 1577//1499 1575//1497 
f 1582//1504 1581//1503 1575//1497 
f 1582//1504 1575//1497 1573//1495 
f 1498//1419 1582//1504 1573//1495 
f 1498//1419 1573//1495 1499//1420 
f 1583//1505 1491//1411 1490//1410 
f 1584//1506 1583//1505 1490//1410 
f 1585//1507 1584//1506 1490//1410 
f 1586//1508 1585//1507 1490//1410 
f 1586//1508 1490//1410 1489//1408 
f 1587//1509 1586//1508 1489//1408 
f 1587//1509 1489//1408 1493//1413 
f 1588//1510 1587//1509 1493//1413 
f 1588//1510 1493//1413 1499//1420 
f 1572//1494 1588//1510 1499//1420 
f 1589//1511 1586//1508 1587//1509 
f 1589//1511 1587//1509 1588//1510 
f 1590//1512 1589//1511 1588//1510 
f 1590//1512 1588//1510 1572//1494 
f 1590//1512 1572//1494 1574//1496 
f 1591//1513 1590//1512 1574//1496 
f 1591//1513 1574//1496 1576//1498 
f 1592//1514 1591//1513 1576//1498 
f 1569//1491 1592//1514 1576//1498 
f 1569//1491 1576//1498 1570//1492 
f 1593//1515 1428//1343 1429//1344 
f 1593//1515 1429//1344 1432//1347 
f 1593//1515 1432//1347 1431//1346 
f 1594//1516 1593//1515 1431//1346 
f 1595//1517 1596//1518 1597//1519 
f 1598//1520 1595//1517 1597//1519 
f 1599//1521 1598//1520 1597//1519 
f 1599//1521 1597//1519 1600//1522 
f 1601//1523 1599//1521 1600//1522 
f 1601//1523 1600//1522 1602//1524 
f 1601//1523 1602//1524 1594//1516 
f 1601//1523 1594//1516 1431//1346 
f 1603//1525 1601//1523 1431//1346 
f 1430//1345 1603//1525 1431//1346 
f 1603//1525 1430//1345 1442//1357 
f 1603//1525 1442//1357 1604//1526 
f 1603//1525 1604//1526 1605//1527 
f 1601//1523 1603//1525 1605//1527 
f 1601//1523 1605//1527 1606//1528 
f 1599//1521 1601//1523 1606//1528 
f 1599//1521 1606//1528 1607//1529 
f 1598//1520 1599//1521 1607//1529 
f 1598//1520 1607//1529 1608//1530 
f 1595//1517 1598//1520 1608//1530 
f 1605//1527 1604//1526 1609//1531 
f 1605//1527 1609//1531 1610//1532 
f 1606//1528 1605//1527 1610//1532 
f 1606//1528 1610//1532 1611//1533 
f 1607//1529 1606//1528 1611//1533 
f 1607//1529 1611//1533 1612//1534 
f 1608//1530 1607//1529 1612//1534 
f 1608//1530 1612//1534 1613//1535 
f 1614//1536 1608//1530 1613//1535 
f 1614//1536 1613//1535 1615//1537 
f 1595//1517 1608//1530 1614//1536 
f 1616//1538 1595//1517 1614//1536 
f 1616//1538 1614//1536 1617//1539 
f 1618//1540 1616//1538 1617//1539 
f 1618//1540 1617//1539 1619//1541 
f 1620//1542 1618//1540 1619//1541 
f 1620//1542 1619//1541 1621//1543 
f 1622//1544 1620//1542 1621//1543 
f 1622//1544 1621//1543 1453//1368 
f 1457//1374 1622//1544 1453//1368 
f 1457//1374 1458//1375 1623//1545 
f 1622//1544 1457//1374 1623//1545 
f 1622//1544 1623//1545 1624//1546 
f 1620//1542 1622//1544 1624//1546 
f 1618//1540 1620//1542 1624//1546 
f 1618//1540 1624//1546 1625//1547 
f 1616//1538 1618//1540 1625//1547 
f 1616//1538 1625//1547 1626//1548 
f 1616//1538 1626//1548 1596//1518 
f 1595//1517 1616//1538 1596//1518 
f 1627//1549 1553//1475 1554//1476 
f 1627//1549 1554//1476 1628//1550 
f 1629//1551 1627//1549 1628//1550 
f 1629//1551 1628//1550 1630//1552 
f 1631//1553 1629//1551 1630//1552 
f 1631//1553 1630//1552 1632//1554 
f 1505//1426 1631//1553 1632//1554 
f 1505//1426 1632//1554 1633//1555 
f 1506//1427 1505//1426 1633//1555 
f 1506//1427 1633//1555 1634//1556 
f 1503//1424 1506//1427 1634//1556 
f 1503//1424 1634//1556 1502//1423 
f 1505//1426 1516//1438 1635//1557 
f 1631//1553 1505//1426 1635//1557 
f 1631//1553 1635//1557 1636//1558 
f 1629//1551 1631//1553 1636//1558 
f 1629//1551 1636//1558 1637//1559 
f 1627//1549 1629//1551 1637//1559 
f 1627//1549 1637//1559 1638//1560 
f 1553//1475 1627//1549 1638//1560 
f 1553//1475 1638//1560 1555//1477 
f 1551//1473 1553//1475 1555//1477 
f 1567//1489 1555//1477 1638//1560 
f 1639//1561 1567//1489 1638//1560 
f 1640//1562 1639//1561 1638//1560 
f 1640//1562 1638//1560 1637//1559 
f 1641//1563 1640//1562 1637//1559 
f 1641//1563 1637//1559 1636//1558 
f 1641//1563 1636//1558 1635//1557 
f 1642//1564 1641//1563 1635//1557 
f 1642//1564 1635//1557 1516//1438 
f 1515//1437 1642//1564 1516//1438 
f 1643//1565 1290//1192 1291//1193 
f 1643//1565 1291//1193 1644//1566 
f 1643//1565 1644//1566 1645//1567 
f 1646//1568 1643//1565 1645//1567 
f 1646//1568 1645//1567 1647//1569 
f 1648//1570 1646//1568 1647//1569 
f 1649//1571 1648//1570 1647//1569 
f 1650//1572 1649//1571 1647//1569 
f 1650//1572 1647//1569 1150//1047 
f 1149//1046 1650//1572 1150//1047 
f 1651//1573 1182//1084 1184//1086 
f 1652//1574 1651//1573 1184//1086 
f 1652//1574 1184//1086 1653//1575 
f 1654//1576 1652//1574 1653//1575 
f 1654//1576 1653//1575 1655//1577 
f 1656//1578 1654//1576 1655//1577 
f 1657//1579 1656//1578 1655//1577 
f 1657//1579 1655//1577 1658//1580 
f 1657//1579 1658//1580 1491//1411 
f 1583//1505 1657//1579 1491//1411 
f 1617//1539 1614//1536 1615//1537 
f 1617//1539 1615//1537 1659//1581 
f 1619//1541 1617//1539 1659//1581 
f 1619//1541 1659//1581 1660//1582 
f 1621//1543 1619//1541 1660//1582 
f 1621//1543 1660//1582 1661//1583 
f 1453//1368 1621//1543 1661//1583 
f 1453//1368 1661//1583 1662//1584 
f 1454//1369 1453//1368 1662//1584 
f 1454//1369 1662//1584 1663//1585 
f 1445//1360 1454//1369 1663//1585 
f 1445//1360 1663//1585 1446//1361 
f 1664//1586 795//692 794//691 
f 1665//1587 1664//1586 794//691 
f 1665//1587 794//691 798//695 
f 1664//1586 1666//1588 795//692 
f 1666//1588 800//697 795//692 
f 1667//1589 1666//1588 1664//1586 
f 1668//1590 1664//1586 1665//1587 
f 1668//1590 1667//1589 1664//1586 
f 1669//1591 1665//1587 798//695 
f 1670//1592 1665//1587 1669//1591 
f 1670//1592 1668//1590 1665//1587 
f 1669//1591 798//695 802//699 
f 1667//1589 1671//1593 1666//1588 
f 1666//1588 1672//1594 800//697 
f 1671//1593 1672//1594 1666//1588 
f 1672//1594 807//704 800//697 
f 1673//1595 1671//1593 1667//1589 
f 1674//1596 1667//1589 1668//1590 
f 1674//1596 1673//1595 1667//1589 
f 1675//1597 1668//1590 1670//1592 
f 1675//1597 1674//1596 1668//1590 
f 1676//1598 1669//1591 802//699 
f 1677//1599 1669//1591 1676//1598 
f 1677//1599 1670//1592 1669//1591 
f 1678//1600 1670//1592 1677//1599 
f 1678//1600 1675//1597 1670//1592 
f 1676//1598 802//699 810//707 
f 1671//1593 1679//1601 1672//1594 
f 1680//1602 1679//1601 1671//1593 
f 1673//1595 1680//1602 1671//1593 
f 1672//1594 1681//1603 807//704 
f 1679//1601 1681//1603 1672//1594 
f 1682//1604 807//704 1681//1603 
f 1682//1604 816//713 807//704 
f 1683//1605 1680//1602 1673//1595 
f 1684//1606 1673//1595 1674//1596 
f 1684//1606 1683//1605 1673//1595 
f 1685//1607 1674//1596 1675//1597 
f 1685//1607 1684//1606 1674//1596 
f 1686//1608 1675//1597 1678//1600 
f 1686//1608 1685//1607 1675//1597 
f 1687//1609 1676//1598 810//707 
f 1688//1610 1676//1598 1687//1609 
f 1688//1610 1677//1599 1676//1598 
f 1689//1611 1677//1599 1688//1610 
f 1689//1611 1678//1600 1677//1599 
f 1690//1612 1678//1600 1689//1611 
f 1690//1612 1686//1608 1678//1600 
f 1687//1609 810//707 821//718 
f 1679//1601 1691//1613 1681//1603 
f 1692//1614 1691//1613 1679//1601 
f 1680//1602 1692//1614 1679//1601 
f 1693//1615 1692//1614 1680//1602 
f 1683//1605 1693//1615 1680//1602 
f 1694//1616 1681//1603 1691//1613 
f 1694//1616 1682//1604 1681//1603 
f 1682//1604 830//727 816//713 
f 1682//1604 1695//1617 830//727 
f 1694//1616 1695//1617 1682//1604 
f 1696//1618 1687//1609 821//718 
f 1697//1619 1687//1609 1696//1618 
f 1697//1619 1688//1610 1687//1609 
f 1698//1620 1688//1610 1697//1619 
f 1698//1620 1689//1611 1688//1610 
f 1699//1621 1689//1611 1698//1620 
f 1699//1621 1690//1612 1689//1611 
f 1696//1618 821//718 836//733 
f 1700//1622 1694//1616 1691//1613 
f 1692//1614 1700//1622 1691//1613 
f 1701//1623 1700//1622 1692//1614 
f 1693//1615 1701//1623 1692//1614 
f 1694//1616 1702//1624 1695//1617 
f 1703//1625 1702//1624 1694//1616 
f 1700//1622 1703//1625 1694//1616 
f 1695//1617 846//743 830//727 
f 1695//1617 1704//1626 846//743 
f 1702//1624 1704//1626 1695//1617 
f 1705//1627 1696//1618 836//733 
f 1706//1628 1696//1618 1705//1627 
f 1706//1628 1697//1619 1696//1618 
f 1707//1629 1697//1619 1706//1628 
f 1707//1629 1698//1620 1697//1619 
f 1708//1630 1698//1620 1707//1629 
f 1708//1630 1699//1621 1698//1620 
f 1705//1627 836//733 854//751 
f 1709//1631 1703//1625 1700//1622 
f 1701//1623 1709//1631 1700//1622 
f 1702//1624 1710//1632 1704//1626 
f 1711//1633 1710//1632 1702//1624 
f 1703//1625 1711//1633 1702//1624 
f 1712//1634 1711//1633 1703//1625 
f 1709//1631 1712//1634 1703//1625 
f 1704//1626 865//762 846//743 
f 1704//1626 1713//1635 865//762 
f 1710//1632 1713//1635 1704//1626 
f 1714//1636 1705//1627 854//751 
f 1715//1637 1705//1627 1714//1636 
f 1715//1637 1706//1628 1705//1627 
f 1716//1638 1706//1628 1715//1637 
f 1716//1638 1707//1629 1706//1628 
f 1717//1639 1707//1629 1716//1638 
f 1717//1639 1708//1630 1707//1629 
f 1714//1636 854//751 875//772 
f 1710//1632 1718//1640 1713//1635 
f 1719//1641 1718//1640 1710//1632 
f 1711//1633 1719//1641 1710//1632 
f 1720//1642 1719//1641 1711//1633 
f 1712//1634 1720//1642 1711//1633 
f 1713//1635 879//776 865//762 
f 1713//1635 1721//1643 879//776 
f 1718//1640 1721//1643 1713//1635 
f 1722//1644 1714//1636 875//772 
f 1723//1645 1714//1636 1722//1644 
f 1723//1645 1715//1637 1714//1636 
f 1724//1646 1715//1637 1723//1645 
f 1724//1646 1716//1638 1715//1637 
f 1725//1647 1716//1638 1724//1646 
f 1725//1647 1717//1639 1716//1638 
f 1722//1644 875//772 890//787 
f 1718//1640 1726//1648 1721//1643 
f 1727//1649 1726//1648 1718//1640 
f 1719//1641 1727//1649 1718//1640 
f 1728//1650 1727//1649 1719//1641 
f 1720//1642 1728//1650 1719//1641 
f 1721//1643 893//790 879//776 
f 1721//1643 1729//1651 893//790 
f 1726//1648 1729//1651 1721//1643 
f 1730//1652 1722//1644 890//787 
f 1731//1653 1722//1644 1730//1652 
f 1731//1653 1723//1645 1722//1644 
f 1732//1654 1723//1645 1731//1653 
f 1732//1654 1724//1646 1723//1645 
f 1733//1655 1724//1646 1732//1654 
f 1733//1655 1725//1647 1724//1646 
f 1730//1652 890//787 905//802 
f 1726//1648 1734//1656 1729//1651 
f 1735//1657 1734//1656 1726//1648 
f 1727//1649 1735//1657 1726//1648 
f 1736//1658 1735//1657 1727//1649 
f 1728//1650 1736//1658 1727//1649 
f 1729//1651 907//804 893//790 
f 1729//1651 1737//1659 907//804 
f 1734//1656 1737//1659 1729//1651 
f 1738//1660 1730//1652 905//802 
f 1739//1661 1730//1652 1738//1660 
f 1739//1661 1731//1653 1730//1652 
f 1740//1662 1731//1653 1739//1661 
f 1740//1662 1732//1654 1731//1653 
f 1741//1663 1732//1654 1740//1662 
f 1741//1663 1733//1655 1732//1654 
f 1734//1656 1742//1664 1737//1659 
f 1737//1659 971//868 907//804 
f 1737//1659 1743//1665 971//868 
f 1742//1664 1743//1665 1737//1659 
f 1744//1666 1739//1661 1738//1660 
f 1744//1666 1738//1660 1745//1667 
f 1745//1667 1738//1660 920//817 
f 1738//1660 905//802 920//817 
f 1746//1668 1739//1661 1744//1666 
f 1746//1668 1740//1662 1739//1661 
f 1747//1669 1740//1662 1746//1668 
f 1747//1669 1741//1663 1740//1662 
f 1742//1664 1748//1670 1743//1665 
f 1749//1671 1748//1670 1742//1664 
f 1750//1672 1742//1664 1734//1656 
f 1735//1657 1750//1672 1734//1656 
f 1736//1658 1751//1673 1735//1657 
f 1751//1673 1750//1672 1735//1657 
f 1743//1665 947//844 971//868 
f 1743//1665 1752//1674 947//844 
f 1748//1670 1752//1674 1743//1665 
f 1753//1675 1744//1666 1745//1667 
f 1745//1667 920//817 930//827 
f 1754//1676 1747//1669 1746//1668 
f 1754//1676 1746//1668 1755//1677 
f 1748//1670 1756//1678 1752//1674 
f 1751//1673 1757//1679 1750//1672 
f 1752//1674 943//840 947//844 
f 1752//1674 1758//1680 943//840 
f 1756//1678 1758//1680 1752//1674 
f 1753//1675 1745//1667 1759//1681 
f 1759//1681 1745//1667 930//827 
f 1755//1677 1744//1666 1753//1675 
f 1759//1681 930//827 937//834 
f 1756//1678 1760//1682 1758//1680 
f 1761//1683 1760//1682 1756//1678 
f 1762//1684 1756//1678 1748//1670 
f 1762//1684 1761//1683 1756//1678 
f 1749//1671 1762//1684 1748//1670 
f 1757//1679 1749//1671 1750//1672 
f 1757//1679 1763//1685 1749//1671 
f 1763//1685 1762//1684 1749//1671 
f 1758//1680 944//841 943//840 
f 1758//1680 1764//1686 944//841 
f 1760//1682 1764//1686 1758//1680 
f 1765//1687 1759//1681 937//834 
f 1766//1688 1759//1681 1765//1687 
f 1766//1688 1753//1675 1759//1681 
f 1767//1689 1753//1675 1766//1688 
f 1767//1689 1755//1677 1753//1675 
f 1755//1677 1746//1668 1744//1666 
f 1768//1690 1755//1677 1767//1689 
f 1768//1690 1754//1676 1755//1677 
f 1765//1687 937//834 950//847 
f 1760//1682 1769//1691 1764//1686 
f 1770//1692 1769//1691 1760//1682 
f 1761//1683 1770//1692 1760//1682 
f 1771//1693 1770//1692 1761//1683 
f 1772//1694 1761//1683 1762//1684 
f 1763//1685 1772//1694 1762//1684 
f 1750//1672 1749//1671 1742//1664 
f 1764//1686 957//854 944//841 
f 1764//1686 1773//1695 957//854 
f 1769//1691 1773//1695 1764//1686 
f 1774//1696 1765//1687 950//847 
f 1775//1697 1765//1687 1774//1696 
f 1767//1689 1766//1688 1775//1697 
f 1775//1697 1766//1688 1765//1687 
f 1774//1696 950//847 959//856 
f 1769//1691 1776//1698 1773//1695 
f 1772//1694 1771//1693 1761//1683 
f 1773//1695 968//865 957//854 
f 1773//1695 1777//1699 968//865 
f 1776//1698 1777//1699 1773//1695 
f 1778//1700 1774//1696 959//856 
f 1779//1701 1774//1696 1778//1700 
f 1779//1701 1775//1697 1774//1696 
f 1780//1702 1775//1697 1779//1701 
f 1780//1702 1781//1703 1775//1697 
f 1767//1689 1775//1697 1781//1703 
f 1782//1704 1767//1689 1781//1703 
f 1782//1704 1768//1690 1767//1689 
f 1783//1705 1782//1704 1781//1703 
f 1783//1705 1781//1703 1780//1702 
f 1778//1700 959//856 976//873 
f 1776//1698 1784//1706 1777//1699 
f 1785//1707 1784//1706 1776//1698 
f 1786//1708 1776//1698 1769//1691 
f 1770//1692 1786//1708 1769//1691 
f 1771//1693 1787//1709 1770//1692 
f 1787//1709 1786//1708 1770//1692 
f 1777//1699 985//882 968//865 
f 1777//1699 1788//1710 985//882 
f 1784//1706 1788//1710 1777//1699 
f 1789//1711 1778//1700 976//873 
f 1790//1712 1778//1700 1789//1711 
f 1790//1712 1779//1701 1778//1700 
f 1791//1713 1779//1701 1790//1712 
f 1791//1713 1780//1702 1779//1701 
f 1792//1714 1780//1702 1791//1713 
f 1792//1714 1783//1705 1780//1702 
f 1789//1711 976//873 991//888 
f 1784//1706 1793//1715 1788//1710 
f 1787//1709 1794//1716 1786//1708 
f 1795//1717 1789//1711 991//888 
f 1796//1718 1791//1713 1790//1712 
f 1797//1719 1791//1713 1796//1718 
f 1797//1719 1792//1714 1791//1713 
f 1795//1717 991//888 1019//916 
f 1798//1720 1793//1715 1784//1706 
f 1798//1720 1799//1721 1793//1715 
f 1799//1721 1800//1722 1793//1715 
f 1793//1715 1800//1722 1801//1723 
f 1793//1715 1801//1723 1788//1710 
f 1785//1707 1798//1720 1784//1706 
f 1794//1716 1785//1707 1786//1708 
f 1794//1716 1802//1724 1785//1707 
f 1802//1724 1798//1720 1785//1707 
f 1803//1725 1795//1717 1019//916 
f 1804//1726 1795//1717 1803//1725 
f 1804//1726 1805//1727 1795//1717 
f 1805//1727 1789//1711 1795//1717 
f 1806//1728 1797//1719 1796//1718 
f 1803//1725 1019//916 1029//926 
f 1807//1729 1799//1721 1798//1720 
f 1802//1724 1807//1729 1798//1720 
f 1807//1729 1808//1730 1799//1721 
f 1808//1730 1809//1731 1799//1721 
f 1799//1721 1809//1731 1800//1722 
f 1800//1722 1810//1732 1801//1723 
f 1800//1722 1811//1733 1810//1732 
f 1809//1731 1811//1733 1800//1722 
f 1801//1723 1810//1732 1036//933 
f 1801//1723 1036//933 1025//922 
f 1788//1710 1801//1723 1025//922 
f 1788//1710 1025//922 985//882 
f 1786//1708 1785//1707 1776//1698 
f 1812//1734 1803//1725 1029//926 
f 1813//1735 1805//1727 1804//1726 
f 1805//1727 1790//1712 1789//1711 
f 1806//1728 1796//1718 1813//1735 
f 1813//1735 1796//1718 1805//1727 
f 1796//1718 1790//1712 1805//1727 
f 1812//1734 1029//926 1032//929 
f 1808//1730 1814//1736 1809//1731 
f 1810//1732 1037//934 1036//933 
f 1815//1737 1812//1734 1032//929 
f 1816//1738 1812//1734 1815//1737 
f 1817//1739 1806//1728 1813//1735 
f 1815//1737 1032//929 1045//942 
f 1814//1736 1818//1740 1819//1741 
f 1810//1732 1820//1742 1037//934 
f 1820//1742 1143//1040 1037//934 
f 1811//1733 1820//1742 1810//1732 
f 1821//1743 1815//1737 1045//942 
f 1821//1743 1045//942 1058//955 
f 1820//1742 1822//1744 1143//1040 
f 1823//1745 1822//1744 1820//1742 
f 1822//1744 1142//1039 1143//1040 
f 1811//1733 1823//1745 1820//1742 
f 1824//1746 1821//1743 1058//955 
f 1824//1746 1058//955 1076//973 
f 1822//1744 1825//1747 1142//1039 
f 1825//1747 1129//1026 1142//1039 
f 1826//1748 1824//1746 1076//973 
f 1827//1749 1824//1746 1826//1748 
f 1826//1748 1076//973 1141//1038 
f 1828//1750 1826//1748 1141//1038 
f 1828//1750 1141//1038 1122//1019 
f 1829//1751 1828//1750 1122//1019 
f 1830//1752 1828//1750 1829//1751 
f 1830//1752 1831//1753 1828//1750 
f 1829//1751 1122//1019 1120//1017 
f 1832//1754 1829//1751 1120//1017 
f 1833//1755 1829//1751 1832//1754 
f 1833//1755 1830//1752 1829//1751 
f 1834//1756 1831//1753 1830//1752 
f 1835//1757 1830//1752 1833//1755 
f 1834//1756 1836//1758 1831//1753 
f 1832//1754 1120//1017 1119//1016 
f 1837//1759 1832//1754 1119//1016 
f 1837//1759 1119//1016 1129//1026 
f 1838//1760 1832//1754 1837//1759 
f 1838//1760 1833//1755 1832//1754 
f 1839//1761 1835//1757 1833//1755 
f 1839//1761 1833//1755 1838//1760 
f 1840//1762 1841//1763 1842//1764 
f 1840//1762 1842//1764 1843//1765 
f 1844//1766 1835//1757 1839//1761 
f 1844//1766 1845//1767 1835//1757 
f 1846//1768 1844//1766 1839//1761 
f 1825//1747 1837//1759 1129//1026 
f 1847//1769 1837//1759 1825//1747 
f 1847//1769 1838//1760 1837//1759 
f 1848//1770 1838//1760 1847//1769 
f 1848//1770 1839//1761 1838//1760 
f 1846//1768 1839//1761 1848//1770 
f 1843//1765 1842//1764 1849//1771 
f 1842//1764 1850//1772 1849//1771 
f 1842//1764 1851//1773 1850//1772 
f 1841//1763 1851//1773 1842//1764 
f 1852//1774 1840//1762 1843//1765 
f 1852//1774 1843//1765 1836//1758 
f 1845//1767 1834//1756 1835//1757 
f 1835//1757 1834//1756 1830//1752 
f 1845//1767 1853//1775 1834//1756 
f 1853//1775 1852//1774 1836//1758 
f 1853//1775 1836//1758 1834//1756 
f 1854//1776 1846//1768 1848//1770 
f 1855//1777 1848//1770 1847//1769 
f 1854//1776 1848//1770 1855//1777 
f 1855//1777 1847//1769 1856//1778 
f 1856//1778 1847//1769 1825//1747 
f 1849//1771 1850//1772 1821//1743 
f 1849//1771 1821//1743 1824//1746 
f 1827//1749 1849//1771 1824//1746 
f 1843//1765 1849//1771 1827//1749 
f 1836//1758 1843//1765 1827//1749 
f 1850//1772 1815//1737 1821//1743 
f 1850//1772 1816//1738 1815//1737 
f 1857//1779 1854//1776 1855//1777 
f 1857//1779 1855//1777 1858//1780 
f 1858//1780 1855//1777 1856//1778 
f 1856//1778 1825//1747 1822//1744 
f 1823//1745 1856//1778 1822//1744 
f 1858//1780 1856//1778 1823//1745 
f 1851//1773 1816//1738 1850//1772 
f 1851//1773 1859//1781 1816//1738 
f 1859//1781 1860//1782 1816//1738 
f 1816//1738 1860//1782 1812//1734 
f 1818//1740 1857//1779 1858//1780 
f 1818//1740 1858//1780 1819//1741 
f 1819//1741 1858//1780 1823//1745 
f 1819//1741 1823//1745 1811//1733 
f 1861//1783 1859//1781 1851//1773 
f 1841//1763 1861//1783 1851//1773 
f 1861//1783 1862//1784 1859//1781 
f 1862//1784 1863//1785 1859//1781 
f 1859//1781 1863//1785 1860//1782 
f 1860//1782 1803//1725 1812//1734 
f 1860//1782 1804//1726 1803//1725 
f 1863//1785 1804//1726 1860//1782 
f 1809//1731 1819//1741 1811//1733 
f 1814//1736 1819//1741 1809//1731 
f 1862//1784 1817//1739 1863//1785 
f 1817//1739 1813//1735 1863//1785 
f 1863//1785 1813//1735 1804//1726 
f 1831//1753 1826//1748 1828//1750 
f 1831//1753 1827//1749 1826//1748 
f 1836//1758 1827//1749 1831//1753 
f 1864//1786 1149//1787 1145//1788 
f 1144//1789 1864//1786 1145//1788 
f 1865//1790 1866//1791 1867//1792 
f 1865//1790 1867//1792 1868//1793 
f 1864//1786 1865//1790 1868//1793 
f 1864//1786 1868//1793 1869//1794 
f 1149//1787 1864//1786 1869//1794 
f 1650//1795 1149//1787 1869//1794 
f 1649//1796 1650//1795 1869//1794 
f 1649//1796 1869//1794 1870//1797 
f 1648//1798 1649//1796 1870//1797 
f 1648//1798 1870//1797 1871//1799 
f 1870//1797 1872//1800 1871//1799 
f 1870//1797 1869//1794 1868//1793 
f 1872//1800 1870//1797 1868//1793 
f 1872//1800 1868//1793 1867//1792 
f 1872//1800 1867//1792 1873//1801 
f 1872//1800 1873//1801 1874//1802 
f 1871//1799 1872//1800 1874//1802 
f 1871//1799 1874//1802 1875//1803 
f 1876//1804 1877//1805 1878//1806 
f 1876//1804 1878//1806 1875//1803 
f 1879//1807 1876//1804 1875//1803 
f 1879//1807 1875//1803 1874//1802 
f 1880//1808 1879//1807 1874//1802 
f 1880//1808 1874//1802 1873//1801 
f 1881//1809 1880//1808 1873//1801 
f 1882//1810 1881//1809 1873//1801 
f 1882//1810 1873//1801 1867//1792 
f 1866//1791 1882//1810 1867//1792 
f 1883//1811 1877//1805 1876//1804 
f 1884//1812 1883//1811 1876//1804 
f 1884//1812 1876//1804 1879//1807 
f 1885//1813 1883//1811 1884//1812 
f 1886//1814 1885//1813 1884//1812 
f 1886//1814 1884//1812 1879//1807 
f 1886//1814 1879//1807 1880//1808 
f 1887//1815 1886//1814 1880//1808 
f 1887//1815 1880//1808 1881//1809 
f 1864//1786 1888//1816 1889//1817 
f 1865//1790 1864//1786 1889//1817 
f 1865//1790 1889//1817 1890//1818 
f 1866//1791 1865//1790 1890//1818 
f 1866//1791 1890//1818 1891//1819 
f 1882//1810 1866//1791 1891//1819 
f 1882//1810 1891//1819 1892//1820 
f 1881//1809 1882//1810 1892//1820 
f 1881//1809 1892//1820 1893//1821 
f 1887//1815 1881//1809 1893//1821 
f 1891//1819 1894//1822 1892//1820 
f 1895//1823 1891//1819 1890//1818 
f 1896//1824 1895//1823 1890//1818 
f 1897//1825 1896//1824 1890//1818 
f 1897//1825 1890//1818 1889//1817 
f 1898//1826 1897//1825 1889//1817 
f 1898//1826 1889//1817 1888//1816 
f 1899//1827 1898//1826 1888//1816 
f 1533//1828 1897//1825 1898//1826 
f 1534//1829 1533//1828 1898//1826 
f 1536//1830 1534//1829 1898//1826 
f 1536//1830 1898//1826 1899//1827 
f 1155//1831 1536//1830 1899//1827 
f 1148//1832 1155//1831 1899//1827 
f 1147//1833 1148//1832 1899//1827 
f 1144//1789 1147//1833 1899//1827 
f 1144//1789 1899//1827 1888//1816 
f 1864//1786 1144//1789 1888//1816 
f 1900//1834 1901//1835 1894//1822 
f 1900//1834 1894//1822 1891//1819 
f 1902//1836 1900//1834 1891//1819 
f 1902//1836 1891//1819 1895//1823 
f 1903//1837 1902//1836 1895//1823 
f 1903//1837 1895//1823 1896//1824 
f 1529//1838 1903//1837 1896//1824 
f 1531//1839 1529//1838 1896//1824 
f 1531//1839 1896//1824 1897//1825 
f 1533//1828 1531//1839 1897//1825 
f 1529//1838 1528//1840 1903//1837 
f 1904//1841 1902//1836 1903//1837 
f 1904//1841 1903//1837 1528//1840 
f 1527//1842 1904//1841 1528//1840 
f 1527//1842 1905//1843 1906//1844 
f 1904//1841 1527//1842 1906//1844 
f 1904//1841 1906//1844 1907//1845 
f 1902//1836 1904//1841 1907//1845 
f 1902//1836 1907//1845 77//1846 
f 1900//1834 1902//1836 77//1846 
f 1900//1834 77//1846 76//1847 
f 1901//1835 1900//1834 76//1847 
f 1901//1835 76//1847 80//1848 
f 93//1849 77//1846 1907//1845 
f 1908//1850 93//1849 1907//1845 
f 1908//1850 1907//1845 1906//1844 
f 1909//1851 1908//1850 1906//1844 
f 1909//1851 1906//1844 1905//1843 
f 1910//1852 1909//1851 1905//1843 
f 1910//1852 1905//1843 1911//1853 
f 1912//1854 1910//1852 1911//1853 
f 1912//1854 1911//1853 1913//1855 
f 1914//1856 1912//1854 1913//1855 
f 93//1849 1908//1850 1909//1851 
f 91//1857 93//1849 1909//1851 
f 1910//1852 91//1857 1909//1851 
f 1194//1858 1191//1859 1915//1860 
f 1196//1861 1194//1858 1915//1860 
f 1196//1861 1915//1860 1916//1862 
f 1197//1863 1196//1861 1916//1862 
f 1197//1863 1916//1862 1913//1855 
f 1525//1864 1197//1863 1913//1855 
f 1525//1864 1913//1855 1911//1853 
f 1526//1865 1525//1864 1911//1853 
f 1526//1865 1911//1853 1905//1843 
f 1527//1842 1526//1865 1905//1843 
f 1914//1856 1913//1855 1916//1862 
f 1917//1866 1914//1856 1916//1862 
f 1917//1866 1916//1862 1915//1860 
f 1917//1866 1915//1860 1918//1867 
f 1919//1868 1917//1866 1918//1867 
f 1920//1869 1652//1870 1921//1871 
f 1920//1869 1921//1871 1922//1872 
f 1920//1869 1922//1872 1919//1868 
f 1182//1873 1920//1869 1919//1868 
f 1181//1874 1182//1873 1919//1868 
f 1189//1875 1181//1874 1919//1868 
f 1189//1875 1919//1868 1918//1867 
f 1923//1876 1189//1875 1918//1867 
f 1923//1876 1918//1867 1915//1860 
f 1191//1859 1923//1876 1915//1860 
f 1920//1869 1182//1873 1651//1877 
f 1652//1870 1920//1869 1651//1877 
f 1188//1878 1189//1875 1923//1876 
f 1187//1879 1188//1878 1923//1876 
f 1190//1880 1187//1879 1923//1876 
f 1190//1880 1923//1876 1191//1859 
f 1924//1881 1309//1882 1311//1883 
f 1312//1884 1924//1881 1311//1883 
f 1925//1885 1307//1886 1306//1887 
f 1925//1885 1306//1887 1309//1882 
f 1925//1885 1309//1882 1924//1881 
f 1926//1888 1925//1885 1924//1881 
f 1926//1888 1924//1881 1927//1889 
f 1928//1890 1926//1888 1927//1889 
f 1928//1890 1927//1889 1929//1891 
f 1928//1890 1929//1891 1930//1892 
f 1931//1893 1928//1890 1930//1892 
f 1931//1893 1930//1892 1932//1894 
f 1929//1891 1933//1895 1934//1896 
f 1930//1892 1929//1891 1934//1896 
f 1930//1892 1934//1896 1935//1897 
f 1932//1894 1930//1892 1935//1897 
f 1932//1894 1935//1897 1936//1898 
f 1937//1899 1932//1894 1936//1898 
f 1937//1899 1936//1898 1938//1900 
f 1939//1901 1937//1899 1938//1900 
f 1939//1901 1938//1900 1940//1902 
f 1941//1903 1939//1901 1940//1902 
f 1934//1896 1942//1904 1935//1897 
f 1942//1904 1943//1905 1944//1906 
f 1942//1904 1944//1906 1945//1907 
f 1935//1897 1942//1904 1945//1907 
f 1936//1898 1935//1897 1945//1907 
f 1936//1898 1945//1907 1946//1908 
f 1938//1900 1936//1898 1946//1908 
f 1938//1900 1946//1908 1947//1909 
f 1945//1907 1944//1906 1948//1910 
f 1946//1908 1945//1907 1948//1910 
f 1946//1908 1948//1910 1949//1911 
f 1947//1909 1946//1908 1949//1911 
f 1950//1912 1947//1909 1949//1911 
f 1940//1902 1938//1900 1947//1909 
f 1940//1902 1947//1909 1950//1912 
f 1951//1913 1940//1902 1950//1912 
f 1941//1903 1940//1902 1951//1913 
f 1952//1914 1941//1903 1951//1913 
f 1953//1915 1954//1916 1955//1917 
f 1956//1918 1953//1915 1955//1917 
f 1956//1918 1955//1917 1957//1919 
f 1958//1920 1959//1921 1960//1922 
f 1961//1923 1958//1920 1960//1922 
f 1961//1923 1960//1922 1941//1903 
f 1961//1923 1941//1903 1952//1914 
f 1962//1924 1961//1923 1952//1914 
f 1962//1924 1952//1914 1963//1925 
f 1953//1915 1962//1924 1963//1925 
f 1953//1915 1963//1925 1954//1916 
f 1962//1924 1958//1920 1961//1923 
f 1964//1926 1931//1893 1932//1894 
f 1964//1926 1932//1894 1937//1899 
f 1965//1927 1964//1926 1937//1899 
f 1965//1927 1937//1899 1939//1901 
f 1966//1928 1965//1927 1939//1901 
f 1966//1928 1939//1901 1941//1903 
f 1966//1928 1941//1903 1960//1922 
f 1967//1929 1966//1928 1960//1922 
f 1967//1929 1960//1922 1959//1921 
f 1968//1930 1967//1929 1959//1921 
f 1968//1930 1959//1921 1969//1931 
f 1968//1930 1969//1931 1970//1932 
f 1969//1931 1971//1933 1972//1934 
f 1970//1932 1969//1931 1972//1934 
f 1970//1932 1972//1934 1973//1935 
f 1968//1930 1970//1932 1973//1935 
f 1968//1930 1973//1935 1974//1936 
f 1967//1929 1968//1930 1974//1936 
f 1967//1929 1974//1936 1975//1937 
f 1976//1938 1967//1929 1975//1937 
f 1976//1938 1975//1937 1977//1939 
f 1978//1940 1976//1938 1977//1939 
f 1374//1941 1974//1936 1973//1935 
f 1979//1942 1374//1941 1973//1935 
f 1979//1942 1973//1935 1972//1934 
f 1980//1943 1979//1942 1972//1934 
f 1980//1943 1972//1934 1971//1933 
f 1981//1944 1980//1943 1971//1933 
f 1981//1944 1971//1933 1982//1945 
f 1983//1946 1981//1944 1982//1945 
f 1983//1946 1982//1945 1956//1918 
f 1979//1942 1980//1943 1984//1947 
f 1979//1942 1984//1947 1372//1948 
f 1374//1941 1979//1942 1372//1948 
f 1371//1949 1372//1948 1984//1947 
f 1983//1946 1956//1918 1957//1919 
f 1983//1946 1957//1919 1985//1950 
f 1981//1944 1983//1946 1985//1950 
f 1981//1944 1985//1950 1986//1951 
f 1980//1943 1981//1944 1986//1951 
f 1980//1943 1986//1951 1987//1952 
f 1984//1947 1980//1943 1987//1952 
f 1984//1947 1987//1952 1988//1953 
f 1371//1949 1984//1947 1988//1953 
f 1370//1954 1371//1949 1988//1953 
f 1985//1950 1957//1919 1989//1955 
f 1990//1956 1985//1950 1989//1955 
f 1990//1956 1989//1955 1991//1957 
f 1987//1952 1986//1951 1992//1958 
f 1988//1953 1987//1952 1992//1958 
f 1993//1959 1988//1953 1992//1958 
f 1993//1959 1992//1958 1994//1960 
f 1995//1961 1993//1959 1994//1960 
f 1995//1961 1994//1960 1996//1962 
f 1997//1963 1995//1961 1996//1962 
f 1370//1954 1988//1953 1993//1959 
f 1369//1964 1370//1954 1993//1959 
f 1369//1964 1993//1959 1995//1961 
f 1368//1965 1369//1964 1995//1961 
f 1367//1966 1368//1965 1995//1961 
f 1367//1966 1995//1961 1997//1963 
f 1366//1967 1367//1966 1997//1963 
f 1346//1968 1366//1967 1997//1963 
f 1345//1969 1346//1968 1997//1963 
f 1344//1970 1345//1969 1997//1963 
f 1998//1971 1471//1972 1343//1973 
f 1344//1970 1998//1971 1343//1973 
f 1344//1970 1997//1963 1996//1962 
f 1998//1971 1344//1970 1996//1962 
f 1998//1971 1996//1962 1994//1960 
f 1999//1974 1998//1971 1994//1960 
f 1999//1974 1994//1960 1992//1958 
f 2000//1975 1999//1974 1992//1958 
f 2000//1975 1992//1958 1986//1951 
f 2001//1976 2000//1975 1986//1951 
f 2001//1976 1986//1951 2002//1977 
f 2003//1978 2001//1976 2002//1977 
f 2004//1979 2005//1980 2006//1981 
f 2004//1979 2006//1981 2007//1982 
f 2008//1983 2004//1979 2007//1982 
f 2008//1983 2007//1982 2009//1984 
f 2010//1985 2008//1983 2009//1984 
f 2010//1985 2009//1984 2011//1986 
f 2003//1978 2010//1985 2011//1986 
f 2001//1976 2003//1978 2011//1986 
f 2001//1976 2011//1986 2012//1987 
f 2000//1975 2001//1976 2012//1987 
f 2013//1988 2005//1980 2004//1979 
f 2014//1989 2013//1988 2004//1979 
f 2014//1989 2004//1979 2008//1983 
f 2010//1985 2003//1978 2015//1990 
f 2010//1985 2015//1990 2016//1991 
f 2008//1983 2010//1985 2016//1991 
f 2014//1989 2008//1983 2016//1991 
f 2014//1989 2016//1991 2017//1992 
f 2013//1988 2014//1989 2017//1992 
f 2013//1988 2017//1992 2018//1993 
f 2013//1988 2018//1993 2019//1994 
f 2013//1988 2019//1994 2020//1995 
f 2005//1980 2013//1988 2020//1995 
f 2005//1980 2020//1995 2021//1996 
f 2005//1980 2021//1996 2022//1997 
f 2006//1981 2005//1980 2022//1997 
f 1625//1998 1624//1999 2021//1996 
f 1626//2000 1625//1998 2021//1996 
f 1626//2000 2021//1996 2020//1995 
f 1596//2001 1626//2000 2020//1995 
f 1596//2001 2020//1995 2019//1994 
f 1597//2002 1596//2001 2019//1994 
f 2023//2003 1597//2002 2019//1994 
f 2023//2003 2019//1994 2018//1993 
f 2024//2004 2023//2003 2018//1993 
f 2024//2004 2018//1993 2017//1992 
f 1600//2005 1597//2002 2023//2003 
f 2025//2006 1600//2005 2023//2003 
f 2025//2006 2023//2003 2024//2004 
f 2026//2007 2025//2006 2024//2004 
f 2026//2007 2024//2004 2027//2008 
f 2026//2007 2027//2008 2028//2009 
f 2029//2010 2026//2007 2028//2009 
f 2029//2010 2028//2009 2030//2011 
f 2031//2012 2029//2010 2030//2011 
f 2031//2012 2030//2011 2032//2013 
f 2026//2007 2029//2010 2031//2012 
f 2025//2006 2026//2007 2031//2012 
f 2025//2006 2031//2012 1602//2014 
f 1600//2005 2025//2006 1602//2014 
f 2032//2013 2030//2011 2033//2015 
f 2034//2016 2032//2013 2033//2015 
f 1602//2014 2031//2012 2032//2013 
f 1594//2017 1602//2014 2032//2013 
f 1594//2017 2032//2013 2034//2016 
f 1593//2018 1594//2017 2034//2016 
f 1593//2018 2034//2016 2035//2019 
f 1428//2020 1593//2018 2035//2019 
f 1428//2020 2035//2019 2036//2021 
f 1427//2022 1428//2020 2036//2021 
f 1427//2022 2036//2021 2037//2023 
f 1425//2024 1427//2022 2037//2023 
f 2033//2015 2038//2025 2039//2026 
f 2033//2015 2039//2026 2040//2027 
f 2034//2016 2033//2015 2040//2027 
f 2035//2019 2034//2016 2040//2027 
f 2035//2019 2040//2027 2041//2028 
f 2036//2021 2035//2019 2041//2028 
f 2036//2021 2041//2028 2042//2029 
f 2037//2023 2036//2021 2042//2029 
f 2037//2023 2042//2029 2043//2030 
f 2044//2031 2037//2023 2043//2030 
f 2040//2027 2039//2026 2041//2028 
f 1423//2032 1425//2024 2037//2023 
f 1423//2032 2037//2023 2044//2031 
f 1422//2033 1423//2032 2044//2031 
f 1418//2034 1422//2033 2044//2031 
f 1419//2035 1418//2034 2044//2031 
f 1420//2036 1419//2035 2044//2031 
f 1420//2036 2044//2031 2043//2030 
f 2045//2037 1420//2036 2043//2030 
f 2045//2037 2043//2030 2042//2029 
f 2046//2038 2045//2037 2042//2029 
f 2045//2037 1517//2039 1421//2040 
f 1420//2036 2045//2037 1421//2040 
f 2045//2037 2046//2038 2047//2041 
f 2045//2037 2047//2041 2048//2042 
f 1517//2039 2045//2037 2048//2042 
f 1520//2043 1517//2039 2048//2042 
f 1521//2044 1520//2043 2048//2042 
f 1521//2044 2048//2042 2049//2045 
f 1523//2046 1521//2044 2049//2045 
f 1523//2046 2049//2045 2050//2047 
f 1523//2046 2050//2047 2051//2048 
f 1524//2049 1523//2046 2051//2048 
f 2052//2050 2050//2047 2049//2045 
f 2047//2041 2052//2050 2049//2045 
f 2047//2041 2049//2045 2048//2042 
f 2047//2041 2053//2051 2052//2050 
f 2054//2052 2055//2053 2051//2048 
f 2054//2052 2051//2048 2050//2047 
f 2056//2054 2054//2052 2050//2047 
f 2056//2054 2050//2047 2052//2050 
f 2057//2055 2056//2054 2052//2050 
f 2057//2055 2052//2050 2053//2051 
f 2058//2056 2057//2055 2053//2051 
f 2059//2057 2058//2056 2053//2051 
f 2046//2038 2059//2057 2053//2051 
f 2046//2038 2053//2051 2047//2041 
f 2057//2055 2058//2056 2060//2058 
f 2057//2055 2060//2058 2061//2059 
f 2056//2054 2057//2055 2061//2059 
f 2056//2054 2061//2059 2062//2060 
f 2054//2052 2056//2054 2062//2060 
f 2054//2052 2062//2060 2063//2061 
f 2055//2053 2054//2052 2063//2061 
f 2055//2053 2063//2061 2064//2062 
f 2065//2063 2055//2053 2064//2062 
f 2066//2064 2065//2063 2064//2062 
f 2067//2065 2064//2062 2063//2061 
f 2068//2066 2067//2065 2063//2061 
f 2068//2066 2063//2061 2062//2060 
f 2069//2067 2067//2065 2068//2066 
f 2070//2068 2069//2067 2068//2066 
f 2070//2068 2068//2066 2062//2060 
f 2070//2068 2062//2060 2061//2059 
f 2071//2069 2070//2068 2061//2059 
f 2071//2069 2061//2059 2060//2058 
f 2070//2068 2071//2069 2072//2070 
f 2069//2067 2070//2068 2072//2070 
f 2069//2067 2072//2070 2073//2071 
f 2074//2072 2069//2067 2073//2071 
f 2075//2073 2074//2072 2073//2071 
f 2075//2073 2073//2071 2076//2074 
f 2077//2075 2078//2076 2079//2077 
f 2077//2075 2079//2077 2080//2078 
f 2076//2074 2077//2075 2080//2078 
f 2075//2073 2076//2074 2080//2078 
f 2075//2073 2080//2078 2081//2079 
f 2074//2072 2075//2073 2081//2079 
f 2074//2072 2081//2079 2082//2080 
f 2074//2072 2082//2080 2083//2081 
f 2069//2067 2074//2072 2083//2081 
f 2069//2067 2083//2081 2084//2082 
f 2067//2065 2069//2067 2084//2082 
f 2085//2083 2086//2084 2087//2085 
f 2082//2080 2085//2083 2087//2085 
f 2083//2081 2082//2080 2087//2085 
f 2088//2086 2066//2064 2064//2062 
f 2088//2086 2064//2062 2067//2065 
f 2089//2087 2088//2086 2067//2065 
f 2089//2087 2067//2065 2084//2082 
f 2090//2088 2089//2087 2084//2082 
f 2090//2088 2084//2082 2083//2081 
f 2091//2089 2090//2088 2083//2081 
f 2091//2089 2083//2081 2087//2085 
f 2092//2090 2091//2089 2087//2085 
f 2092//2090 2087//2085 2086//2084 
f 2093//2091 2092//2090 2086//2084 
f 2093//2091 2086//2084 2085//2083 
f 2094//2092 2093//2091 2085//2083 
f 1639//2093 2066//2064 2088//2086 
f 1567//2094 1639//2093 2088//2086 
f 1567//2094 2088//2086 2089//2087 
f 1566//2095 1567//2094 2089//2087 
f 1566//2095 2089//2087 2090//2088 
f 1565//2096 1566//2095 2090//2088 
f 1565//2096 2090//2088 2091//2089 
f 1564//2097 1565//2096 2091//2089 
f 1564//2097 2091//2089 2092//2090 
f 2095//2098 1564//2097 2092//2090 
f 1563//2099 1564//2097 2095//2098 
f 2095//2098 2096//2100 2097//2101 
f 1563//2099 2095//2098 2097//2101 
f 1563//2099 2097//2101 1568//2102 
f 2095//2098 2092//2090 2093//2091 
f 2096//2100 2095//2098 2093//2091 
f 2096//2100 2093//2091 2094//2092 
f 2098//2103 2096//2100 2094//2092 
f 2098//2103 2094//2092 2099//2104 
f 2100//2105 2098//2103 2099//2104 
f 2100//2105 2099//2104 2101//2106 
f 2102//2107 2100//2105 2101//2106 
f 2102//2107 2079//2077 2103//2108 
f 2102//2107 2103//2108 2104//2109 
f 2100//2105 2102//2107 2104//2109 
f 2100//2105 2104//2109 2105//2110 
f 2098//2103 2100//2105 2105//2110 
f 2098//2103 2105//2110 2106//2111 
f 2096//2100 2098//2103 2106//2111 
f 2096//2100 2106//2111 2107//2112 
f 2097//2101 2096//2100 2107//2112 
f 2097//2101 2107//2112 2108//2113 
f 2105//2110 2104//2109 2109//2114 
f 2110//2115 2105//2110 2109//2114 
f 2111//2116 2110//2115 2109//2114 
f 2112//2117 2113//2118 2114//2119 
f 2112//2117 2114//2119 2115//2120 
f 2116//2121 2112//2117 2115//2120 
f 2111//2116 2117//2122 2118//2123 
f 2110//2115 2111//2116 2118//2123 
f 2110//2115 2118//2123 2119//2124 
f 2110//2115 2119//2124 2120//2125 
f 2105//2110 2110//2115 2120//2125 
f 2105//2110 2120//2125 2106//2111 
f 2117//2122 2115//2120 2114//2119 
f 2118//2123 2117//2122 2114//2119 
f 2118//2123 2114//2119 2113//2118 
f 2119//2124 2118//2123 2113//2118 
f 2121//2126 2106//2111 2120//2125 
f 2122//2127 2121//2126 2120//2125 
f 2122//2127 2120//2125 2119//2124 
f 2123//2128 2122//2127 2119//2124 
f 2123//2128 2119//2124 2113//2118 
f 2124//2129 2123//2128 2113//2118 
f 2124//2129 2113//2118 2112//2117 
f 2125//2130 2124//2129 2112//2117 
f 2125//2130 2112//2117 2116//2121 
f 2126//2131 2125//2130 2116//2121 
f 2127//2132 2123//2128 2124//2129 
f 2128//2133 2127//2132 2124//2129 
f 2128//2133 2124//2129 2125//2130 
f 2129//2134 2128//2133 2125//2130 
f 2130//2135 2129//2134 2125//2130 
f 2130//2135 2125//2130 2126//2131 
f 2128//2133 1914//1856 2131//2136 
f 2127//2132 2128//2133 2131//2136 
f 2127//2132 2131//2136 2132//2137 
f 2127//2132 2132//2137 2133//2138 
f 2123//2128 2127//2132 2133//2138 
f 2123//2128 2133//2138 2122//2127 
f 1914//1856 1917//1866 2134//2139 
f 2131//2136 1914//1856 2134//2139 
f 2131//2136 2134//2139 2132//2137 
f 2134//2139 1917//1866 1919//1868 
f 2134//2139 1919//1868 1922//1872 
f 2132//2137 2134//2139 1922//1872 
f 2132//2137 1922//1872 2135//2140 
f 2133//2138 2132//2137 2135//2140 
f 2133//2138 2135//2140 2136//2141 
f 2122//2127 2133//2138 2136//2141 
f 2121//2126 2122//2127 2136//2141 
f 2121//2126 2136//2141 2137//2142 
f 2138//2143 2121//2126 2137//2142 
f 2139//2144 2140//2145 2141//2146 
f 2142//2147 2139//2144 2141//2146 
f 2142//2147 2141//2146 2137//2142 
f 2142//2147 2137//2142 2136//2141 
f 2142//2147 2136//2141 2135//2140 
f 1921//1871 2142//2147 2135//2140 
f 1921//1871 2135//2140 1922//1872 
f 2139//2144 2142//2147 1921//1871 
f 2143//2148 2138//2143 2137//2142 
f 2143//2148 2137//2142 2141//2146 
f 2144//2149 2143//2148 2141//2146 
f 2144//2149 2141//2146 2140//2145 
f 1657//2150 2144//2149 2140//2145 
f 1656//2151 1657//2150 2140//2145 
f 1654//2152 1656//2151 2140//2145 
f 1654//2152 2140//2145 2139//2144 
f 1652//1870 1654//2152 2139//2144 
f 1652//1870 2139//2144 1921//1871 
f 2144//2149 1657//2150 1583//2153 
f 1584//2154 2144//2149 1583//2153 
f 1585//2155 1586//2156 2145//2157 
f 1584//2154 1585//2155 2145//2157 
f 1584//2154 2145//2157 2146//2158 
f 2144//2149 1584//2154 2146//2158 
f 2144//2149 2146//2158 2147//2159 
f 2143//2148 2144//2149 2147//2159 
f 2143//2148 2147//2159 2148//2160 
f 2138//2143 2143//2148 2148//2160 
f 2138//2143 2148//2160 2106//2111 
f 2121//2126 2138//2143 2106//2111 
f 2107//2112 2106//2111 2148//2160 
f 2108//2113 2107//2112 2148//2160 
f 2149//2161 2108//2113 2148//2160 
f 2149//2161 2148//2160 2147//2159 
f 2150//2162 2149//2161 2147//2159 
f 2150//2162 2147//2159 2146//2158 
f 2145//2157 2150//2162 2146//2158 
f 1568//2102 2097//2101 2108//2113 
f 1569//2163 1568//2102 2108//2113 
f 1569//2163 2108//2113 2149//2161 
f 1592//2164 1569//2163 2149//2161 
f 1592//2164 2149//2161 2150//2162 
f 1591//2165 1592//2164 2150//2162 
f 1590//2166 1591//2165 2150//2162 
f 1590//2166 2150//2162 2145//2157 
f 1589//2167 1590//2166 2145//2157 
f 1586//2156 1589//2167 2145//2157 
f 1260//2168 1261//2169 2151//2170 
f 2152//2171 2153//2172 2151//2170 
f 2152//2171 2151//2170 1261//2169 
f 1262//2173 2152//2171 1261//2169 
f 1262//2173 2154//2174 2155//2175 
f 2152//2171 1262//2173 2155//2175 
f 2152//2171 2155//2175 2156//2176 
f 2153//2172 2152//2171 2156//2176 
f 2153//2172 2156//2176 2157//2177 
f 2158//2178 2153//2172 2157//2177 
f 2158//2178 2157//2177 2159//2179 
f 2160//2180 2158//2178 2159//2179 
f 2160//2180 2159//2179 2161//2181 
f 2162//2182 2157//2177 2156//2176 
f 2163//2183 2162//2182 2156//2176 
f 2163//2183 2156//2176 2155//2175 
f 2164//2184 2163//2183 2155//2175 
f 2164//2184 2155//2175 2154//2174 
f 2165//2185 2164//2184 2154//2174 
f 2165//2185 2154//2174 2166//2186 
f 2167//2187 2165//2185 2166//2186 
f 2167//2187 2166//2186 2168//2188 
f 1883//1811 2167//2187 2168//2188 
f 2162//2182 2163//2183 2164//2184 
f 2169//2189 2162//2182 2164//2184 
f 2165//2185 2169//2189 2164//2184 
f 1283//2190 1282//2191 2170//2192 
f 1284//2193 1283//2190 2170//2192 
f 1284//2193 2170//2192 2171//2194 
f 1267//2195 1284//2193 2171//2194 
f 1267//2195 2171//2194 2168//2188 
f 1268//2196 1267//2195 2168//2188 
f 1268//2196 2168//2188 2166//2186 
f 1263//2197 1268//2196 2166//2186 
f 1263//2197 2166//2186 2154//2174 
f 1262//2173 1263//2197 2154//2174 
f 1883//1811 2168//2188 2171//2194 
f 1877//1805 1883//1811 2171//2194 
f 1877//1805 2171//2194 2170//2192 
f 1877//1805 2170//2192 2172//2198 
f 1878//1806 1877//1805 2172//2198 
f 2173//2199 1648//1798 1871//1799 
f 2173//2199 1871//1799 1875//1803 
f 2173//2199 1875//1803 1878//1806 
f 1643//2200 2173//2199 1878//1806 
f 1290//2201 1643//2200 1878//1806 
f 1289//2202 1290//2201 1878//1806 
f 1289//2202 1878//1806 2172//2198 
f 2174//2203 1289//2202 2172//2198 
f 2174//2203 2172//2198 2170//2192 
f 1282//2191 2174//2203 2170//2192 
f 2173//2199 1643//2200 1646//2204 
f 1648//1798 2173//2199 1646//2204 
f 1288//2205 1289//2202 2174//2203 
f 1279//2206 1288//2205 2174//2203 
f 1280//2207 1279//2206 2174//2203 
f 1280//2207 2174//2203 1282//2191 
f 2175//2208 2176//2209 2177//2210 
f 2178//2211 2175//2208 2177//2210 
f 2178//2211 2177//2210 2179//2212 
f 2180//2213 2181//2214 2182//2215 
f 2183//2216 2180//2213 2182//2215 
f 2183//2216 2182//2215 2176//2209 
f 2184//2217 2183//2216 2176//2209 
f 2184//2217 2176//2209 2175//2208 
f 2038//2025 2184//2217 2175//2208 
f 2038//2025 2175//2208 2039//2026 
f 2030//2011 2028//2009 2185//2218 
f 2033//2015 2030//2011 2185//2218 
f 2038//2025 2033//2015 2185//2218 
f 2038//2025 2185//2218 2186//2219 
f 2184//2217 2038//2025 2186//2219 
f 2184//2217 2186//2219 2183//2216 
f 2187//2220 2188//2221 2189//2222 
f 2187//2220 2189//2222 2190//2223 
f 2191//2224 2187//2220 2190//2223 
f 1991//1957 2192//2225 2193//2226 
f 1990//1956 1991//1957 2193//2226 
f 1990//1956 2193//2226 2194//2227 
f 1990//1956 2194//2227 2002//1977 
f 1985//1950 1990//1956 2002//1977 
f 1985//1950 2002//1977 1986//1951 
f 2192//2225 2190//2223 2189//2222 
f 2193//2226 2192//2225 2189//2222 
f 2193//2226 2189//2222 2188//2221 
f 2194//2227 2193//2226 2188//2221 
f 2003//1978 2002//1977 2194//2227 
f 2015//1990 2003//1978 2194//2227 
f 2015//1990 2194//2227 2188//2221 
f 2195//2228 2015//1990 2188//2221 
f 2195//2228 2188//2221 2187//2220 
f 2196//2229 2195//2228 2187//2220 
f 2196//2229 2187//2220 2191//2224 
f 2197//2230 2196//2229 2191//2224 
f 2016//1991 2015//1990 2195//2228 
f 2017//1992 2016//1991 2195//2228 
f 2017//1992 2195//2228 2196//2229 
f 2198//2231 2024//2004 2017//1992 
f 2198//2231 2017//1992 2196//2229 
f 2199//2232 2198//2231 2196//2229 
f 2199//2232 2196//2229 2197//2230 
f 2200//2233 2199//2232 2197//2230 
f 2200//2233 2197//2230 2201//2234 
f 2180//2213 2200//2233 2201//2234 
f 2180//2213 2201//2234 2181//2214 
f 2027//2008 2024//2004 2198//2231 
f 2202//2235 2027//2008 2198//2231 
f 2202//2235 2198//2231 2199//2232 
f 2200//2233 2202//2235 2199//2232 
f 2203//2236 2204//2237 2205//2238 
f 2203//2236 2205//2238 2206//2239 
f 2207//2240 2203//2236 2206//2239 
f 2207//2240 2206//2239 2208//2241 
f 2209//2242 2207//2240 2208//2241 
f 2209//2242 2208//2241 2210//2243 
f 2205//2238 2204//2237 1978//1940 
f 2205//2238 1978//1940 2211//2244 
f 2205//2238 2211//2244 2212//2245 
f 2206//2239 2205//2238 2212//2245 
f 2206//2239 2212//2245 2213//2246 
f 2208//2241 2206//2239 2213//2246 
f 2208//2241 2213//2246 1321//2247 
f 2210//2243 2208//2241 1321//2247 
f 2210//2243 1321//2247 1307//1886 
f 1925//1885 2210//2243 1307//1886 
f 2212//2245 2211//2244 2214//2248 
f 2212//2245 2214//2248 1327//2249 
f 2212//2245 1327//2249 1316//2250 
f 2212//2245 1316//2250 1317//2251 
f 2213//2246 2212//2245 1317//2251 
f 2213//2246 1317//2251 1320//2252 
f 1321//2247 2213//2246 1320//2252 
f 1978//1940 1977//1939 2215//2253 
f 2211//2244 1978//1940 2215//2253 
f 2211//2244 2215//2253 2216//2254 
f 2214//2248 2211//2244 2216//2254 
f 2214//2248 2216//2254 2217//2255 
f 1327//2249 2214//2248 2217//2255 
f 1326//2256 1327//2249 2217//2255 
f 1323//2257 1326//2256 2217//2255 
f 1479//2258 1323//2257 2217//2255 
f 1479//2258 2217//2255 2216//2254 
f 1482//2259 1479//2258 2216//2254 
f 1481//2260 1482//2259 2216//2254 
f 1481//2260 2216//2254 2215//2253 
f 1480//2261 1481//2260 2215//2253 
f 1480//2261 2215//2253 1977//1939 
f 1377//2262 1480//2261 1977//1939 
f 1377//2262 1977//1939 1975//1937 
f 1375//2263 1377//2262 1975//1937 
f 1375//2263 1975//1937 1974//1936 
f 1374//1941 1375//2263 1974//1936 
f 1459//2264 1460//2265 2218//2266 
f 1458//2267 1459//2264 2218//2266 
f 1623//2268 1458//2267 2218//2266 
f 1623//2268 2218//2266 1624//1999 
f 2219//2269 1466//2270 2220//2271 
f 2219//2269 2220//2271 2007//1982 
f 2219//2269 2007//1982 2006//1981 
f 1462//2272 2219//2269 2006//1981 
f 1461//2273 1462//2272 2006//1981 
f 1460//2265 1461//2273 2006//1981 
f 1460//2265 2006//1981 2022//1997 
f 2218//2266 1460//2265 2022//1997 
f 2218//2266 2022//1997 2021//1996 
f 1624//1999 2218//2266 2021//1996 
f 2219//2269 1462//2272 1465//2274 
f 1466//2270 2219//2269 1465//2274 
f 1999//1974 2000//1975 2012//1987 
f 1999//1974 2012//1987 2221//2275 
f 1998//1971 1999//1974 2221//2275 
f 1998//1971 2221//2275 2222//2276 
f 1471//1972 1998//1971 2222//2276 
f 1470//2277 1471//1972 2222//2276 
f 1468//2278 1470//2277 2222//2276 
f 1468//2278 2222//2276 2223//2279 
f 1466//2270 1468//2278 2223//2279 
f 1466//2270 2223//2279 2220//2271 
f 2223//2279 2224//2280 2220//2271 
f 2223//2279 2222//2276 2221//2275 
f 2224//2280 2223//2279 2221//2275 
f 2224//2280 2221//2275 2012//1987 
f 2224//2280 2012//1987 2011//1986 
f 2224//2280 2011//1986 2009//1984 
f 2220//2271 2224//2280 2009//1984 
f 2220//2271 2009//1984 2007//1982 
f 1514//2281 1513//2282 2225//2283 
f 1515//2284 1514//2281 2225//2283 
f 1642//2285 1515//2284 2225//2283 
f 1642//2285 2225//2283 1641//2286 
f 1511//2287 1524//2049 2051//2048 
f 1511//2287 2051//2048 2055//2053 
f 1512//2288 1511//2287 2055//2053 
f 1513//2282 1512//2288 2055//2053 
f 1513//2282 2055//2053 2065//2063 
f 2225//2283 1513//2282 2065//2063 
f 2225//2283 2065//2063 2066//2064 
f 1641//2286 2225//2283 2066//2064 
f 1640//2289 1641//2286 2066//2064 
f 1639//2093 1640//2289 2066//2064 
f 1886//1814 1887//1815 2226//2290 
f 1885//1813 1886//1814 2226//2290 
f 1885//1813 2226//2290 2227//2291 
f 2228//2292 1885//1813 2227//2291 
f 2229//2293 2228//2292 2227//2291 
f 2229//2293 2227//2291 2230//2294 
f 2231//2295 2232//2296 2233//2297 
f 2231//2295 2233//2297 2234//2298 
f 2230//2294 2231//2295 2234//2298 
f 2229//2293 2230//2294 2234//2298 
f 2229//2293 2234//2298 2235//2299 
f 2228//2292 2229//2293 2235//2299 
f 2228//2292 2235//2299 2169//2189 
f 2228//2292 2169//2189 2165//2185 
f 1885//1813 2228//2292 2165//2185 
f 1885//1813 2165//2185 2167//2187 
f 1883//1811 1885//1813 2167//2187 
f 1887//1815 1893//1821 2236//2300 
f 2226//2290 1887//1815 2236//2300 
f 2226//2290 2236//2300 2237//2301 
f 2227//2291 2226//2290 2237//2301 
f 2227//2291 2237//2301 2238//2302 
f 2230//2294 2227//2291 2238//2302 
f 2237//2301 2236//2300 2239//2303 
f 2237//2301 2239//2303 2240//2304 
f 2238//2302 2237//2301 2240//2304 
f 2241//2305 2242//2306 2243//2307 
f 2244//2308 2241//2305 2243//2307 
f 2244//2308 2243//2307 2245//2309 
f 2239//2303 2244//2308 2245//2309 
f 2240//2304 2239//2303 2245//2309 
f 1894//1822 2246//2310 2242//2306 
f 1894//1822 2242//2306 2241//2305 
f 1892//1820 1894//1822 2241//2305 
f 1893//1821 1892//1820 2241//2305 
f 1893//1821 2241//2305 2244//2308 
f 2236//2300 1893//1821 2244//2308 
f 2236//2300 2244//2308 2239//2303 
f 82//2311 2247//2312 2248//2313 
f 80//1848 82//2311 2248//2313 
f 80//1848 2248//2313 2246//2310 
f 1901//1835 80//1848 2246//2310 
f 1901//1835 2246//2310 1894//1822 
f 2249//2314 2247//2312 82//2311 
f 2249//2314 82//2311 85//2315 
f 2126//2131 2249//2314 85//2315 
f 2130//2135 2126//2131 85//2315 
f 2130//2135 85//2315 86//2316 
f 2130//2135 86//2316 88//2317 
f 2129//2134 2130//2135 88//2317 
f 2129//2134 88//2317 89//2318 
f 2129//2134 89//2318 91//1857 
f 2129//2134 91//1857 1910//1852 
f 2128//2133 2129//2134 1910//1852 
f 2128//2133 1910//1852 1912//1854 
f 1914//1856 2128//2133 1912//1854 
f 2210//2243 1925//1885 1926//1888 
f 2209//2242 2210//2243 1926//1888 
f 2209//2242 1926//1888 1928//1890 
f 2209//2242 1928//1890 1931//1893 
f 2207//2240 2209//2242 1931//1893 
f 2207//2240 1931//1893 1964//1926 
f 2203//2236 2207//2240 1964//1926 
f 2203//2236 1964//1926 1965//1927 
f 2204//2237 2203//2236 1965//1927 
f 2204//2237 1965//1927 1966//1928 
f 1978//1940 2204//2237 1966//1928 
f 1976//1938 1978//1940 1966//1928 
f 1976//1938 1966//1928 1967//1929 
f 2250//2319 2251//2320 2252//2321 
f 2253//2322 2250//2319 2252//2321 
f 2253//2322 2252//2321 2254//2323 
f 2255//2324 2253//2322 2254//2323 
f 2256//2325 2254//2323 2252//2321 
f 2256//2325 2252//2321 2251//2320 
f 2257//2326 2256//2325 2251//2320 
f 2179//2212 2250//2319 2253//2322 
f 2178//2211 2179//2212 2253//2322 
f 2178//2211 2253//2322 2255//2324 
f 2178//2211 2255//2324 2258//2327 
f 2175//2208 2178//2211 2258//2327 
f 2175//2208 2258//2327 2039//2026 
f 2046//2038 2042//2029 2041//2028 
f 2059//2057 2046//2038 2041//2028 
f 2059//2057 2041//2028 2039//2026 
f 2058//2056 2059//2057 2039//2026 
f 2058//2056 2039//2026 2258//2327 
f 2060//2058 2058//2056 2258//2327 
f 2060//2058 2258//2327 2255//2324 
f 2071//2069 2060//2058 2255//2324 
f 2071//2069 2255//2324 2254//2323 
f 2072//2070 2071//2069 2254//2323 
f 2072//2070 2254//2323 2256//2325 
f 2073//2071 2072//2070 2256//2325 
f 2073//2071 2256//2325 2257//2326 
f 2076//2074 2073//2071 2257//2326 
f 2079//2077 2078//2076 2103//2108 
f 2259//2328 1934//1896 1933//1895 
f 2260//2329 2259//2328 1933//1895 
f 2261//2330 2260//2329 1933//1895 
f 2261//2330 1933//1895 2262//2331 
f 2263//2332 2261//2330 2262//2331 
f 2263//2332 2262//2331 2264//2333 
f 2265//2334 2263//2332 2264//2333 
f 2151//2170 2153//2172 2259//2328 
f 2151//2170 2259//2328 2260//2329 
f 1260//2168 2151//2170 2260//2329 
f 1249//2335 1260//2168 2260//2329 
f 1249//2335 2260//2329 2261//2330 
f 1248//2336 1249//2335 2261//2330 
f 1248//2336 2261//2330 2263//2332 
f 1247//2337 1248//2336 2263//2332 
f 1246//2338 1247//2337 2263//2332 
f 1246//2338 2263//2332 2265//2334 
f 1245//2339 1246//2338 2265//2334 
f 1238//2340 1245//2339 2265//2334 
f 1313//2341 1238//2340 2265//2334 
f 1312//1884 1313//2341 2265//2334 
f 1312//1884 2265//2334 2264//2333 
f 1924//1881 1312//1884 2264//2333 
f 1924//1881 2264//2333 2262//2331 
f 1927//1889 1924//1881 2262//2331 
f 1927//1889 2262//2331 1933//1895 
f 1929//1891 1927//1889 1933//1895 
f 2233//2297 2232//2296 2266//2342 
f 2161//2181 2233//2297 2266//2342 
f 2161//2181 2266//2342 1943//1905 
f 2160//2180 2161//2181 1943//1905 
f 2160//2180 1943//1905 1942//1904 
f 2158//2178 2160//2180 1942//1904 
f 2158//2178 1942//1904 1934//1896 
f 2153//2172 2158//2178 1934//1896 
f 2153//2172 1934//1896 2259//2328 
f 2267//2343 2268//2344 2269//2345 
f 2268//2344 2267//2343 2270//2346 
f 2271//2347 2272//2348 2273//2349 
f 2272//2348 2271//2347 2274//2350 
f 2275//2351 2276//2352 2277//2353 
f 2276//2352 2275//2351 2278//2354 
f 2279//2355 2280//2356 2281//2357 
f 2280//2356 2279//2355 2282//2358 
f 2283//2359 2284//2360 2285//2361 
f 2284//2360 2283//2359 2286//2362 
f 2287//2363 2288//2364 2289//2365 
f 2288//2364 2287//2363 2290//2366 
f 2291//2367 2292//2368 2293//2369 
f 2292//2368 2294//2370 2295//2371 
f 2291//2367 2294//2370 2292//2368 
f 2296//2372 2294//2370 2291//2367 
f 2270//2346 2288//2364 2296//2372 
f 2274//2350 2268//2344 2291//2367 
f 2278//2354 2272//2348 2293//2369 
f 2282//2358 2276//2352 2292//2368 
f 2286//2362 2280//2356 2295//2371 
f 2290//2366 2284//2360 2294//2370 
f 2269//2345 2274//2350 2271//2347 
f 2274//2350 2269//2345 2268//2344 
f 2268//2344 2296//2372 2291//2367 
f 2296//2372 2268//2344 2270//2346 
f 2270//2346 2289//2365 2288//2364 
f 2289//2365 2270//2346 2267//2343 
f 2273//2349 2278//2354 2275//2351 
f 2278//2354 2273//2349 2272//2348 
f 2272//2348 2291//2367 2293//2369 
f 2291//2367 2272//2348 2274//2350 
f 2277//2353 2282//2358 2279//2355 
f 2282//2358 2277//2353 2276//2352 
f 2276//2352 2293//2369 2292//2368 
f 2293//2369 2276//2352 2278//2354 
f 2281//2357 2286//2362 2283//2359 
f 2286//2362 2281//2357 2280//2356 
f 2280//2356 2292//2368 2295//2371 
f 2292//2368 2280//2356 2282//2358 
f 2285//2361 2290//2366 2287//2363 
f 2290//2366 2285//2361 2284//2360 
f 2284//2360 2295//2371 2294//2370 
f 2295//2371 2284//2360 2286//2362 
f 2288//2364 2294//2370 2296//2372 
f 2294//2370 2288//2364 2290//2366 
f 2297//2343 2298//2344 2299//2345 
f 2298//2344 2297//2343 2300//2346 
f 2301//2347 2302//2348 2303//2349 
f 2302//2348 2301//2347 2304//2350 
f 2305//2351 2306//2352 2307//2353 
f 2306//2352 2305//2351 2308//2354 
f 2309//2355 2310//2356 2311//2357 
f 2310//2356 2309//2355 2312//2358 
f 2313//2359 2314//2360 2315//2361 
f 2314//2360 2313//2359 2316//2362 
f 2317//2363 2318//2364 2319//2365 
f 2318//2364 2317//2363 2320//2366 
f 2321//2367 2322//2368 2323//2369 
f 2322//2368 2324//2370 2325//2371 
f 2321//2367 2324//2370 2322//2368 
f 2326//2372 2324//2370 2321//2367 
f 2300//2346 2318//2364 2326//2372 
f 2304//2350 2298//2344 2321//2367 
f 2308//2354 2302//2348 2323//2369 
f 2312//2358 2306//2352 2322//2368 
f 2316//2362 2310//2356 2325//2371 
f 2320//2366 2314//2360 2324//2370 
f 2299//2345 2304//2350 2301//2347 
f 2304//2350 2299//2345 2298//2344 
f 2298//2344 2326//2372 2321//2367 
f 2326//2372 2298//2344 2300//2346 
f 2300//2346 2319//2365 2318//2364 
f 2319//2365 2300//2346 2297//2343 
f 2303//2349 2308//2354 2305//2351 
f 2308//2354 2303//2349 2302//2348 
f 2302//2348 2321//2367 2323//2369 
f 2321//2367 2302//2348 2304//2350 
f 2307//2353 2312//2358 2309//2355 
f 2312//2358 2307//2353 2306//2352 
f 2306//2352 2323//2369 2322//2368 
f 2323//2369 2306//2352 2308//2354 
f 2311//2357 2316//2362 2313//2359 
f 2316//2362 2311//2357 2310//2356 
f 2310//2356 2322//2368 2325//2371 
f 2322//2368 2310//2356 2312//2358 
f 2315//2361 2320//2366 2317//2363 
f 2320//2366 2315//2361 2314//2360 
f 2314//2360 2325//2371 2324//2370 
f 2325//2371 2314//2360 2316//2362 
f 2318//2364 2324//2370 2326//2372 
f 2324//2370 2318//2364 2320//2366 
f 2327//2343 2328//2344 2329//2345 
f 2328//2344 2327//2343 2330//2346 
f 2331//2347 2332//2348 2333//2349 
f 2332//2348 2331//2347 2334//2350 
f 2335//2351 2336//2352 2337//2353 
f 2336//2352 2335//2351 2338//2354 
f 2339//2355 2340//2356 2341//2357 
f 2340//2356 2339//2355 2342//2358 
f 2343//2359 2344//2360 2345//2361 
f 2344//2360 2343//2359 2346//2362 
f 2347//2363 2348//2364 2349//2365 
f 2348//2364 2347//2363 2350//2366 
f 2351//2367 2352//2368 2353//2369 
f 2352//2368 2354//2370 2355//2371 
f 2351//2367 2354//2370 2352//2368 
f 2356//2372 2354//2370 2351//2367 
f 2330//2346 2348//2364 2356//2372 
f 2334//2350 2328//2344 2351//2367 
f 2338//2354 2332//2348 2353//2369 
f 2342//2358 2336//2352 2352//2368 
f 2346//2362 2340//2356 2355//2371 
f 2350//2366 2344//2360 2354//2370 
f 2329//2345 2334//2350 2331//2347 
f 2334//2350 2329//2345 2328//2344 
f 2328//2344 2356//2372 2351//2367 
f 2356//2372 2328//2344 2330//2346 
f 2330//2346 2349//2365 2348//2364 
f 2349//2365 2330//2346 2327//2343 
f 2333//2349 2338//2354 2335//2351 
f 2338//2354 2333//2349 2332//2348 
f 2332//2348 2351//2367 2353//2369 
f 2351//2367 2332//2348 2334//2350 
f 2337//2353 2342//2358 2339//2355 
f 2342//2358 2337//2353 2336//2352 
f 2336//2352 2353//2369 2352//2368 
f 2353//2369 2336//2352 2338//2354 
f 2341//2357 2346//2362 2343//2359 
f 2346//2362 2341//2357 2340//2356 
f 2340//2356 2352//2368 2355//2371 
f 2352//2368 2340//2356 2342//2358 
f 2345//2361 2350//2366 2347//2363 
f 2350//2366 2345//2361 2344//2360 
f 2344//2360 2355//2371 2354//2370 
f 2355//2371 2344//2360 2346//2362 
f 2348//2364 2354//2370 2356//2372 
f 2354//2370 2348//2364 2350//2366 
f 2357//2343 2358//2344 2359//2345 
f 2358//2344 2357//2343 2360//2346 
f 2361//2347 2362//2348 2363//2349 
f 2362//2348 2361//2347 2364//2350 
f 2365//2351 2366//2352 2367//2353 
f 2366//2352 2365//2351 2368//2354 
f 2369//2355 2370//2356 2371//2357 
f 2370//2356 2369//2355 2372//2358 
f 2373//2359 2374//2360 2375//2361 
f 2374//2360 2373//2359 2376//2362 
f 2377//2363 2378//2364 2379//2365 
f 2378//2364 2377//2363 2380//2366 
f 2381//2367 2382//2368 2383//2369 
f 2382//2368 2384//2370 2385//2371 
f 2381//2367 2384//2370 2382//2368 
f 2386//2372 2384//2370 2381//2367 
f 2360//2346 2378//2364 2386//2372 
f 2364//2350 2358//2344 2381//2367 
f 2368//2354 2362//2348 2383//2369 
f 2372//2358 2366//2352 2382//2368 
f 2376//2362 2370//2356 2385//2371 
f 2380//2366 2374//2360 2384//2370 
f 2359//2345 2364//2350 2361//2347 
f 2364//2350 2359//2345 2358//2344 
f 2358//2344 2386//2372 2381//2367 
f 2386//2372 2358//2344 2360//2346 
f 2360//2346 2379//2365 2378//2364 
f 2379//2365 2360//2346 2357//2343 
f 2363//2349 2368//2354 2365//2351 
f 2368//2354 2363//2349 2362//2348 
f 2362//2348 2381//2367 2383//2369 
f 2381//2367 2362//2348 2364//2350 
f 2367//2353 2372//2358 2369//2355 
f 2372//2358 2367//2353 2366//2352 
f 2366//2352 2383//2369 2382//2368 
f 2383//2369 2366//2352 2368//2354 
f 2371//2357 2376//2362 2373//2359 
f 2376//2362 2371//2357 2370//2356 
f 2370//2356 2382//2368 2385//2371 
f 2382//2368 2370//2356 2372//2358 
f 2375//2361 2380//2366 2377//2363 
f 2380//2366 2375//2361 2374//2360 
f 2374//2360 2385//2371 2384//2370 
f 2385//2371 2374//2360 2376//2362 
f 2378//2364 2384//2370 2386//2372 
f 2384//2370 2378//2364 2380//2366 
f 2387//2343 2388//2344 2389//2345 
f 2388//2344 2387//2343 2390//2346 
f 2391//2347 2392//2348 2393//2349 
f 2392//2348 2391//2347 2394//2350 
f 2395//2351 2396//2352 2397//2353 
f 2396//2352 2395//2351 2398//2354 
f 2399//2355 2400//2356 2401//2357 
f 2400//2356 2399//2355 2402//2358 
f 2403//2359 2404//2360 2405//2361 
f 2404//2360 2403//2359 2406//2362 
f 2407//2363 2408//2364 2409//2365 
f 2408//2364 2407//2363 2410//2366 
f 2411//2367 2412//2368 2413//2369 
f 2412//2368 2414//2370 2415//2371 
f 2411//2367 2414//2370 2412//2368 
f 2416//2372 2414//2370 2411//2367 
f 2390//2346 2408//2364 2416//2372 
f 2394//2350 2388//2344 2411//2367 
f 2398//2354 2392//2348 2413//2369 
f 2402//2358 2396//2352 2412//2368 
f 2406//2362 2400//2356 2415//2371 
f 2410//2366 2404//2360 2414//2370 
f 2389//2345 2394//2350 2391//2347 
f 2394//2350 2389//2345 2388//2344 
f 2388//2344 2416//2372 2411//2367 
f 2416//2372 2388//2344 2390//2346 
f 2390//2346 2409//2365 2408//2364 
f 2409//2365 2390//2346 2387//2343 
f 2393//2349 2398//2354 2395//2351 
f 2398//2354 2393//2349 2392//2348 
f 2392//2348 2411//2367 2413//2369 
f 2411//2367 2392//2348 2394//2350 
f 2397//2353 2402//2358 2399//2355 
f 2402//2358 2397//2353 2396//2352 
f 2396//2352 2413//2369 2412//2368 
f 2413//2369 2396//2352 2398//2354 
f 2401//2357 2406//2362 2403//2359 
f 2406//2362 2401//2357 2400//2356 
f 2400//2356 2412//2368 2415//2371 
f 2412//2368 2400//2356 2402//2358 
f 2405//2361 2410//2366 2407//2363 
f 2410//2366 2405//2361 2404//2360 
f 2404//2360 2415//2371 2414//2370 
f 2415//2371 2404//2360 2406//2362 
f 2408//2364 2414//2370 2416//2372 
f 2414//2370 2408//2364 2410//2366 
f 2417//2373 2418//2374 2419//2375 
f 2420//2374 2419//2375 2418//2374 
f 2420//2374 2418//2374 2421//2374 
f 2421//2374 2422//2374 2423//2374 
f 2421//2374 2423//2374 2420//2374 
f 2422//2374 2424//2376 2425//2377 
f 2422//2374 2425//2377 2423//2374 
f 2424//2376 2426//2374 2427//2377 
f 2424//2376 2427//2377 2425//2377 
f 2428//2374 2429//2374 2430//2374 
f 2428//2374 2430//2374 2426//2374 
f 2426//2374 2430//2374 2431//2374 
f 2426//2374 2431//2374 2427//2377 
f 2429//2374 2432//2374 2433//2376 
f 2429//2374 2433//2376 2430//2374 
f 2432//2374 2434//2374 2435//2374 
f 2432//2374 2435//2374 2433//2376 
f 2434//2374 2436//2378 2437//2374 
f 2434//2374 2437//2374 2435//2374 
f 2436//2378 2438//2374 2439//2379 
f 2436//2378 2439//2379 2437//2374 
f 2438//2374 2440//2376 2441//2374 
f 2438//2374 2441//2374 2439//2379 
f 2442//2380 2441//2374 2440//2376 
f 2442//2380 2440//2376 2443//2379 
f 2444//2376 2442//2380 2443//2379 
f 2445//2381 2446//2382 2447//2383 
f 2446//2382 2445//2381 2448//2384 
f 2446//2382 2448//2384 2449//2385 
f 2449//2385 2448//2384 2450//2386 
f 2449//2385 2450//2386 2451//2387 
f 2451//2387 2450//2386 2452//2388 
f 2451//2387 2452//2388 2453//2389 
f 2453//2389 2452//2388 2454//2390 
f 2453//2389 2454//2390 2455//2391 
f 2455//2391 2454//2390 2456//2392 
f 2455//2391 2456//2392 2457//2393 
f 2457//2393 2456//2392 2458//2394 
f 2457//2393 2458//2394 2459//2395 
f 2459//2395 2458//2394 2460//2396 
f 2459//2395 2460//2396 2461//2397 
f 2452//2388 2450//2386 2462//2398 
f 2452//2388 2462//2398 2463//2399 
f 2463//2399 2462//2398 2418//2374 
f 2463//2399 2418//2374 2417//2373 
f 2417//2373 2419//2375 2464//2400 
f 2464//2400 2419//2375 2465//2401 
f 2464//2400 2465//2401 2456//2392 
f 2456//2392 2465//2401 2458//2394 
f 2460//2396 2458//2394 2466//2402 
f 2460//2396 2466//2402 2467//2403 
f 2467//2403 2466//2402 2419//2375 
f 2467//2403 2419//2375 2420//2374 
f 2421//2374 2418//2374 2462//2398 
f 2421//2374 2462//2398 2468//2404 
f 2468//2404 2462//2398 2450//2386 
f 2468//2404 2450//2386 2448//2384 
f 2448//2384 2445//2381 2469//2405 
f 2448//2384 2469//2405 2468//2404 
f 2468//2404 2469//2405 2422//2374 
f 2468//2404 2422//2374 2421//2374 
f 2420//2374 2423//2374 2470//2406 
f 2420//2374 2470//2406 2467//2403 
f 2467//2403 2470//2406 2471//2407 
f 2467//2403 2471//2407 2460//2396 
f 2447//2383 2472//2408 2473//2409 
f 2447//2383 2473//2409 2445//2381 
f 2445//2381 2473//2409 2474//2410 
f 2445//2381 2474//2410 2469//2405 
f 2469//2405 2474//2410 2424//2376 
f 2469//2405 2424//2376 2422//2374 
f 2423//2374 2425//2377 2475//2411 
f 2423//2374 2475//2411 2470//2406 
f 2470//2406 2475//2411 2476//2412 
f 2470//2406 2476//2412 2471//2407 
f 2471//2407 2476//2412 2461//2397 
f 2471//2407 2461//2397 2460//2396 
f 2472//2408 2477//2413 2478//2414 
f 2472//2408 2478//2414 2473//2409 
f 2473//2409 2478//2414 2479//2415 
f 2473//2409 2479//2415 2474//2410 
f 2474//2410 2479//2415 2426//2374 
f 2474//2410 2426//2374 2424//2376 
f 2425//2377 2427//2377 2480//2416 
f 2425//2377 2480//2416 2475//2411 
f 2475//2411 2480//2416 2481//2417 
f 2475//2411 2481//2417 2476//2412 
f 2476//2412 2481//2417 2482//2418 
f 2476//2412 2482//2418 2461//2397 
f 2477//2413 2483//2419 2484//2420 
f 2477//2413 2484//2420 2478//2414 
f 2478//2414 2484//2420 2485//2421 
f 2478//2414 2485//2421 2479//2415 
f 2479//2415 2485//2421 2428//2374 
f 2479//2415 2428//2374 2426//2374 
f 2483//2419 2486//2422 2487//2423 
f 2483//2419 2487//2423 2484//2420 
f 2484//2420 2487//2423 2488//2424 
f 2484//2420 2488//2424 2485//2421 
f 2485//2421 2488//2424 2429//2374 
f 2485//2421 2429//2374 2428//2374 
f 2427//2377 2431//2374 2489//2425 
f 2427//2377 2489//2425 2480//2416 
f 2480//2416 2489//2425 2490//2426 
f 2480//2416 2490//2426 2481//2417 
f 2486//2422 2491//2427 2492//2428 
f 2486//2422 2492//2428 2487//2423 
f 2487//2423 2492//2428 2493//2429 
f 2487//2423 2493//2429 2488//2424 
f 2488//2424 2493//2429 2432//2374 
f 2488//2424 2432//2374 2429//2374 
f 2430//2374 2433//2376 2494//2430 
f 2430//2374 2494//2430 2495//2431 
f 2495//2431 2494//2430 2496//2432 
f 2495//2431 2496//2432 2497//2433 
f 2497//2433 2496//2432 2498//2434 
f 2497//2433 2498//2434 2499//2435 
f 2491//2427 2500//2436 2501//2437 
f 2491//2427 2501//2437 2492//2428 
f 2492//2428 2501//2437 2502//2438 
f 2492//2428 2502//2438 2493//2429 
f 2493//2429 2502//2438 2434//2374 
f 2493//2429 2434//2374 2432//2374 
f 2433//2376 2435//2374 2503//2439 
f 2433//2376 2503//2439 2494//2430 
f 2494//2430 2503//2439 2504//2440 
f 2494//2430 2504//2440 2496//2432 
f 2496//2432 2504//2440 2505//2441 
f 2496//2432 2505//2441 2498//2434 
f 2500//2436 2506//2442 2507//2443 
f 2500//2436 2507//2443 2501//2437 
f 2501//2437 2507//2443 2508//2444 
f 2501//2437 2508//2444 2502//2438 
f 2502//2438 2508//2444 2436//2378 
f 2502//2438 2436//2378 2434//2374 
f 2435//2374 2437//2374 2509//2445 
f 2435//2374 2509//2445 2503//2439 
f 2503//2439 2509//2445 2510//2446 
f 2503//2439 2510//2446 2504//2440 
f 2504//2440 2510//2446 2511//2447 
f 2504//2440 2511//2447 2505//2441 
f 2506//2442 2512//2448 2513//2449 
f 2506//2442 2513//2449 2507//2443 
f 2507//2443 2513//2449 2514//2450 
f 2507//2443 2514//2450 2508//2444 
f 2508//2444 2514//2450 2438//2374 
f 2508//2444 2438//2374 2436//2378 
f 2437//2374 2439//2379 2515//2451 
f 2437//2374 2515//2451 2509//2445 
f 2509//2445 2515//2451 2516//2452 
f 2509//2445 2516//2452 2510//2446 
f 2510//2446 2516//2452 2517//2453 
f 2510//2446 2517//2453 2511//2447 
f 2512//2448 2518//2454 2519//2455 
f 2512//2448 2519//2455 2513//2449 
f 2513//2449 2519//2455 2520//2456 
f 2513//2449 2520//2456 2514//2450 
f 2514//2450 2520//2456 2440//2376 
f 2514//2450 2440//2376 2438//2374 
f 2439//2379 2441//2374 2521//2457 
f 2439//2379 2521//2457 2515//2451 
f 2515//2451 2521//2457 2522//2458 
f 2515//2451 2522//2458 2516//2452 
f 2516//2452 2522//2458 2523//2459 
f 2516//2452 2523//2459 2517//2453 
f 2524//2460 2523//2459 2522//2458 
f 2524//2460 2522//2458 2525//2461 
f 2525//2461 2522//2458 2521//2457 
f 2525//2461 2521//2457 2526//2462 
f 2526//2462 2521//2457 2441//2374 
f 2526//2462 2441//2374 2442//2380 
f 2443//2379 2440//2376 2520//2456 
f 2443//2379 2520//2456 2527//2463 
f 2527//2463 2520//2456 2519//2455 
f 2527//2463 2519//2455 2528//2464 
f 2528//2464 2519//2455 2529//2465 
f 2528//2464 2529//2465 2530//2466 
f 2531//2467 2524//2460 2525//2461 
f 2531//2467 2525//2461 2532//2468 
f 2532//2468 2525//2461 2526//2462 
f 2532//2468 2526//2462 2533//2469 
f 2533//2469 2526//2462 2442//2380 
f 2533//2469 2442//2380 2444//2376 
f 2444//2376 2443//2379 2534//2470 
f 2534//2470 2443//2379 2535//2471 
f 2534//2470 2535//2471 2536//2472 
f 2536//2472 2535//2471 2528//2464 
f 2536//2472 2528//2464 2530//2466 
f 2527//2463 2528//2464 2535//2471 
f 2527//2463 2535//2471 2443//2379 
f 2537//2473 2532//2468 2533//2469 
f 2537//2473 2533//2469 2534//2470 
f 2534//2470 2533//2469 2444//2376 
f 2536//2472 2530//2466 2538//2474 
f 2536//2472 2538//2474 2537//2473 
f 2537//2473 2538//2474 2539//2475 
f 2537//2473 2539//2475 2532//2468 
f 2532//2468 2539//2475 2531//2467 
f 2534//2470 2536//2472 2537//2473 
f 2529//2465 2519//2455 2518//2454 
f 2464//2400 2456//2392 2454//2390 
f 2454//2390 2452//2388 2463//2399 
f 2454//2390 2463//2399 2464//2400 
f 2464//2400 2463//2399 2417//2373 
f 2481//2417 2490//2426 2540//2476 
f 2481//2417 2540//2476 2482//2418 
f 2499//2435 2540//2476 2490//2426 
f 2499//2435 2490//2426 2497//2433 
f 2497//2433 2490//2426 2489//2425 
f 2497//2433 2489//2425 2495//2431 
f 2495//2431 2489//2425 2431//2374 
f 2495//2431 2431//2374 2430//2374 
f 2466//2402 2458//2394 2465//2401 
f 2466//2402 2465//2401 2419//2375 
# 0 polygons - 4423 triangles

