# Blender 3.6.21
# www.blender.org
mtllib rueda_derF.mtl
o rueda_derF.004
v -0.014200 0.038000 -0.010000
v -0.017500 0.046500 -0.010100
v -0.018800 0.046500 0.029200
v -0.015500 0.037900 0.029300
v -0.014600 0.035800 -0.010100
v -0.020300 0.028700 -0.010300
v -0.015900 0.035700 0.029300
v -0.021700 0.028700 0.029100
v -0.023100 0.029100 0.031500
v -0.016700 0.036900 0.031700
v -0.020200 0.046500 0.031600
v -0.029500 0.049400 0.028900
v -0.020500 0.047900 0.029200
v -0.030300 0.048100 0.031200
v -0.036800 0.040300 0.031000
v -0.037400 0.041500 0.028600
v -0.033200 0.030700 0.031100
v -0.034600 0.030800 0.028700
v -0.037700 0.039300 0.028600
v -0.036400 0.039300 -0.010800
v -0.036100 0.041500 -0.010800
v -0.030300 0.048600 -0.010600
v -0.028200 0.049400 -0.010500
v -0.031600 0.048500 0.028800
v -0.019200 0.047900 -0.010200
v -0.033300 0.030900 -0.010700
v -0.031400 0.029400 -0.010600
v -0.032800 0.029300 0.028800
v -0.023700 0.027900 0.029100
v -0.022400 0.027900 -0.010300
v -0.194500 -0.077400 0.006000
v -0.201200 -0.079700 0.004400
v -0.187700 -0.111800 0.004800
v -0.209600 -0.045900 0.004100
v -0.203000 -0.044900 0.005700
v -0.212500 -0.011700 0.004000
v -0.206600 -0.011700 0.005600
v -0.202100 -0.014000 0.007000
v -0.199000 -0.044200 0.007100
v -0.190600 -0.076100 0.007400
v -0.178100 -0.106700 0.007700
v -0.181800 -0.108700 0.006400
v -0.162500 -0.132700 0.008300
v -0.164800 -0.137300 0.006900
v -0.169500 -0.140900 0.005400
v -0.088000 0.177800 0.010900
v -0.089900 0.181500 0.009700
v -0.118200 0.163100 0.008600
v -0.060300 0.190100 0.011900
v -0.059500 0.195200 0.010700
v -0.061300 0.200800 0.009200
v -0.092900 0.187400 0.008200
v -0.122400 0.169000 0.007200
v -0.148800 0.146200 0.006300
v -0.144000 0.141500 0.007800
v -0.170800 0.119900 0.005500
v -0.166000 0.116400 0.007100
v -0.161000 0.115600 0.008500
v -0.141100 0.138600 0.009100
v -0.115900 0.159900 0.010100
v -0.022400 -0.218100 0.012900
v -0.023000 -0.222200 0.011600
v 0.010600 -0.224100 0.012700
v -0.052100 -0.211800 0.011900
v -0.055600 -0.215500 0.010500
v -0.057300 -0.221100 0.009000
v -0.024000 -0.228800 0.010100
v 0.010800 -0.231300 0.011300
v 0.045500 -0.228300 0.012400
v 0.044300 -0.221700 0.013800
v 0.078700 -0.220000 0.013500
v 0.076800 -0.214400 0.014900
v 0.073100 -0.210700 0.016100
v 0.043500 -0.217600 0.015100
v 0.010600 -0.220000 0.014000
v 0.197700 -0.103700 0.020300
v 0.201400 -0.105600 0.019100
v 0.213600 -0.074100 0.019500
v 0.182400 -0.130000 0.019800
v 0.184900 -0.134600 0.018500
v 0.189800 -0.137900 0.017300
v 0.207500 -0.108500 0.017900
v 0.220600 -0.076200 0.018400
v 0.228500 -0.042400 0.018700
v 0.221700 -0.041300 0.019800
v 0.230900 -0.008100 0.018800
v 0.224900 -0.008200 0.020000
v 0.220300 -0.010500 0.021100
v 0.217600 -0.040800 0.021000
v 0.209700 -0.072900 0.020700
v 0.133900 0.165200 0.017100
v 0.138200 0.171100 0.015800
v 0.108400 0.189100 0.014900
v 0.164800 0.148700 0.016700
v 0.160000 0.143900 0.017900
v 0.187300 0.122800 0.017400
v 0.182500 0.119200 0.018700
v 0.177300 0.118400 0.019800
v 0.157100 0.141000 0.019000
v 0.131600 0.161900 0.018300
v 0.103500 0.179400 0.017300
v 0.105300 0.183100 0.016200
v 0.075600 0.191200 0.016400
v 0.074800 0.196300 0.015100
v 0.076600 0.201900 0.013800
v 0.062700 0.194900 0.016900
v 0.072700 0.192300 0.016300
v 0.060000 0.199000 0.017200
v 0.062600 0.194100 0.017000
v 0.059500 0.189200 0.016300
v 0.057400 0.200700 0.017300
v 0.075700 0.202700 0.017500
v 0.042200 0.210400 0.016400
v 0.073800 0.196600 0.016800
v 0.071600 0.188200 0.015800
v 0.063900 0.186100 0.015300
v 0.057500 0.187000 0.016100
v 0.060500 0.184400 0.016800
v 0.065700 0.185800 0.014200
v 0.071500 0.187000 0.014700
v 0.061200 0.183500 0.016200
v 0.056900 0.179900 0.023500
v 0.058000 0.179400 0.022500
v 0.101500 0.175100 0.016800
v 0.101000 0.174100 0.015600
v 0.101200 0.172500 0.006200
v 0.072700 0.185000 0.005400
v 0.067000 0.183800 0.005000
v 0.062600 0.181600 0.006900
v 0.127800 0.156100 0.007300
v 0.175600 0.107200 0.017800
v 0.172900 0.113300 0.008600
v 0.173700 0.107500 0.008500
v 0.174800 0.113200 0.018100
v 0.151800 0.136400 0.007900
v 0.153100 0.137000 0.017300
v 0.128300 0.157300 0.016600
v 0.128900 0.158200 0.017800
v 0.175800 0.113700 0.019200
v 0.153800 0.137700 0.018500
v 0.179400 0.116000 0.019800
v 0.183000 0.118500 0.020400
v 0.189800 0.106200 0.021400
v 0.192200 0.104300 0.021700
v 0.188200 0.122300 0.021200
v 0.206300 0.093100 0.021700
v 0.176400 0.105700 0.018900
v 0.175800 0.101900 0.020500
v 0.180700 0.102500 0.020400
v 0.184300 0.107100 0.021000
v 0.185100 0.107400 0.020900
v 0.179100 0.099900 0.020000
v 0.175400 0.095500 0.027300
v 0.172400 0.097300 0.027300
v 0.160900 0.086200 0.034200
v 0.163200 0.083200 0.035400
v 0.130700 0.066600 0.039500
v 0.132400 0.063800 0.040800
v 0.103700 0.052700 0.038000
v 0.102000 0.055600 0.036800
v 0.101500 0.056700 0.035700
v 0.086200 0.053300 0.034100
v 0.130100 0.067600 0.038400
v 0.160200 0.087100 0.033100
v 0.171600 0.098200 0.026200
v 0.174700 0.102300 0.019900
v 0.129500 0.069000 0.029100
v 0.101700 0.058400 0.026400
v 0.158700 0.087900 0.023700
v 0.169800 0.098700 0.016800
v 0.172800 0.102800 0.010500
v 0.042800 0.084400 0.032700
v 0.044000 0.084900 0.031600
v 0.040900 0.100100 0.033800
v 0.050200 0.073600 0.028100
v 0.050900 0.074600 0.027100
v 0.060900 0.063700 0.027600
v 0.061700 0.064600 0.026600
v 0.074600 0.057700 0.027800
v 0.073700 0.056700 0.028900
v 0.086300 0.054500 0.033000
v 0.045900 0.085800 0.022300
v 0.052500 0.075800 0.017800
v 0.063100 0.066100 0.017300
v 0.075600 0.059400 0.018600
v 0.086900 0.056400 0.023600
v -0.155800 0.110600 -0.002300
v -0.134900 0.133900 -0.001700
v -0.158300 0.110500 0.006900
v -0.136800 0.134500 0.007700
v -0.111300 0.154200 -0.000700
v -0.159300 0.111000 0.008100
v -0.158900 0.104500 0.006700
v -0.156400 0.104800 -0.002500
v -0.158200 0.099600 0.008800
v -0.155700 0.100000 -0.000400
v -0.155400 0.095500 0.015300
v -0.153000 0.096000 0.006100
v -0.159900 0.103000 0.007800
v -0.164200 0.099800 0.008800
v -0.159300 0.099200 0.009400
v -0.156300 0.094600 0.016400
v -0.145200 0.083800 0.024100
v -0.144400 0.084600 0.023000
v -0.115000 0.064600 0.031400
v -0.114400 0.065600 0.030300
v -0.162600 0.097200 0.008700
v -0.159200 0.092700 0.016100
v -0.147400 0.080600 0.025100
v -0.116800 0.061700 0.032400
v -0.087700 0.051200 0.031600
v -0.086100 0.054100 0.030600
v -0.085600 0.055200 0.029500
v -0.070100 0.052100 0.028900
v -0.070100 0.053300 0.027800
v -0.057400 0.055700 0.024600
v -0.058200 0.056600 0.023400
v -0.044600 0.062800 0.024100
v -0.045300 0.063800 0.023100
v -0.034700 0.073900 0.024200
v -0.035800 0.075100 0.014900
v -0.070000 0.049100 0.030000
v -0.054200 0.052500 0.025800
v -0.042500 0.060000 0.025000
v -0.032000 0.068900 0.026500
v -0.034000 0.072900 0.025300
v -0.028200 0.084300 0.029200
v -0.024500 0.099700 0.032700
v -0.024400 0.082900 0.031600
v -0.021200 0.100400 0.033900
v -0.027100 0.083900 0.030400
v -0.025600 0.099500 0.031600
v -0.027100 0.130200 0.033200
v -0.026000 0.130400 0.034400
v -0.036200 0.164500 0.026600
v -0.035100 0.165000 0.027800
v -0.042900 0.178600 0.019100
v -0.041900 0.179100 0.020300
v -0.045800 0.182700 0.012600
v -0.048500 0.185300 0.011500
v -0.042200 0.186100 0.012800
v -0.044200 0.188400 0.012900
v -0.045200 0.183600 0.013300
v -0.039300 0.181400 0.020200
v -0.031600 0.166200 0.029000
v -0.022800 0.131200 0.035600
v -0.050200 0.184800 0.010400
v -0.056200 0.187100 0.011600
v -0.057400 0.191200 0.012000
v -0.047400 0.193300 0.013400
v -0.047500 0.194100 0.013300
v -0.044900 0.198200 0.013700
v -0.058600 0.195500 0.012400
v -0.085800 0.173600 0.010600
v -0.113100 0.156300 0.009800
v -0.056100 0.186000 0.010400
v -0.085400 0.172600 0.009400
v -0.112500 0.155400 0.008600
v -0.137800 0.135300 0.008800
v -0.046500 0.180700 0.003300
v -0.043800 0.176700 0.009800
v -0.050800 0.182800 0.001100
v -0.056600 0.183900 0.001100
v -0.085000 0.170900 -0.000000
v -0.163000 0.113300 0.008400
v -0.166700 0.115600 0.008800
v -0.167800 0.106100 0.008300
v -0.184600 0.087100 0.009300
v -0.189600 0.089900 0.008600
v -0.196700 0.058100 0.008800
v -0.175700 0.101300 0.009500
v -0.171900 0.119400 0.009200
v -0.173300 0.103200 0.009300
v -0.168500 0.104600 0.009200
v -0.167800 0.104300 0.009300
v -0.202200 -0.010900 0.007000
v -0.206700 -0.010700 0.007300
v -0.205000 0.003200 0.008200
v -0.205800 0.006100 0.008400
v -0.213100 -0.010700 0.007700
v -0.210600 0.023600 0.007800
v -0.205000 0.022900 0.008500
v -0.198100 0.053600 0.008800
v -0.202700 0.057500 0.008100
v -0.195500 0.000900 0.007800
v -0.198000 -0.011000 0.006700
v -0.193800 -0.004200 0.006600
v -0.201200 -0.000800 0.008100
v -0.201900 -0.000700 0.008000
v -0.194000 -0.006000 0.005500
v -0.196800 -0.011200 0.005700
v -0.193100 -0.043300 0.005700
v -0.194400 -0.043400 0.006800
v -0.185200 -0.074400 0.006000
v -0.183500 -0.073900 -0.003200
v -0.173000 -0.104000 0.006300
v -0.171600 -0.102700 -0.003100
v -0.156700 -0.131800 0.006900
v -0.155800 -0.129700 -0.002500
v -0.157600 -0.132600 0.008000
v -0.174000 -0.104600 0.007400
v -0.186300 -0.074700 0.007200
v -0.160900 -0.135300 0.008400
v -0.164400 -0.138100 0.008600
v -0.154500 -0.148300 0.009800
v -0.154400 -0.143300 0.009500
v -0.153900 -0.142800 0.009600
v -0.148400 -0.140700 0.009300
v -0.150000 -0.135600 0.007900
v -0.151200 -0.134300 0.006800
v -0.146400 -0.136100 0.009600
v -0.146400 -0.135000 0.009000
v -0.141200 -0.134500 0.016700
v -0.128100 -0.124000 0.014100
v -0.128200 -0.126000 0.023400
v -0.101100 -0.103200 0.030600
v -0.141300 -0.131200 0.006300
v -0.141800 -0.133400 0.015600
v -0.145900 -0.132800 -0.000200
v -0.150500 -0.132100 -0.002500
v -0.127600 -0.127000 0.024500
v -0.100300 -0.104100 0.031700
v -0.081300 -0.079800 0.030700
v -0.082200 -0.079100 0.029500
v -0.074400 -0.065300 0.028700
v -0.075500 -0.065000 0.027600
v -0.073700 -0.052300 0.023900
v -0.145500 -0.139900 0.009100
v -0.140400 -0.137900 0.016600
v -0.125400 -0.130000 0.025600
v -0.098100 -0.106600 0.033000
v -0.079100 -0.082300 0.031800
v -0.071500 -0.066100 0.029900
v -0.069700 -0.050200 0.025200
v -0.076500 -0.037900 0.022900
v -0.073100 -0.036800 0.023900
v -0.078400 -0.023900 0.024900
v -0.082900 -0.024800 0.023600
v -0.089500 -0.012200 0.029300
v -0.091200 -0.014600 0.028200
v -0.074800 -0.052700 0.022800
v -0.077600 -0.038300 0.021900
v -0.083900 -0.025000 0.022500
v -0.092000 -0.015500 0.027100
v -0.105700 -0.008300 0.028800
v -0.105500 -0.007100 0.029900
v -0.135300 -0.000300 0.029500
v -0.169300 -0.000200 0.012800
v -0.170600 0.001500 0.022100
v -0.184200 -0.002500 0.005000
v -0.135000 -0.002000 0.020200
v -0.106300 -0.009700 0.019500
v -0.092900 -0.016800 0.017600
v -0.085200 -0.026000 0.013200
v -0.079000 -0.038800 0.012500
v -0.076300 -0.052900 0.013400
v -0.077000 -0.064700 0.018100
v -0.083500 -0.078400 0.020200
v -0.101800 -0.101900 0.021300
v -0.142300 0.085500 0.013800
v -0.113200 0.067100 0.021000
v -0.085200 0.056900 0.020200
v -0.070200 0.055100 0.018400
v -0.058600 0.058300 0.014100
v -0.046100 0.065300 0.013600
v -0.029500 0.085200 0.019800
v -0.027000 0.100000 0.022200
v -0.028500 0.129700 0.023900
v -0.037200 0.163100 0.017300
v 0.042800 -0.213000 0.014600
v 0.010500 -0.215500 0.013600
v 0.074500 -0.206000 0.015700
v 0.076100 -0.209900 0.016200
v 0.077700 -0.214100 0.016600
v 0.080300 -0.196100 0.016500
v 0.081300 -0.196400 0.017100
v 0.081200 -0.190800 0.024100
v 0.078100 -0.200600 0.014300
v 0.079600 -0.199800 0.015500
v 0.085000 -0.199700 0.017000
v 0.085300 -0.205600 0.017500
v 0.085600 -0.206300 0.017400
v 0.090300 -0.207900 0.017900
v 0.085300 -0.196700 0.016700
v 0.084700 -0.191000 0.024100
v 0.078200 -0.175300 0.031300
v 0.081700 -0.174200 0.032500
v 0.064600 -0.142000 0.037200
v 0.067700 -0.140700 0.038400
v 0.050400 -0.115100 0.036100
v 0.047500 -0.116500 0.034900
v 0.035300 -0.106600 0.031200
v 0.035900 -0.105600 0.032300
v 0.023800 -0.101000 0.027200
v 0.046500 -0.117100 0.033800
v 0.063600 -0.142500 0.036100
v 0.077000 -0.175500 0.030100
v 0.080000 -0.191000 0.022900
v 0.078500 -0.195200 0.007100
v 0.078300 -0.190200 0.013500
v 0.075400 -0.175200 0.020800
v 0.062300 -0.143100 0.026700
v 0.045700 -0.118500 0.024400
v 0.034800 -0.108200 0.021800
v 0.010600 -0.214400 0.012400
v -0.021400 -0.212400 0.011200
v -0.021800 -0.213500 0.012400
v 0.010900 -0.212900 0.003100
v 0.042500 -0.211900 0.013300
v 0.041900 -0.210500 0.004000
v 0.074000 -0.204900 0.014500
v 0.072500 -0.203700 0.005000
v 0.076500 -0.199500 0.005000
v -0.053600 -0.207100 0.011400
v -0.052900 -0.206000 0.010300
v -0.057100 -0.201600 0.009800
v -0.055100 -0.211000 0.011800
v -0.056600 -0.215200 0.012200
v -0.058700 -0.200900 0.010900
v -0.064100 -0.201000 0.012000
v -0.064300 -0.206800 0.012500
v -0.064700 -0.207500 0.012400
v -0.069300 -0.209200 0.012600
v -0.072400 -0.209100 0.012600
v -0.058500 -0.221300 0.012800
v -0.090400 -0.208400 0.011700
v -0.088000 -0.203200 0.012200
v -0.115000 -0.187200 0.011300
v -0.120300 -0.190400 0.010800
v -0.118900 -0.184400 0.011200
v -0.146900 -0.167900 0.009800
v -0.142900 -0.164000 0.010400
v -0.153500 -0.151100 0.010000
v -0.169500 -0.142000 0.009100
v -0.190600 -0.002500 0.007700
v -0.191200 -0.001500 0.008300
v -0.186100 0.000300 0.015300
v -0.185900 -0.000900 0.014200
v -0.135200 0.000900 0.030600
v -0.170800 0.002700 0.023100
v -0.187400 0.003600 0.015100
v -0.105200 -0.003800 0.031000
v -0.135100 0.004200 0.031800
v -0.170900 0.006500 0.024200
v -0.191200 -0.043700 -0.003700
v -0.194700 -0.012600 -0.003700
v -0.191900 -0.007500 -0.003800
v -0.188600 -0.004100 -0.001600
v 0.213000 -0.040100 0.020300
v 0.205400 -0.071500 0.020200
v 0.216200 -0.007700 0.020500
v 0.220400 -0.007400 0.021100
v 0.224800 -0.007200 0.021700
v 0.215100 -0.008000 0.019300
v 0.212200 -0.002700 0.018900
v 0.211900 -0.040000 0.019100
v 0.204400 -0.071100 0.018900
v 0.193600 -0.101600 0.019600
v 0.210800 -0.004300 0.009600
v 0.208500 0.000800 0.020900
v 0.207300 -0.000900 0.011600
v 0.213600 -0.009300 0.009900
v 0.210600 -0.040400 0.009800
v 0.203300 -0.070700 0.009600
v 0.192600 -0.101000 0.018400
v 0.177500 -0.129900 0.019200
v 0.176700 -0.129100 0.018000
v 0.171300 -0.131600 0.017500
v 0.180700 -0.132600 0.019700
v 0.184200 -0.135400 0.020200
v 0.189400 -0.139000 0.021100
v 0.173600 -0.148400 0.020800
v 0.167300 -0.165400 0.020300
v 0.174600 -0.145600 0.020800
v 0.174500 -0.140600 0.020400
v 0.173900 -0.140100 0.020500
v 0.168400 -0.138100 0.019800
v 0.170100 -0.132900 0.018500
v 0.093300 -0.207800 0.018100
v 0.079700 -0.220200 0.017400
v 0.111400 -0.206700 0.018400
v 0.108800 -0.201600 0.018800
v 0.135600 -0.185200 0.019800
v 0.141000 -0.188200 0.019400
v 0.139500 -0.182300 0.019900
v 0.163100 -0.161500 0.020600
v 0.086200 0.050400 0.035200
v 0.070600 0.053500 0.029900
v 0.058800 0.060800 0.028300
v 0.048100 0.069500 0.029200
v 0.039900 0.083400 0.033700
v 0.039800 0.100200 0.034800
v 0.036400 0.100800 0.035800
v 0.040700 0.131000 0.036600
v 0.037500 0.131600 0.037600
v 0.046200 0.166900 0.031600
v 0.049700 0.165700 0.030600
v 0.054200 0.182200 0.023300
v 0.050900 0.165200 0.029500
v 0.042000 0.130700 0.035500
v 0.059400 0.177600 0.013200
v 0.052600 0.163900 0.020300
v 0.043900 0.130300 0.026300
v 0.042900 0.100500 0.024500
v 0.095500 -0.036900 0.027700
v 0.097600 -0.037400 0.018400
v 0.103500 -0.024400 0.019400
v 0.094900 -0.051500 0.019100
v 0.092800 -0.051400 0.028500
v 0.095400 -0.063400 0.023800
v 0.093300 -0.063600 0.033200
v 0.101900 -0.076900 0.026300
v 0.100000 -0.077600 0.035600
v 0.120500 -0.100100 0.028600
v 0.119200 -0.101400 0.038000
v 0.147600 -0.121800 0.023200
v 0.092200 -0.063900 0.034200
v 0.099200 -0.078400 0.036600
v 0.091600 -0.050900 0.029500
v 0.094300 -0.036500 0.028600
v 0.101600 -0.023500 0.028800
v 0.110700 -0.015100 0.024400
v 0.109100 -0.013900 0.033700
v 0.100400 -0.023300 0.029800
v 0.095900 -0.022600 0.030700
v 0.090900 -0.035400 0.029300
v 0.087500 -0.049000 0.030400
v 0.089300 -0.064800 0.035200
v 0.096900 -0.080800 0.037700
v 0.106400 -0.010600 0.035800
v 0.122300 -0.005200 0.037500
v 0.121900 -0.001900 0.038600
v 0.108300 -0.013000 0.034800
v 0.203600 0.003500 0.028300
v 0.203500 0.002300 0.027200
v 0.187800 0.005600 0.035100
v 0.187700 0.004400 0.033900
v 0.151800 0.003200 0.040300
v 0.152000 0.002000 0.039200
v 0.122600 -0.006400 0.036400
v 0.123800 -0.007800 0.027100
v 0.152400 0.000300 0.029800
v 0.187100 0.002800 0.024600
v 0.202400 0.000600 0.017800
v 0.222800 0.006800 0.022400
v 0.219900 0.002800 0.022000
v 0.219100 0.002600 0.022100
v 0.213400 0.004100 0.021400
v 0.211900 -0.001000 0.020000
v 0.209100 0.001700 0.021500
v 0.210700 0.005300 0.021000
v 0.204900 0.006800 0.028200
v 0.187700 0.009300 0.036200
v 0.151500 0.006500 0.041400
v 0.037500 -0.103100 0.033500
v 0.023100 -0.096500 0.028200
v -0.029100 -0.117200 0.032400
v -0.019200 -0.103500 0.031600
v -0.032100 -0.115800 0.033400
v -0.017500 -0.106000 0.030500
v -0.005200 -0.101200 0.026300
v -0.004500 -0.096800 0.027300
v 0.009300 -0.099300 0.025700
v 0.009300 -0.095700 0.026500
v 0.024000 -0.102200 0.026100
v 0.023900 -0.104000 0.016700
v 0.009400 -0.100500 0.024700
v -0.005200 -0.102400 0.025200
v -0.016800 -0.107000 0.029500
v -0.028100 -0.117700 0.031300
v 0.009700 -0.102300 0.015400
v -0.004500 -0.104200 0.015800
v -0.015700 -0.108600 0.020100
v -0.026600 -0.119000 0.022000
v -0.042900 -0.143900 0.023200
v -0.044900 -0.143300 0.032500
v -0.055100 -0.176300 0.016400
v -0.046000 -0.143000 0.033600
v -0.057400 -0.176600 0.025700
v -0.058600 -0.176400 0.026700
v -0.059700 -0.192100 0.018300
v -0.060900 -0.191900 0.019300
v -0.059400 -0.197200 0.011900
v -0.060500 -0.197500 0.012400
v -0.064300 -0.198000 0.011700
v -0.064400 -0.192300 0.019100
v -0.062200 -0.175300 0.027700
v -0.049100 -0.141700 0.034600
v 0.147000 -0.123800 0.032500
v 0.161400 -0.128800 0.016400
v 0.161200 -0.131000 0.025700
v 0.166300 -0.130300 0.010100
v 0.166300 -0.132500 0.019400
v 0.171200 -0.129400 0.008200
v 0.176500 -0.126900 0.008600
v 0.191800 -0.099700 0.009100
v 0.166300 -0.133600 0.020000
v 0.160700 -0.132000 0.026800
v 0.146400 -0.124800 0.033600
v 0.118400 -0.102300 0.039100
v 0.116200 -0.104900 0.040100
v 0.144300 -0.127900 0.034600
v 0.159800 -0.135400 0.026600
v 0.165500 -0.137400 0.019400
v -0.042400 0.199900 0.014000
v -0.060700 0.201600 0.013000
v -0.027200 0.209900 0.014100
v -0.026200 0.204300 0.014600
v 0.007400 0.212900 0.015200
v 0.005100 0.207200 0.015600
v 0.009800 0.207300 0.015800
v 0.041100 0.204800 0.016800
v 0.201300 0.090300 0.022100
v 0.213700 0.061400 0.022500
v 0.219900 0.061000 0.022200
v 0.215200 0.056900 0.022500
v 0.228200 0.027100 0.022500
v 0.222600 0.026400 0.022700
v 0.223600 0.009700 0.022600
v 0.231200 -0.007200 0.022600
v -0.057400 -0.191300 0.009000
v -0.057100 -0.196300 0.002600
v -0.054800 -0.200600 0.000600
v -0.050800 -0.204800 0.000900
v -0.020200 -0.211000 0.002000
v 0.032500 0.193200 0.056400
v 0.027100 0.169500 0.059200
v 0.024600 0.169800 0.059100
v 0.021200 0.133900 0.058400
v 0.029500 0.193600 0.056300
v 0.031500 0.195000 0.055500
v 0.008900 0.205300 0.018400
v 0.006000 0.205300 0.018300
v 0.008600 0.195800 0.025600
v 0.008300 0.171000 0.034800
v 0.005900 0.195800 0.025500
v -0.017000 0.193200 0.054700
v -0.014500 0.169100 0.057800
v -0.020000 0.192800 0.054600
v -0.030100 0.166600 0.036400
v -0.012000 0.169400 0.057900
v 0.005800 0.171000 0.034800
v 0.008300 0.135100 0.040200
v 0.018600 0.134200 0.058100
v -0.021200 0.131600 0.042300
v -0.008000 0.133700 0.057500
v -0.002600 0.094300 0.050900
v -0.005400 0.134000 0.057300
v 0.006100 0.135100 0.040100
v 0.044100 0.167300 0.038800
v 0.056500 0.189700 0.025800
v 0.035400 0.132000 0.044200
v 0.016700 0.094400 0.051600
v 0.014100 0.094700 0.050600
v 0.008500 0.095100 0.038800
v 0.014700 0.049500 0.035300
v 0.034200 0.101100 0.042000
v 0.035800 0.100900 0.039500
v 0.036800 0.131800 0.041500
v 0.045500 0.167100 0.035900
v 0.058000 0.189400 0.022700
v 0.028500 0.053800 0.032700
v 0.024600 0.041000 0.029300
v 0.038000 0.082400 0.038800
v 0.039300 0.083300 0.037000
v 0.047900 0.069200 0.031100
v 0.058600 0.060500 0.030200
v 0.070300 0.053200 0.031800
v 0.047000 0.067500 0.032500
v 0.040500 0.054800 0.030100
v 0.030100 0.048100 0.030500
v 0.027700 0.036200 0.027200
v 0.052600 0.052100 0.029900
v 0.057400 0.059000 0.031600
v 0.068900 0.051900 0.033200
v 0.085500 0.048300 0.040300
v 0.086000 0.049800 0.038500
v 0.104400 0.050900 0.044300
v 0.103800 0.052300 0.041700
v 0.133100 0.062100 0.047400
v 0.059100 0.041500 0.030700
v 0.163400 0.082800 0.039700
v 0.132600 0.063300 0.044600
v 0.163900 0.081700 0.042700
v 0.181700 0.100200 0.029900
v 0.191400 0.079600 0.061500
v 0.193400 0.079200 0.060800
v 0.212100 0.059900 0.025100
v 0.192700 0.076900 0.061600
v 0.181000 0.101400 0.026700
v -0.177300 0.076600 0.049300
v -0.179300 0.076100 0.048400
v -0.178600 0.073800 0.049300
v -0.156400 0.064300 0.053000
v -0.157500 0.062000 0.053000
v -0.124500 0.047600 0.053500
v -0.125500 0.045300 0.053200
v -0.163100 0.046200 0.029000
v -0.129100 0.035200 0.035600
v -0.088100 0.031000 0.048000
v -0.117900 0.060100 0.039100
v -0.089200 0.028600 0.047100
v -0.091100 0.023000 0.035400
v -0.129800 0.032900 0.035500
v -0.091700 0.021100 0.035400
v -0.093400 0.015300 0.046900
v -0.049200 0.004600 0.032000
v -0.049700 0.001700 0.033200
v -0.045600 0.014800 0.033300
v -0.025100 0.006800 0.023900
v -0.021900 0.012400 0.024000
v -0.046900 0.012100 0.032100
v -0.047900 0.009400 0.026600
v -0.048500 0.007500 0.026600
v -0.026300 0.003800 0.023800
v -0.027100 0.001900 0.023800
v -0.027600 -0.000100 0.023800
v -0.028200 -0.003300 0.023800
v -0.028900 -0.009700 0.023700
v -0.032600 -0.023300 0.022900
v -0.024600 -0.026800 0.023900
v -0.027000 -0.021300 0.023800
v -0.033400 -0.035200 0.025100
v -0.021600 -0.031800 0.024000
v -0.052800 -0.013200 0.027700
v -0.057800 -0.010000 0.029800
v -0.062100 -0.021000 0.026600
v -0.044300 -0.009800 0.026900
v -0.040500 -0.014200 0.024900
v -0.028400 -0.015600 0.023800
v -0.163900 0.043700 0.029000
v -0.132800 0.022300 0.052900
v -0.094000 0.012600 0.047800
v -0.088100 -0.010900 0.034500
v -0.076300 -0.023600 0.028400
v -0.063100 -0.033400 0.026000
v -0.071200 -0.036100 0.027200
v -0.067900 -0.049200 0.028600
v -0.055000 -0.042700 0.026900
v -0.072900 -0.036700 0.025800
v -0.078100 -0.023900 0.026800
v -0.089300 -0.011800 0.032600
v -0.105100 -0.001800 0.037300
v -0.105200 -0.003300 0.034700
v -0.135000 0.006100 0.038400
v -0.069400 -0.050000 0.027100
v -0.069600 -0.066300 0.035100
v -0.044800 -0.048800 0.030200
v -0.042700 -0.043300 0.028000
v -0.034000 -0.040900 0.027300
v -0.071100 -0.066300 0.033200
v -0.031400 -0.053400 0.033700
v -0.060400 -0.088300 0.048800
v -0.077800 -0.083600 0.038200
v -0.078800 -0.082700 0.035500
v -0.017200 -0.036600 0.024100
v -0.029300 -0.055500 0.032600
v -0.014800 -0.038700 0.024200
v -0.097000 -0.108000 0.039600
v -0.097800 -0.107100 0.036800
v -0.124500 -0.131400 0.033000
v -0.125300 -0.130500 0.030000
v -0.146900 -0.142500 0.018800
v -0.147800 -0.141600 0.015600
v -0.131300 -0.159000 0.050600
v -0.113300 -0.142900 0.054300
v -0.087600 -0.117600 0.054600
v -0.085600 -0.119300 0.054400
v -0.058300 -0.090100 0.048000
v -0.076700 -0.126300 0.037200
v -0.079400 -0.167100 0.055400
v -0.088700 -0.189400 0.052000
v -0.064200 -0.174700 0.034900
v -0.091400 -0.188100 0.051900
v -0.081700 -0.165900 0.055300
v -0.109600 -0.177200 0.021400
v -0.095600 -0.157000 0.031100
v -0.097600 -0.155600 0.031100
v -0.111400 -0.144600 0.054300
v -0.051100 -0.140900 0.041100
v -0.063900 -0.134600 0.055400
v -0.074900 -0.127700 0.037200
v -0.066200 -0.133300 0.055000
v -0.044700 -0.099600 0.049400
v -0.034200 -0.114900 0.039600
v -0.032800 -0.115600 0.037000
v -0.049800 -0.141500 0.038400
v -0.062900 -0.175200 0.032000
v -0.066900 -0.199800 0.021400
v -0.019700 -0.103100 0.034900
v -0.020200 -0.101600 0.036700
v -0.004600 -0.096400 0.029300
v -0.004400 -0.094600 0.030700
v -0.002300 -0.080300 0.028600
v 0.009200 -0.085100 0.028300
v 0.009200 -0.093500 0.029800
v 0.022600 -0.094300 0.031600
v 0.009200 -0.095300 0.028400
v 0.022900 -0.096100 0.030200
v 0.038100 -0.101200 0.038600
v 0.037700 -0.102700 0.036800
v 0.050800 -0.114900 0.039800
v 0.068100 -0.140500 0.042300
v 0.082100 -0.174000 0.036800
v 0.061700 -0.098700 0.052900
v 0.029500 -0.072400 0.032600
v 0.052100 -0.114200 0.042500
v 0.069200 -0.139900 0.045100
v 0.083100 -0.173400 0.039800
v 0.087100 -0.198600 0.026500
v 0.085900 -0.199200 0.023300
v 0.106700 -0.187900 0.058500
v 0.096900 -0.165700 0.061200
v 0.109300 -0.186400 0.058600
v 0.108600 -0.188700 0.057800
v 0.135200 -0.183000 0.022300
v 0.137500 -0.181300 0.022400
v 0.149300 -0.158700 0.059200
v 0.129400 -0.175300 0.029400
v 0.099100 -0.164400 0.061300
v 0.146700 -0.158800 0.059900
v 0.148900 -0.156700 0.059900
v 0.131500 -0.173800 0.029400
v 0.114400 -0.155300 0.038100
v 0.083100 -0.132100 0.060000
v 0.080900 -0.133400 0.060200
v 0.093000 -0.126300 0.042800
v 0.116400 -0.153800 0.038200
v 0.128600 -0.142600 0.062300
v 0.130400 -0.140900 0.062300
v 0.142900 -0.129200 0.041900
v 0.166300 -0.140000 0.029200
v 0.143800 -0.128300 0.038900
v 0.114600 -0.106200 0.046600
v 0.104300 -0.116100 0.061000
v 0.077200 -0.087200 0.053400
v 0.102400 -0.117800 0.060600
v 0.094900 -0.125000 0.042900
v 0.075200 -0.089000 0.052400
v 0.048800 -0.052800 0.036400
v 0.062400 -0.048000 0.033700
v 0.051600 -0.040200 0.030100
v 0.039300 -0.031300 0.026000
v 0.042400 -0.026300 0.026100
v 0.050300 -0.022600 0.025700
v 0.044600 -0.020800 0.026200
v 0.051200 -0.034600 0.027900
v 0.060300 -0.042500 0.031400
v 0.072600 -0.041600 0.031100
v 0.087100 -0.065100 0.040300
v 0.095300 -0.082300 0.043900
v 0.080700 -0.032300 0.030800
v 0.085400 -0.047900 0.033700
v 0.088700 -0.034800 0.032500
v 0.115600 -0.105300 0.043900
v 0.096400 -0.081200 0.041400
v 0.088700 -0.064900 0.038500
v 0.087200 -0.048800 0.032400
v 0.090400 -0.035300 0.031200
v 0.093600 -0.022200 0.034000
v 0.079400 -0.019900 0.031300
v 0.095400 -0.022500 0.032600
v 0.106000 -0.010200 0.039100
v 0.104700 -0.009300 0.040900
v 0.074800 -0.008900 0.034200
v 0.070000 -0.012200 0.031700
v 0.061500 -0.009000 0.030400
v 0.061200 -0.013000 0.029000
v 0.057900 -0.013400 0.028100
v 0.045900 -0.015000 0.026200
v 0.046400 -0.009200 0.026200
v 0.066400 0.002700 0.037000
v 0.109400 0.014300 0.054600
v 0.121300 0.000000 0.044800
v 0.121700 -0.001500 0.042300
v 0.045600 -0.002700 0.026200
v 0.065900 0.005600 0.035800
v 0.044900 0.000400 0.026200
v 0.063500 0.013000 0.035700
v 0.064800 0.010300 0.030400
v 0.107100 0.024600 0.042000
v 0.043500 0.004400 0.026200
v 0.042200 0.007300 0.026100
v 0.065400 0.008500 0.030400
v 0.044400 0.002500 0.026200
v 0.107700 0.022700 0.042000
v 0.108800 0.016900 0.053700
v 0.147600 0.024600 0.062200
v 0.145600 0.035200 0.044700
v 0.144900 0.037400 0.044700
v 0.104400 0.030100 0.053500
v 0.062000 0.015700 0.036900
v 0.039000 0.013000 0.026000
v 0.140000 0.047400 0.062000
v 0.103300 0.032600 0.054400
v 0.061800 0.030000 0.033800
v 0.051200 0.022000 0.030100
v 0.138900 0.049700 0.062300
v 0.171700 0.064600 0.063900
v 0.179100 0.048900 0.040400
v 0.170600 0.066900 0.063800
v 0.202900 0.056800 0.032000
v 0.179900 0.046500 0.040400
v 0.183200 0.029900 0.064200
v 0.148100 0.022100 0.062600
v 0.213000 0.057200 0.025100
v 0.207500 0.032700 0.062000
v 0.209400 0.031300 0.061300
v 0.203700 0.054300 0.032000
v 0.183700 0.027400 0.064300
v 0.208000 0.029800 0.062100
v 0.213100 0.005400 0.027700
v 0.212800 0.006800 0.030900
v 0.187300 0.011100 0.043400
v 0.150900 0.008400 0.047900
v 0.151200 0.007100 0.045100
v 0.187600 0.009900 0.040500
v -0.070100 0.048600 0.033300
v -0.054000 0.052200 0.027700
v -0.069800 0.047100 0.035100
v -0.042400 0.059600 0.026900
v -0.031900 0.068500 0.028400
v -0.052700 0.050900 0.029200
v -0.042600 0.040700 0.027300
v -0.045400 0.029100 0.030200
v -0.039500 0.028900 0.028100
v -0.034500 0.021300 0.027300
v -0.028800 0.022700 0.025300
v -0.036200 0.051400 0.027000
v -0.041300 0.058200 0.028300
v -0.031100 0.066900 0.029900
v -0.022700 0.081900 0.036700
v -0.024000 0.082700 0.034900
v -0.019500 0.100700 0.040300
v -0.020900 0.100500 0.037600
v -0.024300 0.054300 0.028000
v -0.031200 0.166400 0.033300
v -0.022400 0.131300 0.039500
v -0.041900 0.188900 0.022600
v -0.019000 0.194600 0.053900
v -0.043200 0.188600 0.019300
v 0.037800 -0.060900 0.036000
v 0.026400 -0.042400 0.025600
v 0.020600 -0.045100 0.025400
v 0.040400 -0.059400 0.034900
v 0.029200 -0.040800 0.025600
v 0.009000 -0.053100 0.024300
v 0.014800 -0.046600 0.025200
v 0.009000 -0.047100 0.025000
v 0.020100 -0.057500 0.026800
v 0.025300 -0.059600 0.029200
v 0.020500 -0.080200 0.029300
v 0.024900 -0.068700 0.030200
v -0.022800 -0.060000 0.032800
v -0.025300 -0.058400 0.027300
v -0.051800 -0.095100 0.036600
v -0.011400 -0.041100 0.024300
v -0.008600 -0.042700 0.024400
v -0.026800 -0.057300 0.027300
v -0.013200 -0.040100 0.024200
v -0.053400 -0.094000 0.036600
v -0.047000 -0.098300 0.048400
v -0.020300 -0.061300 0.034100
v -0.002600 -0.045400 0.024600
v -0.011500 -0.072600 0.031300
v -0.007400 -0.059900 0.028100
v -0.002000 -0.057700 0.026100
v 0.003100 -0.046700 0.024800
v -0.007000 -0.069000 0.029100
v -0.168500 0.027000 0.052600
v -0.169000 0.024500 0.052500
v -0.133300 0.019800 0.053200
v -0.192600 0.029500 0.048800
v -0.187200 0.051100 0.018900
v -0.196100 0.053900 0.011400
v -0.186500 0.053600 0.019000
v -0.195200 0.056600 0.011500
v -0.171000 0.008300 0.031600
v -0.193100 0.026600 0.048700
v -0.194500 0.028000 0.047900
v -0.195400 0.003500 0.017300
v -0.135100 0.004800 0.035600
v -0.171100 0.007000 0.028500
v -0.195500 0.002100 0.014100
v -0.065500 -0.200400 0.018300
v -0.090500 -0.190300 0.051200
v -0.114800 -0.185100 0.014000
v -0.129200 -0.161100 0.050700
v -0.131600 -0.161000 0.049800
v -0.117100 -0.183400 0.014000
v -0.111700 -0.175700 0.021400
v 0.167400 -0.139000 0.026100
v 0.000200 0.094600 0.050100
v 0.001100 0.049300 0.034900
v -0.012500 0.053500 0.031300
v -0.008100 0.040800 0.028200
v -0.003200 0.026300 0.024600
v -0.008600 0.024000 0.024400
v -0.017100 0.025600 0.023500
v -0.013600 0.020800 0.024300
v -0.011000 0.035900 0.025900
v -0.013900 0.047700 0.029000
v 0.006500 0.095100 0.038700
v 0.004100 0.049800 0.033800
v 0.003200 0.027500 0.024800
v 0.007300 0.050100 0.028500
v 0.006400 0.028000 0.024900
v 0.011900 0.049900 0.034100
v 0.010500 0.028000 0.025100
v 0.013700 0.027700 0.025200
v 0.009200 0.050100 0.028600
v 0.008400 0.028200 0.025000
v 0.020100 0.026500 0.025400
v 0.034100 0.026000 0.025200
v 0.025500 0.024300 0.025600
v 0.030600 0.021200 0.025700
v 0.035200 0.017400 0.025900
v 0.045700 0.023300 0.027700
v 0.048600 0.025000 0.028600
v 0.056000 0.029700 0.031300
v 0.057500 0.035100 0.031200
v 0.031100 -0.039800 0.025700
v 0.044700 -0.056800 0.029700
v 0.032600 -0.038300 0.025800
v 0.043200 -0.057900 0.029600
v 0.071000 -0.093000 0.040700
v 0.069400 -0.094200 0.040600
v 0.046800 -0.054800 0.035100
v 0.035000 -0.036200 0.025800
v 0.064100 -0.097300 0.052100
v -0.088900 0.049400 0.037900
v -0.088100 0.050700 0.035300
v -0.117200 0.061200 0.036300
v -0.148500 0.079100 0.032400
v -0.147800 0.080200 0.029400
v -0.165700 0.097300 0.018400
v -0.164900 0.098600 0.015200
v -0.018100 0.016900 0.024100
v -0.318600 0.005500 0.108300
v -0.312700 0.056000 0.108500
v -0.331600 0.060100 0.086000
v -0.337000 0.024500 0.085800
v -0.287700 -0.042200 0.118500
v -0.288800 0.004100 0.118500
v -0.338700 -0.011500 0.085700
v -0.317400 -0.045400 0.108300
v -0.278700 -0.087300 0.118700
v -0.336600 -0.047600 0.085700
v -0.307400 -0.095300 0.108600
v -0.263300 -0.130900 0.119200
v -0.330700 -0.083200 0.085900
v -0.321100 -0.117900 0.086200
v -0.290500 -0.143300 0.109100
v -0.240800 -0.171100 0.119900
v -0.307900 -0.151600 0.086600
v -0.265600 -0.187700 0.109900
v -0.212800 -0.207800 0.120800
v -0.271700 -0.213700 0.087800
v -0.234800 -0.228100 0.110900
v -0.291600 -0.183500 0.087100
v -0.293000 -0.186600 -0.033000
v -0.309700 -0.154000 -0.033500
v -0.313200 -0.117700 -0.153600
v -0.323000 -0.119800 -0.033900
v -0.300000 -0.151400 -0.153200
v -0.287300 -0.127300 -0.174700
v -0.283600 -0.183300 -0.152600
v -0.256200 -0.187500 -0.173700
v -0.272800 -0.217300 -0.032300
v -0.263700 -0.213500 -0.152000
v -0.240900 -0.241300 -0.151300
v -0.249500 -0.245600 -0.031600
v -0.248800 -0.241500 0.088500
v -0.223400 -0.271500 -0.030800
v -0.223200 -0.266900 0.089300
v -0.197400 -0.262600 0.112100
v -0.195100 -0.289500 0.090200
v -0.194800 -0.294300 -0.029800
v -0.155500 -0.291500 0.113500
v -0.164800 -0.308900 0.091200
v -0.132500 -0.325000 0.092300
v -0.109400 -0.312800 0.115000
v -0.163900 -0.314200 -0.028800
v -0.156800 -0.308700 -0.148500
v -0.131100 -0.330700 -0.027700
v -0.187100 -0.289300 -0.149500
v -0.213300 -0.239700 -0.172400
v -0.215200 -0.266700 -0.150400
v -0.160400 -0.282100 -0.170700
v -0.124500 -0.324800 -0.147500
v -0.100000 -0.312600 -0.168700
v -0.090900 -0.337600 -0.146400
v -0.055900 -0.346700 -0.145200
v -0.034400 -0.329600 -0.166500
v -0.020300 -0.352100 -0.144000
v 0.015700 -0.353800 -0.142900
v 0.033200 -0.332800 -0.164300
v 0.051500 -0.351700 -0.141700
v 0.087100 -0.345900 -0.140500
v 0.100000 -0.321800 -0.162000
v 0.121900 -0.336300 -0.139300
v 0.155400 -0.323100 -0.138200
v 0.163100 -0.297100 -0.159900
v 0.187500 -0.306700 -0.137100
v 0.217500 -0.286900 -0.136100
v 0.219500 -0.259900 -0.158000
v 0.245400 -0.263900 -0.135200
v 0.270700 -0.238300 -0.134300
v 0.267100 -0.211800 -0.156400
v 0.293200 -0.210200 -0.133500
v 0.312800 -0.179700 -0.132800
v 0.303500 -0.154600 -0.155100
v 0.328800 -0.147600 -0.132300
v 0.341500 -0.113800 -0.131800
v 0.327500 -0.091300 -0.154300
v 0.350700 -0.079000 -0.131500
v 0.356100 -0.043300 -0.131300
v 0.337700 -0.024300 -0.153900
v 0.357800 -0.007200 -0.131200
v 0.355700 0.028800 -0.131300
v 0.333800 0.043300 -0.154000
v 0.349900 0.064300 -0.131400
v 0.340300 0.099100 -0.131700
v 0.315900 0.108500 -0.154500
v 0.327100 0.132700 -0.132100
v 0.310700 0.164600 -0.132600
v 0.284700 0.168800 -0.155500
v 0.290800 0.194800 -0.133300
v 0.268000 0.222600 -0.134000
v 0.241800 0.221100 -0.156900
v 0.242300 0.248000 -0.134800
v 0.214200 0.270600 -0.135700
v 0.189000 0.263500 -0.158600
v 0.183900 0.289900 -0.136700
v 0.151600 0.306100 -0.137800
v 0.128500 0.293800 -0.160600
v 0.118000 0.318900 -0.138900
v 0.083000 0.328000 -0.140100
v 0.063000 0.310900 -0.162700
v 0.047400 0.333400 -0.141200
v 0.011500 0.335100 -0.142400
v -0.004600 0.314100 -0.165000
v -0.024400 0.333000 -0.143600
v -0.060000 0.327200 -0.144800
v -0.071400 0.303000 -0.167200
v -0.094800 0.317700 -0.146000
v -0.128300 0.304500 -0.147100
v -0.134500 0.278500 -0.169300
v -0.160400 0.287900 -0.148200
v -0.190500 0.268200 -0.149200
v -0.191000 0.241300 -0.171200
v -0.218300 0.245200 -0.150100
v -0.243600 0.219600 -0.151000
v -0.238600 0.193100 -0.172800
v -0.266200 0.191400 -0.151800
v -0.285700 0.161000 -0.152400
v -0.275000 0.136000 -0.174100
v -0.301700 0.128900 -0.153000
v -0.314500 0.095200 -0.153400
v -0.299000 0.072600 -0.175000
v -0.323600 0.060300 -0.153800
v -0.329000 0.024700 -0.154000
v -0.309200 0.005700 -0.175300
v -0.330700 -0.011300 -0.154100
v -0.328600 -0.047400 -0.154000
v -0.305300 -0.062000 -0.175300
v -0.322800 -0.083000 -0.153900
v -0.332900 -0.084400 -0.034200
v -0.338800 -0.048200 -0.034400
v -0.340900 -0.011500 -0.034400
v -0.339200 0.025100 -0.034400
v -0.333700 0.061500 -0.034100
v -0.324300 0.096900 -0.033800
v -0.322400 0.095000 0.086300
v -0.311500 0.131300 -0.033300
v -0.295100 0.164100 -0.032800
v -0.309600 0.128700 0.086800
v -0.298100 0.104700 0.109100
v -0.293600 0.160800 0.087300
v -0.274100 0.191300 0.088000
v -0.276900 0.151000 0.109800
v -0.275300 0.195000 -0.032100
v -0.252300 0.223700 -0.031300
v -0.251600 0.219400 0.088800
v -0.226500 0.249800 -0.030400
v -0.198200 0.273000 -0.029500
v -0.226300 0.245000 0.089600
v -0.213500 0.230300 0.112000
v -0.248000 0.192900 0.110800
v -0.198400 0.268000 0.090600
v -0.173100 0.261100 0.113300
v -0.168400 0.287700 0.091600
v -0.167500 0.293300 -0.028400
v -0.134900 0.310200 -0.027300
v -0.136300 0.304300 0.092700
v -0.100700 0.323500 -0.026200
v -0.065300 0.333200 -0.025000
v -0.102800 0.317500 0.093800
v -0.080800 0.302800 0.116400
v -0.128800 0.286100 0.114800
v -0.067900 0.327000 0.095000
v -0.032400 0.332800 0.096200
v -0.029200 0.339200 -0.023800
v 0.007500 0.341300 -0.022600
v 0.003600 0.334900 0.097300
v 0.044100 0.339600 -0.021400
v 0.080400 0.334000 -0.020200
v 0.039500 0.333200 0.098500
v 0.019900 0.314100 0.119800
v 0.075100 0.327800 0.099700
v 0.110000 0.318700 0.100900
v 0.070400 0.308200 0.121500
v 0.116000 0.324800 -0.019000
v 0.150200 0.311900 -0.017900
v 0.143700 0.305900 0.102000
v 0.183000 0.295400 -0.016800
v 0.213900 0.275400 -0.015800
v 0.175900 0.289700 0.103000
v 0.119100 0.293600 0.123100
v 0.206200 0.270400 0.104000
v 0.165200 0.272400 0.124600
v 0.108200 0.265500 0.131900
v 0.150100 0.246200 0.133300
v 0.207100 0.243500 0.125900
v 0.260000 0.222400 0.105800
v 0.244500 0.208900 0.127200
v 0.188000 0.219900 0.134500
v 0.234400 0.247800 0.104900
v 0.268700 0.226800 -0.014000
v 0.242500 0.252600 -0.014900
v 0.291900 0.198400 -0.013300
v 0.312100 0.167700 -0.012600
v 0.282900 0.194600 0.106500
v 0.302700 0.164400 0.107100
v 0.275300 0.168500 0.128100
v 0.221900 0.188700 0.135600
v 0.249900 0.152000 0.136500
v 0.300200 0.124200 0.128900
v 0.319100 0.132500 0.107700
v 0.332300 0.098900 0.108100
v 0.342300 0.100900 -0.011700
v 0.328900 0.135100 -0.012100
v 0.352000 0.065600 -0.011400
v 0.357900 0.029300 -0.011200
v 0.341900 0.064100 0.108400
v 0.317100 0.076100 0.129500
v 0.347700 0.028600 0.108500
v 0.360000 -0.007300 -0.011200
v 0.349800 -0.007400 0.108600
v 0.327100 0.026300 0.129700
v 0.287800 0.068200 0.137700
v 0.296900 0.023000 0.137900
v 0.328300 -0.024600 0.129700
v 0.322400 -0.075100 0.129500
v 0.297900 -0.023300 0.137900
v 0.342800 -0.079200 0.108300
v 0.348200 -0.043500 0.108500
v 0.352900 -0.080300 -0.011500
v 0.358300 -0.044000 -0.011300
v 0.343600 -0.115800 -0.011800
v 0.330600 -0.150200 -0.012300
v 0.333600 -0.114000 0.107900
v 0.307800 -0.123900 0.129000
v 0.320800 -0.147800 0.107500
v 0.304800 -0.179900 0.106900
v 0.314200 -0.183000 -0.012800
v 0.294400 -0.213900 -0.013500
v 0.285300 -0.210400 0.106200
v 0.271500 -0.242500 -0.014300
v 0.245600 -0.268700 -0.015200
v 0.262800 -0.238500 0.105500
v 0.237400 -0.264100 0.104600
v 0.257700 -0.212000 0.127200
v 0.286600 -0.170100 0.128200
v 0.260100 -0.155200 0.136600
v 0.234000 -0.193100 0.135700
v 0.223200 -0.249400 0.126100
v 0.182800 -0.280200 0.124700
v 0.202700 -0.227000 0.134600
v 0.209600 -0.287100 0.103700
v 0.179500 -0.306800 0.102700
v 0.217300 -0.291800 -0.016100
v 0.186600 -0.312100 -0.017200
v 0.154100 -0.329000 -0.018300
v 0.147400 -0.323300 0.101600
v 0.120000 -0.342300 -0.019400
v 0.084500 -0.352100 -0.020600
v 0.113900 -0.336500 0.100500
v 0.090500 -0.322000 0.121600
v 0.138500 -0.305200 0.123200
v 0.079100 -0.346000 0.099300
v 0.043600 -0.351900 0.098100
v 0.048300 -0.358100 -0.021800
v 0.011700 -0.360200 -0.023000
v 0.007700 -0.354000 0.096900
v -0.025000 -0.358500 -0.024200
v -0.061200 -0.353000 -0.025400
v -0.028300 -0.352300 0.095700
v -0.010100 -0.333200 0.118300
v -0.063900 -0.346900 0.094500
v -0.098800 -0.337800 0.093400
v -0.060700 -0.327300 0.116600
v -0.096700 -0.343600 -0.026600
v -0.009000 -0.303100 0.127500
v -0.054800 -0.297900 0.126000
v -0.006800 -0.263300 0.115800
v -0.099100 -0.284600 0.124500
v -0.046400 -0.258600 0.114500
v -0.084600 -0.247200 0.113200
v -0.141000 -0.265300 0.123200
v -0.120900 -0.230700 0.112100
v -0.178900 -0.239000 0.121900
v -0.153600 -0.207900 0.111000
v -0.183000 -0.180800 0.110000
v -0.207200 -0.149200 0.109300
v -0.226600 -0.114400 0.108600
v -0.239900 -0.076800 0.108200
v -0.247700 -0.037700 0.108000
v -0.248600 0.002300 0.108000
v -0.283500 0.050000 0.118700
v -0.244000 0.041900 0.108200
v -0.270300 0.094200 0.119200
v -0.232600 0.080000 0.108600
v -0.251000 0.136100 0.119900
v -0.215900 0.116300 0.109200
v -0.224900 0.174000 0.120800
v -0.193300 0.149000 0.110000
v -0.193500 0.207900 0.121800
v -0.166200 0.178400 0.110900
v -0.156900 0.235900 0.123100
v -0.134600 0.202700 0.112000
v -0.116600 0.258600 0.124400
v -0.099800 0.222200 0.113100
v -0.073200 0.273900 0.125900
v -0.062200 0.235400 0.114400
v -0.027900 0.282900 0.127400
v -0.023100 0.243200 0.115700
v 0.018100 0.284000 0.128900
v 0.016700 0.244200 0.117000
v 0.063900 0.278700 0.130400
v 0.056300 0.239500 0.118300
v 0.094500 0.228100 0.119600
v 0.130800 0.211600 0.120800
v 0.163500 0.188900 0.121800
v 0.192900 0.161700 0.122800
v 0.217000 0.130100 0.123600
v 0.272500 0.111800 0.137200
v 0.236400 0.095300 0.124200
v 0.249800 0.057700 0.124600
v 0.257600 0.018600 0.124800
v 0.258500 -0.021400 0.124800
v 0.292600 -0.069100 0.137700
v 0.253900 -0.061000 0.124600
v 0.279400 -0.113300 0.137200
v 0.242500 -0.099100 0.124200
v 0.225800 -0.135400 0.123600
v 0.203100 -0.168100 0.122900
v 0.176100 -0.197600 0.121900
v 0.166000 -0.255000 0.133400
v 0.144500 -0.221800 0.120900
v 0.125700 -0.277700 0.132000
v 0.109700 -0.241300 0.119700
v 0.072100 -0.254500 0.118400
v 0.082400 -0.293000 0.130600
v 0.040700 -0.332000 0.119900
v 0.037000 -0.302000 0.129000
v 0.033000 -0.262300 0.117100
v -0.031000 0.312900 0.118100
v 0.036000 0.241100 0.113300
v 0.004000 0.244000 0.121200
v 0.004300 0.242900 0.112200
v 0.035800 0.242200 0.122300
v 0.067100 0.235400 0.114300
v 0.067000 0.236400 0.123300
v 0.097300 0.225700 0.115300
v 0.097400 0.226700 0.124300
v 0.125900 0.212300 0.116200
v 0.126200 0.213300 0.125200
v 0.152900 0.195600 0.117100
v 0.153100 0.196400 0.126100
v 0.177300 0.175500 0.117900
v 0.177800 0.176300 0.126900
v 0.199200 0.152600 0.118600
v 0.199800 0.153200 0.127600
v 0.217900 0.127000 0.119200
v 0.233500 0.099400 0.119700
v 0.218600 0.127600 0.128200
v 0.234200 0.099800 0.128700
v 0.218700 0.127700 0.129400
v 0.199800 0.153300 0.128800
v 0.177900 0.176400 0.128100
v 0.200300 0.153800 0.128800
v 0.178400 0.176900 0.128100
v 0.153700 0.197200 0.127300
v 0.155700 0.199900 0.127400
v 0.180700 0.179500 0.128200
v 0.156100 0.200500 0.127400
v 0.181200 0.180000 0.128200
v 0.203000 0.156000 0.128900
v 0.203500 0.156400 0.128900
v 0.219300 0.128100 0.129400
v 0.222100 0.129900 0.129500
v 0.237900 0.101600 0.130000
v 0.222700 0.130300 0.129600
v 0.234800 0.100200 0.129900
v 0.234200 0.099800 0.129900
v 0.246100 0.070200 0.130300
v 0.246800 0.070500 0.130300
v 0.250100 0.071700 0.130400
v 0.254200 0.039500 0.130500
v 0.255000 0.039600 0.130600
v 0.258500 0.007900 0.130700
v 0.259100 0.008000 0.130700
v 0.258300 0.040300 0.130700
v 0.250700 0.071900 0.130400
v 0.262500 0.008200 0.130800
v 0.259000 0.040400 0.130700
v 0.250800 0.071900 0.125800
v 0.263300 0.008200 0.130800
v 0.259100 0.040400 0.126100
v 0.263400 0.008200 0.126200
v 0.263500 -0.024200 0.130800
v 0.263600 -0.024200 0.126200
v 0.259500 -0.056500 0.130600
v 0.259700 -0.056500 0.126000
v 0.251600 -0.087900 0.130300
v 0.251800 -0.087900 0.125700
v 0.239900 -0.118200 0.129900
v 0.240100 -0.118200 0.125300
v 0.224400 -0.146800 0.129400
v 0.224600 -0.146800 0.124800
v 0.205600 -0.173100 0.124100
v 0.205500 -0.173100 0.128700
v 0.205000 -0.172600 0.128700
v 0.182900 -0.196400 0.128000
v 0.183400 -0.196800 0.128000
v 0.183600 -0.196800 0.123400
v 0.158600 -0.217700 0.127100
v 0.158200 -0.217200 0.127100
v 0.156200 -0.214500 0.127100
v 0.129300 -0.231800 0.126200
v 0.131000 -0.234700 0.126200
v 0.101800 -0.248600 0.125200
v 0.131300 -0.235400 0.126200
v 0.100500 -0.245400 0.125200
v 0.070000 -0.254800 0.124200
v 0.070100 -0.255500 0.124200
v 0.100300 -0.244800 0.125200
v 0.100200 -0.244600 0.124000
v 0.070000 -0.254600 0.123000
v 0.129000 -0.231100 0.126200
v 0.155600 -0.213900 0.127100
v 0.128900 -0.231000 0.125000
v 0.128600 -0.230000 0.115900
v 0.100100 -0.243600 0.115000
v 0.155600 -0.213700 0.125900
v 0.180000 -0.193300 0.126700
v 0.155400 -0.212800 0.116800
v 0.180100 -0.193400 0.127900
v 0.180600 -0.194000 0.127900
v 0.201800 -0.170000 0.128600
v 0.202300 -0.170400 0.128600
v 0.221000 -0.144600 0.129300
v 0.223800 -0.146300 0.129400
v 0.239200 -0.117800 0.129900
v 0.236100 -0.116400 0.129800
v 0.251000 -0.087700 0.130300
v 0.247700 -0.086700 0.130200
v 0.258800 -0.056400 0.130600
v 0.262700 -0.024200 0.130800
v 0.255500 -0.055700 0.130500
v 0.259300 -0.024000 0.130700
v 0.247000 -0.086500 0.130200
v 0.254700 -0.055600 0.130500
v 0.246900 -0.086500 0.129000
v 0.254700 -0.055500 0.129300
v 0.258700 -0.023900 0.130600
v 0.258400 -0.023900 0.129400
v 0.253900 -0.055400 0.120200
v 0.257600 -0.023900 0.120400
v 0.258200 0.007900 0.129400
v 0.254100 0.039400 0.129300
v 0.257400 0.007900 0.120400
v 0.253300 0.039200 0.120300
v 0.245200 0.069900 0.120100
v 0.245900 0.070200 0.129100
v 0.246200 -0.086200 0.120000
v 0.234800 -0.115600 0.119600
v 0.235500 -0.116100 0.128600
v 0.219500 -0.143500 0.119000
v 0.220200 -0.144000 0.128100
v 0.201100 -0.169200 0.118400
v 0.201700 -0.169900 0.127400
v 0.179500 -0.192500 0.117700
v 0.220300 -0.144100 0.129300
v 0.235500 -0.116100 0.129800
v 0.070100 -0.253600 0.114000
v 0.039000 -0.259800 0.112900
v 0.038800 -0.260900 0.121900
v 0.007400 -0.261900 0.111900
v 0.007100 -0.263000 0.120900
v -0.024300 -0.260200 0.110800
v -0.055500 -0.254400 0.109800
v -0.024700 -0.261300 0.119800
v -0.056000 -0.255400 0.118800
v 0.007000 -0.263300 0.122100
v -0.024800 -0.261400 0.121000
v -0.024900 -0.262100 0.121000
v 0.007000 -0.263900 0.122100
v -0.056100 -0.255600 0.120000
v -0.086400 -0.246000 0.119000
v -0.056300 -0.256300 0.120000
v -0.086300 -0.245800 0.117800
v -0.115200 -0.232400 0.116900
v -0.114400 -0.231400 0.107900
v -0.085700 -0.244700 0.108800
v -0.141300 -0.214600 0.107000
v -0.142100 -0.215500 0.116000
v -0.165900 -0.194500 0.106200
v -0.187700 -0.171500 0.105500
v -0.166800 -0.195300 0.115200
v -0.142300 -0.215700 0.117200
v -0.166900 -0.195400 0.116400
v -0.188700 -0.172300 0.114500
v -0.207600 -0.146600 0.113900
v -0.207800 -0.146700 0.115000
v -0.188800 -0.172400 0.115700
v -0.189400 -0.172800 0.115600
v -0.167500 -0.196000 0.116300
v -0.169800 -0.198500 0.116300
v -0.142700 -0.216300 0.117200
v -0.144700 -0.219000 0.117100
v -0.117600 -0.236800 0.118000
v -0.145100 -0.219500 0.117100
v -0.117300 -0.236100 0.118000
v -0.087900 -0.249800 0.118900
v -0.088100 -0.250500 0.118900
v -0.115600 -0.233200 0.118000
v -0.086600 -0.246600 0.119000
v -0.115300 -0.232500 0.118000
v -0.057100 -0.259600 0.120000
v -0.025200 -0.265500 0.121000
v -0.025400 -0.266200 0.121000
v -0.057400 -0.260300 0.119900
v -0.057200 -0.260300 0.115300
v -0.025300 -0.266200 0.116400
v 0.007200 -0.268100 0.117500
v 0.007100 -0.268100 0.122100
v 0.039600 -0.265800 0.118600
v 0.071300 -0.259500 0.119600
v 0.039400 -0.265800 0.123200
v 0.039300 -0.265100 0.123200
v 0.071200 -0.259500 0.124200
v 0.007000 -0.267300 0.122100
v 0.071100 -0.258800 0.124200
v 0.102100 -0.249300 0.120600
v 0.102000 -0.249300 0.125200
v 0.131400 -0.235300 0.121600
v 0.158700 -0.217700 0.122600
v 0.038900 -0.261700 0.123100
v 0.038800 -0.261000 0.123100
v -0.088000 -0.250500 0.114300
v -0.117400 -0.236800 0.113400
v -0.144800 -0.219500 0.110300
v -0.170300 -0.199000 0.116300
v -0.170100 -0.198900 0.111700
v -0.192600 -0.175500 0.115500
v -0.192400 -0.175500 0.110900
v -0.211700 -0.149400 0.114900
v -0.211600 -0.149400 0.110300
v -0.227600 -0.121000 0.114400
v -0.227500 -0.121000 0.110700
v -0.239500 -0.090900 0.109400
v -0.239700 -0.090900 0.114000
v -0.239100 -0.090700 0.114100
v -0.247300 -0.059400 0.113800
v -0.248100 -0.059500 0.113800
v -0.252300 -0.027200 0.113700
v -0.251500 -0.027200 0.113700
v -0.247900 -0.059500 0.109200
v -0.252100 -0.027200 0.109100
v -0.252300 0.005200 0.109100
v -0.252400 0.005200 0.113700
v -0.247800 0.037300 0.113900
v -0.248600 0.037400 0.113800
v -0.251600 0.005200 0.113700
v -0.248400 0.005000 0.113800
v -0.244500 0.036600 0.114000
v -0.236000 0.067400 0.114300
v -0.236700 0.067700 0.114300
v -0.243800 0.036500 0.114000
v -0.243600 0.036400 0.112800
v -0.247700 0.004900 0.113900
v -0.235900 0.067400 0.113100
v -0.224400 0.097000 0.113500
v -0.223100 0.096600 0.104500
v -0.234500 0.067100 0.104100
v -0.242200 0.036200 0.103900
v -0.247400 0.004900 0.112700
v -0.246000 0.004900 0.103700
v -0.247200 -0.026900 0.112600
v -0.245800 -0.026900 0.103700
v -0.243000 -0.058500 0.112800
v -0.241600 -0.058400 0.103800
v -0.235000 -0.089300 0.113000
v -0.233600 -0.089000 0.104000
v -0.223100 -0.118900 0.113400
v -0.221800 -0.118400 0.104400
v -0.206300 -0.146100 0.104900
v -0.223200 -0.118900 0.114600
v -0.223900 -0.119200 0.114500
v -0.235100 -0.089300 0.114200
v -0.208400 -0.147200 0.115000
v -0.192000 -0.175000 0.115500
v -0.211200 -0.148900 0.114900
v -0.226900 -0.120600 0.114400
v -0.235800 -0.089500 0.114200
v -0.243300 -0.058600 0.113900
v -0.244000 -0.058700 0.113900
v -0.248200 -0.027000 0.113800
v -0.247500 -0.026900 0.113800
v -0.207900 0.124400 0.105100
v -0.189600 0.150200 0.105700
v -0.209300 0.125000 0.114000
v -0.190600 0.150800 0.114700
v -0.209400 0.125100 0.115200
v -0.224500 0.097000 0.114700
v -0.225200 0.097400 0.114700
v -0.210000 0.125500 0.115200
v -0.240000 0.068700 0.114200
v -0.228200 0.098800 0.114600
v -0.228900 0.099100 0.114600
v -0.240600 0.068900 0.114100
v -0.212900 0.127300 0.115100
v -0.213400 0.127700 0.115100
v -0.191400 0.151400 0.115800
v -0.194000 0.153600 0.115800
v -0.172000 0.177300 0.116500
v -0.169700 0.174900 0.116600
v -0.194600 0.154000 0.115700
v -0.172500 0.177800 0.116500
v -0.194400 0.154000 0.111100
v -0.213300 0.127700 0.110500
v -0.228800 0.099100 0.110000
v -0.240500 0.068900 0.109500
v -0.248500 0.037400 0.109200
v -0.172400 0.177800 0.111900
v -0.147600 0.198700 0.117300
v -0.147400 0.198700 0.112700
v -0.120300 0.216300 0.118300
v -0.120100 0.216300 0.113700
v -0.090800 0.230200 0.114600
v -0.091000 0.230200 0.119200
v -0.060100 0.239700 0.120300
v -0.090800 0.229600 0.119200
v -0.060400 0.240400 0.120300
v -0.028300 0.246000 0.121300
v -0.028500 0.246700 0.121300
v -0.060200 0.240400 0.115700
v -0.028400 0.246700 0.116700
v 0.004100 0.248900 0.117800
v 0.004000 0.248900 0.122400
v 0.004000 0.248300 0.122400
v 0.036300 0.247100 0.123500
v 0.036300 0.246400 0.123500
v 0.035900 0.243100 0.123500
v 0.068100 0.240500 0.124500
v 0.067200 0.237300 0.124500
v 0.097400 0.226900 0.125500
v 0.097600 0.227600 0.125500
v 0.067100 0.236600 0.124500
v 0.035800 0.242300 0.123500
v 0.004000 0.244100 0.122400
v 0.004000 0.244900 0.122400
v -0.027900 0.242700 0.121300
v -0.059200 0.236500 0.120300
v -0.027800 0.241900 0.121300
v -0.027700 0.241800 0.120100
v -0.059000 0.235800 0.120300
v -0.058900 0.235600 0.119100
v -0.089300 0.225700 0.119300
v -0.089500 0.226400 0.119300
v -0.118300 0.212700 0.118300
v -0.120000 0.215700 0.118300
v -0.147200 0.198100 0.117300
v -0.145100 0.195400 0.117400
v -0.118000 0.212000 0.118300
v -0.144700 0.194700 0.117400
v -0.117800 0.211900 0.117100
v -0.144600 0.194600 0.116200
v -0.169100 0.174400 0.116600
v -0.190800 0.150900 0.115900
v -0.169000 0.174300 0.115400
v -0.143700 0.193800 0.107300
v -0.168100 0.173500 0.106400
v -0.117000 0.210900 0.108200
v -0.088500 0.224600 0.109100
v -0.058400 0.234600 0.110100
v -0.089100 0.225500 0.118100
v -0.027300 0.240700 0.111200
v 0.126300 0.213400 0.126400
v 0.126600 0.214100 0.126400
v 0.098900 0.230800 0.125500
v 0.068200 0.241200 0.124500
v 0.128300 0.217100 0.126500
v 0.099100 0.231400 0.125500
v 0.099300 0.231400 0.120900
v 0.068300 0.241200 0.119900
v 0.128600 0.217700 0.126500
v 0.128700 0.217700 0.121900
v 0.156200 0.200500 0.122800
v 0.181300 0.180000 0.123600
v 0.203700 0.156400 0.124400
v 0.222900 0.130300 0.125000
v 0.238600 0.101900 0.130100
v 0.238800 0.101900 0.125500
v 0.036500 0.247100 0.118900
v 0.153200 0.196500 0.127300
v -0.142000 0.178500 0.102400
v -0.115400 0.192600 0.096200
v -0.117500 0.195600 0.103200
v -0.139700 0.175900 0.095400
v -0.164500 0.158500 0.101600
v -0.144900 0.181900 0.105500
v -0.167700 0.161500 0.104700
v -0.170100 0.163900 0.104500
v -0.187700 0.138400 0.104000
v -0.190500 0.140400 0.103900
v -0.192800 0.142200 0.102800
v -0.207700 0.114600 0.103300
v -0.210100 0.116100 0.102200
v -0.212300 0.117300 0.104900
v -0.224200 0.088000 0.101700
v -0.226400 0.088900 0.104400
v -0.236900 0.059100 0.104000
v -0.234500 0.058400 0.101300
v -0.243700 0.028000 0.103800
v -0.241300 0.027700 0.101100
v -0.246500 -0.003500 0.103700
v -0.244000 -0.003600 0.101000
v -0.245200 -0.035200 0.103700
v -0.242700 -0.035000 0.101000
v -0.239900 -0.066500 0.103800
v -0.237600 -0.065900 0.101100
v -0.230900 -0.096800 0.104100
v -0.228600 -0.096000 0.101400
v -0.218000 -0.125700 0.104500
v -0.215900 -0.124700 0.101800
v -0.201700 -0.153000 0.105000
v -0.199700 -0.151600 0.102300
v -0.182200 -0.177800 0.105700
v -0.180300 -0.176300 0.102900
v -0.159500 -0.200100 0.106400
v -0.157900 -0.198300 0.103700
v -0.134300 -0.219300 0.107200
v -0.106900 -0.235300 0.108100
v -0.132900 -0.217400 0.104500
v -0.156100 -0.196300 0.104700
v -0.131400 -0.215000 0.105500
v -0.105900 -0.233200 0.105400
v -0.076900 -0.245500 0.106300
v -0.077800 -0.247700 0.109100
v -0.104600 -0.230700 0.106400
v -0.129400 -0.212100 0.105700
v -0.103000 -0.227500 0.106600
v -0.076100 -0.242700 0.107300
v -0.074900 -0.239500 0.107500
v -0.046200 -0.251100 0.108300
v -0.046800 -0.254000 0.107300
v -0.016000 -0.261000 0.111100
v -0.015800 -0.258600 0.108300
v -0.047300 -0.256200 0.110100
v 0.015600 -0.259300 0.109400
v -0.015500 -0.255800 0.109300
v 0.015600 -0.261800 0.112200
v 0.047100 -0.258500 0.113200
v 0.078100 -0.251300 0.114200
v 0.046900 -0.256200 0.110400
v 0.015500 -0.256500 0.110400
v 0.077500 -0.249200 0.111400
v 0.046400 -0.253500 0.111400
v 0.015500 -0.253000 0.110500
v 0.076600 -0.246300 0.112400
v 0.045800 -0.250000 0.111500
v 0.045200 -0.245700 0.108300
v 0.075700 -0.243100 0.112500
v 0.015300 -0.248700 0.107300
v -0.014800 -0.248000 0.106300
v -0.014100 -0.244600 0.099200
v 0.015400 -0.245300 0.100200
v -0.013900 -0.244300 0.091900
v 0.044900 -0.242400 0.101100
v 0.015600 -0.244900 0.092900
v 0.017600 -0.245300 0.035000
v 0.045200 -0.242000 0.093800
v -0.012000 -0.244600 0.034000
v -0.041300 -0.240100 0.033000
v 0.017800 -0.244500 0.025700
v -0.011600 -0.243700 0.024700
v -0.011200 -0.240100 0.022000
v 0.017800 -0.240800 0.023000
v -0.040800 -0.239400 0.023800
v -0.069800 -0.232100 0.032100
v -0.069100 -0.231300 0.022800
v -0.040000 -0.235800 0.021100
v -0.068000 -0.228000 0.020200
v -0.064000 -0.217500 0.009600
v -0.037300 -0.225000 0.010500
v -0.009800 -0.229100 0.011400
v 0.017800 -0.229800 0.012300
v 0.045200 -0.227000 0.013200
v 0.046700 -0.237900 0.024000
v 0.047300 -0.241400 0.026700
v 0.075100 -0.231300 0.024900
v 0.076000 -0.234800 0.027600
v 0.072300 -0.220700 0.014100
v 0.102300 -0.221400 0.025800
v 0.103600 -0.224600 0.028600
v 0.098200 -0.211200 0.015000
v 0.128200 -0.207900 0.026700
v 0.130000 -0.211000 0.029500
v 0.122800 -0.198300 0.015800
v 0.152000 -0.191400 0.027500
v 0.145500 -0.182600 0.016600
v 0.173700 -0.171900 0.028200
v 0.154100 -0.194200 0.030300
v 0.154300 -0.194800 0.039600
v 0.130000 -0.211700 0.038800
v 0.176200 -0.174500 0.031000
v 0.195600 -0.152200 0.031700
v 0.192700 -0.149900 0.028900
v 0.176400 -0.175000 0.040300
v 0.195900 -0.152600 0.041000
v 0.193600 -0.152600 0.098900
v 0.174300 -0.174900 0.098200
v 0.152200 -0.194600 0.097400
v 0.174200 -0.175100 0.105500
v 0.193700 -0.152700 0.106200
v 0.210000 -0.128100 0.106700
v 0.196200 -0.154800 0.113300
v 0.212900 -0.129900 0.113900
v 0.230200 -0.104700 0.117700
v 0.216500 -0.132000 0.117200
v 0.226200 -0.103000 0.114400
v 0.240300 -0.075800 0.118100
v 0.223400 -0.101600 0.107200
v 0.236300 -0.074600 0.114700
v 0.242600 -0.045200 0.115000
v 0.233200 -0.073600 0.107500
v 0.246800 -0.045900 0.118300
v 0.252900 -0.015400 0.118400
v 0.249400 -0.015300 0.118400
v 0.250200 -0.046300 0.118300
v 0.255700 -0.015400 0.117500
v 0.253000 -0.046800 0.117400
v 0.243600 -0.076700 0.118100
v 0.246500 -0.077600 0.117200
v 0.233400 -0.105900 0.117700
v 0.219400 -0.133700 0.117200
v 0.236100 -0.107100 0.116800
v 0.248500 -0.078100 0.120000
v 0.222000 -0.135200 0.116300
v 0.238100 -0.108000 0.119700
v 0.224000 -0.136400 0.119200
v 0.204600 -0.161300 0.115700
v 0.206400 -0.162700 0.118600
v 0.184000 -0.185000 0.115000
v 0.185600 -0.186600 0.117900
v 0.160600 -0.206000 0.114200
v 0.161900 -0.207900 0.117100
v 0.135900 -0.225800 0.116200
v 0.134800 -0.223700 0.113300
v 0.133200 -0.221300 0.114300
v 0.105700 -0.235600 0.113400
v 0.107000 -0.238300 0.112400
v 0.107800 -0.240400 0.115200
v 0.104300 -0.232500 0.113400
v 0.131500 -0.218300 0.114300
v 0.074500 -0.238900 0.109200
v 0.102700 -0.228500 0.110200
v 0.101500 -0.225400 0.103000
v 0.129400 -0.214700 0.111100
v 0.073800 -0.235600 0.102100
v 0.073900 -0.235300 0.094800
v 0.047100 -0.242300 0.036000
v 0.075900 -0.235500 0.036900
v 0.101600 -0.225100 0.095700
v 0.103600 -0.225400 0.037900
v 0.127900 -0.211800 0.103900
v 0.127900 -0.211500 0.096600
v 0.152200 -0.194800 0.104700
v 0.176400 -0.177500 0.112700
v 0.154100 -0.197600 0.111900
v 0.179400 -0.180600 0.116000
v 0.156600 -0.201000 0.115200
v 0.158700 -0.203700 0.115200
v 0.181800 -0.182900 0.115900
v 0.202200 -0.159400 0.116600
v 0.199500 -0.157300 0.116700
v 0.255300 -0.047100 0.120300
v 0.258000 -0.015600 0.120400
v 0.256800 0.016100 0.120400
v 0.254500 0.015900 0.117500
v 0.251600 0.047400 0.120200
v 0.242600 0.077700 0.120000
v 0.249500 0.046900 0.117400
v 0.246500 0.046200 0.118300
v 0.240500 0.077000 0.117100
v 0.251700 0.015600 0.118400
v 0.248100 0.015300 0.118400
v 0.244000 0.014700 0.115100
v 0.243200 0.045400 0.118300
v 0.245100 -0.015300 0.115100
v 0.242000 -0.015200 0.107900
v 0.239400 -0.044700 0.107800
v 0.233100 -0.073500 0.100200
v 0.239500 -0.044600 0.100500
v 0.241900 -0.015100 0.100600
v 0.241700 -0.044500 0.042600
v 0.235400 -0.073600 0.042400
v 0.241100 -0.044500 0.033300
v 0.225500 -0.101500 0.042000
v 0.235000 -0.073400 0.033100
v 0.225100 -0.101200 0.032700
v 0.231600 -0.072400 0.030200
v 0.237700 -0.044000 0.030500
v 0.221200 -0.069300 0.019200
v 0.240100 -0.014900 0.030600
v 0.227100 -0.042300 0.019400
v 0.229500 -0.014700 0.019500
v 0.239000 0.014100 0.030600
v 0.228400 0.012900 0.019500
v 0.234300 0.042800 0.030400
v 0.223800 0.040400 0.019400
v 0.226000 0.070700 0.030200
v 0.215900 0.066700 0.019100
v 0.204800 0.092200 0.018800
v 0.214100 0.097200 0.029800
v 0.229200 0.071800 0.033000
v 0.217300 0.098900 0.032600
v 0.199200 0.122100 0.029300
v 0.181300 0.145000 0.028700
v 0.190400 0.115900 0.018300
v 0.202100 0.124200 0.032100
v 0.202500 0.124600 0.041400
v 0.183800 0.147300 0.031500
v 0.217700 0.099200 0.041900
v 0.215500 0.099100 0.099800
v 0.200300 0.124400 0.099300
v 0.229700 0.072100 0.042300
v 0.227500 0.071900 0.100200
v 0.238200 0.043700 0.042600
v 0.235800 0.043600 0.100400
v 0.243000 0.014500 0.042700
v 0.237800 0.043700 0.033200
v 0.242500 0.014400 0.033400
v 0.243600 -0.015000 0.033400
v 0.244200 -0.015100 0.042700
v 0.240800 0.014400 0.100600
v 0.236000 0.043700 0.107700
v 0.240800 0.014500 0.107900
v 0.239200 0.044400 0.114900
v 0.234500 0.074800 0.118000
v 0.230500 0.073400 0.114700
v 0.218400 0.100900 0.114300
v 0.227500 0.072000 0.107500
v 0.222100 0.102800 0.117600
v 0.209100 0.130900 0.117100
v 0.225200 0.104400 0.117600
v 0.206300 0.128900 0.117100
v 0.202900 0.126600 0.113800
v 0.187300 0.153000 0.116500
v 0.190000 0.155300 0.116500
v 0.192100 0.157300 0.115600
v 0.169800 0.179300 0.114800
v 0.167800 0.177200 0.115800
v 0.165500 0.174600 0.115800
v 0.144700 0.198300 0.114000
v 0.143100 0.195900 0.115000
v 0.141200 0.193100 0.115000
v 0.117700 0.214200 0.113100
v 0.116300 0.211600 0.114100
v 0.114800 0.208500 0.114100
v 0.087900 0.223700 0.113200
v 0.088800 0.226500 0.112200
v 0.058900 0.237200 0.114000
v 0.089500 0.228600 0.115000
v 0.058500 0.235000 0.111200
v 0.027500 0.239500 0.110200
v 0.027600 0.241900 0.113000
v 0.057900 0.232000 0.112200
v 0.057200 0.228700 0.112200
v 0.027300 0.236700 0.111200
v 0.086600 0.220400 0.113200
v 0.085400 0.216400 0.110000
v 0.113100 0.204700 0.110900
v 0.111700 0.201600 0.103700
v 0.137300 0.186600 0.104600
v 0.139000 0.189500 0.111700
v 0.160900 0.168600 0.105300
v 0.162800 0.171300 0.112500
v 0.184200 0.150200 0.113200
v 0.181900 0.147900 0.106000
v 0.200200 0.124700 0.106600
v 0.181900 0.147700 0.098700
v 0.184100 0.147900 0.040800
v 0.160800 0.168500 0.098000
v 0.137300 0.186400 0.097300
v 0.163000 0.168700 0.040200
v 0.139500 0.186700 0.039400
v 0.139400 0.186100 0.030100
v 0.162800 0.168000 0.030900
v 0.137500 0.183000 0.027300
v 0.160600 0.165400 0.028100
v 0.173400 0.137600 0.017800
v 0.153700 0.157100 0.017100
v 0.131600 0.173800 0.016400
v 0.112200 0.197600 0.026500
v 0.107700 0.187900 0.015600
v 0.085500 0.209000 0.025600
v 0.082300 0.198600 0.014800
v 0.057500 0.216900 0.024700
v 0.055600 0.206200 0.013900
v 0.028900 0.221200 0.023800
v 0.028200 0.210200 0.013000
v -0.000300 0.221900 0.022800
v 0.000400 0.210900 0.012100
v -0.029200 0.219000 0.021800
v -0.027000 0.208200 0.011200
v -0.057400 0.212400 0.020900
v -0.054000 0.201800 0.010300
v -0.084700 0.202300 0.020000
v -0.079900 0.192400 0.009400
v -0.110500 0.188900 0.019100
v -0.104500 0.179500 0.008600
v -0.134400 0.172400 0.018300
v -0.127300 0.163800 0.007800
v -0.156100 0.153100 0.017600
v -0.147900 0.145300 0.007100
v -0.175100 0.131100 0.016900
v -0.166100 0.124300 0.006500
v -0.181400 0.101500 0.006000
v -0.191300 0.106900 0.016400
v -0.194500 0.108700 0.018900
v -0.204300 0.080800 0.015900
v -0.178100 0.133200 0.019700
v -0.159600 0.156200 0.029500
v -0.158700 0.155500 0.020400
v -0.179100 0.133800 0.028800
v -0.197200 0.108900 0.086100
v -0.195500 0.109200 0.028200
v -0.180800 0.133400 0.086700
v -0.181200 0.133700 0.094000
v -0.161300 0.155800 0.087300
v -0.197700 0.109100 0.093400
v -0.200900 0.110800 0.100400
v -0.214300 0.083900 0.099900
v -0.211000 0.082500 0.092900
v -0.224300 0.055500 0.099600
v -0.220700 0.054700 0.092600
v -0.210500 0.082400 0.085600
v -0.220200 0.054500 0.085300
v -0.208800 0.082600 0.027800
v -0.207700 0.082300 0.018500
v -0.218600 0.054700 0.027400
v -0.217600 0.054400 0.018100
v -0.214000 0.053500 0.015600
v -0.223700 0.025600 0.017900
v -0.220100 0.025000 0.015300
v -0.202900 0.050500 0.005200
v -0.208800 0.023400 0.005000
v -0.222500 -0.003900 0.015200
v -0.226300 -0.003900 0.017800
v -0.211200 -0.004100 0.004900
v -0.221400 -0.033100 0.015200
v -0.225000 -0.033400 0.017800
v -0.210100 -0.031900 0.004900
v -0.216700 -0.061700 0.015400
v -0.205600 -0.059200 0.005000
v -0.208300 -0.089600 0.015600
v -0.220300 -0.062600 0.018000
v -0.226200 -0.033500 0.027100
v -0.221500 -0.062700 0.027200
v -0.211800 -0.090800 0.018200
v -0.212900 -0.091000 0.027500
v -0.199900 -0.117900 0.018600
v -0.196600 -0.116100 0.016000
v -0.181500 -0.141100 0.016500
v -0.197700 -0.085800 0.005300
v -0.186500 -0.111100 0.005600
v -0.172200 -0.134800 0.006100
v -0.155100 -0.156600 0.006600
v -0.163600 -0.163900 0.017000
v -0.184700 -0.143200 0.019100
v -0.166400 -0.166400 0.019700
v -0.143000 -0.184300 0.017700
v -0.145300 -0.187000 0.020300
v -0.119800 -0.201900 0.018500
v -0.135300 -0.176000 0.007300
v -0.113300 -0.192700 0.008000
v -0.089400 -0.206700 0.008800
v -0.094700 -0.216500 0.019300
v -0.121900 -0.205000 0.021100
v -0.096500 -0.219900 0.021900
v -0.122700 -0.205700 0.030400
v -0.097100 -0.220600 0.031200
v -0.098800 -0.220300 0.089100
v -0.072000 -0.232200 0.097300
v -0.099300 -0.220600 0.096400
v -0.071600 -0.231900 0.090000
v -0.124400 -0.205500 0.088300
v -0.124900 -0.205700 0.095500
v -0.146200 -0.187700 0.029600
v -0.148000 -0.187500 0.087500
v -0.148400 -0.187700 0.094800
v -0.169000 -0.166700 0.086800
v -0.167400 -0.166900 0.028900
v -0.185600 -0.143600 0.028300
v -0.187300 -0.143400 0.086200
v -0.200900 -0.118300 0.027900
v -0.202600 -0.118100 0.085700
v -0.187800 -0.143600 0.093500
v -0.203100 -0.118300 0.093000
v -0.214500 -0.091100 0.085400
v -0.215100 -0.091100 0.092600
v -0.223000 -0.062700 0.085100
v -0.223600 -0.062800 0.092400
v -0.227900 -0.033500 0.085000
v -0.227400 -0.003900 0.027100
v -0.228400 -0.033600 0.092200
v -0.228900 -0.004000 0.084900
v -0.224900 0.025700 0.027200
v -0.229600 -0.004000 0.092200
v -0.226500 0.025600 0.085100
v -0.227000 0.025600 0.092300
v -0.233200 -0.003800 0.099200
v -0.230600 0.026100 0.099300
v -0.235000 0.026800 0.102400
v -0.237600 -0.003700 0.102300
v -0.241100 -0.003700 0.102100
v -0.236400 -0.034300 0.102300
v -0.239800 -0.034800 0.102100
v -0.234700 -0.065300 0.102200
v -0.231400 -0.064600 0.102400
v -0.226000 -0.095100 0.102500
v -0.222700 -0.093800 0.102700
v -0.213400 -0.123400 0.102900
v -0.210300 -0.121900 0.103100
v -0.197400 -0.149900 0.103400
v -0.194600 -0.148000 0.103600
v -0.178200 -0.174400 0.104000
v -0.175600 -0.172000 0.104200
v -0.190900 -0.145700 0.100500
v -0.153700 -0.193500 0.104900
v -0.172200 -0.169300 0.101100
v -0.169500 -0.166900 0.094100
v -0.150900 -0.190300 0.101800
v -0.127000 -0.208600 0.102600
v -0.101100 -0.223700 0.103400
v -0.073400 -0.235400 0.104300
v -0.045400 -0.247800 0.108400
v -0.044400 -0.243600 0.105300
v -0.015200 -0.252200 0.109400
v -0.043500 -0.240200 0.098200
v -0.043200 -0.239900 0.090900
v -0.206400 -0.119900 0.100000
v -0.218600 -0.092300 0.099600
v -0.227100 -0.063500 0.099400
v -0.232000 -0.033900 0.099200
v -0.238400 0.027300 0.102200
v -0.228600 0.056700 0.102600
v -0.231800 0.057700 0.102400
v -0.218500 0.085600 0.103000
v -0.221600 0.087000 0.102800
v -0.204700 0.113000 0.103500
v -0.184200 0.135800 0.101000
v -0.161800 0.156100 0.094600
v -0.139400 0.175600 0.088100
v -0.115000 0.192500 0.088900
v -0.113100 0.192800 0.031000
v -0.137500 0.175900 0.030200
v -0.136700 0.175200 0.021100
v -0.112400 0.192100 0.021700
v -0.086300 0.205700 0.022600
v -0.086900 0.206400 0.031900
v -0.088700 0.206100 0.089800
v -0.059200 0.216700 0.032800
v -0.060900 0.216300 0.090700
v -0.030300 0.223300 0.033800
v -0.058600 0.215900 0.023500
v -0.029900 0.222600 0.024500
v -0.000800 0.226300 0.034800
v -0.000500 0.225500 0.025500
v 0.028800 0.225600 0.035800
v 0.029100 0.224800 0.026500
v 0.058100 0.221300 0.036700
v 0.058300 0.220400 0.027400
v 0.086500 0.213100 0.037700
v 0.086700 0.212500 0.028400
v 0.113900 0.201600 0.038600
v 0.113800 0.200900 0.029300
v 0.084600 0.212800 0.095500
v 0.111900 0.201300 0.096400
v 0.084400 0.213100 0.102800
v 0.055900 0.221200 0.101900
v 0.056400 0.224400 0.109000
v 0.026900 0.233200 0.111200
v 0.026700 0.228900 0.108000
v 0.026600 0.225500 0.100900
v -0.003700 0.234000 0.110200
v -0.003300 0.229700 0.107000
v -0.033200 0.226700 0.106000
v -0.003000 0.226400 0.099900
v -0.034000 0.230900 0.109200
v -0.062500 0.219800 0.105100
v -0.063900 0.224000 0.108200
v -0.034500 0.234300 0.109100
v -0.064900 0.227300 0.108100
v -0.065700 0.230100 0.107100
v -0.003800 0.237500 0.110100
v -0.035100 0.237200 0.108100
v -0.066500 0.232300 0.109800
v -0.003900 0.240400 0.109100
v -0.035500 0.239500 0.110900
v -0.004100 0.242700 0.111900
v -0.096100 0.221400 0.108900
v -0.095100 0.219200 0.106100
v -0.124300 0.206800 0.107900
v -0.123000 0.204700 0.105100
v -0.150300 0.188800 0.107000
v -0.148800 0.186900 0.104300
v -0.173900 0.167600 0.106200
v -0.172200 0.166000 0.103500
v -0.194800 0.143600 0.105500
v -0.147000 0.184600 0.105300
v -0.119700 0.199400 0.106400
v -0.121400 0.202300 0.106200
v -0.092600 0.213500 0.107300
v -0.094000 0.216600 0.107100
v -0.090800 0.209400 0.104100
v -0.089100 0.206400 0.097100
v -0.061400 0.216600 0.098000
v -0.032500 0.223300 0.099000
v -0.032200 0.223000 0.091700
v -0.002700 0.226000 0.092600
v 0.026900 0.225400 0.093600
v 0.056100 0.220800 0.094600
v -0.193900 0.076600 0.005500
v 0.215600 0.099300 0.107100
v 0.118600 0.216300 0.116000
v 0.146000 0.200300 0.116900
v 0.171100 0.181100 0.117700
v 0.193700 0.158700 0.118400
v 0.211600 0.132500 0.116200
v 0.213400 0.133900 0.119100
v 0.227700 0.105700 0.116700
v 0.229700 0.106700 0.119600
v 0.237700 0.076000 0.118000
v 0.212200 -0.095500 0.018900
v 0.221900 -0.099800 0.029900
v 0.199700 -0.120300 0.018400
v 0.184300 -0.143300 0.017900
v 0.208900 -0.125900 0.029400
v 0.212000 -0.127600 0.032200
v 0.212300 -0.128100 0.041600
v 0.223300 -0.101400 0.099900
v 0.210200 -0.128000 0.099400
v 0.166200 -0.164200 0.017300
v 0.055900 0.038700 -0.007700
v 0.051300 0.047100 0.031600
v 0.054500 0.038700 0.031700
v 0.055500 0.036400 -0.007700
v 0.052600 0.047200 -0.007800
v 0.050900 0.048600 -0.007900
v 0.049600 0.048500 0.031500
v 0.040600 0.050100 0.031200
v 0.049800 0.047200 0.033900
v 0.039700 0.048900 0.033600
v 0.033300 0.040900 0.033400
v 0.046900 0.029700 0.033800
v 0.053500 0.037600 0.034000
v 0.054200 0.036400 0.031600
v 0.049700 0.029300 -0.007900
v 0.048400 0.029300 0.031400
v 0.047600 0.028500 -0.008000
v 0.046300 0.028500 0.031400
v 0.038600 0.030100 -0.008300
v 0.037300 0.030000 0.031100
v 0.036900 0.031300 0.033500
v 0.035500 0.031400 0.031000
v 0.033700 0.040000 -0.008500
v 0.036800 0.031500 -0.008400
v 0.032400 0.039900 0.030900
v 0.034000 0.042300 -0.008400
v 0.032700 0.042200 0.030900
v 0.039800 0.049300 -0.008200
v 0.038500 0.049300 0.031100
v 0.041900 0.050100 -0.008200
v 0.077600 -0.027900 -0.007100
v 0.074400 -0.019400 -0.007200
v 0.073100 -0.019400 0.032200
v 0.076300 -0.027900 0.032300
v 0.077300 -0.030200 -0.007100
v 0.071500 -0.037200 -0.007300
v 0.075900 -0.030200 0.032300
v 0.070200 -0.037300 0.032100
v 0.068700 -0.036900 0.034500
v 0.075200 -0.028900 0.034700
v 0.071600 -0.019300 0.034600
v 0.062400 -0.016500 0.031900
v 0.071400 -0.017900 0.032200
v 0.061500 -0.017700 0.034200
v 0.055100 -0.025600 0.034000
v 0.057300 -0.035100 0.031700
v 0.054000 -0.026600 0.031600
v 0.054400 -0.024300 0.031600
v 0.058600 -0.035100 0.034100
v 0.068000 -0.038100 0.032000
v 0.059100 -0.036500 0.031700
v 0.060400 -0.036500 -0.007600
v 0.058600 -0.035100 -0.007700
v 0.055300 -0.026500 -0.007800
v 0.055700 -0.024300 -0.007800
v 0.061500 -0.017300 -0.007600
v 0.060200 -0.017300 0.031800
v 0.063700 -0.016500 -0.007500
v 0.072700 -0.017900 -0.007200
v 0.069300 -0.038000 -0.007300
v -0.035300 -0.028700 -0.010800
v -0.038500 -0.020200 -0.010900
v -0.039800 -0.020200 0.028500
v -0.036600 -0.028700 0.028600
v -0.035700 -0.031000 -0.010800
v -0.041400 -0.038000 -0.011000
v -0.037000 -0.031000 0.028600
v -0.042700 -0.038000 0.028400
v -0.044200 -0.037600 0.030700
v -0.037800 -0.029700 0.030900
v -0.041300 -0.020100 0.030800
v -0.051400 -0.018500 0.030500
v -0.057900 -0.026400 0.030300
v -0.050600 -0.017300 0.028100
v -0.041600 -0.018700 0.028400
v -0.040300 -0.018700 -0.011000
v -0.049300 -0.017200 -0.011300
v -0.051300 -0.018100 -0.011300
v -0.052700 -0.018100 0.028100
v -0.058500 -0.025100 0.027900
v -0.057200 -0.025100 -0.011500
v -0.058800 -0.027300 0.027800
v -0.057500 -0.027300 -0.011500
v -0.055600 -0.035900 0.027900
v -0.054300 -0.035900 -0.011400
v -0.053800 -0.037300 0.028000
v -0.054300 -0.035900 0.030400
v -0.044900 -0.038800 0.028300
v -0.052500 -0.037300 -0.011400
v -0.043600 -0.038800 -0.011100
v 0.021600 -0.069400 -0.008900
v 0.018400 -0.060900 -0.009000
v 0.017100 -0.061000 0.030300
v 0.020300 -0.069500 0.030400
v 0.021200 -0.071700 -0.009000
v 0.015500 -0.078800 -0.009200
v 0.019900 -0.071800 0.030400
v 0.014200 -0.078800 0.030200
v 0.012700 -0.078400 0.032600
v 0.019200 -0.070500 0.032800
v 0.015600 -0.060900 0.032700
v 0.006400 -0.058000 0.030000
v 0.015400 -0.059500 0.030300
v 0.005600 -0.059200 0.032400
v -0.001000 -0.067200 0.032100
v -0.001500 -0.065900 0.029700
v 0.002700 -0.076700 0.032200
v 0.001400 -0.076700 0.029800
v -0.001900 -0.068100 0.029700
v -0.000600 -0.068100 -0.009700
v -0.000200 -0.065900 -0.009700
v 0.005600 -0.058800 -0.009500
v 0.007700 -0.058000 -0.009400
v 0.004300 -0.058800 0.029900
v 0.016700 -0.059500 -0.009100
v 0.002700 -0.076600 -0.009600
v 0.003100 -0.078100 0.029900
v 0.004400 -0.078000 -0.009500
v 0.013400 -0.079600 -0.009200
v 0.012100 -0.079600 0.030200
v 0.020600 0.018400 0.035500
v 0.013600 0.020500 0.035200
v 0.028000 0.013800 0.035800
v 0.004800 0.020800 0.034900
v 0.033000 0.008800 0.035900
v -0.002000 0.019000 0.034700
v 0.036300 0.003100 0.036100
v -0.007800 0.016300 0.034500
v 0.038400 -0.002800 0.036300
v -0.012900 0.012200 0.034300
v 0.039200 -0.009000 0.036300
v 0.038700 -0.015300 0.036400
v -0.020100 0.001900 0.034100
v -0.017200 0.007500 0.034200
v 0.036800 -0.021400 0.036300
v -0.021800 -0.004100 0.034100
v 0.033900 -0.026900 0.036200
v -0.022300 -0.010300 0.034100
v 0.029800 -0.031600 0.036200
v -0.021700 -0.016600 0.034200
v 0.024700 -0.035600 0.036000
v -0.019400 -0.022600 0.034300
v -0.016100 -0.028300 0.034500
v 0.018700 -0.038400 0.035800
v 0.012000 -0.040100 0.035600
v -0.011300 -0.033200 0.034600
v 0.003300 -0.039900 0.035200
v -0.003700 -0.037800 0.035000
v -0.018200 -0.005700 0.034400
v -0.018200 -0.016000 0.034500
v 0.034800 -0.005400 0.036300
v 0.034900 -0.015700 0.036500
vn 0.3598 0.1606 0.9191
vn 0.2743 0.6068 0.7460
vn -0.3598 0.4764 0.8022
vn -0.2743 0.0251 0.9613
vn 0.2743 -0.3427 0.8985
vn -0.3598 -0.4564 0.8138
vn 0.3598 -0.7157 0.5987
vn -0.8057 -0.0223 0.5919
vn -0.2743 -0.8199 0.5026
vn -0.9030 -0.3799 0.2007
vn -0.9030 0.3637 0.2287
vn -0.2743 0.8451 0.4588
vn -0.3598 0.9330 -0.0115
vn -0.8057 0.5237 -0.2766
vn -0.9030 0.0163 -0.4293
vn -0.3598 0.4566 -0.8137
vn -0.2743 -0.0252 -0.9613
vn -0.3599 -0.4764 -0.8022
vn -0.8058 -0.5014 -0.3152
vn 0.2743 0.3427 -0.8985
vn 0.3598 -0.1606 -0.9191
vn 0.3598 0.7157 -0.5986
vn 0.2743 0.9495 -0.1525
vn -0.2744 0.8199 -0.5026
vn 0.3598 0.8763 0.3204
vn 0.2743 -0.6068 -0.7460
vn -0.2743 -0.8451 -0.4588
vn 0.3598 -0.8763 -0.3204
vn -0.3598 -0.9330 0.0115
vn 0.2743 -0.9495 0.1525
vn -0.9862 -0.0513 -0.1571
vn -0.9924 -0.0382 -0.1174
vn -0.9914 -0.0556 -0.1182
vn -0.9914 -0.0247 -0.1283
vn -0.9862 -0.0246 -0.1637
vn -0.9895 -0.0136 -0.1436
vn -0.9857 -0.0178 -0.1673
vn -0.9820 -0.0190 -0.1877
vn -0.9800 -0.0395 -0.1949
vn -0.9782 -0.0644 -0.1976
vn -0.9800 -0.0830 -0.1808
vn -0.9862 -0.0764 -0.1468
vn -0.9821 -0.0953 -0.1628
vn -0.9858 -0.0842 -0.1456
vn -0.9820 -0.0953 -0.1628
vn -0.9896 -0.0735 -0.1239
vn -0.9800 0.1732 -0.0980
vn -0.9862 0.1482 -0.0743
vn -0.9862 0.1336 -0.0975
vn -0.9820 0.1727 -0.0763
vn -0.9857 0.1536 -0.0688
vn -0.9895 0.1323 -0.0575
vn -0.9914 0.1144 -0.0633
vn -0.9923 0.0999 -0.0728
vn -0.9914 0.0953 -0.0896
vn -0.9862 0.1159 -0.1183
vn -0.9895 0.0952 -0.1084
vn -0.9857 0.1126 -0.1253
vn -0.9820 0.1255 -0.1411
vn -0.9800 0.1463 -0.1350
vn -0.9781 0.1680 -0.1225
vn -0.9800 -0.1976 -0.0225
vn -0.9862 -0.1633 -0.0269
vn -0.9863 -0.1652 0.0003
vn -0.9821 -0.1843 -0.0397
vn -0.9858 -0.1645 -0.0346
vn -0.9896 -0.1407 -0.0312
vn -0.9914 -0.1297 -0.0160
vn -0.9924 -0.1234 0.0002
vn -0.9914 -0.1296 0.0165
vn -0.9862 -0.1633 0.0275
vn -0.9896 -0.1406 0.0318
vn -0.9857 -0.1645 0.0353
vn -0.9821 -0.1842 0.0405
vn -0.9800 -0.1975 0.0232
vn -0.9821 -0.1841 0.0405
vn -0.9782 -0.2078 0.0004
vn -0.9800 -0.0826 0.1811
vn -0.9862 -0.0762 0.1471
vn -0.9862 -0.0510 0.1573
vn -0.9820 -0.0949 0.1631
vn -0.9857 -0.0838 0.1460
vn -0.9896 -0.0733 0.1241
vn -0.9914 -0.0553 0.1183
vn -0.9924 -0.0380 0.1174
vn -0.9914 -0.0244 0.1283
vn -0.9862 -0.0245 0.1638
vn -0.9895 -0.0151 0.1434
vn -0.9857 -0.0174 0.1674
vn -0.9820 -0.0186 0.1877
vn -0.9800 -0.0391 0.1951
vn -0.9820 -0.0187 0.1878
vn -0.9782 -0.0640 0.1978
vn -0.9863 0.1339 0.0968
vn -0.9924 0.1000 0.0723
vn -0.9914 0.1146 0.0628
vn -0.9914 0.0955 0.0892
vn -0.9862 0.1162 0.1177
vn -0.9896 0.0955 0.1080
vn -0.9858 0.1128 0.1247
vn -0.9821 0.1257 0.1405
vn -0.9800 0.1466 0.1343
vn -0.9782 0.1683 0.1218
vn -0.9800 0.1734 0.0973
vn -0.9862 0.1483 0.0736
vn -0.9821 0.1728 0.0755
vn -0.9858 0.1538 0.0681
vn -0.9896 0.1324 0.0569
vn -0.9953 0.0284 0.0927
vn -0.9973 -0.0623 0.0396
vn -0.9976 -0.0418 0.0561
vn -0.9959 -0.0329 0.0841
vn -0.9807 -0.1838 0.0662
vn -0.9996 0.0004 0.0287
vn -0.9995 -0.0256 0.0204
vn -0.9971 0.0751 0.0128
vn -0.9971 -0.0736 0.0207
vn -0.9964 -0.0783 -0.0325
vn -0.9164 -0.3990 -0.0328
vn -0.9505 -0.2319 0.2069
vn -0.9179 0.3023 0.2570
vn -0.8289 0.2759 0.4867
vn -0.9963 -0.0768 -0.0379
vn -0.6092 -0.7240 0.3236
vn -0.4513 -0.8754 -0.1732
vn -0.5525 -0.3276 0.7664
vn -0.7476 0.3061 0.5895
vn -0.4882 -0.1430 0.8610
vn -0.9136 -0.3543 -0.1998
vn -0.9967 -0.0653 -0.0474
vn -0.4776 -0.7740 -0.4157
vn -0.1865 -0.8785 -0.4399
vn -0.2451 -0.9693 -0.0171
vn -0.2674 -0.8691 0.4161
vn -0.2397 -0.5368 0.8089
vn -0.1785 -0.7971 -0.5769
vn -0.6091 0.0816 -0.7889
vn -0.2450 -0.3189 -0.9156
vn -0.2671 0.1242 -0.9556
vn -0.4512 -0.4379 -0.7776
vn -0.1864 -0.6923 -0.6971
vn -0.4777 -0.6366 -0.6055
vn -0.5712 -0.6649 -0.4813
vn -0.9155 -0.3259 -0.2359
vn -0.9163 -0.1556 -0.3689
vn -0.9135 -0.3004 -0.2742
vn -0.9963 -0.0600 -0.0612
vn -0.9964 -0.0552 -0.0643
vn -0.9973 0.0183 -0.0715
vn -0.9971 -0.0032 -0.0764
vn -0.9964 -0.0551 -0.0643
vn -0.9975 0.0403 -0.0573
vn -0.9996 0.0275 -0.0086
vn -0.9995 0.0114 -0.0308
vn -0.9977 0.0325 0.0603
vn -0.9504 0.1244 -0.2850
vn -0.8288 0.5486 0.1100
vn -0.9807 0.0056 -0.1954
vn -0.9959 0.0698 -0.0574
vn -0.9953 0.0970 -0.0021
vn -0.9179 0.3387 0.2067
vn -0.8114 0.4850 0.3263
vn -0.7474 0.6558 0.1066
vn -0.8687 0.4931 -0.0476
vn -0.9424 0.3317 0.0435
vn -0.8944 0.4193 -0.1555
vn -0.9583 0.2742 -0.0802
vn -0.9601 0.2423 -0.1398
vn -0.8776 0.4388 -0.1930
vn -0.5056 0.8218 -0.2628
vn -0.8470 0.5048 -0.1665
vn -0.5062 0.7753 -0.3777
vn -0.5068 0.7443 -0.4349
vn -0.4880 0.7735 -0.4045
vn -0.5521 0.6261 -0.5506
vn -0.2010 0.8927 -0.4034
vn -0.2047 0.9532 -0.2223
vn -0.2068 0.8149 -0.5415
vn -0.2138 0.7529 -0.6224
vn -0.2394 0.6012 -0.7624
vn -0.8472 -0.0005 0.5313
vn -0.4931 0.1984 0.8470
vn -0.5058 0.0068 0.8626
vn -0.8640 0.1308 0.4862
vn -0.5060 0.4792 0.7172
vn -0.9057 0.3434 0.2485
vn -0.4297 0.7315 0.5293
vn -0.5059 0.8311 0.2310
vn -0.8639 0.5029 -0.0276
vn -0.4929 0.8668 -0.0759
vn -0.2165 0.3675 0.9045
vn -0.2206 0.6318 0.7431
vn -0.2212 0.7900 0.5718
vn -0.2205 0.9033 0.3680
vn -0.2163 0.9741 0.0666
vn -0.2450 -0.3165 0.9164
vn -0.1864 -0.6900 0.6994
vn -0.4512 -0.4357 0.7789
vn -0.4775 -0.6346 0.6076
vn -0.1785 -0.7950 0.5798
vn -0.9335 -0.1398 0.3303
vn -0.6093 0.0835 0.7885
vn -0.2674 0.1265 0.9552
vn -0.5526 0.6277 0.5483
vn -0.2398 0.6036 0.7604
vn -0.4881 0.7750 0.4015
vn -0.2142 0.7551 0.6197
vn -0.9505 0.1250 0.2844
vn -0.9540 0.1093 0.2791
vn -0.8287 0.5483 -0.1123
vn -0.7473 0.6554 -0.1095
vn -0.8686 0.4934 0.0455
vn -0.5071 0.7458 0.4321
vn -0.8945 0.4198 0.1537
vn -0.5064 0.7767 0.3746
vn -0.9178 0.3381 -0.2082
vn -0.8111 0.4840 -0.3284
vn -0.9424 0.3315 -0.0450
vn -0.9584 0.2742 0.0789
vn -0.9602 0.2425 0.1387
vn -0.8777 0.4394 0.1911
vn -0.5057 0.8228 0.2594
vn -0.8472 0.5053 0.1643
vn -0.4930 0.8670 0.0722
vn -0.8640 0.5029 0.0254
vn -0.5057 0.8302 -0.2345
vn -0.9055 0.3429 -0.2500
vn -0.4294 0.7297 -0.5322
vn -0.5055 0.4771 -0.7189
vn -0.2202 0.6295 -0.7452
vn -0.9331 0.3190 0.1660
vn -0.9576 0.2876 0.0155
vn -0.9811 0.1565 -0.1141
vn -0.9576 0.0732 -0.2787
vn -0.8638 0.1296 -0.4868
vn -0.4928 0.1963 -0.8477
vn -0.8776 -0.0475 -0.4770
vn -0.9330 -0.0604 -0.3547
vn -0.9602 -0.0578 -0.2734
vn -0.8472 -0.0018 -0.5313
vn -0.5057 0.0048 -0.8627
vn -0.5064 -0.1190 -0.8541
vn -0.8945 -0.0180 -0.4468
vn -0.5070 -0.1830 -0.8423
vn -0.8686 0.1076 -0.4837
vn -0.4880 -0.1451 -0.8607
vn -0.7472 0.3046 -0.5907
vn -0.5525 -0.3299 -0.7654
vn -0.9505 -0.2325 -0.2060
vn -0.9178 0.3016 -0.2582
vn -0.9808 -0.1839 -0.0655
vn -0.8286 0.2747 -0.4878
vn -0.8111 0.4606 -0.3605
vn -0.9424 0.1442 -0.3019
vn -0.9584 0.0088 -0.2853
vn -0.6093 -0.7252 -0.3207
vn -0.9164 -0.3989 0.0343
vn -0.9973 -0.0623 -0.0393
vn -0.9959 -0.0331 -0.0840
vn -0.9953 0.0280 -0.0928
vn -0.9976 -0.0419 -0.0560
vn -0.9971 -0.0736 -0.0205
vn -0.9964 -0.0781 0.0328
vn -0.9964 -0.0782 0.0328
vn -0.9963 -0.0767 0.0382
vn -0.9135 -0.3537 0.2012
vn -0.9967 -0.0652 0.0476
vn -0.9154 -0.3252 0.2372
vn -0.4512 -0.8747 0.1768
vn -0.4775 -0.7725 0.4186
vn -0.5709 -0.6634 0.4838
vn -0.9134 -0.2997 0.2753
vn -0.9963 -0.0599 0.0614
vn -0.2397 -0.5391 -0.8074
vn -0.2141 -0.3588 -0.9085
vn -0.2674 -0.8707 -0.4127
vn -0.2451 -0.9693 0.0212
vn -0.1864 -0.8768 0.4433
vn -0.9964 -0.0552 0.0644
vn -0.9964 -0.0500 0.0681
vn -0.9946 -0.0250 0.1003
vn -0.9717 0.1878 0.1431
vn -0.9974 0.0358 -0.0618
vn -0.9976 0.0324 -0.0605
vn -0.9972 0.0273 -0.0702
vn -0.9996 0.0275 0.0085
vn -0.9995 0.0115 0.0307
vn -0.9827 0.1774 0.0536
vn -0.8778 0.4789 0.0105
vn -0.8477 0.4050 0.3427
vn -0.9973 -0.0567 0.0472
vn -0.9971 -0.0422 0.0638
vn -0.9964 0.0071 0.0845
vn -0.9975 -0.0662 0.0225
vn -0.9996 -0.0271 -0.0092
vn -0.9995 -0.0271 0.0182
vn -0.9976 0.0093 -0.0680
vn -0.9974 0.0073 -0.0710
vn -0.9972 0.0191 -0.0729
vn -0.9970 0.0239 -0.0738
vn -0.9691 -0.2450 -0.0296
vn -0.9163 -0.0908 0.3900
vn -0.9150 -0.3455 0.2085
vn -0.9959 -0.0901 0.0056
vn -0.9953 -0.0795 -0.0554
vn -0.6092 -0.5294 0.5905
vn -0.4512 -0.1028 0.8865
vn -0.4777 0.1588 0.8641
vn -0.9136 0.0817 0.3984
vn -0.5712 0.2546 0.7803
vn -0.1785 0.3052 0.9354
vn -0.4776 0.3815 0.7914
vn -0.1864 0.4517 0.8725
vn -0.4512 0.6062 0.6550
vn -0.2450 0.7740 0.5838
vn -0.9163 0.3035 0.2611
vn -0.9135 0.1691 0.3700
vn -0.9155 0.1248 0.3824
vn -0.9967 0.0251 0.0768
vn -0.9963 0.0127 0.0849
vn -0.9964 0.0070 0.0845
vn -0.9963 0.0399 0.0759
vn -0.9964 0.0443 0.0722
vn -0.9973 0.0736 0.0044
vn -0.9971 0.0718 0.0263
vn -0.9975 0.0668 -0.0209
vn -0.9953 0.0315 -0.0918
vn -0.9959 0.0759 -0.0490
vn -0.9807 0.1877 0.0544
vn -0.9504 0.3093 -0.0312
vn -0.6091 0.7760 0.1638
vn -0.8287 0.0633 -0.5561
vn -0.5523 0.7156 -0.4278
vn -0.7473 0.0990 -0.6571
vn -0.2068 0.7645 -0.6105
vn -0.5067 0.6416 -0.5758
vn -0.5061 0.5966 -0.6228
vn -0.2138 0.8227 -0.5268
vn -0.4878 0.6216 -0.6130
vn -0.2394 0.9097 -0.3394
vn -0.2672 0.9478 0.1741
vn -0.8686 0.1961 -0.4551
vn -0.8943 0.2763 -0.3519
vn -0.8774 0.3180 -0.3591
vn -0.5055 0.5014 -0.7022
vn -0.8470 0.3128 -0.4298
vn -0.4928 0.3373 -0.8021
vn -0.8638 0.1801 -0.4705
vn -0.9179 -0.0932 -0.3858
vn -0.8113 -0.1622 -0.5617
vn -0.9424 0.0600 -0.3291
vn -0.9583 0.1601 -0.2365
vn -0.9601 0.2071 -0.1879
vn -0.9329 0.2568 -0.2524
vn -0.9576 0.1039 -0.2688
vn -0.9057 -0.1316 -0.4031
vn -0.9811 -0.0600 -0.1842
vn -0.9577 -0.2423 -0.1555
vn -0.8641 -0.4227 -0.2733
vn -0.9331 -0.3559 -0.0518
vn -0.8472 -0.5059 -0.1619
vn -0.5058 0.0343 -0.8620
vn -0.4296 -0.2802 -0.8585
vn -0.5060 -0.5360 -0.6758
vn -0.4932 -0.7456 -0.4482
vn -0.5060 -0.8191 -0.2704
vn -0.8777 -0.4683 -0.1018
vn -0.5065 -0.8491 -0.1500
vn -0.2072 -0.9775 -0.0407
vn -0.5072 -0.8576 -0.0854
vn -0.2142 -0.9749 0.0613
vn -0.2014 -0.9593 -0.1982
vn -0.2050 -0.9018 -0.3805
vn -0.2165 -0.7486 -0.6267
vn -0.2205 -0.5140 -0.8290
vn -0.2211 -0.3025 -0.9271
vn -0.2205 -0.0740 -0.9726
vn -0.2162 0.2344 -0.9478
vn -0.2046 0.5030 -0.8397
vn -0.2010 0.6569 -0.7267
vn -0.2071 0.8169 0.5384
vn -0.2012 0.8942 0.3999
vn -0.2048 0.9541 0.2183
vn -0.2162 0.9738 -0.0708
vn -0.2202 0.9019 -0.3717
vn -0.2208 0.7880 -0.5747
vn -0.2161 0.3652 -0.9055
vn -0.2047 0.0840 -0.9752
vn -0.2011 -0.1070 -0.9737
vn -0.2070 -0.2625 -0.9425
vn -0.9967 0.0808 -0.0002
vn -0.9134 0.4043 -0.0468
vn -0.9154 0.4025 -0.0009
vn -0.9963 0.0846 -0.0146
vn -0.9162 0.3423 -0.2082
vn -0.9964 0.0826 -0.0198
vn -0.9973 0.0273 -0.0687
vn -0.9971 0.0475 -0.0601
vn -0.5525 -0.1852 -0.8127
vn -0.8289 -0.5092 -0.2316
vn -0.7475 -0.5942 -0.2968
vn -0.6089 0.3960 -0.6873
vn -0.9504 0.0662 -0.3038
vn -0.9807 0.1099 -0.1617
vn -0.9959 -0.0225 -0.0875
vn -0.9953 -0.0773 -0.0584
vn -0.9975 0.0009 -0.0700
vn -0.9179 -0.3956 -0.0302
vn -0.8113 -0.5843 -0.0186
vn -0.8688 -0.3719 -0.3269
vn -0.9425 -0.2944 -0.1585
vn -0.8945 -0.2490 -0.3713
vn -0.9584 -0.1753 -0.2253
vn -0.9602 -0.1145 -0.2549
vn -0.8777 -0.2429 -0.4131
vn -0.4933 -0.6586 -0.5683
vn -0.8473 -0.3118 -0.4300
vn -0.8641 -0.3915 -0.3163
vn -0.5059 -0.5126 -0.6937
vn -0.5065 -0.4076 -0.7598
vn -0.5071 -0.3489 -0.7881
vn -0.4881 -0.3905 -0.7805
vn -0.2395 -0.0410 -0.9700
vn -0.2141 -0.2461 -0.9453
vn -0.2070 -0.3439 -0.9159
vn -0.2013 -0.4879 -0.8494
vn -0.2050 -0.6432 -0.7378
vn -0.2165 -0.8292 -0.5153
vn -0.5709 0.8210 -0.0018
vn -0.4774 0.8711 0.1152
vn -0.9135 0.4044 0.0450
vn -0.1782 0.9840 -0.0021
vn -0.4774 0.8706 -0.1189
vn -0.1861 0.9693 -0.1607
vn -0.4509 0.8102 -0.3745
vn -0.2447 0.7945 -0.5558
vn -0.2670 0.4590 -0.8474
vn -0.9163 0.3429 0.2067
vn -0.4511 0.8116 0.3712
vn -0.6092 0.3981 0.6859
vn -0.9963 0.0846 0.0141
vn -0.9964 0.0826 0.0194
vn -0.9973 0.0273 0.0684
vn -0.9971 0.0476 0.0598
vn -0.9505 0.0671 0.3034
vn -0.9808 0.1103 0.1611
vn -0.9959 -0.0225 0.0874
vn -0.9953 -0.0771 0.0586
vn -0.9975 0.0011 0.0700
vn -0.9996 -0.0171 0.0230
vn -0.9995 0.0089 0.0315
vn -0.9977 -0.0617 -0.0297
vn -0.9975 -0.0652 -0.0288
vn -0.9972 -0.0634 -0.0405
vn -0.9970 -0.0627 -0.0454
vn -0.9972 -0.0583 -0.0476
vn -0.9977 -0.0475 -0.0494
vn -0.9975 -0.0476 -0.0530
vn -0.9996 0.0166 -0.0235
vn -0.9995 0.0329 -0.0014
vn -0.5527 -0.8298 0.0776
vn -0.8277 -0.4726 -0.3025
vn -0.7477 -0.4674 -0.4718
vn -0.4884 -0.8633 -0.1273
vn -0.8945 -0.4305 -0.1206
vn -0.8688 -0.4267 -0.2513
vn -0.8370 -0.2952 -0.4607
vn -0.9602 -0.2778 -0.0292
vn -0.9584 -0.2686 -0.0962
vn -0.9425 -0.2425 -0.2302
vn -0.1863 0.1500 0.9710
vn -0.2449 -0.2801 0.9282
vn -0.2673 -0.6618 0.7004
vn -0.2397 -0.9343 0.2638
vn -0.9967 0.0250 -0.0770
vn -0.9134 0.0810 -0.3988
vn -0.9154 0.1239 -0.3830
vn -0.9963 0.0125 -0.0850
vn -0.9163 -0.0919 -0.3897
vn -0.9964 0.0068 -0.0846
vn -0.9973 -0.0568 -0.0471
vn -0.9971 -0.0424 -0.0635
vn -0.4511 -0.1051 -0.8863
vn -0.6093 -0.5311 -0.5888
vn -0.4774 0.1568 -0.8646
vn -0.5709 0.2527 -0.7811
vn -0.9134 0.1681 -0.3707
vn -0.9963 0.0398 -0.0762
vn -0.2674 -0.6641 -0.6982
vn -0.5525 -0.8302 -0.0745
vn -0.2398 -0.9354 -0.2600
vn -0.2450 -0.2825 -0.9275
vn -0.1861 0.1476 -0.9714
vn -0.1782 0.3029 -0.9362
vn -0.4773 0.3794 -0.7926
vn -0.9162 0.3028 -0.2624
vn -0.4509 0.6042 -0.6570
vn -0.6091 0.7753 -0.1670
vn -0.9964 0.0442 -0.0725
vn -0.9973 0.0737 -0.0049
vn -0.9971 0.0717 -0.0267
vn -0.9995 0.0328 0.0013
vn -0.9996 0.0166 0.0234
vn -0.9977 -0.0473 0.0496
vn -0.9975 0.0669 0.0206
vn -0.9953 0.0317 0.0915
vn -0.9959 0.0761 0.0485
vn -0.9807 0.1876 -0.0553
vn -0.9505 0.3094 0.0299
vn -0.9996 -0.0170 -0.0231
vn -0.9995 0.0087 -0.0316
vn -0.9977 -0.0616 0.0299
vn -0.9975 -0.0651 0.0290
vn -0.9972 -0.0632 0.0408
vn -0.9970 -0.0626 0.0456
vn -0.9972 -0.0581 0.0478
vn -0.9975 -0.0475 0.0532
vn -0.9330 0.3187 -0.1674
vn -0.9576 0.2876 -0.0168
vn -0.9811 0.1569 0.1135
vn -0.9576 0.0739 0.2783
vn -0.9330 -0.0595 0.3548
vn -0.8777 -0.0463 0.4770
vn -0.9602 -0.0572 0.2735
vn -0.8945 -0.0168 0.4468
vn -0.9584 0.0094 0.2853
vn -0.9424 0.1449 0.3013
vn -0.8687 0.1086 0.4832
vn -0.8113 0.4616 0.3587
vn -0.5071 -0.1810 0.8427
vn -0.5065 -0.1168 0.8543
vn -0.2142 -0.3564 0.9094
vn -0.2071 -0.2601 0.9431
vn -0.2013 -0.1047 0.9739
vn -0.2050 0.0863 0.9749
vn -0.4296 -0.2779 0.8592
vn -0.2212 -0.3002 0.9279
vn -0.2205 -0.5116 0.8304
vn -0.2205 -0.0716 0.9727
vn -0.5060 0.0364 0.8618
vn -0.2165 0.2368 0.9471
vn -0.4931 0.3394 0.8011
vn -0.2050 0.5054 0.8382
vn -0.5058 0.5034 0.7005
vn -0.2013 0.6592 0.7245
vn -0.5065 0.5985 0.6207
vn -0.2071 0.7667 0.6077
vn -0.8472 0.3140 0.4286
vn -0.8777 0.3189 0.3577
vn -0.8640 0.1812 0.4697
vn -0.9056 -0.1305 0.4035
vn -0.5058 -0.5340 0.6775
vn -0.2164 -0.7464 0.6293
vn -0.4930 -0.7440 0.4510
vn -0.8639 -0.4220 0.2750
vn -0.9576 -0.2419 0.1563
vn -0.9811 -0.0595 0.1842
vn -0.9576 0.1046 0.2683
vn -0.9331 0.2574 0.2511
vn -0.9602 0.2075 0.1869
vn -0.9330 -0.3559 0.0534
vn -0.8777 -0.4678 0.1037
vn -0.9602 -0.2778 0.0304
vn -0.8472 -0.5053 0.1640
vn -0.7473 -0.4661 0.4735
vn -0.4881 -0.8629 0.1308
vn -0.8686 -0.4261 0.2530
vn -0.5070 -0.8573 0.0890
vn -0.8944 -0.4301 0.1224
vn -0.5065 -0.8485 0.1536
vn -0.5059 -0.8180 0.2738
vn -0.2050 -0.9002 0.3841
vn -0.2013 -0.9584 0.2022
vn -0.2072 -0.9773 0.0449
vn -0.2142 -0.9751 -0.0571
vn -0.9976 -0.0662 -0.0223
vn -0.9953 -0.0794 0.0554
vn -0.9959 -0.0900 -0.0053
vn -0.9808 -0.1196 -0.1543
vn -0.9505 -0.2682 -0.1566
vn -0.8287 -0.3778 0.4129
vn -0.9179 -0.1512 0.3670
vn -0.8113 -0.1987 0.5499
vn -0.9424 -0.2417 0.2311
vn -0.9584 -0.2684 0.0973
vn -0.9331 -0.1603 -0.3220
vn -0.9577 -0.2233 -0.1817
vn -0.8776 -0.2419 0.4140
vn -0.9330 -0.1595 0.3225
vn -0.9602 -0.1138 0.2552
vn -0.8471 -0.3106 0.4312
vn -0.8639 -0.3908 0.3178
vn -0.9576 -0.2229 0.1825
vn -0.9057 -0.4240 0.0009
vn -0.9811 -0.1935 0.0004
vn -0.5060 -0.8093 -0.2983
vn -0.2206 -0.9480 -0.2294
vn -0.4297 -0.9030 0.0019
vn -0.5059 -0.8082 0.3015
vn -0.4930 -0.6568 0.5706
vn -0.5057 -0.5107 0.6953
vn -0.2212 -0.9752 0.0021
vn -0.2206 -0.9471 0.2333
vn -0.2164 -0.8273 0.5184
vn -0.2049 -0.6408 0.7398
vn -0.2013 -0.4855 0.8508
vn -0.5063 -0.4055 0.7610
vn -0.2071 -0.3415 0.9168
vn -0.8944 -0.2480 0.3722
vn -0.5070 -0.3470 0.7890
vn -0.8686 -0.3711 0.3283
vn -0.4881 -0.3884 0.7816
vn -0.7474 -0.5932 0.2991
vn -0.5525 -0.1831 0.8131
vn -0.8288 -0.5085 0.2335
vn -0.9179 -0.3955 0.0317
vn -0.8113 -0.5842 0.0212
vn -0.9424 -0.2939 0.1596
vn -0.9584 -0.1746 0.2257
vn -0.5072 0.6434 0.5734
vn -0.2141 0.8246 0.5237
vn -0.4883 0.6235 0.6106
vn -0.2396 0.9109 0.3358
vn -0.5526 0.7170 0.4249
vn -0.2671 0.9471 -0.1780
vn -0.2447 0.7720 -0.5867
vn -0.1861 0.4493 -0.8738
vn -0.8288 0.0646 0.5558
vn -0.7475 0.1007 0.6566
vn -0.8688 0.1973 0.4542
vn -0.8945 0.2771 0.3507
vn -0.9584 0.1607 0.2358
vn -0.9424 0.0608 0.3288
vn -0.8113 -0.1608 0.5621
vn -0.9179 -0.0923 0.3860
vn -0.9996 0.0004 -0.0287
vn -0.9995 -0.0257 -0.0203
vn -0.9979 0.0639 -0.0139
vn -0.9973 0.0729 -0.0123
vn -0.9972 0.0754 -0.0002
vn -0.9970 0.0774 -0.0040
vn -0.9970 0.0774 0.0035
vn -0.9973 0.0730 0.0119
vn -0.9975 0.0359 0.0616
vn -0.9972 0.0275 0.0700
vn -0.9970 0.0241 0.0736
vn -0.9972 0.0192 0.0727
vn -0.9977 0.0094 0.0678
vn -0.9975 0.0075 0.0709
vn -0.9996 -0.0271 0.0093
vn -0.9995 -0.0273 -0.0182
vn -0.2142 -0.2438 0.9459
vn -0.2398 -0.0385 0.9700
vn -0.2674 0.4614 0.8459
vn -0.2451 0.7964 0.5529
vn -0.1862 0.9700 0.1566
vn -0.7571 0.2955 0.5826
vn -0.5480 0.5785 0.6042
vn -0.4672 0.7482 0.4710
vn -0.6006 0.0502 0.7980
vn -0.9176 -0.0205 0.3970
vn -0.8864 0.1215 -0.4466
vn -0.9650 -0.1004 0.2424
vn -0.8637 0.3809 -0.3300
vn -0.5748 0.8163 0.0571
vn -0.3097 0.9371 0.1612
vn -0.5000 0.8612 -0.0913
vn -0.6609 0.7093 -0.2452
vn -0.5390 0.8398 0.0653
vn -0.6954 0.6757 0.2445
vn -0.8186 0.4089 -0.4034
vn -0.8719 0.2113 -0.4418
vn -0.8387 0.3661 0.4031
vn -0.8639 0.3819 0.3285
vn -0.9175 -0.0214 -0.3971
vn -0.7568 0.2941 -0.5838
vn -0.5583 -0.1380 -0.8181
vn -0.8866 0.1224 0.4461
vn -0.8789 0.1803 0.4415
vn -0.8711 0.0562 -0.4878
vn -0.8457 -0.0037 -0.5337
vn -0.6543 -0.1125 -0.7478
vn -0.9650 -0.1009 -0.2421
vn -0.9600 -0.1884 -0.2069
vn -0.8457 -0.0025 0.5337
vn -0.8726 0.0283 0.4876
vn -0.5583 -0.1361 0.8184
vn -0.5338 -0.1482 0.8325
vn -0.6543 -0.1107 0.7481
vn -0.9600 -0.1879 0.2076
vn -0.7663 -0.1304 -0.6291
vn -0.8545 -0.0911 -0.5114
vn -0.9482 -0.3145 -0.0444
vn -0.7119 -0.0096 0.7022
vn -0.3510 0.0416 0.9354
vn -0.3166 -0.1149 0.9416
vn -0.2621 -0.2812 0.9232
vn -0.3012 -0.4052 0.8632
vn -0.1612 -0.1599 0.9739
vn -0.1522 -0.3047 0.9402
vn -0.0850 -0.4451 0.8914
vn -0.1349 -0.5676 0.8122
vn -0.1923 -0.6051 0.7726
vn -0.4366 -0.3217 0.8402
vn -0.9250 -0.2783 0.2589
vn -0.9337 -0.2794 0.2239
vn -0.8485 -0.0618 0.5256
vn -0.4108 0.2386 0.8800
vn -0.1755 0.2610 0.9493
vn -0.1670 0.0236 0.9857
vn -0.2052 0.5497 0.8098
vn -0.4990 0.4795 0.7218
vn -0.2332 0.7877 0.5702
vn -0.6560 0.6114 0.4425
vn -0.4989 0.8356 0.2301
vn -0.9451 0.0747 0.3180
vn -0.9587 -0.2291 0.1683
vn -0.9397 -0.2717 0.2075
vn -0.9758 -0.1904 0.1074
vn -0.9911 -0.1076 -0.0781
vn -0.9741 0.1832 0.1325
vn -0.9451 0.3257 -0.0284
vn -0.8484 0.4802 -0.2229
vn -0.4105 0.9106 -0.0482
vn -0.7117 0.6643 -0.2285
vn -0.3507 0.9018 -0.2525
vn -0.6541 0.6763 -0.3388
vn -0.9602 0.0904 -0.2642
vn -0.1519 0.7983 -0.5828
vn -0.2618 0.7894 -0.5553
vn -0.0846 0.7081 -0.7010
vn -0.1609 0.8754 -0.4558
vn -0.3163 0.8588 -0.4030
vn -0.1667 0.9439 -0.2852
vn -0.1752 0.9833 -0.0485
vn -0.2050 0.9410 0.2692
vn -0.5580 0.7353 -0.3848
vn -0.5335 0.7448 -0.4007
vn -0.7570 0.6459 0.0987
vn -0.5751 0.3090 0.7575
vn -0.6955 -0.0242 0.7182
vn -0.5391 0.1967 0.8189
vn -0.8638 -0.1948 0.4647
vn -0.4673 0.6812 0.5636
vn -0.5479 0.7547 0.3608
vn -0.6004 0.7739 -0.2014
vn -0.3009 0.6938 -0.6543
vn -0.3099 0.4458 0.8398
vn -0.4365 0.6980 -0.5677
vn -0.1920 0.5453 -0.8160
vn -0.1345 0.5947 -0.7926
vn -0.7569 0.6456 -0.1014
vn -0.5476 0.7535 -0.3638
vn -0.4668 0.6794 -0.5661
vn -0.6006 0.7746 0.1981
vn -0.5747 0.3071 -0.7585
vn -0.3095 0.4435 -0.8411
vn -0.4999 0.1801 -0.8471
vn -0.8638 -0.1960 -0.4641
vn -0.9176 0.3714 0.1419
vn -0.8866 -0.3871 -0.2531
vn -0.9650 0.1996 0.1702
vn -0.8457 -0.5087 -0.1609
vn -0.8721 -0.3547 -0.3372
vn -0.8713 -0.4463 -0.2038
vn -0.9600 0.1393 0.2427
vn -0.6544 0.6774 0.3359
vn -0.7663 -0.6387 -0.0698
vn -0.8545 -0.5146 -0.0710
vn -0.8726 0.4726 0.1234
vn -0.8511 0.4492 0.2716
vn -0.7663 0.5590 0.3166
vn -0.7617 0.5134 0.3953
vn -0.9482 -0.0540 0.3131
vn -0.9482 -0.1396 0.2855
vn -0.9968 -0.0281 -0.0752
vn -0.9937 0.0961 0.0572
vn -0.7616 -0.6477 0.0206
vn -0.9274 -0.3704 0.0518
vn -0.9012 0.3385 0.2708
vn -0.9774 -0.1626 -0.1353
vn -0.9939 0.0341 -0.1052
vn -0.9773 0.2112 -0.0148
vn -0.9968 0.0669 -0.0445
vn -0.9937 -0.1113 -0.0097
vn -0.9995 -0.0101 -0.0312
vn -0.9740 -0.0775 -0.2127
vn -0.9570 -0.0899 -0.2756
vn -0.9758 0.2172 0.0249
vn -0.9937 0.0842 -0.0737
vn -0.9397 -0.2806 0.1953
vn -0.9250 -0.3315 0.1858
vn -0.9588 -0.2301 0.1667
vn -0.9337 -0.2987 0.1977
vn -0.9758 -0.1604 0.1485
vn -0.9741 -0.0627 -0.2173
vn -0.8788 0.4758 -0.0354
vn -0.8457 0.5070 0.1668
vn -0.9600 -0.2552 0.1155
vn -0.8485 -0.5192 -0.1019
vn -0.9452 -0.2798 -0.1684
vn -0.9911 0.0413 0.1263
vn -0.9741 -0.0701 -0.2149
vn -0.9451 0.1266 -0.3013
vn -0.9587 0.2843 -0.0017
vn -0.6560 -0.2342 -0.7175
vn -0.4991 -0.5403 -0.6775
vn -0.4108 -0.7647 -0.4964
vn -0.7120 -0.6714 -0.2055
vn -0.3511 -0.8778 -0.3258
vn -0.6544 -0.7460 -0.1233
vn -0.2331 -0.3017 -0.9245
vn -0.4988 0.0366 -0.8660
vn -0.8484 0.3589 -0.3891
vn -0.9250 0.3772 -0.0461
vn -0.9397 0.3419 -0.0084
vn -0.9337 0.3577 -0.0171
vn -0.4104 0.3244 -0.8523
vn -0.2050 0.0316 -0.9782
vn -0.1752 0.3468 -0.9214
vn -0.9482 0.2283 0.2208
vn -0.9600 0.2741 -0.0576
vn -0.7116 0.4206 -0.5628
vn -0.3506 0.5160 -0.7815
vn -0.1666 0.5600 -0.8116
vn -0.9968 -0.0802 0.0036
vn -0.7616 -0.1810 0.6223
vn -0.9774 -0.1789 0.1130
vn -0.6541 0.5292 -0.5405
vn -0.3162 0.6462 -0.6946
vn -0.5579 0.5910 -0.5826
vn -0.2618 0.7699 -0.5820
vn -0.5335 0.6091 -0.5869
vn -0.3009 0.8350 -0.4607
vn -0.1609 0.7015 -0.6943
vn -0.1519 0.7989 -0.5820
vn -0.0846 0.8838 -0.4601
vn -0.1346 0.9364 -0.3240
vn -0.1920 0.9436 -0.2698
vn -0.4365 0.7538 -0.4912
vn -0.6003 0.4283 -0.6754
vn -0.7569 0.1036 -0.6453
vn -0.5478 -0.1125 -0.8290
vn -0.4671 -0.3281 -0.8211
vn -0.9175 0.2500 -0.3094
vn -0.9649 0.2237 -0.1373
vn -0.8456 -0.3107 0.4341
vn -0.7662 -0.2641 0.5858
vn -0.8712 -0.3319 0.3617
vn -0.9175 -0.2160 0.3339
vn -0.7569 -0.5808 0.2997
vn -0.5582 -0.3690 0.7431
vn -0.8638 -0.1156 -0.4904
vn -0.8864 0.1633 -0.4331
vn -0.8386 -0.0591 -0.5415
vn -0.8788 0.1139 -0.4635
vn -0.8719 -0.4304 0.2334
vn -0.8865 -0.3605 0.2901
vn -0.6543 -0.3483 0.6713
vn -0.9650 -0.0605 0.2552
vn -0.8725 0.2638 -0.4113
vn -0.8455 0.3157 -0.4306
vn -0.9600 0.0308 0.2782
vn -0.7118 -0.4034 0.5750
vn -0.3509 -0.5814 0.7340
vn -0.3166 -0.4583 0.8305
vn -0.2621 -0.3126 0.9130
vn -0.5337 -0.3674 0.7617
vn -0.1522 -0.3037 0.9405
vn -0.0850 -0.1613 0.9832
vn -0.1612 -0.4408 0.8830
vn -0.1669 -0.5963 0.7852
vn -0.1755 -0.7672 0.6169
vn -0.4106 -0.7085 0.5739
vn -0.8485 -0.2576 0.4623
vn -0.2052 -0.9195 0.3353
vn -0.4989 -0.8112 0.3049
vn -0.9451 -0.2468 0.2142
vn -0.9588 0.0872 0.2704
vn -0.9911 0.1330 -0.0003
vn -0.9741 -0.2259 0.0004
vn -0.9451 -0.2474 -0.2133
vn -0.6560 -0.7548 0.0016
vn -0.4991 -0.8124 -0.3017
vn -0.2333 -0.9724 0.0021
vn -0.8486 -0.2588 -0.4614
vn -0.4108 -0.7105 -0.5714
vn -0.2053 -0.9208 -0.3316
vn -0.1755 -0.7694 -0.6142
vn -0.3510 -0.5838 -0.7321
vn -0.1669 -0.5988 -0.7834
vn -0.3166 -0.4606 -0.8292
vn -0.1612 -0.4432 -0.8818
vn -0.2620 -0.3151 -0.9122
vn -0.1521 -0.3061 -0.9398
vn -0.9600 0.0301 -0.2784
vn -0.9250 0.0731 -0.3729
vn -0.7120 -0.4049 -0.5737
vn -0.6544 -0.3501 -0.6702
vn -0.5585 -0.3709 -0.7420
vn -0.5339 -0.3695 -0.7606
vn -0.3011 -0.1794 -0.9366
vn -0.0848 -0.1637 -0.9829
vn -0.1346 -0.0178 -0.9907
vn -0.1921 0.0358 -0.9807
vn -0.4365 -0.2333 -0.8689
vn -0.6006 -0.5097 -0.6160
vn -0.7572 -0.5816 -0.2974
vn -0.9176 -0.2166 -0.3332
vn -0.5479 -0.8233 -0.1484
vn -0.4672 -0.8822 0.0590
vn -0.8638 -0.1143 0.4907
vn -0.5749 -0.6940 0.4334
vn -0.3098 -0.8529 0.4203
vn -0.5001 -0.6433 0.5797
vn -0.6609 -0.4300 0.6151
vn -0.5390 -0.7179 0.4406
vn -0.6953 -0.6905 0.1994
vn -0.5749 -0.6248 0.5284
vn -0.3098 -0.6608 0.6837
vn -0.8188 -0.0938 0.5664
vn -0.8866 0.1644 0.4324
vn -0.8638 -0.5021 -0.0412
vn -0.7571 0.1052 0.6448
vn -0.8386 -0.5333 -0.1108
vn -0.8720 0.0887 0.4814
vn -0.8458 0.3169 0.4293
vn -0.9650 -0.0612 -0.2552
vn -0.8713 0.2413 0.4274
vn -0.8790 -0.4053 -0.2511
vn -0.8866 -0.3613 -0.2888
vn -0.9176 0.2509 0.3084
vn -0.5584 0.5929 0.5803
vn -0.5339 0.6109 0.5847
vn -0.2621 0.7719 0.5792
vn -0.6544 0.5308 0.5385
vn -0.9650 0.2241 0.1363
vn -0.9600 0.2741 0.0564
vn -0.8458 -0.3117 -0.4330
vn -0.8727 -0.3095 -0.3777
vn -0.7663 -0.2657 -0.5850
vn -0.9481 0.2276 -0.2219
vn -0.9250 0.3773 0.0444
vn -0.9337 0.3578 0.0155
vn -0.9937 0.0844 0.0732
vn -0.9741 -0.0769 0.2128
vn -0.9995 -0.0101 0.0311
vn -0.9570 -0.0893 0.2760
vn -0.9758 0.2171 -0.0259
vn -0.9398 0.3418 0.0068
vn -0.9587 0.2843 0.0004
vn -0.8486 0.3600 0.3877
vn -0.7120 0.4221 0.5611
vn -0.9911 0.0410 -0.1265
vn -0.9452 0.1274 0.3007
vn -0.9741 -0.0695 0.2151
vn -0.3166 0.6483 0.6924
vn -0.3510 0.5183 0.7798
vn -0.4108 0.3265 0.8513
vn -0.4990 0.0386 0.8657
vn -0.6560 -0.2323 0.7181
vn -0.9451 -0.2794 0.1694
vn -0.9588 -0.2307 -0.1658
vn -0.1612 0.7038 0.6919
vn -0.1670 0.5624 0.8098
vn -0.1754 0.3492 0.9205
vn -0.2052 0.0339 0.9781
vn -0.2332 -0.2993 0.9252
vn -0.4989 -0.5382 0.6793
vn -0.2051 -0.6002 0.7731
vn -0.4107 -0.7629 0.4993
vn -0.8486 -0.5188 0.1040
vn -0.1755 -0.8218 0.5420
vn -0.9251 -0.3320 -0.1844
vn -0.9377 -0.2868 -0.1961
vn -0.9347 -0.2987 -0.1926
vn -0.9431 -0.2778 -0.1828
vn -0.9759 -0.1662 -0.1416
vn -0.9741 -0.0622 0.2176
vn -0.9937 -0.1113 0.0101
vn -0.9482 -0.0547 -0.3130
vn -0.9601 -0.2552 -0.1145
vn -0.7119 -0.6707 0.2083
vn -0.3510 -0.8765 0.3294
vn -0.9968 0.0670 0.0441
vn -0.7614 0.5122 -0.3974
vn -0.9774 0.2112 0.0137
vn -0.7616 -0.6478 -0.0179
vn -0.9012 -0.4330 -0.0201
vn -0.8510 -0.5233 0.0444
vn -0.9774 -0.1622 0.1359
vn -0.9968 -0.0279 0.0752
vn -0.9274 0.2694 -0.2597
vn -0.9939 0.0342 0.1049
vn -0.8544 0.4582 -0.2451
vn -0.7661 0.5579 -0.3190
vn -0.8455 0.5065 -0.1690
vn -0.8712 0.4811 -0.0977
vn -0.8726 -0.4548 0.1779
vn -0.7663 -0.6384 0.0725
vn -0.9482 -0.1403 -0.2850
vn -0.9937 0.0959 -0.0577
vn -0.8457 -0.5082 0.1630
vn -0.9600 0.1387 -0.2434
vn -0.9278 0.1540 -0.3397
vn -0.9346 0.1277 -0.3321
vn -0.9649 0.1991 -0.1711
vn -0.8865 -0.3863 0.2546
vn -0.8789 -0.3642 0.3081
vn -0.9175 0.3709 -0.1435
vn -0.8386 -0.2704 0.4730
vn -0.8719 0.4854 0.0640
vn -0.8865 0.4622 -0.0230
vn -0.9650 -0.2615 -0.0204
vn -0.6612 0.4520 0.5988
vn -0.8638 0.4315 0.2600
vn -0.5751 0.1973 0.7939
vn -0.8189 0.5098 0.2636
vn -0.9176 -0.3839 0.1035
vn -0.7570 -0.4628 0.4613
vn -0.4671 -0.2172 0.8571
vn -0.3099 0.1354 0.9411
vn -0.5003 0.3522 0.7910
vn -0.5478 -0.3960 0.7370
vn -0.6004 -0.7433 0.2949
vn -0.4366 -0.8985 -0.0458
vn -0.3012 -0.9462 -0.1180
vn -0.1924 -0.9219 -0.3363
vn -0.5338 -0.8375 0.1171
vn -0.5583 -0.8203 0.1242
vn -0.6544 -0.7455 0.1265
vn -0.3166 -0.9308 0.1826
vn -0.2622 -0.9648 0.0186
vn -0.1670 -0.9298 0.3279
vn -0.1613 -0.9755 0.1498
vn -0.1523 -0.9883 0.0016
vn -0.0850 -0.9855 -0.1471
vn -0.1349 -0.9480 -0.2883
vn -0.1753 0.9835 0.0443
vn -0.4106 0.9107 0.0443
vn -0.2049 0.9399 -0.2731
vn -0.4988 0.8346 -0.2336
vn -0.8486 0.4807 0.2208
vn -0.2328 0.7857 -0.5731
vn -0.6558 0.6100 -0.4449
vn -0.4986 0.4776 -0.7234
vn -0.9451 0.3256 0.0270
vn -0.9588 0.0892 0.2698
vn -0.9251 0.1601 0.3444
vn -0.9398 0.1133 0.3224
vn -0.9337 0.1264 0.3349
vn -0.9758 0.0433 0.2142
vn -0.9911 -0.1074 0.0783
vn -0.9741 0.1827 -0.1333
vn -0.9451 0.0740 -0.3183
vn -0.8485 -0.0630 -0.5254
vn -0.4104 0.2364 -0.8807
vn -0.7118 -0.0114 -0.7023
vn -0.3508 0.0394 -0.9356
vn -0.9588 -0.2295 -0.1674
vn -0.1521 -0.3071 -0.9394
vn -0.2620 -0.2837 -0.9224
vn -0.0848 -0.4475 -0.8902
vn -0.1610 -0.1622 -0.9735
vn -0.3165 -0.1171 -0.9413
vn -0.1667 0.0213 -0.9858
vn -0.1752 0.2586 -0.9500
vn -0.2048 0.5473 -0.8115
vn -0.5337 -0.1501 -0.8322
vn -0.5748 0.8160 -0.0605
vn -0.4668 0.7467 -0.4739
vn -0.5475 0.5768 -0.6063
vn -0.6004 0.0482 -0.7983
vn -0.3011 -0.4075 -0.8621
vn -0.3096 0.9364 -0.1652
vn -0.4367 -0.3239 -0.8393
vn -0.1923 -0.6075 -0.7707
vn -0.1348 -0.5700 -0.8105
vn -0.9481 0.2809 -0.1490
vn -0.9968 -0.0213 0.0774
vn -0.9937 -0.0439 -0.1028
vn -0.7617 0.5360 0.3641
vn -0.9774 0.0521 0.2051
vn -0.9995 -0.0326 0.0001
vn -0.9741 -0.2261 0.0082
vn -0.9570 -0.2901 0.0006
vn -0.9758 0.0911 -0.1989
vn -0.9336 0.0947 -0.3455
vn -0.9588 0.0866 -0.2707
vn -0.9397 0.0981 -0.3276
vn -0.7614 0.5348 -0.3663
vn -0.9011 0.3624 -0.2383
vn -0.8509 0.3975 -0.3435
vn -0.9773 0.0515 -0.2053
vn -0.9968 -0.0215 -0.0774
vn -0.9275 -0.0652 0.3681
vn -0.9939 -0.0894 -0.0649
vn -0.8545 -0.2268 0.4674
vn -0.7660 0.4742 -0.4339
vn -0.9482 0.2811 0.1478
vn -0.9937 -0.0437 0.1029
vn -0.9251 0.0739 0.3725
vn -0.9337 0.0956 0.3451
vn -0.9758 0.0916 0.1984
vn -0.9741 -0.2261 -0.0073
vn -0.9398 0.0988 0.3272
vn -0.8865 0.4622 0.0210
vn -0.9176 -0.3842 -0.1019
vn -0.9650 -0.2615 0.0215
vn -0.8637 0.4307 -0.2618
vn -0.8384 0.4969 -0.2240
vn -0.6951 0.4418 -0.5671
vn -0.8189 -0.2570 -0.5132
vn -0.6609 -0.0135 -0.7503
vn -0.5584 -0.8207 -0.1208
vn -0.7571 -0.4642 -0.4597
vn -0.5748 0.1953 -0.7947
vn -0.5388 0.3223 -0.7784
vn -0.5339 -0.8379 -0.1135
vn -0.6007 -0.7443 -0.2919
vn -0.5479 -0.3980 -0.7358
vn -0.4671 -0.2194 -0.8565
vn -0.3096 0.1332 -0.9415
vn -0.3166 -0.9316 -0.1786
vn -0.2622 -0.9649 -0.0145
vn -0.3395 -0.9381 0.0684
vn -0.4368 -0.8982 0.0495
vn -0.2035 -0.9542 0.2194
vn -0.1268 -0.9810 0.1470
vn -0.1522 -0.9883 0.0026
vn -0.1613 -0.9761 -0.1456
vn -0.1670 -0.9312 -0.3241
vn -0.1755 -0.8238 -0.5390
vn -0.2051 -0.6026 -0.7712
vn -0.4366 -0.2312 0.8694
vn -0.3011 -0.1772 0.9370
vn -0.6004 -0.5079 0.6177
vn -0.1924 0.0382 0.9806
vn -0.1350 -0.0155 0.9907
vn -0.5751 -0.6955 -0.4308
vn -0.6955 -0.4026 -0.5952
vn -0.5392 -0.6407 -0.5466
vn -0.4672 -0.8824 -0.0553
vn -0.5479 -0.8227 0.1519
vn -0.3100 -0.8545 -0.4169
vn -0.8638 -0.5020 0.0433
vn -0.5751 -0.6266 -0.5261
vn -0.3099 -0.6630 -0.6815
vn -0.5003 -0.7501 -0.4325
vn -0.6612 -0.7177 -0.2184
vn -0.8188 -0.5675 0.0863
vn -0.4368 0.7556 0.4882
vn -0.3012 0.8367 0.4574
vn -0.6007 0.4302 0.6738
vn -0.1922 0.9446 0.2659
vn -0.1347 0.9377 0.3202
vn -0.0848 0.8856 0.4566
vn -0.4671 -0.3259 0.8220
vn -0.5478 -0.1105 0.8293
vn -0.1522 0.8009 0.5791
vn -0.7662 -0.1289 0.6295
vn -0.9482 -0.3144 0.0457
vn -0.9251 -0.2787 -0.2578
vn -0.9337 -0.2801 -0.2229
vn -0.9937 -0.0250 -0.1091
vn -0.9740 0.1875 -0.1271
vn -0.9995 0.0265 -0.0193
vn -0.9570 0.2345 -0.1710
vn -0.9758 -0.1907 -0.1067
vn -0.9398 -0.2722 -0.2065
vn -0.8510 -0.1200 0.5113
vn -0.7615 -0.2178 0.6105
vn -0.9968 0.0630 0.0497
vn -0.9012 -0.1532 0.4055
vn -0.9774 0.0791 0.1961
vn -0.7617 -0.2191 -0.6098
vn -0.9773 0.0786 -0.1966
vn -0.9968 0.0628 -0.0501
vn -0.9275 -0.1634 -0.3363
vn -0.9939 0.1105 -0.0004
vn -0.9937 -0.0248 0.1090
vn -0.9995 0.0265 0.0191
vn -0.9741 0.1878 0.1262
vn -0.9570 0.2350 0.1700
vn -0.9741 0.1786 0.1388
vn -0.9758 0.0507 -0.2126
vn -0.9430 0.1165 -0.3118
vn -0.9382 0.1108 -0.3278
vn -0.9394 0.1270 -0.3183
vn -0.9939 -0.0892 0.0650
vn -0.9011 -0.1144 -0.4184
vn -0.9774 -0.1793 -0.1123
vn -0.9275 0.3300 0.1757
vn -0.8510 -0.2036 -0.4841
vn -0.8545 0.3746 0.3599
vn -0.7616 -0.1827 -0.6218
vn -0.9968 -0.0802 -0.0034
vn -0.7663 0.4755 0.4321
vn -0.7119 0.6650 0.2257
vn -0.3509 0.9028 0.2487
vn -0.3166 0.8603 0.3995
vn -0.5584 0.7366 0.3817
vn -0.2621 0.7913 0.5523
vn -0.5339 0.7462 0.3977
vn -0.3013 0.6959 0.6518
vn -0.1669 0.9450 0.2813
vn -0.1611 0.8772 0.4524
vn -0.1521 0.8004 0.5799
vn -0.0849 0.7105 0.6986
vn -0.1348 0.5971 0.7908
vn -0.1923 0.5477 0.8143
vn -0.4368 0.6998 0.5652
vn -0.9740 0.1783 -0.1397
vn -0.8950 0.0254 -0.4453
vn -0.9999 0.0007 -0.0131
vn -0.8917 0.0903 -0.4435
vn -0.4521 0.1816 -0.8733
vn -0.4616 0.0988 -0.8816
vn -0.4551 -0.0009 -0.8904
vn -0.9999 -0.0017 -0.0155
vn -0.8917 -0.0511 -0.4497
vn -0.4521 -0.0972 -0.8867
vn -0.9999 -0.0035 -0.0127
vn -0.8950 -0.1136 -0.4313
vn -0.9999 -0.0063 -0.0142
vn -0.8917 -0.1876 -0.4119
vn -0.4551 -0.2760 -0.8466
vn -0.4616 -0.1786 -0.8689
vn -0.9999 -0.0071 -0.0110
vn -0.8950 -0.2412 -0.3752
vn -0.4521 -0.3663 -0.8132
vn -0.9999 -0.0104 -0.0116
vn -0.8917 -0.3056 -0.3338
vn -0.4551 -0.5240 -0.7199
vn -0.4616 -0.4383 -0.7712
vn -0.0000 -0.4067 -0.9136
vn -0.0000 -0.5000 -0.8660
vn 0.4616 -0.3662 -0.8080
vn 0.4616 -0.2685 -0.8454
vn -0.0000 -0.3089 -0.9511
vn 0.8956 -0.1594 -0.4153
vn 0.4616 -0.4383 -0.7712
vn 0.8956 -0.2423 -0.3732
vn 0.4616 -0.5263 -0.7141
vn -0.0000 -0.5878 -0.8090
vn 0.4616 -0.5891 -0.6632
vn -0.0000 -0.6691 -0.7432
vn -0.4521 -0.5998 -0.6602
vn -0.4616 -0.6551 -0.5981
vn -0.0000 -0.7432 -0.6691
vn -0.4551 -0.7209 -0.5227
vn -0.8950 -0.3454 -0.2822
vn -0.8917 -0.3939 -0.2230
vn -0.0000 -0.8091 -0.5877
vn -0.4522 -0.7744 -0.4425
vn -0.8950 -0.4156 -0.1617
vn -0.4616 -0.8080 -0.3663
vn -0.0000 -0.8660 -0.5001
vn 0.4616 -0.7141 -0.5263
vn 0.4616 -0.7712 -0.4383
vn -0.0000 -0.9136 -0.4067
vn 0.8956 -0.3731 -0.2423
vn 0.8956 -0.3145 -0.3145
vn 0.4616 -0.6633 -0.5891
vn 0.4616 -0.8079 -0.3663
vn 0.8933 -0.4232 -0.1510
vn 0.4616 -0.8455 -0.2685
vn 0.4616 -0.8664 -0.1903
vn 0.8956 -0.4394 -0.0696
vn 0.4616 -0.8828 -0.0867
vn 0.4616 -0.8871 -0.0061
vn 0.8956 -0.4442 0.0233
vn 0.4616 -0.8816 0.0987
vn 0.4616 -0.8689 0.1785
vn 0.8956 -0.4297 0.1151
vn 0.4616 -0.8418 0.2799
vn 0.4616 -0.8128 0.3553
vn 0.8956 -0.3963 0.2019
vn 0.4616 -0.7652 0.4488
vn 0.4616 -0.7212 0.5165
vn 0.8956 -0.3457 0.2799
vn 0.4617 -0.6551 0.5981
vn 0.4616 -0.5981 0.6552
vn 0.8956 -0.2799 0.3457
vn 0.4616 -0.5165 0.7212
vn 0.4616 -0.4488 0.7652
vn 0.8956 -0.2019 0.3963
vn 0.4616 -0.3553 0.8128
vn 0.4616 -0.2799 0.8418
vn 0.8956 -0.1151 0.4297
vn 0.4616 -0.1785 0.8689
vn 0.4616 -0.0987 0.8816
vn 0.8956 -0.0233 0.4442
vn 0.4616 0.0046 0.8871
vn 0.4616 0.0867 0.8828
vn 0.8956 0.0696 0.4394
vn 0.4616 0.1904 0.8664
vn 0.4616 0.2684 0.8455
vn 0.8956 0.1594 0.4153
vn 0.4616 0.3664 0.8079
vn 0.4616 0.4384 0.7712
vn 0.8956 0.2423 0.3731
vn 0.4616 0.5263 0.7141
vn 0.4615 0.5891 0.6632
vn 0.8956 0.3145 0.3145
vn 0.4616 0.6633 0.5891
vn 0.4616 0.7141 0.5263
vn 0.8956 0.3731 0.2423
vn 0.4616 0.7713 0.4383
vn 0.4616 0.8079 0.3663
vn 0.8956 0.4153 0.1594
vn 0.4617 0.8455 0.2684
vn 0.4616 0.8664 0.1904
vn 0.8956 0.4394 0.0696
vn 0.4616 0.8828 0.0867
vn 0.4616 0.8871 0.0061
vn 0.8956 0.4442 -0.0233
vn 0.4616 0.8816 -0.0988
vn 0.4617 0.8689 -0.1785
vn 0.8956 0.4297 -0.1151
vn 0.4621 0.8406 -0.2828
vn 0.4616 0.8128 -0.3553
vn 0.8956 0.3963 -0.2019
vn 0.4616 0.7652 -0.4488
vn 0.4616 0.7212 -0.5165
vn 0.8956 0.3457 -0.2799
vn 0.4616 0.6552 -0.5981
vn 0.4616 0.5981 -0.6552
vn 0.8956 0.2799 -0.3457
vn 0.4616 0.5165 -0.7212
vn 0.4616 0.4488 -0.7652
vn 0.8957 0.2019 -0.3963
vn 0.4629 0.3629 -0.8088
vn 0.4616 0.2799 -0.8418
vn 0.8956 0.1151 -0.4297
vn 0.4616 0.1784 -0.8690
vn 0.4616 0.0986 -0.8816
vn 0.8956 0.0233 -0.4442
vn 0.4616 -0.0062 -0.8871
vn 0.4616 -0.0866 -0.8828
vn 0.8956 -0.0696 -0.4394
vn 0.4616 -0.1904 -0.8664
vn -0.0000 -0.2081 -0.9781
vn -0.0000 -0.1045 -0.9945
vn -0.0000 0.0012 -1.0000
vn -0.0000 0.1046 -0.9945
vn -0.0000 0.2079 -0.9781
vn -0.0000 0.3090 -0.9511
vn -0.4551 0.2744 -0.8471
vn -0.0000 0.4067 -0.9135
vn -0.4617 0.3662 -0.8079
vn 0.0001 0.5001 -0.8660
vn -0.8950 0.1617 -0.4157
vn -0.4521 0.4426 -0.7744
vn -0.8917 0.2231 -0.3939
vn -0.4551 0.5227 -0.7209
vn -0.0000 0.5878 -0.8090
vn -0.0000 0.6692 -0.7431
vn -0.4616 0.5981 -0.6552
vn -0.0001 0.7431 -0.6692
vn -0.4521 0.6602 -0.5998
vn -0.0000 0.8090 -0.5878
vn -0.8917 0.3338 -0.3057
vn -0.8950 0.2821 -0.3454
vn -0.4551 0.7199 -0.5241
vn -0.8950 0.3752 -0.2412
vn -0.4616 0.7712 -0.4383
vn -0.0000 0.8660 -0.5000
vn -0.0000 0.9136 -0.4067
vn -0.4522 0.8132 -0.3664
vn -0.0000 0.9511 -0.3090
vn -0.4551 0.8466 -0.2760
vn -0.0000 0.9781 -0.2079
vn -0.8950 0.4313 -0.1135
vn -0.8917 0.4119 -0.1876
vn -0.4616 0.8689 -0.1785
vn -0.4521 0.8867 -0.0972
vn -0.0000 0.9945 -0.1045
vn -0.0000 1.0000 -0.0000
vn -0.4551 0.8904 -0.0008
vn -0.0000 0.9945 0.1045
vn -0.4616 0.8816 0.0987
vn -0.0000 0.9782 0.2079
vn -0.8950 0.4453 0.0253
vn -0.4521 0.8733 0.1815
vn -0.8917 0.4435 0.0904
vn -0.4561 0.8442 0.2816
vn -0.0000 0.9511 0.3090
vn -0.0000 0.9136 0.4067
vn -0.4616 0.8079 0.3664
vn -0.0000 0.8660 0.5000
vn -0.4521 0.7744 0.4425
vn -0.0000 0.8090 0.5878
vn -0.8950 0.4158 0.1617
vn -0.8917 0.3938 0.2231
vn -0.4551 0.7209 0.5227
vn -0.8950 0.3454 0.2822
vn -0.9999 0.0134 0.0078
vn -0.9999 0.0121 0.0047
vn -0.4616 0.6552 0.5980
vn -0.4521 0.5998 0.6602
vn -0.8917 0.3057 0.3338
vn -0.9999 0.0102 0.0082
vn -0.0000 0.7431 0.6692
vn -0.0000 0.6691 0.7431
vn -0.0000 0.5878 0.8090
vn -0.4551 0.5241 0.7199
vn -0.0000 0.4999 0.8661
vn -0.4616 0.4383 0.7712
vn -0.8950 0.2413 0.3752
vn -0.4521 0.3664 0.8133
vn -0.9999 0.0105 0.0116
vn -0.9999 0.0071 0.0110
vn -0.8917 0.1877 0.4119
vn -0.4551 0.2760 0.8466
vn -0.0006 0.3108 0.9505
vn -0.0000 0.4067 0.9136
vn -0.0000 0.2078 0.9782
vn -0.4616 0.1785 0.8689
vn -0.0000 0.1045 0.9945
vn -0.4521 0.0972 0.8866
vn -0.8950 0.1136 0.4313
vn -0.0000 -0.0001 1.0000
vn -0.4551 0.0009 0.8904
vn -0.8917 0.0511 0.4497
vn -0.9999 0.0016 0.0155
vn -0.9999 0.0035 0.0127
vn -0.8950 -0.0252 0.4453
vn -0.9999 -0.0008 0.0131
vn -0.8917 -0.0905 0.4435
vn -0.4521 -0.1817 0.8733
vn -0.4616 -0.0988 0.8816
vn -0.0000 -0.1045 0.9945
vn -0.0000 -0.2080 0.9781
vn -0.0000 -0.3090 0.9511
vn -0.4551 -0.2744 0.8471
vn -0.0000 -0.4067 0.9136
vn -0.4616 -0.3663 0.8079
vn -0.8950 -0.1617 0.4157
vn -0.0000 -0.5002 0.8659
vn -0.4521 -0.4425 0.7744
vn -0.0000 -0.5878 0.8090
vn -0.4551 -0.5226 0.7210
vn -0.0000 -0.6691 0.7432
vn -0.0000 -0.7432 0.6691
vn -0.4616 -0.5981 0.6552
vn -0.4521 -0.6602 0.5998
vn -0.8950 -0.2822 0.3454
vn -0.8917 -0.2229 0.3939
vn -0.9999 -0.0080 0.0135
vn -0.9999 -0.0082 0.0102
vn -0.8917 -0.3338 0.3057
vn -0.9999 -0.0117 0.0104
vn -0.8950 -0.3751 0.2412
vn -0.4551 -0.7199 0.5241
vn -0.4616 -0.7712 0.4383
vn -0.0000 -0.8660 0.5000
vn -0.0001 -0.8090 0.5878
vn -0.0000 -0.9136 0.4066
vn -0.0000 -0.9511 0.3090
vn -0.4521 -0.8132 0.3664
vn -0.0000 -0.9781 0.2079
vn -0.4551 -0.8466 0.2761
vn -0.8950 -0.4314 0.1135
vn -0.8917 -0.4120 0.1875
vn -0.4616 -0.8689 0.1785
vn -0.4521 -0.8867 0.0972
vn -0.0000 -0.9945 0.1045
vn -0.0000 -1.0000 -0.0000
vn -0.4551 -0.8904 0.0007
vn -0.0000 -0.9945 -0.1045
vn -0.0000 -0.9781 -0.2079
vn -0.4616 -0.8816 -0.0987
vn -0.8950 -0.4454 -0.0254
vn -0.4521 -0.8733 -0.1816
vn -0.8917 -0.4435 -0.0904
vn -0.4551 -0.8471 -0.2744
vn -0.0000 -0.9511 -0.3090
vn -0.9999 -0.0153 -0.0032
vn -0.9999 -0.0131 -0.0007
vn -0.9328 0.3522 0.0761
vn -0.9316 0.3630 0.0179
vn -0.9999 -0.0121 -0.0047
vn -0.9316 0.3397 0.1292
vn -0.9328 0.3115 0.1812
vn -0.9999 -0.0136 -0.0078
vn -0.9999 -0.0102 -0.0082
vn -0.9316 0.2831 0.2279
vn -0.9328 0.2402 0.2686
vn -0.9316 0.1988 0.3042
vn -0.9328 0.1454 0.3297
vn -0.9316 0.0951 0.3508
vn -0.9328 0.0364 0.3585
vn -0.9316 -0.0179 0.3630
vn -0.9328 -0.0761 0.3522
vn -0.9999 0.0032 -0.0152
vn -0.9999 0.0047 -0.0122
vn -0.9316 -0.1292 0.3397
vn -0.9999 0.0079 -0.0135
vn -0.9328 -0.1812 0.3115
vn -0.9999 0.0081 -0.0102
vn -0.9316 -0.2279 0.2831
vn -0.9328 -0.2686 0.2402
vn -0.9999 0.0115 -0.0104
vn -0.9999 0.0110 -0.0071
vn -0.9316 -0.3042 0.1988
vn -0.9999 0.0142 -0.0063
vn -0.9328 -0.3298 0.1454
vn -0.9999 0.0127 -0.0034
vn -0.9316 -0.3508 0.0951
vn -0.9328 -0.3585 0.0364
vn -0.9999 0.0155 -0.0016
vn -0.9999 0.0131 0.0007
vn -0.9316 -0.3630 -0.0179
vn -0.9999 0.0153 0.0032
vn -0.9328 -0.3522 -0.0761
vn -0.9316 -0.3397 -0.1292
vn -0.9328 -0.3115 -0.1812
vn -0.9316 -0.2831 -0.2279
vn -0.9328 -0.2402 -0.2686
vn -0.9316 -0.1988 -0.3042
vn -0.9328 -0.1454 -0.3297
vn -0.9999 0.0064 0.0142
vn -0.9316 -0.0951 -0.3509
vn -0.9328 -0.0364 -0.3585
vn -0.9316 0.0179 -0.3630
vn -0.9328 0.0761 -0.3522
vn -0.9999 -0.0033 0.0152
vn -0.9999 -0.0046 0.0122
vn -0.9316 0.1292 -0.3397
vn -0.9328 0.1812 -0.3115
vn -0.9316 0.2279 -0.2831
vn -0.9328 0.2686 -0.2402
vn -0.9999 -0.0110 0.0071
vn -0.9316 0.3042 -0.1988
vn -0.9328 0.3297 -0.1454
vn -0.9999 -0.0141 0.0063
vn -0.9999 -0.0127 0.0034
vn -0.9317 0.3507 -0.0951
vn -0.8917 -0.4498 0.0511
vn -0.9997 -0.0246 0.0014
vn -0.9328 0.3585 -0.0364
vn -0.8917 0.4497 -0.0511
vn -0.5078 -0.8547 -0.1079
vn -0.2149 -0.9689 -0.1224
vn -0.2140 -0.9768 -0.0000
vn -0.5075 -0.8616 -0.0000
vn -0.5074 -0.8346 -0.2143
vn -0.2171 -0.9455 -0.2428
vn -0.5078 -0.8010 -0.3171
vn -0.2124 -0.9086 -0.3597
vn -0.5073 -0.7552 -0.4152
vn -0.2181 -0.8552 -0.4702
vn -0.5072 -0.6972 -0.5065
vn -0.2156 -0.7899 -0.5741
vn -0.5072 -0.6283 -0.5900
vn -0.5072 -0.5494 -0.6640
vn -0.2169 -0.7116 -0.6683
vn -0.2148 -0.6226 -0.7525
vn -0.5073 -0.4617 -0.7276
vn -0.2164 -0.5231 -0.8243
vn -0.5069 -0.3670 -0.7800
vn -0.2165 -0.4155 -0.8835
vn -0.8030 -0.3193 -0.5032
vn -0.8016 -0.3810 -0.4608
vn -0.8031 -0.4343 -0.4078
vn -1.0000 -0.0001 -0.0000
vn -1.0000 -0.0000 -0.0000
vn -1.0000 0.0001 -0.0000
vn -0.6933 0.5830 0.4237
vn -0.6932 0.5255 0.4932
vn -0.6933 0.4593 0.5554
vn -0.6932 0.3862 0.6085
vn -0.8029 -0.2540 -0.5393
vn -0.8043 -0.1860 -0.5644
vn -0.8018 -0.1118 -0.5870
vn -0.8013 -0.0376 -0.5970
vn -0.6932 0.2228 0.6855
vn -0.6933 0.1349 0.7079
vn -0.0000 0.3090 0.9511
vn -0.0000 0.1873 0.9823
vn -0.6933 0.0454 0.7192
vn -0.0000 0.0629 0.9980
vn -0.6932 -0.0452 0.7193
vn -0.0000 -0.0627 0.9980
vn -0.6932 -0.1350 0.7080
vn -0.0000 -0.1875 0.9823
vn -0.6932 -0.2229 0.6854
vn -0.0000 -0.3091 0.9510
vn -0.6933 -0.3069 0.6521
vn -0.0000 -0.4258 0.9048
vn -0.6933 -0.3861 0.6086
vn -0.0000 -0.5358 0.8443
vn -0.6932 -0.4594 0.5553
vn -0.0000 -0.6374 0.7705
vn -0.6932 -0.5254 0.4933
vn -0.0000 -0.7291 0.6844
vn -0.6933 -0.5830 0.4236
vn -0.6932 -0.6316 0.3473
vn -0.8004 0.5574 -0.2207
vn -0.8003 0.5808 -0.1491
vn -0.2126 0.9464 -0.2430
vn -0.2130 0.9084 -0.3597
vn -0.8044 0.5206 -0.2862
vn -0.8025 0.4827 -0.3506
vn -0.2187 0.8550 -0.4702
vn -0.5076 0.8011 -0.3172
vn -0.5072 0.7553 -0.4151
vn -0.2158 0.7899 -0.5741
vn -0.8035 0.4340 -0.4076
vn -0.2171 0.7116 -0.6682
vn -0.5073 0.6972 -0.5065
vn -0.8015 0.3811 -0.4608
vn -1.0000 0.0002 -0.0000
vn -0.8024 0.1121 -0.5862
vn -0.8050 0.1833 -0.5643
vn -0.2197 0.3015 -0.9278
vn -0.2154 0.1831 -0.9592
vn -0.8013 0.0374 -0.5971
vn -0.2141 0.0616 -0.9749
vn -0.2141 -0.0615 -0.9749
vn -0.5075 0.1615 -0.8464
vn -0.5075 0.0541 -0.8599
vn -0.5075 -0.0541 -0.8600
vn -0.2146 -0.1832 -0.9594
vn -0.5075 -0.1615 -0.8464
vn -0.2197 -0.3016 -0.9278
vn -0.5071 -0.2664 -0.8197
vn -0.5071 0.2664 -0.8197
vn -0.5069 0.3670 -0.7800
vn -0.2143 0.4159 -0.8838
vn -0.5077 0.4616 -0.7274
vn -0.2132 0.5234 -0.8250
vn -0.5072 0.5494 -0.6640
vn -0.5072 0.6283 -0.5899
vn -0.2147 0.6226 -0.7525
vn -0.8009 0.3209 -0.5056
vn -0.8015 0.2545 -0.5411
vn -0.5080 0.8343 -0.2143
vn -0.5078 0.8547 -0.1079
vn -0.2149 0.9689 -0.1224
vn -0.5075 0.8616 -0.0000
vn -0.5078 0.8547 0.1079
vn -0.2187 0.9758 -0.0000
vn -0.2150 0.9689 0.1224
vn -0.5080 0.8343 0.2142
vn -0.8041 0.5945 -0.0001
vn -0.2127 0.9464 0.2430
vn -0.8018 0.5928 0.0749
vn -0.8004 0.5806 0.1493
vn -0.8004 0.5573 0.2208
vn -0.2122 0.9086 0.3598
vn -0.2186 0.8551 0.4701
vn -0.5072 0.7552 0.4152
vn -0.5077 0.8010 0.3172
vn -0.5074 0.6972 0.5065
vn -0.5073 0.6282 0.5899
vn -0.2153 0.7899 0.5742
vn -0.5073 0.5493 0.6641
vn -0.2168 0.7116 0.6683
vn -0.2145 0.6227 0.7525
vn -0.8024 0.4828 0.3507
vn -0.8034 0.4341 0.4075
vn -0.2132 0.5234 0.8250
vn -0.8009 0.3210 0.5055
vn -0.8016 0.3810 0.4608
vn -0.6933 -0.6314 -0.3473
vn -0.6933 -0.5830 -0.4236
vn -0.6932 -0.6702 -0.2653
vn -0.8044 0.5206 0.2862
vn -1.0000 -0.0002 -0.0000
vn -0.6932 -0.7150 -0.0903
vn -0.6932 -0.6981 -0.1792
vn -0.0000 -0.9686 -0.2486
vn -0.0000 -0.9921 -0.1253
vn -0.0000 -0.9921 0.1253
vn -0.6932 -0.7207 -0.0000
vn -0.0000 -0.9686 0.2487
vn -0.6933 -0.7150 0.0904
vn -0.6932 -0.6981 0.1794
vn -0.6933 -0.6700 0.2653
vn -0.0000 -0.9298 0.3682
vn -0.0000 -0.8763 0.4818
vn -0.0000 -0.8091 0.5877
vn -0.8018 0.5929 -0.0749
vn -0.0000 -0.9298 -0.3681
vn -0.0000 -0.8758 -0.4826
vn -0.0000 -0.8090 -0.5878
vn -0.6932 -0.5254 -0.4933
vn -0.0000 -0.7297 -0.6838
vn -0.6933 -0.4594 -0.5553
vn -0.0000 -0.6375 -0.7705
vn -0.6933 -0.3861 -0.6085
vn -0.0000 -0.5361 -0.8442
vn -0.6932 -0.3069 -0.6521
vn -0.0000 -0.4258 -0.9048
vn -0.6933 -0.2228 -0.6854
vn -0.0000 -0.3087 -0.9512
vn -0.6932 -0.1351 -0.7080
vn -0.6933 -0.0453 -0.7193
vn -0.0000 -0.1873 -0.9823
vn -0.0000 -0.0627 -0.9980
vn -0.6933 0.0452 -0.7193
vn -0.0000 0.0627 -0.9980
vn -0.6932 0.1349 -0.7080
vn -0.8020 -0.1847 0.5681
vn -0.8018 -0.1119 0.5870
vn -0.2152 -0.3017 0.9288
vn -0.2145 -0.1832 0.9594
vn -0.8009 -0.0376 0.5976
vn -0.2209 -0.4153 0.8825
vn -0.5071 -0.3670 0.7799
vn -0.5076 -0.2662 0.8194
vn -0.5075 -0.1615 0.8464
vn -0.2134 -0.0615 0.9750
vn -0.5076 -0.0541 0.8599
vn -0.2135 0.0615 0.9750
vn -0.5075 0.0541 0.8599
vn -0.2146 0.1831 0.9594
vn -0.5075 0.1614 0.8464
vn -0.2153 0.3017 0.9288
vn -0.5076 0.2663 0.8194
vn -0.2186 0.4155 0.8829
vn -0.5069 0.3669 0.7800
vn -0.5078 0.4617 0.7273
vn -0.8045 0.2529 0.5374
vn -0.8019 0.1846 0.5682
vn -0.8018 0.1119 0.5870
vn -0.8009 0.0375 0.5976
vn -0.5077 -0.4616 0.7274
vn -0.5073 -0.5493 0.6640
vn -0.2129 -0.5235 0.8250
vn -0.2144 -0.6228 0.7524
vn -0.8006 -0.3213 0.5058
vn -0.8058 -0.2521 0.5358
vn -0.6932 0.2228 -0.6854
vn -0.6933 0.3069 -0.6521
vn -0.6932 0.3863 -0.6086
vn -0.6932 0.4594 -0.5553
vn -0.6932 0.5255 -0.4933
vn -0.0000 0.6374 -0.7705
vn -0.0000 0.5358 -0.8443
vn -0.0000 0.4258 -0.9048
vn -0.0000 0.3091 -0.9510
vn -0.0000 0.1873 -0.9823
vn -0.0000 0.7290 -0.6845
vn -0.6934 0.5830 -0.4235
vn -0.0000 0.8091 -0.5877
vn -0.6932 0.6316 -0.3472
vn -0.0000 0.8763 -0.4817
vn -0.6932 0.6701 -0.2653
vn -0.0000 0.9298 -0.3682
vn -0.6931 0.6982 -0.1793
vn -0.6932 0.7150 -0.0903
vn -0.0000 0.9686 -0.2487
vn -0.0000 0.9921 -0.1253
vn -0.6933 0.7207 -0.0000
vn -0.6932 0.7151 0.0903
vn -0.8034 -0.5767 -0.1479
vn -0.8004 -0.5573 -0.2208
vn -0.8019 -0.5928 -0.0749
vn -0.8013 -0.5982 -0.0000
vn -0.8018 -0.5929 0.0749
vn -0.2150 -0.9689 0.1225
vn -0.8035 -0.5766 0.1480
vn -0.2173 -0.9454 0.2428
vn -0.8004 -0.5574 0.2207
vn -0.8041 -0.5209 0.2865
vn -0.8025 -0.4827 0.3508
vn -0.2182 -0.8552 0.4702
vn -0.2153 -0.7900 0.5740
vn -0.8031 -0.4342 0.4079
vn -0.8015 -0.3812 0.4608
vn -0.2163 -0.7117 0.6683
vn -0.5069 -0.6974 0.5066
vn -0.5073 -0.6282 0.5899
vn -0.5073 -0.7552 0.4151
vn -0.5077 -0.8010 0.3173
vn -0.5074 -0.8346 0.2143
vn -0.2128 -0.9085 0.3595
vn -0.5078 -0.8547 0.1080
vn -0.8040 -0.5211 -0.2864
vn -0.6933 0.6981 0.1792
vn -0.6932 0.6701 0.2653
vn -0.0000 0.9686 0.2486
vn -0.0000 0.9298 0.3681
vn -0.6933 0.6314 0.3473
vn -0.0000 0.8762 0.4819
vn -0.0000 0.7290 0.6845
vn -0.0000 0.6374 0.7705
vn -0.0000 0.5358 0.8443
vn -0.6933 0.3067 0.6521
vn -0.0000 0.4258 0.9048
vn -0.0000 0.9921 0.1253
vn -0.8025 -0.4828 -0.3507
vn -0.7751 -0.4986 0.3882
vn -0.3515 -0.7388 0.5750
vn -0.3518 -0.8049 0.4779
vn -0.7747 -0.5437 0.3229
vn -0.9805 -0.1553 0.1207
vn -0.7751 -0.4461 0.4475
vn -0.9805 -0.1386 0.1391
vn -0.9911 0.0938 -0.0940
vn -0.9912 0.0811 -0.1050
vn -0.9805 -0.1202 0.1555
vn -0.9702 -0.1481 0.1917
vn -0.9911 0.0673 -0.1144
vn -0.9702 -0.1231 0.2087
vn -0.5074 -0.4374 0.7424
vn -0.9701 -0.0959 0.2229
vn -0.5077 -0.3407 0.7913
vn -0.5073 -0.2391 0.8279
vn -0.9702 -0.0672 0.2326
vn -0.5069 -0.1335 0.8516
vn -0.9701 -0.0375 0.2400
vn -0.5073 -0.0257 0.8614
vn -0.9703 -0.0072 0.2419
vn -0.5073 0.0826 0.8578
vn -0.5077 0.1893 0.8405
vn -0.9701 0.0232 0.2417
vn -0.9703 0.0531 0.2360
vn -0.5071 0.2932 0.8105
vn -0.5077 0.3924 0.7670
vn -0.9702 0.0825 0.2279
vn -0.5075 0.4855 0.7118
vn -0.9702 0.1104 0.2158
vn -0.5075 0.5709 0.6454
vn -0.9703 0.1364 0.1999
vn -0.5075 0.6472 0.5688
vn -0.9701 0.1607 0.1817
vn -0.9702 0.1822 0.1599
vn -0.5075 0.7134 0.4832
vn -0.5077 0.7683 0.3898
vn -0.9703 0.2003 0.1356
vn -0.9911 -0.0999 -0.0878
vn -0.9912 -0.1099 -0.0744
vn -0.9702 0.2161 0.1098
vn -0.5070 0.8114 0.2908
vn -0.9703 0.2279 0.0817
vn -0.9911 -0.1185 -0.0602
vn -0.9805 0.1628 0.1103
vn -0.9805 0.1754 0.0889
vn -0.9911 -0.1250 -0.0448
vn -0.9805 0.1849 0.0662
vn -0.9911 -0.1297 -0.0287
vn -0.9703 0.2361 0.0524
vn -0.9692 0.2453 0.0214
vn -0.5078 0.8411 0.1864
vn -0.5073 0.8581 0.0798
vn -0.5073 0.8613 -0.0284
vn -0.9703 0.2418 -0.0080
vn -0.9911 -0.1322 -0.0122
vn -0.5074 0.8509 -0.1362
vn -0.5072 0.8272 -0.2418
vn -0.9703 0.2388 -0.0383
vn -0.9912 -0.1326 0.0044
vn -0.9911 -0.1312 0.0210
vn -0.9702 0.2324 -0.0679
vn -0.9799 0.1991 -0.0073
vn -0.9806 0.1937 -0.0310
vn -0.9907 -0.1312 0.0366
vn -0.7750 0.6316 -0.0210
vn -0.9805 0.1884 -0.0551
vn -0.7751 0.6239 -0.1000
vn -0.7749 0.6294 0.0586
vn -0.3519 0.9320 0.0865
vn -0.3520 0.9355 -0.0310
vn -0.3517 0.9243 -0.1480
vn -0.0202 0.9955 0.0925
vn -0.0201 0.9993 -0.0330
vn -0.0199 0.9872 -0.1581
vn -0.0534 0.9943 0.0924
vn -0.0538 0.9980 -0.0330
vn -0.5730 0.8161 0.0757
vn -0.0537 0.9749 0.2162
vn -0.5731 0.8190 -0.0272
vn -0.5731 0.8000 0.1775
vn -0.8735 0.4866 -0.0162
vn -0.8737 0.4844 0.0451
vn -0.0543 0.9400 0.3368
vn -0.5728 0.7717 0.2763
vn -0.8736 0.4750 0.1054
vn -0.8714 0.4619 0.1654
vn -0.8733 0.4587 0.1642
vn -0.8716 0.4786 0.1061
vn -0.8716 0.4882 0.0454
vn -0.8717 0.4897 -0.0162
vn -0.8735 0.4807 -0.0770
vn -0.8717 0.4838 -0.0775
vn -0.5727 0.8095 -0.1297
vn -0.8737 0.4669 -0.1364
vn -0.5726 0.7869 -0.2300
vn -0.8738 0.4460 -0.1939
vn -0.8720 0.4699 -0.1373
vn -0.5726 0.7519 -0.3268
vn -0.8719 0.4492 -0.1953
vn -0.8737 0.4184 -0.2483
vn -0.5725 0.7049 -0.4187
vn -0.8738 0.3836 -0.2987
vn -0.8719 0.4210 -0.2499
vn -0.8719 0.3865 -0.3008
vn -0.8739 0.3431 -0.3444
vn -0.5720 0.6473 -0.5038
vn -0.5654 0.5858 -0.5806
vn -0.0529 0.8587 -0.5098
vn -0.0525 0.7881 -0.6133
vn -0.5721 0.5015 -0.6490
vn -0.0527 0.7049 -0.7073
vn -0.8738 0.2974 -0.3848
vn -0.0524 0.6108 -0.7901
vn -0.0194 0.6115 -0.7910
vn -0.0191 0.7059 -0.7081
vn -0.0194 0.7891 -0.6139
vn -0.3510 0.6610 -0.6632
vn -0.3515 0.5725 -0.7407
vn -0.3514 0.4752 -0.8067
vn -0.7751 0.3208 -0.5444
vn -0.7750 0.3864 -0.5000
vn -0.9805 0.0998 -0.1695
vn -0.7750 0.2501 -0.5804
vn -0.9806 0.0776 -0.1802
vn -0.9805 0.0545 -0.1887
vn -0.7751 0.1753 -0.6070
vn -0.3512 0.3705 -0.8599
vn -0.9805 0.0305 -0.1939
vn -0.7753 0.0978 -0.6240
vn -0.3517 0.2598 -0.8994
vn -0.9912 -0.0039 0.1326
vn -0.9911 -0.0206 0.1313
vn -0.9805 0.0058 -0.1964
vn -0.9702 -0.0034 -0.2425
vn -0.9702 0.0374 -0.2395
vn -0.9911 -0.0369 0.1276
vn -0.9702 0.0671 -0.2328
vn -0.9912 -0.0524 0.1219
vn -0.9912 -0.0673 0.1144
vn -0.9700 0.0962 -0.2231
vn -0.9702 0.1231 -0.2087
vn -0.5072 0.2392 -0.8280
vn -0.5076 0.3409 -0.7913
vn -0.5080 0.4371 -0.7422
vn -0.9702 0.1482 -0.1918
vn -0.5078 0.5270 -0.6815
vn -0.9701 0.1713 -0.1718
vn -0.5075 0.6083 -0.6103
vn -0.9702 0.1911 -0.1487
vn -0.5078 0.6798 -0.5292
vn -0.9702 0.2082 -0.1235
vn -0.5080 0.7407 -0.4397
vn -0.9911 -0.1141 0.0679
vn -0.9912 -0.1216 0.0529
vn -0.9703 0.2217 -0.0965
vn -0.5077 0.7901 -0.3434
vn -0.9805 0.1804 -0.0784
vn -0.7751 0.6065 -0.1772
vn -0.9805 0.1691 -0.1004
vn -0.7747 0.5799 -0.2520
vn -0.7748 0.5436 -0.3227
vn -0.3515 0.8586 -0.3731
vn -0.3517 0.8985 -0.2626
vn -0.0198 0.9597 -0.2805
vn -0.0534 0.9860 -0.1579
vn -0.0528 0.9585 -0.2802
vn -0.0198 0.9169 -0.3986
vn -0.3519 0.8048 -0.4779
vn -0.0529 0.9158 -0.3981
vn -0.0202 0.8597 -0.5104
vn -0.3514 0.7388 -0.5751
vn -0.7751 0.4460 -0.4475
vn -0.7750 0.4986 -0.3882
vn -0.9805 0.1388 -0.1391
vn -0.9805 0.1552 -0.1207
vn -0.9912 -0.1047 0.0816
vn -0.9912 -0.0937 0.0940
vn -0.9912 -0.0812 0.1050
vn -0.9805 0.1202 -0.1556
vn -0.5073 0.1334 -0.8514
vn -0.5072 0.0257 -0.8614
vn -0.5072 -0.0824 -0.8579
vn -0.9699 -0.0231 -0.2423
vn -0.5077 -0.1893 -0.8405
vn -0.9703 -0.0532 -0.2360
vn -0.5069 -0.2934 -0.8105
vn -0.9700 -0.0828 -0.2287
vn -0.9911 0.0292 0.1296
vn -0.9912 0.0128 0.1321
vn -0.9804 -0.0188 -0.1960
vn -0.9805 -0.0432 -0.1918
vn -0.7752 -0.0605 -0.6288
vn -0.7752 0.0189 -0.6314
vn -0.3520 0.0215 -0.9358
vn -0.3516 0.1449 -0.9249
vn -0.0196 0.2774 -0.9606
vn -0.0194 0.1548 -0.9877
vn -0.0195 0.0297 -0.9994
vn -0.0530 0.1546 -0.9866
vn -0.0527 0.2770 -0.9594
vn -0.5723 0.1269 -0.8102
vn -0.5726 0.2275 -0.7876
vn -0.0529 0.3952 -0.9171
vn -0.8736 0.0753 -0.4808
vn -0.5726 0.3244 -0.7529
vn -0.8739 0.1348 -0.4671
vn -0.8737 0.0144 -0.4863
vn -0.8720 0.1358 -0.4703
vn -0.8718 0.0758 -0.4840
vn -0.8716 0.0146 -0.4899
vn -0.8737 -0.0466 -0.4842
vn -0.8716 -0.0469 -0.4880
vn -0.8737 -0.1069 -0.4746
vn -0.8714 -0.1078 -0.4785
vn -0.8737 -0.1656 -0.4574
vn -0.8713 -0.1670 -0.4614
vn -0.8736 -0.2217 -0.4333
vn -0.8712 -0.2236 -0.4370
vn -0.5731 -0.2788 -0.7706
vn -0.5733 -0.3730 -0.7295
vn -0.8734 -0.2744 -0.4023
vn -0.8713 -0.2766 -0.4054
vn -0.8733 -0.3228 -0.3648
vn -0.5733 -0.4616 -0.6770
vn -0.5730 -0.5429 -0.6139
vn -0.0541 -0.5626 -0.8249
vn -0.0539 -0.4548 -0.8890
vn -0.0534 -0.3398 -0.9390
vn -0.0206 -0.4553 -0.8901
vn -0.0261 -0.5548 -0.8315
vn -0.0201 -0.3402 -0.9401
vn -0.0535 -0.2196 -0.9741
vn -0.0529 -0.0956 -0.9940
vn -0.0199 -0.2198 -0.9753
vn -0.5731 -0.1799 -0.7995
vn -0.5725 -0.0783 -0.8161
vn -0.5730 0.0181 -0.8194
vn -0.0533 0.0298 -0.9981
vn -0.0197 -0.0957 -0.9952
vn -0.3515 -0.2057 -0.9133
vn -0.3520 -0.0896 -0.9317
vn -0.7748 -0.1389 -0.6167
vn -0.7752 -0.2149 -0.5941
vn -0.9805 -0.0668 -0.1847
vn -0.9805 -0.0896 -0.1751
vn -0.7748 -0.2880 -0.5628
vn -0.3518 -0.3187 -0.8801
vn -0.9911 0.0749 0.1097
vn -0.9911 0.0605 0.1183
vn -0.9805 -0.1108 -0.1624
vn -0.7750 -0.3560 -0.5221
vn -0.9805 -0.1301 -0.1471
vn -0.9912 0.0879 0.0993
vn -0.9912 0.0996 0.0876
vn -0.9701 -0.1607 -0.1819
vn -0.9701 -0.1822 -0.1601
vn -0.9805 -0.1478 -0.1297
vn -0.9911 0.1100 0.0744
vn -0.9703 -0.2004 -0.1357
vn -0.9805 -0.1625 -0.1100
vn -0.9911 0.1185 0.0602
vn -0.9702 -0.2161 -0.1096
vn -0.9805 -0.1750 -0.0889
vn -0.9912 0.1248 0.0446
vn -0.9700 -0.2289 -0.0820
vn -0.5073 -0.8413 -0.1866
vn -0.5069 -0.8115 -0.2907
vn -0.9702 -0.2364 -0.0524
vn -0.5072 -0.8581 -0.0796
vn -0.9699 -0.2425 -0.0226
vn -0.9911 0.1297 0.0288
vn -0.9805 -0.1916 -0.0425
vn -0.9805 -0.1850 -0.0662
vn -0.9912 0.1320 0.0122
vn -0.7748 -0.5951 -0.2132
vn -0.7751 -0.5634 -0.2860
vn -0.3520 -0.8347 -0.4236
vn -0.3516 -0.7752 -0.5249
vn -0.7752 -0.5231 -0.3542
vn -0.3519 -0.7032 -0.6178
vn -0.7750 -0.4748 -0.4170
vn -0.7751 -0.4187 -0.4732
vn -0.3519 -0.6201 -0.7011
vn -0.3521 -0.5274 -0.7732
vn -0.0200 -0.6624 -0.7489
vn -0.0539 -0.6617 -0.7478
vn -0.0201 -0.7511 -0.6599
vn -0.0200 -0.8278 -0.5606
vn -0.0543 -0.7502 -0.6590
vn -0.0545 -0.8268 -0.5598
vn -0.5731 -0.6785 -0.4596
vn -0.5733 -0.6153 -0.5410
vn -0.8733 -0.3660 -0.3216
vn -0.8731 -0.4037 -0.2733
vn -0.8714 -0.3685 -0.3238
vn -0.8710 -0.3255 -0.3679
vn -0.8713 -0.4064 -0.2752
vn -0.8732 -0.4347 -0.2206
vn -0.8709 -0.4383 -0.2224
vn -0.8728 -0.4595 -0.1646
vn -0.8710 -0.4625 -0.1656
vn -0.8729 -0.4764 -0.1056
vn -0.8709 -0.4799 -0.1064
vn -0.8727 -0.4861 -0.0451
vn -0.8707 -0.4897 -0.0454
vn -0.8728 -0.4878 0.0163
vn -0.8709 -0.4912 0.0163
vn -0.8727 -0.4820 0.0773
vn -0.8707 -0.4856 0.0777
vn -0.8726 -0.4689 0.1371
vn -0.8707 -0.4721 0.1380
vn -0.8726 -0.4479 0.1947
vn -0.8707 -0.4510 0.1961
vn -0.8725 -0.4201 0.2495
vn -0.8706 -0.4231 0.2512
vn -0.8725 -0.3857 0.3000
vn -0.8703 -0.3888 0.3025
vn -0.8725 -0.3450 0.3461
vn -0.8701 -0.3479 0.3490
vn -0.8725 -0.2989 0.3866
vn -0.8702 -0.3014 0.3898
vn -0.8727 -0.2479 0.4206
vn -0.8702 -0.2502 0.4245
vn -0.5738 -0.4158 0.7056
vn -0.8726 -0.1932 0.4486
vn -0.5734 -0.5012 0.6481
vn -0.0562 -0.7049 0.7071
vn -0.0559 -0.6107 0.7899
vn -0.5733 -0.5784 0.5803
vn -0.0208 -0.6114 0.7911
vn -0.0208 -0.5075 0.8614
vn -0.0562 -0.5069 0.8601
vn -0.3522 -0.5724 0.7405
vn -0.3524 -0.4752 0.8062
vn -0.0207 -0.7057 0.7082
vn -0.7751 -0.3208 0.5443
vn -0.7750 -0.2500 0.5804
vn -0.3523 -0.3703 0.8595
vn -0.0211 -0.3956 0.9182
vn -0.7752 -0.1750 0.6070
vn -0.3518 -0.2597 0.8993
vn -0.0203 -0.2775 0.9605
vn -0.0564 -0.3952 0.9169
vn -0.0563 -0.2769 0.9593
vn -0.5736 -0.2271 0.7870
vn -0.5741 -0.3240 0.7519
vn -0.5738 -0.1266 0.8092
vn -0.8726 -0.0756 0.4826
vn -0.8725 -0.1354 0.4695
vn -0.8706 -0.1365 0.4727
vn -0.8707 -0.0761 0.4858
vn -0.8726 -0.0144 0.4882
vn -0.8705 -0.0146 0.4919
vn -0.5735 -0.0242 0.8188
vn -0.8726 0.0466 0.4861
vn -0.8707 0.0470 0.4896
vn -0.5737 0.0783 0.8153
vn -0.8726 0.1073 0.4765
vn -0.5733 0.1802 0.7993
vn -0.8709 0.1080 0.4794
vn -0.8727 0.1661 0.4591
vn -0.5732 0.2789 0.7705
vn -0.0561 0.0956 0.9938
vn -0.0558 0.2194 0.9740
vn -0.8730 0.2221 0.4342
vn -0.0555 0.3396 0.9389
vn -0.5733 0.3733 0.7294
vn -0.8707 0.1674 0.4625
vn -0.8731 0.2746 0.4029
vn -0.8708 0.2239 0.4376
vn -0.8712 0.2765 0.4056
vn -0.8729 0.3233 0.3655
vn -0.8712 0.3252 0.3677
vn -0.5736 0.4616 0.6767
vn -0.5726 0.5434 0.6139
vn -0.8733 0.3659 0.3217
vn -0.5729 0.6159 0.5408
vn -0.8732 0.4036 0.2732
vn -0.8709 0.3691 0.3244
vn -0.8713 0.4063 0.2752
vn -0.8733 0.4344 0.2205
vn -0.8712 0.4378 0.2222
vn -0.5735 0.6783 0.4593
vn -0.5731 0.7309 0.3706
vn -0.0548 0.8267 0.5600
vn -0.0542 0.8905 0.4518
vn -0.0208 0.8916 0.4523
vn -0.0204 0.8278 0.5606
vn -0.3513 0.8814 0.3158
vn -0.0199 0.9412 0.3372
vn -0.3520 0.8347 0.4236
vn -0.3521 0.7749 0.5249
vn -0.0203 0.7510 0.6600
vn -0.0544 0.7500 0.6592
vn -0.3523 0.7031 0.6177
vn -0.0203 0.6626 0.7487
vn -0.0546 0.6616 0.7479
vn -0.0551 0.5626 0.8249
vn -0.0552 0.4548 0.8889
vn -0.0208 0.5635 0.8259
vn -0.0206 0.4553 0.8901
vn -0.3523 0.5274 0.7731
vn -0.3516 0.4265 0.8333
vn -0.0204 0.3403 0.9401
vn -0.3515 0.3186 0.8803
vn -0.0206 0.2197 0.9754
vn -0.3519 0.2057 0.9132
vn -0.0202 0.0956 0.9952
vn -0.3518 0.0895 0.9318
vn -0.0559 -0.0298 0.9980
vn -0.0212 -0.0296 0.9993
vn -0.3530 -0.0276 0.9352
vn -0.0562 -0.1544 0.9864
vn -0.0202 -0.1548 0.9877
vn -0.3515 -0.1451 0.9249
vn -0.7753 -0.0189 0.6313
vn -0.7753 -0.0978 0.6240
vn -0.9806 -0.0305 0.1938
vn -0.9805 -0.0058 0.1964
vn -0.9912 0.0041 -0.1326
vn -0.9912 -0.0126 -0.1321
vn -0.9805 0.0189 0.1957
vn -0.9911 -0.0292 -0.1296
vn -0.9804 0.0432 0.1921
vn -0.9912 -0.0452 -0.1247
vn -0.9911 -0.0606 -0.1183
vn -0.9805 0.0668 0.1847
vn -0.9911 -0.0748 -0.1097
vn -0.9805 0.0894 0.1751
vn -0.9912 -0.0878 -0.0993
vn -0.9805 0.1108 0.1624
vn -0.9805 0.1303 0.1471
vn -0.7750 0.3561 0.5221
vn -0.7750 0.4186 0.4734
vn -0.9805 0.1477 0.1299
vn -0.3518 0.6202 0.7012
vn -0.7752 0.4746 0.4169
vn -0.7750 0.5233 0.3544
vn -0.7748 0.5637 0.2862
vn -0.7750 0.5950 0.2131
vn -0.9805 0.1920 0.0426
vn -0.7748 0.6172 0.1368
vn -0.9805 0.1957 0.0182
vn -0.3514 0.9140 0.2028
vn -0.0202 0.9761 0.2164
vn -0.7748 0.2880 0.5628
vn -0.7751 0.2150 0.5941
vn -0.7749 0.1387 0.6167
vn -0.7751 0.0605 0.6289
vn -0.9912 0.0205 -0.1309
vn -0.9805 -0.0546 0.1887
vn -0.9911 0.0367 -0.1276
vn -0.9805 -0.0778 0.1804
vn -0.9912 0.0525 -0.1219
vn -0.9805 -0.0999 0.1695
vn -0.7750 -0.3867 0.4999
vn -0.3518 -0.6607 0.6631
vn -0.0202 -0.7889 0.6142
vn -0.0563 -0.8586 0.5096
vn -0.0209 -0.8597 0.5104
vn -0.0561 -0.7879 0.6133
vn -0.5734 -0.6465 0.5033
vn -0.5735 -0.7045 0.4180
vn -0.5737 -0.7512 0.3265
vn -0.0560 -0.9156 0.3981
vn -0.0561 -0.9583 0.2801
vn -0.0213 -0.9169 0.3986
vn -0.0561 -0.9859 0.1579
vn -0.0202 -0.9596 0.2805
vn -0.5737 -0.7862 0.2298
vn -0.5740 -0.8086 0.1294
vn -0.5738 -0.8185 0.0271
vn -0.0559 -0.9979 0.0331
vn -0.0558 -0.9942 -0.0924
vn -0.5737 -0.8155 -0.0759
vn -0.0552 -0.9748 -0.2161
vn -0.5732 -0.8000 -0.1775
vn -0.5732 -0.7714 -0.2765
vn -0.0552 -0.9400 -0.3366
vn -0.5733 -0.7306 -0.3709
vn -0.0548 -0.8904 -0.4519
vn -0.0203 -0.8915 -0.4525
vn -0.0204 -0.9412 -0.3372
vn -0.3516 -0.8813 -0.3157
vn -0.3515 -0.9140 -0.2028
vn -0.7748 -0.6172 -0.1369
vn -0.7748 -0.6295 -0.0585
vn -0.9805 -0.1958 -0.0183
vn -0.3519 -0.9320 -0.0866
vn -0.7750 -0.6316 0.0208
vn -0.9805 -0.1963 0.0065
vn -0.9806 -0.1937 0.0310
vn -0.7753 -0.6236 0.1000
vn -0.3521 -0.9354 0.0310
vn -0.7752 -0.6063 0.1773
vn -0.9805 -0.1886 0.0551
vn -0.9912 0.1311 -0.0209
vn -0.9911 0.1276 -0.0373
vn -0.9702 -0.2325 0.0679
vn -0.9686 -0.2459 0.0363
vn -0.9912 0.1326 -0.0044
vn -0.5073 -0.8272 0.2418
vn -0.5072 -0.8510 0.1363
vn -0.9702 -0.2424 0.0080
vn -0.5072 -0.8614 0.0285
vn -0.5078 -0.7900 0.3435
vn -0.5074 -0.7410 0.4399
vn -0.9703 -0.2220 0.0964
vn -0.5078 -0.6798 0.5292
vn -0.9702 -0.2083 0.1237
vn -0.9702 -0.1912 0.1487
vn -0.5075 -0.6083 0.6103
vn -0.9701 -0.1713 0.1718
vn -0.5078 -0.5269 0.6816
vn -0.9912 0.1046 -0.0816
vn -0.9804 -0.1693 0.1005
vn -0.9911 0.1143 -0.0678
vn -0.9805 -0.1802 0.0785
vn -0.9912 0.1217 -0.0529
vn -0.7747 -0.5799 0.2521
vn -0.3521 -0.8584 0.3731
vn -0.3516 -0.8986 0.2626
vn -0.0199 -0.9872 0.1581
vn -0.3515 -0.9244 0.1480
vn -0.0205 -0.9992 0.0330
vn -0.0206 -0.9955 -0.0925
vn -0.0206 -0.9761 -0.2164
vn -0.8707 -0.1946 0.4518
vn -0.3522 -0.4263 -0.8332
vn -0.5071 -0.7686 -0.3900
vn -0.5075 -0.7135 -0.4831
vn -0.5075 -0.6473 -0.5688
vn -0.5075 -0.5709 -0.6454
vn -0.9703 -0.1365 -0.1999
vn -0.5075 -0.4854 -0.7119
vn -0.9702 -0.1104 -0.2158
vn -0.5072 -0.3925 -0.7673
vn -0.9912 0.0452 0.1247
vn -0.8719 0.1938 -0.4498
vn -0.8719 0.2486 -0.4218
vn -0.8738 0.1924 -0.4466
vn -0.8718 0.2996 -0.3875
vn -0.8737 0.2469 -0.4192
vn -0.5722 0.4163 -0.7066
vn -0.0528 0.5069 -0.8604
vn -0.0197 0.3954 -0.9183
vn -0.0193 0.5076 -0.8614
vn -0.8721 0.3454 -0.3466
vn -0.3598 0.4765 0.8022
vn -0.2743 0.0252 0.9613
vn -0.2743 0.8451 0.4589
vn -0.8058 0.5236 -0.2766
vn -0.8057 -0.0224 0.5919
vn -0.3598 -0.4565 0.8137
vn -0.2743 -0.8199 0.5025
vn 0.3598 -0.7157 0.5986
vn -0.8057 -0.5014 -0.3152
vn -0.3598 -0.4765 -0.8022
vn -0.2727 -0.0373 -0.9614
vn 0.3599 -0.1606 -0.9191
vn -0.3598 0.4565 -0.8137
vn -0.2743 0.8199 -0.5025
vn 0.3598 0.7157 -0.5987
vn -0.9030 -0.3800 0.2006
vn -0.9031 0.3636 0.2287
vn -0.8057 0.5238 -0.2766
vn -0.9030 0.0162 -0.4293
vn -0.2732 -0.0343 -0.9613
vn -0.3598 -0.4764 -0.8022
vn -0.9030 -0.3798 0.2007
vn -0.2743 0.8452 0.4587
vn -0.2744 0.8199 -0.5025
vn 0.3598 0.7156 -0.5987
vn -0.3599 0.4564 -0.8137
vn -0.2743 -0.0251 -0.9613
vn -0.3597 -0.4765 -0.8022
vn -0.2744 -0.8451 -0.4588
vn -0.8057 -0.0225 0.5919
vn -0.9030 -0.3800 0.2007
vn -0.2732 -0.0351 -0.9613
vn 0.3597 -0.1606 -0.9191
vn -0.2742 -0.8451 -0.4588
vn -0.9976 -0.0698 0.0029
vn -0.9976 -0.0697 0.0029
vn -0.9976 -0.0696 0.0030
vn -0.9976 -0.0697 0.0031
vn -0.9976 -0.0696 0.0031
vn -0.9976 -0.0698 0.0030
vn -0.9976 -0.0697 0.0030
vn -0.9976 -0.0695 0.0031
vn -1.0000 0.0065 0.0038
vn -0.9994 0.0334 -0.0014
vn -0.9982 0.0602 -0.0066
vt 0.773138 0.217151
vt 0.767927 0.214654
vt 0.778476 0.193473
vt 0.783519 0.195140
vt 0.000000 0.000000
vt 0.784992 0.194839
vt 0.790066 0.220849
vt 0.783960 0.193567
vt 0.788471 0.189525
vt 0.789358 0.191069
vt 0.778856 0.191982
vt 0.777354 0.192635
vt 0.775466 0.187817
vt 0.776784 0.187190
vt 0.779691 0.181769
vt 0.777760 0.181203
vt 0.786301 0.181255
vt 0.786345 0.183095
vt 0.780425 0.180103
vt 0.753098 0.185830
vt 0.753337 0.180149
vt 0.753076 0.187175
vt 0.775499 0.186502
vt 0.753047 0.192960
vt 0.788133 0.182869
vt 0.790066 0.188651
vt 0.046863 0.719884
vt 0.043298 0.715700
vt 0.065538 0.701534
vt 0.025477 0.736070
vt 0.030092 0.738863
vt 0.014530 0.761519
vt 0.019193 0.763073
vt 0.023358 0.762515
vt 0.032897 0.740592
vt 0.049003 0.722320
vt 0.068935 0.709163
vt 0.067649 0.706205
vt 0.090156 0.702836
vt 0.091129 0.698983
vt 0.090279 0.694501
vt 0.022296 0.923781
vt 0.020175 0.925400
vt 0.010321 0.907208
vt 0.035533 0.937303
vt 0.034692 0.940552
vt 0.032189 0.943481
vt 0.016784 0.927977
vt 0.006112 0.908983
vt 0.000426 0.887944
vt 0.004705 0.887397
vt 0.000241 0.866132
vt 0.004136 0.866379
vt 0.007027 0.868023
vt 0.007339 0.887058
vt 0.012712 0.906227
vt 0.250926 0.729625
vt 0.252457 0.727764
vt 0.265246 0.741470
vt 0.237009 0.720076
vt 0.237204 0.717119
vt 0.238866 0.714161
vt 0.254894 0.724801
vt 0.268541 0.738957
vt 0.279242 0.755768
vt 0.275665 0.757433
vt 0.285608 0.774776
vt 0.282169 0.775653
vt 0.279100 0.775045
vt 0.273395 0.758448
vt 0.263367 0.742987
vt 0.299780 0.892844
vt 0.302543 0.893164
vt 0.296541 0.914028
vt 0.299967 0.873241
vt 0.303030 0.871484
vt 0.306977 0.871267
vt 0.306977 0.893839
vt 0.300942 0.915983
vt 0.289126 0.935647
vt 0.285560 0.932758
vt 0.272003 0.950809
vt 0.269587 0.947553
vt 0.268890 0.944148
vt 0.283487 0.930923
vt 0.294029 0.912939
vt 0.165382 0.998772
vt 0.182301 0.995798
vt 0.183118 0.998846
vt 0.180438 0.993758
vt 0.165189 0.996628
vt 0.148488 0.998055
vt 0.148750 0.995970
vt 0.132442 0.993193
vt 0.131870 0.995348
vt 0.117297 0.988463
vt 0.109935 0.984331
vt 0.115545 0.987908
vt 0.109653 0.984760
vt 0.111440 0.981036
vt 0.116709 0.985650
vt 0.114808 0.981816
vt 0.111800 0.979664
vt 0.113765 0.979211
vt 0.115948 0.982521
vt 0.117341 0.984911
vt 0.114563 0.979127
vt 0.115949 0.982520
vt 0.112065 0.974997
vt 0.112796 0.975200
vt 0.133110 0.990850
vt 0.133302 0.990038
vt 0.119908 0.982014
vt 0.119185 0.980056
vt 0.182629 0.987127
vt 0.177153 0.987690
vt 0.178329 0.985975
vt 0.180719 0.990361
vt 0.149053 0.992896
vt 0.148965 0.993691
vt 0.181261 0.991089
vt 0.164869 0.993509
vt 0.164954 0.994281
vt 0.182314 0.993397
vt 0.183132 0.995931
vt 0.192253 0.992181
vt 0.194265 0.992210
vt 0.184039 0.999759
vt 0.207476 0.993618
vt 0.187609 0.986210
vt 0.183869 0.986551
vt 0.188975 0.990389
vt 0.189306 0.990930
vt 0.187250 0.984687
vt 0.185300 0.984041
vt 0.189212 0.980368
vt 0.187491 0.979690
vt 0.187669 0.970399
vt 0.189610 0.969957
vt 0.183014 0.952377
vt 0.184760 0.951796
vt 0.176763 0.937515
vt 0.174892 0.938148
vt 0.174078 0.938513
vt 0.168664 0.931345
vt 0.182238 0.952665
vt 0.186879 0.970652
vt 0.186670 0.979864
vt 0.184477 0.983869
vt 0.177868 0.954645
vt 0.169921 0.941291
vt 0.182109 0.972075
vt 0.181430 0.980834
vt 0.179225 0.984086
vt 0.134117 0.930193
vt 0.134717 0.930973
vt 0.128117 0.936898
vt 0.142291 0.927872
vt 0.142419 0.928832
vt 0.151452 0.926626
vt 0.151480 0.927592
vt 0.160398 0.929466
vt 0.160567 0.928411
vt 0.168021 0.932043
vt 0.138160 0.935022
vt 0.144323 0.933769
vt 0.151283 0.933206
vt 0.158131 0.934135
vt 0.164260 0.935920
vt 0.015458 0.869643
vt 0.016641 0.886158
vt 0.010894 0.866931
vt 0.011135 0.886612
vt 0.021126 0.902810
vt 0.009800 0.866489
vt 0.013455 0.863988
vt 0.015988 0.867260
vt 0.016046 0.861574
vt 0.017094 0.866077
vt 0.019834 0.858467
vt 0.019990 0.864093
vt 0.013519 0.862688
vt 0.012927 0.859042
vt 0.013452 0.863985
vt 0.015651 0.860734
vt 0.019776 0.857449
vt 0.016043 0.861571
vt 0.029168 0.854664
vt 0.029185 0.855544
vt 0.048955 0.853927
vt 0.048872 0.854803
vt 0.014529 0.858924
vt 0.018616 0.855839
vt 0.029142 0.852518
vt 0.048993 0.851960
vt 0.066016 0.855745
vt 0.065889 0.857783
vt 0.065738 0.858720
vt 0.074697 0.862079
vt 0.074212 0.862955
vt 0.080109 0.869349
vt 0.079113 0.869843
vt 0.084880 0.878025
vt 0.083901 0.878375
vt 0.085577 0.887962
vt 0.079989 0.887642
vt 0.075795 0.860421
vt 0.083205 0.868531
vt 0.087346 0.877198
vt 0.089506 0.886481
vt 0.086638 0.887791
vt 0.086087 0.896524
vt 0.083122 0.905840
vt 0.088909 0.897438
vt 0.084596 0.907324
vt 0.087051 0.896895
vt 0.082450 0.905233
vt 0.073106 0.919538
vt 0.073784 0.920083
vt 0.059136 0.932020
vt 0.059750 0.932670
vt 0.050737 0.936126
vt 0.051357 0.936778
vt 0.046007 0.936482
vt 0.043605 0.937170
vt 0.046661 0.939233
vt 0.045465 0.940190
vt 0.046273 0.937254
vt 0.051558 0.938698
vt 0.061038 0.934145
vt 0.075111 0.921395
vt 0.042694 0.936301
vt 0.038761 0.936514
vt 0.036917 0.938714
vt 0.042582 0.943314
vt 0.042255 0.943812
vt 0.042526 0.946994
vt 0.035088 0.940811
vt 0.024555 0.922041
vt 0.015275 0.905249
vt 0.039235 0.935558
vt 0.025264 0.921395
vt 0.016139 0.904843
vt 0.010132 0.886680
vt 0.029394 0.917878
vt 0.006992 0.866040
vt 0.004182 0.865653
vt 0.007534 0.859824
vt 0.004472 0.841121
vt 0.000476 0.841161
vt 0.005863 0.817354
vt 0.005192 0.853766
vt 0.000260 0.865764
vt 0.005735 0.855770
vt 0.007917 0.858533
vt 0.008475 0.858692
vt 0.022806 0.764806
vt 0.019636 0.764323
vt 0.018445 0.775720
vt 0.017295 0.777776
vt 0.015415 0.763184
vt 0.008456 0.789797
vt 0.012431 0.790986
vt 0.006360 0.814495
vt 0.002242 0.815286
vt 0.027374 0.774711
vt 0.025878 0.765256
vt 0.028986 0.770749
vt 0.022113 0.773263
vt 0.021511 0.773228
vt 0.028792 0.768979
vt 0.027143 0.765226
vt 0.036973 0.742983
vt 0.035868 0.742403
vt 0.051998 0.725641
vt 0.056215 0.730422
vt 0.070707 0.713215
vt 0.073100 0.719027
vt 0.093038 0.706656
vt 0.091288 0.712965
vt 0.093018 0.705391
vt 0.070296 0.712161
vt 0.051192 0.724780
vt 0.092381 0.702004
vt 0.091448 0.698606
vt 0.103673 0.695740
vt 0.101362 0.699446
vt 0.101519 0.700074
vt 0.103655 0.705168
vt 0.099766 0.708012
vt 0.097970 0.708491
vt 0.103190 0.709332
vt 0.109089 0.711702
vt 0.102553 0.710151
vt 0.109574 0.723636
vt 0.115777 0.721196
vt 0.124381 0.743902
vt 0.102124 0.715777
vt 0.108113 0.712237
vt 0.097570 0.714363
vt 0.094676 0.713584
vt 0.116806 0.720806
vt 0.125460 0.743682
vt 0.126349 0.764729
vt 0.125207 0.764792
vt 0.124262 0.775967
vt 0.123167 0.775676
vt 0.117768 0.784171
vt 0.104613 0.706951
vt 0.110227 0.709561
vt 0.119188 0.719757
vt 0.127831 0.743080
vt 0.128733 0.764166
vt 0.126486 0.776715
vt 0.119598 0.787350
vt 0.109188 0.792204
vt 0.111219 0.794689
vt 0.102303 0.800906
vt 0.099897 0.798394
vt 0.091064 0.804277
vt 0.091004 0.802175
vt 0.116919 0.783297
vt 0.108440 0.791244
vt 0.099294 0.797509
vt 0.090945 0.801087
vt 0.080688 0.800594
vt 0.080335 0.801575
vt 0.062281 0.796162
vt 0.116840 0.774258
vt 0.111683 0.779975
vt 0.118848 0.764672
vt 0.118156 0.744992
vt 0.028937 0.860812
vt 0.048158 0.859921
vt 0.064166 0.863837
vt 0.071442 0.867893
vt 0.074981 0.873606
vt 0.078139 0.880399
vt 0.080788 0.894493
vt 0.077745 0.902404
vt 0.271030 0.759573
vt 0.261366 0.744487
vt 0.277021 0.777304
vt 0.279750 0.776942
vt 0.282573 0.776276
vt 0.272297 0.785010
vt 0.272910 0.785620
vt 0.270254 0.790120
vt 0.274133 0.781064
vt 0.274371 0.782653
vt 0.276597 0.786572
vt 0.281245 0.784841
vt 0.281841 0.784688
vt 0.284634 0.786588
vt 0.275012 0.787432
vt 0.271522 0.790897
vt 0.264005 0.796441
vt 0.265092 0.798286
vt 0.246416 0.805040
vt 0.247174 0.806860
vt 0.229758 0.810168
vt 0.229031 0.808276
vt 0.219302 0.807189
vt 0.219247 0.808187
vt 0.210972 0.804328
vt 0.246160 0.804218
vt 0.228767 0.807373
vt 0.263562 0.795639
vt 0.269890 0.789355
vt 0.260684 0.745063
vt 0.248736 0.732320
vt 0.249237 0.731559
vt 0.256666 0.748161
vt 0.270130 0.759897
vt 0.265511 0.761806
vt 0.275931 0.777246
vt 0.270896 0.775553
vt 0.270045 0.777847
vt 0.268844 0.780028
vt 0.234184 0.721385
vt 0.233999 0.722418
vt 0.229963 0.723030
vt 0.235328 0.718923
vt 0.236895 0.716227
vt 0.228589 0.722326
vt 0.225827 0.719305
vt 0.228479 0.715773
vt 0.228737 0.715230
vt 0.227656 0.711815
vt 0.226174 0.710109
vt 0.239467 0.712322
vt 0.217474 0.700261
vt 0.151108 0.685500
vt 0.148679 0.680631
vt 0.179254 0.681348
vt 0.146908 0.685742
vt 0.118427 0.684769
vt 0.119570 0.689557
vt 0.105665 0.694106
vt 0.089541 0.693297
vt 0.031388 0.771382
vt 0.031522 0.772435
vt 0.061942 0.797081
vt 0.043136 0.786048
vt 0.042682 0.786896
vt 0.034404 0.779213
vt 0.034915 0.778206
vt 0.032380 0.780530
vt 0.031532 0.772447
vt 0.031526 0.772442
vt 0.079368 0.803593
vt 0.061029 0.798962
vt 0.041628 0.788954
vt 0.042966 0.746091
vt 0.035708 0.763498
vt 0.033393 0.767514
vt 0.281231 0.929022
vt 0.291393 0.911834
vt 0.265583 0.943005
vt 0.267251 0.945595
vt 0.269130 0.948039
vt 0.265207 0.941893
vt 0.260455 0.942092
vt 0.280487 0.928339
vt 0.290420 0.911462
vt 0.296873 0.892487
vt 0.486193 0.717588
vt 0.486193 0.724387
vt 0.483252 0.719427
vt 0.276458 0.924709
vt 0.264132 0.936390
vt 0.285345 0.909262
vt 0.295842 0.892394
vt 0.297050 0.871758
vt 0.296001 0.872134
vt 0.293298 0.869244
vt 0.299846 0.871148
vt 0.302759 0.870696
vt 0.306912 0.870580
vt 0.301122 0.858614
vt 0.304911 0.845443
vt 0.300667 0.860580
vt 0.298861 0.863475
vt 0.298256 0.863587
vt 0.293694 0.864018
vt 0.293058 0.867876
vt 0.285845 0.788204
vt 0.286479 0.774826
vt 0.294389 0.798568
vt 0.290756 0.799703
vt 0.295901 0.820725
vt 0.299702 0.821441
vt 0.296470 0.823535
vt 0.300969 0.845870
vt 0.169888 0.929987
vt 0.160491 0.925483
vt 0.151531 0.924162
vt 0.142604 0.924845
vt 0.132989 0.928682
vt 0.127419 0.936490
vt 0.125627 0.935650
vt 0.118170 0.949713
vt 0.116617 0.948985
vt 0.110688 0.965943
vt 0.112418 0.966470
vt 0.110391 0.975526
vt 0.113204 0.966754
vt 0.118950 0.950083
vt 0.117367 0.976624
vt 0.119187 0.980053
vt 0.117411 0.968506
vt 0.122983 0.952350
vt 0.132127 0.940048
vt 0.222337 0.882892
vt 0.228078 0.885272
vt 0.225907 0.892768
vt 0.231541 0.878480
vt 0.227435 0.874466
vt 0.235249 0.872845
vt 0.232625 0.867812
vt 0.242614 0.868968
vt 0.241176 0.863826
vt 0.258593 0.865343
vt 0.257956 0.860258
vt 0.277635 0.866226
vt 0.232188 0.866991
vt 0.241106 0.862959
vt 0.226482 0.873966
vt 0.221343 0.882531
vt 0.220518 0.893016
vt 0.219522 0.892712
vt 0.219223 0.901434
vt 0.216821 0.891399
vt 0.218781 0.881484
vt 0.223495 0.872987
vt 0.231181 0.865289
vt 0.241007 0.860916
vt 0.216247 0.902091
vt 0.221176 0.910898
vt 0.219658 0.912209
vt 0.218240 0.901679
vt 0.251131 0.941889
vt 0.251753 0.941324
vt 0.256513 0.942532
vt 0.243109 0.938388
vt 0.243702 0.937733
vt 0.229391 0.925461
vt 0.230078 0.924940
vt 0.221949 0.910368
vt 0.260207 0.954357
vt 0.260842 0.950977
vt 0.256854 0.946760
vt 0.260506 0.950388
vt 0.259271 0.943149
vt 0.481875 0.719315
vt 0.482524 0.719685
vt 0.481875 0.722928
vt 0.255457 0.945654
vt 0.256207 0.943251
vt 0.250819 0.943470
vt 0.241766 0.939967
vt 0.228022 0.926700
vt 0.219036 0.810178
vt 0.208685 0.806554
vt 0.192641 0.770262
vt 0.190427 0.781988
vt 0.190459 0.769398
vt 0.192743 0.781694
vt 0.197339 0.790996
vt 0.195474 0.793483
vt 0.202574 0.798675
vt 0.200600 0.800500
vt 0.211617 0.803446
vt 0.203352 0.797936
vt 0.198234 0.790399
vt 0.193871 0.781616
vt 0.193628 0.770604
vt 0.204101 0.753820
vt 0.199559 0.771679
vt 0.198436 0.751617
vt 0.216826 0.734817
vt 0.197539 0.751122
vt 0.211442 0.731484
vt 0.210595 0.730870
vt 0.220368 0.724841
vt 0.219612 0.724210
vt 0.225421 0.722882
vt 0.225865 0.723698
vt 0.224674 0.720627
vt 0.219010 0.721983
vt 0.208553 0.729354
vt 0.195271 0.750057
vt 0.277343 0.860935
vt 0.286669 0.869380
vt 0.286604 0.863457
vt 0.289766 0.871467
vt 0.290651 0.866630
vt 0.290839 0.872618
vt 0.291358 0.874964
vt 0.290250 0.891900
vt 0.290985 0.865853
vt 0.286611 0.862597
vt 0.277329 0.860060
vt 0.257894 0.859379
vt 0.257868 0.857448
vt 0.277428 0.858020
vt 0.287753 0.860931
vt 0.292088 0.864009
vt 0.043417 0.948758
vt 0.032153 0.943333
vt 0.048346 0.960885
vt 0.050955 0.958377
vt 0.206380 0.989786
vt 0.228636 0.981370
vt 0.231855 0.984284
vt 0.231140 0.979972
vt 0.253054 0.968558
vt 0.250348 0.965554
vt 0.259158 0.956153
vt 0.272144 0.951085
vt 0.225429 0.728908
vt 0.230187 0.728083
vt 0.231875 0.727272
vt 0.234013 0.727418
vt 0.245735 0.736192
vt 0.095239 0.966747
vt 0.107104 0.985596
vt 0.105478 0.985779
vt 0.098073 0.957948
vt 0.097099 0.957486
vt 0.104705 0.943457
vt 0.094110 0.966280
vt 0.094476 0.967333
vt 0.094697 0.986011
vt 0.071930 0.975864
vt 0.072661 0.974038
vt 0.071025 0.973051
vt 0.076528 0.967451
vt 0.084528 0.954348
vt 0.075155 0.966618
vt 0.068376 0.950293
vt 0.074361 0.942798
vt 0.067410 0.949465
vt 0.064243 0.936443
vt 0.075224 0.943496
vt 0.083408 0.953634
vt 0.094976 0.938182
vt 0.103588 0.942852
vt 0.077956 0.923710
vt 0.085211 0.930576
vt 0.098720 0.913948
vt 0.086235 0.931370
vt 0.093998 0.937546
vt 0.107597 0.964088
vt 0.107286 0.978227
vt 0.113527 0.947333
vt 0.114794 0.925105
vt 0.113439 0.924237
vt 0.107703 0.919349
vt 0.129955 0.898978
vt 0.122451 0.933741
vt 0.123884 0.934518
vt 0.114853 0.948051
vt 0.108901 0.964928
vt 0.108728 0.979325
vt 0.136963 0.906488
vt 0.140066 0.897013
vt 0.130739 0.926022
vt 0.131525 0.927218
vt 0.142181 0.923648
vt 0.151614 0.922937
vt 0.161015 0.924313
vt 0.142103 0.922030
vt 0.143982 0.911880
vt 0.140420 0.903614
vt 0.144241 0.895119
vt 0.151877 0.915410
vt 0.151621 0.921354
vt 0.161176 0.922706
vt 0.172280 0.927401
vt 0.171404 0.928548
vt 0.180107 0.935829
vt 0.178583 0.936512
vt 0.188013 0.950323
vt 0.160021 0.912377
vt 0.191574 0.969023
vt 0.186582 0.950980
vt 0.193028 0.968229
vt 0.192369 0.983501
vt 0.205937 0.971190
vt 0.206688 0.971760
vt 0.228127 0.979448
vt 0.207085 0.970734
vt 0.190675 0.984606
vt 0.023025 0.836311
vt 0.022213 0.835699
vt 0.023126 0.834994
vt 0.032957 0.836228
vt 0.033066 0.835059
vt 0.050079 0.837564
vt 0.050287 0.836263
vt 0.031493 0.821435
vt 0.051735 0.825747
vt 0.072483 0.840840
vt 0.049492 0.848137
vt 0.072825 0.839152
vt 0.075616 0.831493
vt 0.052051 0.824409
vt 0.075940 0.830248
vt 0.077289 0.822201
vt 0.107777 0.834437
vt 0.108575 0.832205
vt 0.104203 0.846557
vt 0.123197 0.849485
vt 0.122630 0.854963
vt 0.104737 0.844252
vt 0.106660 0.840230
vt 0.107078 0.838830
vt 0.123842 0.846783
vt 0.124247 0.845075
vt 0.124902 0.843431
vt 0.126126 0.840957
vt 0.128959 0.836184
vt 0.133502 0.824892
vt 0.140851 0.826523
vt 0.136327 0.829131
vt 0.138713 0.816277
vt 0.145581 0.824502
vt 0.114763 0.821486
vt 0.109831 0.821182
vt 0.112690 0.811765
vt 0.118593 0.827788
vt 0.123577 0.826858
vt 0.132394 0.832338
vt 0.031783 0.819982
vt 0.055235 0.814184
vt 0.077798 0.820428
vt 0.091055 0.808269
vt 0.103923 0.803831
vt 0.117670 0.803093
vt 0.113315 0.797410
vt 0.122085 0.789670
vt 0.127393 0.800751
vt 0.112193 0.795936
vt 0.102828 0.802267
vt 0.090861 0.806632
vt 0.078019 0.807661
vt 0.059802 0.802815
vt 0.078731 0.805900
vt 0.120874 0.788245
vt 0.130540 0.777732
vt 0.137579 0.801079
vt 0.136273 0.806047
vt 0.141095 0.811755
vt 0.128873 0.777077
vt 0.148952 0.803415
vt 0.147473 0.767405
vt 0.133474 0.763862
vt 0.131364 0.764044
vt 0.151183 0.823376
vt 0.151467 0.803341
vt 0.153944 0.823102
vt 0.132489 0.742334
vt 0.130443 0.742663
vt 0.124300 0.718697
vt 0.122101 0.719054
vt 0.110648 0.703513
vt 0.108091 0.703824
vt 0.136996 0.701412
vt 0.141743 0.716497
vt 0.145630 0.739844
vt 0.147419 0.739760
vt 0.149560 0.767446
vt 0.161506 0.739657
vt 0.187575 0.721190
vt 0.195308 0.706575
vt 0.203988 0.727202
vt 0.193430 0.705699
vt 0.185947 0.720547
vt 0.168269 0.690680
vt 0.166090 0.712142
vt 0.164230 0.711955
vt 0.143414 0.716252
vt 0.190768 0.748324
vt 0.178655 0.743182
vt 0.163162 0.739748
vt 0.176914 0.742691
vt 0.171613 0.769343
vt 0.186092 0.768156
vt 0.188055 0.768781
vt 0.192649 0.749059
vt 0.205973 0.728081
vt 0.220056 0.716312
vt 0.190445 0.769395
vt 0.187722 0.781828
vt 0.186000 0.782199
vt 0.193732 0.794278
vt 0.192070 0.795776
vt 0.185701 0.804820
vt 0.194545 0.808003
vt 0.198825 0.803302
vt 0.207128 0.809303
vt 0.199480 0.801502
vt 0.208102 0.807992
vt 0.199477 0.801502
vt 0.218753 0.813859
vt 0.218980 0.812261
vt 0.230630 0.826327
vt 0.200319 0.825443
vt 0.230883 0.814258
vt 0.230296 0.812414
vt 0.218982 0.812261
vt 0.248243 0.810499
vt 0.247774 0.808906
vt 0.266127 0.802311
vt 0.265880 0.800618
vt 0.277788 0.792250
vt 0.277595 0.790259
vt 0.276656 0.810991
vt 0.267233 0.814394
vt 0.276484 0.812464
vt 0.277205 0.811852
vt 0.295897 0.820729
vt 0.294320 0.821762
vt 0.296466 0.823534
vt 0.294735 0.823530
vt 0.283901 0.841679
vt 0.287809 0.823522
vt 0.267509 0.815490
vt 0.282962 0.841013
vt 0.283138 0.842263
vt 0.288176 0.824877
vt 0.273875 0.826834
vt 0.252092 0.821170
vt 0.251757 0.819931
vt 0.254997 0.830962
vt 0.274148 0.828098
vt 0.273326 0.841276
vt 0.273459 0.842372
vt 0.276565 0.854113
vt 0.292049 0.858487
vt 0.276955 0.855800
vt 0.257337 0.853794
vt 0.256850 0.843544
vt 0.235091 0.846192
vt 0.256642 0.842260
vt 0.255305 0.832167
vt 0.234740 0.844510
vt 0.204097 0.850152
vt 0.208248 0.859974
vt 0.197960 0.858907
vt 0.185366 0.857234
vt 0.184580 0.862159
vt 0.187550 0.868635
vt 0.183072 0.866870
vt 0.194442 0.862018
vt 0.204066 0.862073
vt 0.210395 0.868961
vt 0.229525 0.861964
vt 0.240468 0.857048
vt 0.210528 0.878048
vt 0.220877 0.871327
vt 0.216229 0.880423
vt 0.257545 0.855381
vt 0.240602 0.858750
vt 0.230284 0.863284
vt 0.222447 0.872043
vt 0.217642 0.880997
vt 0.213815 0.890039
vt 0.204287 0.884226
vt 0.215441 0.890483
vt 0.215439 0.890484
vt 0.214325 0.902838
vt 0.212889 0.903071
vt 0.196487 0.889138
vt 0.195011 0.884685
vt 0.188367 0.882751
vt 0.189891 0.879922
vt 0.187992 0.878077
vt 0.180945 0.871295
vt 0.178328 0.875348
vt 0.186802 0.893080
vt 0.205228 0.917744
vt 0.216498 0.914276
vt 0.217857 0.913303
vt 0.174567 0.879185
vt 0.184970 0.894352
vt 0.172616 0.880848
vt 0.176931 0.899492
vt 0.180018 0.896730
vt 0.195889 0.922484
vt 0.169705 0.882716
vt 0.167380 0.883889
vt 0.181126 0.896025
vt 0.171231 0.881944
vt 0.196906 0.921848
vt 0.203823 0.918602
vt 0.216511 0.935931
vt 0.208418 0.941590
vt 0.207362 0.942222
vt 0.189814 0.926948
vt 0.174905 0.900579
vt 0.162400 0.885886
vt 0.198441 0.946405
vt 0.188384 0.927795
vt 0.167355 0.907514
vt 0.165026 0.897860
vt 0.197303 0.946943
vt 0.204289 0.961654
vt 0.216944 0.959124
vt 0.203263 0.962096
vt 0.224448 0.972648
vt 0.218121 0.958456
vt 0.226814 0.948717
vt 0.217559 0.935207
vt 0.229749 0.978496
vt 0.233226 0.955841
vt 0.234297 0.956025
vt 0.225796 0.971868
vt 0.227717 0.948051
vt 0.234171 0.955055
vt 0.481031 0.724903
vt 0.481031 0.719315
vt 0.481382 0.724544
vt 0.251892 0.949727
vt 0.238505 0.942300
vt 0.225117 0.928726
vt 0.226422 0.927779
vt 0.239934 0.941490
vt 0.076738 0.858434
vt 0.084231 0.867656
vt 0.077575 0.857179
vt 0.088560 0.876690
vt 0.090857 0.886467
vt 0.085805 0.866978
vt 0.096559 0.865035
vt 0.099298 0.856171
vt 0.103316 0.858593
vt 0.109691 0.855726
vt 0.113117 0.859193
vt 0.096052 0.874154
vt 0.090091 0.876222
vt 0.092482 0.886053
vt 0.092315 0.898744
vt 0.090889 0.898332
vt 0.087683 0.909735
vt 0.086346 0.908601
vt 0.101943 0.880894
vt 0.076747 0.922676
vt 0.062824 0.935497
vt 0.050179 0.943088
vt 0.067243 0.950415
vt 0.069647 0.974501
vt 0.048332 0.942128
vt 0.200803 0.836144
vt 0.183198 0.843236
vt 0.180740 0.838433
vt 0.201367 0.838369
vt 0.184237 0.845699
vt 0.177329 0.827044
vt 0.177656 0.834343
vt 0.174114 0.830878
vt 0.186678 0.829918
vt 0.191335 0.831145
vt 0.198352 0.816234
vt 0.195498 0.825396
vt 0.162248 0.804161
vt 0.157495 0.804548
vt 0.160230 0.769071
vt 0.157522 0.823276
vt 0.160216 0.823804
vt 0.156040 0.804463
vt 0.155770 0.823002
vt 0.158792 0.768919
vt 0.169617 0.769017
vt 0.164666 0.804482
vt 0.165623 0.825456
vt 0.175986 0.803722
vt 0.171350 0.813594
vt 0.173288 0.818215
vt 0.170061 0.827856
vt 0.176649 0.808551
vt 0.038654 0.807726
vt 0.039003 0.806569
vt 0.055646 0.812866
vt 0.029256 0.803818
vt 0.015972 0.816921
vt 0.008169 0.815329
vt 0.015661 0.818485
vt 0.007921 0.817236
vt 0.040599 0.793428
vt 0.029641 0.802544
vt 0.028636 0.802797
vt 0.026955 0.781105
vt 0.060365 0.801128
vt 0.040748 0.791349
vt 0.222211 0.717267
vt 0.194776 0.704363
vt 0.169118 0.681696
vt 0.169276 0.679078
vt 0.138861 0.700704
vt 0.137170 0.699964
vt 0.147896 0.688622
vt 0.167119 0.681561
vt 0.166236 0.690531
vt 0.292838 0.860421
vt 0.100101 0.914961
vt 0.118752 0.890666
vt 0.109366 0.886127
vt 0.117800 0.880371
vt 0.128323 0.873588
vt 0.125850 0.869380
vt 0.119540 0.866274
vt 0.124113 0.864824
vt 0.118477 0.875723
vt 0.111191 0.881807
vt 0.106713 0.918671
vt 0.120491 0.892113
vt 0.131980 0.877532
vt 0.124225 0.894055
vt 0.133816 0.879439
vt 0.128176 0.897814
vt 0.136500 0.881470
vt 0.138722 0.882843
vt 0.125287 0.894828
vt 0.135024 0.880554
vt 0.143494 0.885226
vt 0.152773 0.891569
vt 0.148108 0.886464
vt 0.152882 0.886955
vt 0.157693 0.886791
vt 0.161015 0.895680
vt 0.161906 0.898113
vt 0.164063 0.904450
vt 0.162265 0.908112
vt 0.184915 0.847347
vt 0.202059 0.843979
vt 0.185082 0.849098
vt 0.201748 0.842693
vt 0.232319 0.837040
vt 0.232053 0.835828
vt 0.203669 0.847964
vt 0.185399 0.851736
vt 0.231055 0.828016
vt 0.066655 0.851792
vt 0.066470 0.853558
vt 0.049301 0.849801
vt 0.029946 0.848512
vt 0.029565 0.850243
vt 0.014505 0.853398
vt 0.013762 0.855434
vt 0.123013 0.859993
vt 0.531026 0.139992
vt 0.540927 0.148175
vt 0.524776 0.169492
vt 0.514600 0.164285
vt 0.518923 0.142683
vt 0.524333 0.121844
vt 0.548568 0.123414
vt 0.539578 0.112684
vt 0.531013 0.102238
vt 0.558375 0.101608
vt 0.550516 0.088497
vt 0.569860 0.082504
vt 0.563241 0.067453
vt 0.547351 0.067846
vt 0.538740 0.084412
vt 0.582900 0.067192
vt 0.577714 0.050489
vt 0.556984 0.052977
vt 0.597032 0.055336
vt 0.593349 0.037467
vt 0.578226 0.029188
vt 0.567203 0.040289
vt 0.417365 0.685377
vt 0.405755 0.754744
vt 0.405755 0.679078
vt 0.319338 0.685483
vt 0.307460 0.754764
vt 0.307640 0.679078
vt 0.319338 0.761130
vt 0.455232 0.751512
vt 0.455232 0.679078
vt 0.467673 0.751425
vt 0.614156 0.009249
vt 0.609994 0.029264
vt 0.601818 0.013863
vt 0.589854 0.020355
vt 0.627134 0.025481
vt 0.626723 0.007200
vt 0.644348 0.026763
vt 0.639234 0.007687
vt 0.753047 0.072654
vt 0.753047 0.000241
vt 0.765484 0.072560
vt 0.381227 0.748309
vt 0.393117 0.679078
vt 0.393117 0.754746
vt 0.753897 0.126622
vt 0.763499 0.138791
vt 0.753053 0.148387
vt 0.753047 0.170104
vt 0.763499 0.179620
vt 0.753047 0.085237
vt 0.763509 0.094837
vt 0.753047 0.126140
vt 0.762632 0.073137
vt 0.511622 0.187223
vt 0.521538 0.200935
vt 0.510219 0.210929
vt 0.510074 0.234820
vt 0.521142 0.233543
vt 0.511834 0.259726
vt 0.491107 0.372526
vt 0.521499 0.308186
vt 0.502110 0.389033
vt 0.531690 0.297372
vt 0.524517 0.266290
vt 0.530567 0.327610
vt 0.515810 0.284322
vt 0.542533 0.323179
vt 0.539569 0.343268
vt 0.513482 0.405116
vt 0.525599 0.417860
vt 0.506091 0.491158
vt 0.493402 0.480348
vt 0.548525 0.356936
vt 0.537362 0.429366
vt 0.518774 0.501878
vt 0.557607 0.368752
vt 0.548984 0.439677
vt 0.531629 0.512202
vt 0.567068 0.360560
vt 0.554498 0.343978
vt 0.566816 0.378980
vt 0.576058 0.387818
vt 0.560525 0.448841
vt 0.572152 0.456933
vt 0.557946 0.530815
vt 0.544685 0.521922
vt 0.585442 0.395432
vt 0.583829 0.463856
vt 0.571462 0.538743
vt 0.594902 0.401718
vt 0.595656 0.469622
vt 0.585257 0.545657
vt 0.593157 0.384710
vt 0.604491 0.406767
vt 0.606608 0.392664
vt 0.614209 0.410576
vt 0.607635 0.474177
vt 0.619692 0.477511
vt 0.613625 0.555745
vt 0.599378 0.551325
vt 0.624014 0.413134
vt 0.631968 0.479576
vt 0.628139 0.558866
vt 0.633917 0.414397
vt 0.644454 0.480391
vt 0.642712 0.560704
vt 0.620312 0.397539
vt 0.634165 0.399867
vt 0.643903 0.414316
vt 0.648238 0.398867
vt 0.634421 0.384438
vt 0.621597 0.382276
vt 0.654050 0.412859
vt 0.664271 0.409804
vt 0.662517 0.394874
vt 0.647366 0.383197
vt 0.657074 0.479933
vt 0.670017 0.478116
vt 0.672324 0.560785
vt 0.657458 0.561320
vt 0.683264 0.475064
vt 0.687176 0.559236
vt 0.674603 0.405278
vt 0.697024 0.470621
vt 0.702166 0.556795
vt 0.685089 0.399062
vt 0.676818 0.387060
vt 0.695533 0.390815
vt 0.660403 0.379162
vt 0.673405 0.371281
vt 0.691261 0.375667
vt 0.706112 0.380508
vt 0.725472 0.454491
vt 0.711487 0.464911
vt 0.717075 0.553938
vt 0.739105 0.442496
vt 0.716841 0.367876
vt 0.752564 0.429251
vt 0.727763 0.351974
vt 0.705428 0.359258
vt 0.719057 0.337889
vt 0.736399 0.330617
vt 0.710327 0.324454
vt 0.698774 0.344269
vt 0.729704 0.309861
vt 0.719539 0.299787
vt 0.737006 0.279238
vt 0.747574 0.285172
vt 0.742711 0.307830
vt 0.740913 0.247340
vt 0.750749 0.261618
vt 0.752200 0.237944
vt 0.752564 0.214898
vt 0.748682 0.169075
vt 0.739884 0.183949
vt 0.744949 0.147378
vt 0.751387 0.191577
vt 0.741950 0.215386
vt 0.730933 0.215838
vt 0.729168 0.187683
vt 0.735187 0.153742
vt 0.725042 0.160455
vt 0.727748 0.125597
vt 0.739846 0.126352
vt 0.733440 0.106766
vt 0.405272 0.685402
vt 0.393599 0.754742
vt 0.393599 0.679078
vt 0.429512 0.685370
vt 0.417847 0.754732
vt 0.417847 0.679078
vt 0.343873 0.685444
vt 0.332187 0.754803
vt 0.332187 0.679078
vt 0.706208 0.077273
vt 0.717750 0.071429
vt 0.718120 0.099751
vt 0.708329 0.056338
vt 0.726163 0.088407
vt 0.736409 0.000241
vt 0.698330 0.042918
vt 0.344356 0.748378
vt 0.356235 0.679078
vt 0.356235 0.754769
vt 0.319820 0.748360
vt 0.331705 0.679078
vt 0.331705 0.754788
vt 0.468156 0.751510
vt 0.468156 0.679079
vt 0.480549 0.751443
vt 0.687448 0.031451
vt 0.677495 0.043340
vt 0.675928 0.022278
vt 0.664117 0.015002
vt 0.661284 0.032559
vt 0.651766 0.010064
vt 0.356717 0.748358
vt 0.368621 0.679078
vt 0.368621 0.754761
vt 0.442320 0.751515
vt 0.442320 0.679078
vt 0.454750 0.751486
vt 0.658445 0.050839
vt 0.673027 0.060680
vt 0.654611 0.074993
vt 0.667169 0.083382
vt 0.643083 0.045685
vt 0.641452 0.070550
vt 0.628077 0.069344
vt 0.627512 0.044453
vt 0.612056 0.048005
vt 0.614808 0.072485
vt 0.601851 0.078828
vt 0.589743 0.089007
vt 0.578555 0.102239
vt 0.568743 0.118674
vt 0.560333 0.137483
vt 0.553864 0.158724
vt 0.549218 0.181364
vt 0.535363 0.174775
vt 0.532611 0.202940
vt 0.547011 0.205129
vt 0.532451 0.231837
vt 0.546961 0.229345
vt 0.535563 0.260392
vt 0.549609 0.252958
vt 0.554525 0.275446
vt 0.541710 0.287457
vt 0.550727 0.310833
vt 0.561707 0.295578
vt 0.561130 0.330616
vt 0.570292 0.313258
vt 0.572429 0.346573
vt 0.579994 0.328023
vt 0.590248 0.340418
vt 0.584213 0.359787
vt 0.596411 0.369863
vt 0.601031 0.349980
vt 0.608857 0.377595
vt 0.612087 0.357247
vt 0.623400 0.361662
vt 0.634692 0.363893
vt 0.645976 0.362547
vt 0.657328 0.358370
vt 0.668420 0.350667
vt 0.679312 0.339826
vt 0.686355 0.360037
vt 0.689585 0.325347
vt 0.698916 0.307755
vt 0.706507 0.286964
vt 0.712229 0.264410
vt 0.726215 0.272852
vt 0.729844 0.244488
vt 0.715440 0.240582
vt 0.716550 0.216259
vt 0.715137 0.192274
vt 0.711707 0.168983
vt 0.718336 0.135050
vt 0.706028 0.147275
vt 0.698621 0.127227
vt 0.709671 0.111621
vt 0.698991 0.091381
vt 0.689406 0.109803
vt 0.692648 0.058127
vt 0.686693 0.074005
vt 0.678909 0.094872
vt 0.579911 0.374230
vt 0.380744 0.685375
vt 0.369104 0.754780
vt 0.369104 0.679078
vt 0.429994 0.748297
vt 0.441838 0.679079
vt 0.441838 0.754711
vt 0.849936 0.827648
vt 0.850429 0.827855
vt 0.838978 0.848835
vt 0.838559 0.848518
vt 0.825317 0.867997
vt 0.858764 0.804924
vt 0.856317 0.804184
vt 0.847620 0.826501
vt 0.836376 0.847201
vt 0.855803 0.804002
vt 0.847137 0.826299
vt 0.824913 0.867659
vt 0.835975 0.846965
vt 0.823047 0.866152
vt 0.822646 0.865820
vt 0.807630 0.882975
vt 0.809335 0.884681
vt 0.809636 0.885104
vt 0.792048 0.899766
vt 0.791775 0.899303
vt 0.790400 0.897253
vt 0.772501 0.910824
vt 0.772795 0.911307
vt 0.752242 0.920065
vt 0.752127 0.919661
vt 0.771480 0.908757
vt 0.751238 0.917473
vt 0.790145 0.896896
vt 0.771236 0.908338
vt 0.788276 0.894302
vt 0.769816 0.905574
vt 0.751002 0.916978
vt 0.487440 0.740523
vt 0.487440 0.717588
vt 0.490624 0.718040
vt 0.645006 0.927956
vt 0.624333 0.922977
vt 0.624436 0.922514
vt 0.604477 0.915009
vt 0.604710 0.914647
vt 0.585745 0.904762
vt 0.585986 0.904405
vt 0.584551 0.906674
vt 0.566702 0.894126
vt 0.568150 0.892393
vt 0.568427 0.891960
vt 0.552232 0.878066
vt 0.550574 0.879683
vt 0.550288 0.880001
vt 0.535977 0.863608
vt 0.536316 0.863275
vt 0.535329 0.864118
vt 0.549670 0.880554
vt 0.566425 0.894561
vt 0.584177 0.907109
vt 0.565871 0.895171
vt 0.545142 0.885001
vt 0.561831 0.900176
vt 0.583790 0.907842
vt 0.603322 0.917504
vt 0.602954 0.918235
vt 0.580476 0.913341
vt 0.603514 0.917015
vt 0.623596 0.925188
vt 0.623456 0.925595
vt 0.644503 0.930631
vt 0.644973 0.928482
vt 0.666311 0.931527
vt 0.666307 0.930980
vt 0.687931 0.931830
vt 0.666105 0.933819
vt 0.687906 0.931400
vt 0.687996 0.934167
vt 0.709385 0.929657
vt 0.709326 0.929180
vt 0.730449 0.924383
vt 0.730572 0.924912
vt 0.709810 0.931905
vt 0.731216 0.927135
vt 0.709866 0.932452
vt 0.688002 0.934663
vt 0.731377 0.927526
vt 0.731603 0.928352
vt 0.710061 0.933257
vt 0.752594 0.920922
vt 0.711037 0.939649
vt 0.733338 0.934520
vt 0.754996 0.926931
vt 0.773136 0.912086
vt 0.776069 0.917815
vt 0.792527 0.900486
vt 0.795819 0.906124
vt 0.688254 0.941892
vt 0.688006 0.935492
vt 0.665520 0.941465
vt 0.666006 0.935094
vt 0.642899 0.938292
vt 0.644264 0.932014
vt 0.621164 0.932362
vt 0.600248 0.923951
vt 0.623189 0.926370
vt 0.644423 0.931207
vt 0.666083 0.934275
vt 0.530353 0.868012
vt 0.517690 0.849431
vt 0.523103 0.846172
vt 0.507391 0.829459
vt 0.499380 0.808349
vt 0.513175 0.826876
vt 0.505424 0.806483
vt 0.493995 0.786506
vt 0.513925 0.826496
vt 0.500195 0.785385
vt 0.506195 0.806208
vt 0.514288 0.826332
vt 0.506646 0.806056
vt 0.501002 0.785229
vt 0.501477 0.785124
vt 0.498378 0.763943
vt 0.497555 0.763985
vt 0.497455 0.742220
vt 0.491107 0.741860
vt 0.491246 0.764310
vt 0.493635 0.719338
vt 0.498788 0.697223
vt 0.499908 0.720497
vt 0.506616 0.675960
vt 0.504874 0.699113
vt 0.512447 0.678653
vt 0.500737 0.720631
vt 0.505658 0.699365
vt 0.522533 0.659244
vt 0.523202 0.659635
vt 0.513182 0.679006
vt 0.513651 0.679151
vt 0.503445 0.721084
vt 0.506217 0.699509
vt 0.508396 0.700177
vt 0.501214 0.720731
vt 0.501473 0.742454
vt 0.503874 0.721136
vt 0.500966 0.742381
vt 0.498715 0.742331
vt 0.501578 0.763771
vt 0.501093 0.763758
vt 0.498801 0.763937
vt 0.498207 0.742256
vt 0.503698 0.784729
vt 0.508842 0.805447
vt 0.509280 0.805230
vt 0.504180 0.784556
vt 0.538529 0.861604
vt 0.526170 0.844333
vt 0.526578 0.844093
vt 0.516360 0.825400
vt 0.516876 0.825238
vt 0.538190 0.861936
vt 0.552544 0.877687
vt 0.524225 0.845530
vt 0.523811 0.845772
vt 0.538079 0.643354
vt 0.551939 0.626643
vt 0.552253 0.626949
vt 0.568079 0.611939
vt 0.568454 0.612345
vt 0.586000 0.599288
vt 0.586321 0.599738
vt 0.605644 0.589394
vt 0.605440 0.588876
vt 0.626127 0.580873
vt 0.626269 0.581425
vt 0.604507 0.586860
vt 0.625353 0.578646
vt 0.647345 0.572553
vt 0.647498 0.573073
vt 0.625221 0.578167
vt 0.647197 0.571702
vt 0.624909 0.577358
vt 0.604261 0.586427
vt 0.670105 0.568752
vt 0.669677 0.561960
vt 0.645952 0.565080
vt 0.622881 0.571092
vt 0.603906 0.585634
vt 0.601170 0.579638
vt 0.584106 0.596201
vt 0.580656 0.590729
vt 0.565869 0.609112
vt 0.561727 0.604068
vt 0.549296 0.624010
vt 0.544604 0.619491
vt 0.534761 0.640847
vt 0.529606 0.636938
vt 0.516989 0.656074
vt 0.535433 0.641336
vt 0.523621 0.659960
vt 0.535865 0.641637
vt 0.549899 0.624583
vt 0.525553 0.661040
vt 0.515737 0.680081
vt 0.516219 0.680290
vt 0.525905 0.661364
vt 0.537667 0.642990
vt 0.550273 0.624917
vt 0.566337 0.609752
vt 0.566662 0.610116
vt 0.584569 0.596928
vt 0.584794 0.597363
vt 0.508857 0.700297
vt 0.693904 0.561803
vt 0.717989 0.563786
vt 0.693599 0.568601
vt 0.717489 0.570649
vt 0.693602 0.569491
vt 0.670144 0.569626
vt 0.670234 0.570199
vt 0.670395 0.572563
vt 0.693596 0.570024
vt 0.647912 0.575477
vt 0.693477 0.572504
vt 0.648001 0.575923
vt 0.670417 0.573110
vt 0.717335 0.572150
vt 0.693510 0.572973
vt 0.717059 0.574713
vt 0.716939 0.575248
vt 0.741024 0.578381
vt 0.741674 0.575905
vt 0.740874 0.578905
vt 0.739978 0.582229
vt 0.764284 0.587585
vt 0.762798 0.590931
vt 0.786742 0.599663
vt 0.784835 0.602795
vt 0.807626 0.614696
vt 0.805300 0.617594
vt 0.827150 0.631933
vt 0.826643 0.632301
vt 0.807925 0.614281
vt 0.844931 0.652024
vt 0.844394 0.652280
vt 0.823930 0.634976
vt 0.842092 0.655927
vt 0.842098 0.655928
vt 0.855227 0.675524
vt 0.850510 0.677124
vt 0.855705 0.675362
vt 0.862104 0.703098
vt 0.861506 0.703133
vt 0.864914 0.702590
vt 0.868091 0.729427
vt 0.865368 0.729672
vt 0.868680 0.729454
vt 0.868680 0.755645
vt 0.868099 0.755553
vt 0.865609 0.702465
vt 0.858461 0.674437
vt 0.859176 0.674316
vt 0.847222 0.650461
vt 0.829149 0.630046
vt 0.847705 0.649968
vt 0.868244 0.667961
vt 0.829595 0.629627
vt 0.809713 0.612115
vt 0.810042 0.611612
vt 0.788493 0.596856
vt 0.787006 0.599196
vt 0.764493 0.587058
vt 0.765681 0.584611
vt 0.788766 0.596296
vt 0.765877 0.583990
vt 0.789294 0.595451
vt 0.766193 0.583073
vt 0.741896 0.575331
vt 0.717402 0.571555
vt 0.765621 0.566820
vt 0.765283 0.573565
vt 0.741444 0.572254
vt 0.741784 0.565434
vt 0.789451 0.567817
vt 0.789258 0.574575
vt 0.832367 0.625594
vt 0.810672 0.610816
vt 0.865490 0.780985
vt 0.864913 0.780819
vt 0.865353 0.755423
vt 0.864791 0.729650
vt 0.862268 0.780375
vt 0.864856 0.755369
vt 0.861041 0.729876
vt 0.861225 0.755204
vt 0.861763 0.780264
vt 0.858274 0.779595
vt 0.852500 0.802939
vt 0.844061 0.824868
vt 0.833173 0.845270
vt 0.820068 0.863779
vt 0.807239 0.882601
vt 0.804983 0.880287
vt 0.857644 0.703933
vt 0.859396 0.805129
vt 0.084143 0.508056
vt 0.079931 0.513669
vt 0.059562 0.496014
vt 0.064537 0.491080
vt 0.086971 0.504376
vt 0.106548 0.522241
vt 0.108754 0.518126
vt 0.110058 0.515599
vt 0.133687 0.525616
vt 0.132685 0.528319
vt 0.134482 0.523197
vt 0.158322 0.531755
vt 0.158700 0.529347
vt 0.159238 0.526467
vt 0.183089 0.532212
vt 0.183253 0.529426
vt 0.206743 0.529678
vt 0.206910 0.532455
vt 0.229684 0.527420
vt 0.230060 0.530061
vt 0.251508 0.522866
vt 0.252234 0.525412
vt 0.272344 0.515998
vt 0.292001 0.506814
vt 0.273352 0.518404
vt 0.293164 0.509056
vt 0.310151 0.495485
vt 0.326685 0.482094
vt 0.311633 0.497529
vt 0.341472 0.466709
vt 0.328385 0.483889
vt 0.353997 0.449875
vt 0.343361 0.468362
vt 0.364382 0.431431
vt 0.356160 0.451201
vt 0.366619 0.432525
vt 0.372324 0.411781
vt 0.377747 0.391212
vt 0.374686 0.412534
vt 0.368450 0.433346
vt 0.376657 0.413235
vt 0.380150 0.391766
vt 0.380486 0.370244
vt 0.383011 0.370376
vt 0.382203 0.392124
vt 0.379052 0.413994
vt 0.384707 0.392619
vt 0.385141 0.370617
vt 0.387574 0.370726
vt 0.385148 0.348678
vt 0.382946 0.348822
vt 0.380293 0.327069
vt 0.380430 0.348945
vt 0.377711 0.327495
vt 0.372087 0.306052
vt 0.374743 0.305278
vt 0.382378 0.326611
vt 0.365415 0.284452
vt 0.356739 0.264106
vt 0.367845 0.283477
vt 0.376843 0.304644
vt 0.369839 0.282751
vt 0.359006 0.263019
vt 0.379336 0.303825
vt 0.372304 0.281844
vt 0.361046 0.262001
vt 0.383339 0.302809
vt 0.363190 0.260880
vt 0.376143 0.280397
vt 0.388851 0.325496
vt 0.394915 0.324309
vt 0.389394 0.301125
vt 0.382000 0.278170
vt 0.400788 0.323355
vt 0.395198 0.299524
vt 0.387564 0.275931
vt 0.454344 0.314734
vt 0.447712 0.284781
vt 0.464197 0.313163
vt 0.457503 0.345311
vt 0.457303 0.282209
vt 0.467337 0.344878
vt 0.462145 0.280794
vt 0.469127 0.312378
vt 0.456964 0.375957
vt 0.466893 0.376690
vt 0.472384 0.344742
vt 0.489965 0.378819
vt 0.471669 0.377236
vt 0.490624 0.344006
vt 0.487071 0.309418
vt 0.479591 0.275841
vt 0.451586 0.250250
vt 0.468443 0.243492
vt 0.446999 0.251985
vt 0.437810 0.221048
vt 0.433508 0.223458
vt 0.420821 0.194028
vt 0.453656 0.212392
vt 0.416881 0.196836
vt 0.435487 0.183601
vt 0.400838 0.169042
vt 0.397179 0.172307
vt 0.378391 0.146994
vt 0.414155 0.156985
vt 0.390004 0.133585
vt 0.353602 0.127739
vt 0.375239 0.150611
vt 0.350894 0.131734
vt 0.390018 0.178844
vt 0.368849 0.157806
vt 0.324888 0.116042
vt 0.345474 0.139544
vt 0.327166 0.111766
vt 0.320369 0.124276
vt 0.295846 0.169003
vt 0.315827 0.181525
vt 0.334261 0.196414
vt 0.312514 0.186200
vt 0.292995 0.173981
vt 0.272189 0.164115
vt 0.269915 0.169745
vt 0.290170 0.179153
vt 0.268456 0.173349
vt 0.248310 0.162672
vt 0.247258 0.166617
vt 0.224591 0.162360
vt 0.225140 0.158188
vt 0.249816 0.156746
vt 0.200427 0.160667
vt 0.200515 0.156219
vt 0.226058 0.151836
vt 0.175153 0.164346
vt 0.200286 0.163408
vt 0.174804 0.161463
vt 0.175375 0.166713
vt 0.200322 0.165754
vt 0.224238 0.164933
vt 0.224017 0.167280
vt 0.246554 0.168998
vt 0.267596 0.175576
vt 0.246077 0.171143
vt 0.266813 0.177608
vt 0.223661 0.169828
vt 0.245489 0.173635
vt 0.265888 0.179996
vt 0.286128 0.186596
vt 0.284913 0.188795
vt 0.304094 0.197866
vt 0.302615 0.199886
vt 0.320583 0.211272
vt 0.318917 0.213163
vt 0.335315 0.226622
vt 0.333372 0.228320
vt 0.336982 0.225310
vt 0.350019 0.242813
vt 0.348139 0.243989
vt 0.346060 0.245380
vt 0.352068 0.241493
vt 0.366868 0.259072
vt 0.338808 0.223683
vt 0.355355 0.239281
vt 0.341757 0.221222
vt 0.360473 0.235955
vt 0.372317 0.256264
vt 0.377607 0.253601
vt 0.437811 0.255738
vt 0.424855 0.228140
vt 0.365346 0.232710
vt 0.346349 0.217317
vt 0.408885 0.202501
vt 0.350787 0.213582
vt 0.330331 0.200608
vt 0.309034 0.191031
vt 0.326288 0.205051
vt 0.306759 0.194228
vt 0.323688 0.207927
vt 0.322071 0.209702
vt 0.305377 0.196105
vt 0.287131 0.184646
vt 0.288259 0.182525
vt 0.200260 0.168657
vt 0.175835 0.169644
vt 0.151943 0.174301
vt 0.151138 0.171485
vt 0.129181 0.182233
vt 0.128078 0.179697
vt 0.108060 0.193146
vt 0.106527 0.190769
vt 0.127085 0.177365
vt 0.150529 0.169203
vt 0.149697 0.166369
vt 0.126027 0.174834
vt 0.148655 0.162004
vt 0.174366 0.156795
vt 0.173545 0.149624
vt 0.200844 0.149445
vt 0.227046 0.145760
vt 0.201180 0.142925
vt 0.173402 0.142495
vt 0.210565 0.087992
vt 0.239199 0.094499
vt 0.212784 0.078901
vt 0.241499 0.085562
vt 0.267029 0.102104
vt 0.213827 0.074492
vt 0.269864 0.093304
vt 0.242629 0.081071
vt 0.184398 0.067540
vt 0.246566 0.065271
vt 0.217482 0.058786
vt 0.188963 0.051956
vt 0.155318 0.057778
vt 0.161286 0.042634
vt 0.127175 0.045388
vt 0.134305 0.030755
vt 0.100215 0.030542
vt 0.108937 0.016628
vt 0.074884 0.013167
vt 0.084519 0.000241
vt 0.181102 0.081732
vt 0.183127 0.072101
vt 0.124297 0.170719
vt 0.121456 0.164387
vt 0.146640 0.155272
vt 0.101479 0.182589
vt 0.103854 0.186344
vt 0.083481 0.200594
vt 0.080699 0.197207
vt 0.098060 0.176615
vt 0.067153 0.219188
vt 0.085229 0.202765
vt 0.065199 0.217255
vt 0.062010 0.214307
vt 0.049182 0.236322
vt 0.051504 0.237950
vt 0.038208 0.258611
vt 0.053364 0.239428
vt 0.040342 0.259699
vt 0.035773 0.257287
vt 0.027669 0.280658
vt 0.029883 0.281564
vt 0.025148 0.279674
vt 0.020152 0.304009
vt 0.022528 0.304566
vt 0.017491 0.303292
vt 0.015725 0.327982
vt 0.018129 0.328361
vt 0.019506 0.352563
vt 0.016721 0.352602
vt 0.020887 0.328648
vt 0.021174 0.376357
vt 0.018329 0.376738
vt 0.014198 0.352560
vt 0.011493 0.352569
vt 0.012896 0.327745
vt 0.016004 0.376990
vt 0.008590 0.327137
vt 0.013309 0.302143
vt 0.006615 0.300492
vt 0.014757 0.275448
vt 0.021068 0.277971
vt 0.025989 0.251642
vt 0.031906 0.255093
vt 0.045624 0.233746
vt 0.040142 0.229666
vt 0.057011 0.209626
vt 0.000241 0.678596
vt 0.023509 0.649975
vt 0.029546 0.666397
vt 0.055144 0.639942
vt 0.059702 0.656834
vt 0.087525 0.632692
vt 0.090605 0.650056
vt 0.120461 0.628510
vt 0.122097 0.646041
vt 0.153154 0.627316
vt 0.153681 0.644634
vt 0.153004 0.622461
vt 0.184928 0.626188
vt 0.120142 0.623284
vt 0.085257 0.613910
vt 0.119736 0.612636
vt 0.086673 0.627619
vt 0.154842 0.552535
vt 0.152683 0.612298
vt 0.126817 0.546388
vt 0.128912 0.539596
vt 0.155819 0.545844
vt 0.100375 0.535117
vt 0.156977 0.538970
vt 0.182494 0.541746
vt 0.182270 0.548449
vt 0.182035 0.554923
vt 0.207398 0.541607
vt 0.207666 0.548144
vt 0.208194 0.554400
vt 0.184037 0.611419
vt 0.214428 0.609041
vt 0.215671 0.618731
vt 0.184544 0.621310
vt 0.246252 0.613997
vt 0.247281 0.618706
vt 0.216144 0.623502
vt 0.218142 0.640918
vt 0.250634 0.635924
vt 0.277927 0.611221
vt 0.282882 0.628118
vt 0.276578 0.606436
vt 0.308003 0.600404
vt 0.314767 0.616898
vt 0.306068 0.595966
vt 0.336692 0.586414
vt 0.334361 0.582054
vt 0.345414 0.602208
vt 0.363907 0.569181
vt 0.360947 0.565195
vt 0.302262 0.586875
vt 0.329496 0.573578
vt 0.388832 0.548756
vt 0.355064 0.557215
vt 0.385507 0.544980
vt 0.374389 0.583794
vt 0.411292 0.525224
vt 0.401184 0.562068
vt 0.425103 0.537034
vt 0.430539 0.499207
vt 0.445782 0.509108
vt 0.407358 0.521976
vt 0.426281 0.496380
vt 0.446313 0.470891
vt 0.441979 0.468679
vt 0.458646 0.440769
vt 0.462828 0.478754
vt 0.475987 0.446677
vt 0.467141 0.409449
vt 0.484992 0.413133
vt 0.453893 0.439104
vt 0.462109 0.408416
vt 0.444437 0.435939
vt 0.452356 0.406316
vt 0.400249 0.395708
vt 0.393965 0.418996
vt 0.397506 0.371414
vt 0.403333 0.371780
vt 0.394464 0.394635
vt 0.388467 0.417240
vt 0.384921 0.441346
vt 0.432998 0.464324
vt 0.379675 0.438810
vt 0.373199 0.462252
vt 0.417971 0.491093
vt 0.399845 0.515651
vt 0.378781 0.537674
vt 0.358876 0.481535
vt 0.342259 0.498904
vt 0.354430 0.477756
vt 0.338317 0.494576
vt 0.323627 0.514104
vt 0.320154 0.509464
vt 0.303154 0.527140
vt 0.300298 0.521965
vt 0.281160 0.537698
vt 0.278980 0.532246
vt 0.273773 0.597061
vt 0.257974 0.545834
vt 0.256325 0.540024
vt 0.244366 0.604391
vt 0.233502 0.551334
vt 0.232508 0.545367
vt 0.254554 0.534044
vt 0.231478 0.539082
vt 0.230774 0.534924
vt 0.253468 0.530092
vt 0.252845 0.527575
vt 0.274244 0.520437
vt 0.275077 0.522805
vt 0.294281 0.510991
vt 0.295492 0.513110
vt 0.312879 0.499189
vt 0.329823 0.485437
vt 0.314313 0.501287
vt 0.344951 0.469781
vt 0.331543 0.487198
vt 0.357913 0.452332
vt 0.346798 0.471324
vt 0.359995 0.453727
vt 0.349852 0.473772
vt 0.363332 0.455732
vt 0.370804 0.434490
vt 0.368305 0.459097
vt 0.374255 0.436201
vt 0.382703 0.415249
vt 0.388530 0.393457
vt 0.391533 0.371028
vt 0.387587 0.348464
vt 0.391530 0.348240
vt 0.384971 0.326139
vt 0.397664 0.347958
vt 0.403561 0.347654
vt 0.334206 0.490113
vt 0.316596 0.504512
vt 0.297323 0.516649
vt 0.276624 0.526552
vt 0.230383 0.532354
vt 0.207160 0.537330
vt 0.206961 0.534736
vt 0.182761 0.537252
vt 0.182860 0.534540
vt 0.157725 0.534483
vt 0.131226 0.532686
vt 0.103119 0.528642
vt 0.074306 0.523950
vt 0.053851 0.635172
vt 0.007008 0.352576
vt 0.000241 0.352649
vt 0.001718 0.326348
vt 0.008811 0.377972
vt 0.013217 0.377442
vt 0.002052 0.378914
vt 0.013837 0.402890
vt 0.018152 0.401850
vt 0.026064 0.425296
vt 0.022005 0.426958
vt 0.007300 0.404695
vt 0.033095 0.450075
vt 0.037065 0.447847
vt 0.028579 0.424211
vt 0.039509 0.446462
vt 0.041619 0.445250
vt 0.030891 0.423387
vt 0.020852 0.401101
vt 0.044062 0.443882
vt 0.033489 0.422248
vt 0.023178 0.400496
vt 0.025899 0.399771
vt 0.057400 0.463830
vt 0.073431 0.481967
vt 0.055127 0.465649
vt 0.091779 0.497742
vt 0.071397 0.484100
vt 0.090120 0.500104
vt 0.112549 0.510774
vt 0.111239 0.513335
vt 0.135439 0.520417
vt 0.088637 0.502097
vt 0.067664 0.487728
vt 0.069577 0.485757
vt 0.051034 0.468767
vt 0.053247 0.467106
vt 0.047418 0.471644
vt 0.041884 0.475732
vt 0.027102 0.453564
vt 0.015785 0.429575
vt 0.185902 0.643385
vt 0.076444 0.191866
vt 0.025295 0.305298
vt 0.032610 0.282598
vt 0.042772 0.261147
vt 0.055604 0.240985
vt 0.068952 0.220814
vt 0.070977 0.222822
vt 0.086668 0.204578
vt 0.088496 0.206755
vt 0.105255 0.188695
vt 0.276126 0.073297
vt 0.305960 0.083407
vt 0.271240 0.088957
vt 0.335264 0.096698
vt 0.299626 0.099023
vt 0.297729 0.103265
vt 0.294216 0.111982
vt 0.251345 0.151022
vt 0.274313 0.158720
vt 0.363439 0.113438
vt 0.771618 0.364422
vt 0.773238 0.368371
vt 0.753364 0.369674
vt 0.753141 0.364972
vt 0.771500 0.363432
vt 0.753087 0.363889
vt 0.771940 0.359532
vt 0.772614 0.363749
vt 0.773185 0.359545
vt 0.778231 0.357307
vt 0.780513 0.367802
vt 0.774665 0.368144
vt 0.775050 0.369674
vt 0.482231 0.699568
vt 0.481031 0.699451
vt 0.482231 0.679078
vt 0.780261 0.369408
vt 0.782172 0.368040
vt 0.782432 0.361932
vt 0.783446 0.360509
vt 0.778561 0.355529
vt 0.777119 0.355848
vt 0.772343 0.358379
vt 0.761508 0.337891
vt 0.766243 0.335381
vt 0.753047 0.359148
vt 0.774662 0.298517
vt 0.768415 0.298775
vt 0.767793 0.275056
vt 0.772859 0.271552
vt 0.773691 0.269621
vt 0.771543 0.269952
vt 0.769864 0.261712
vt 0.766624 0.273825
vt 0.766472 0.275311
vt 0.761986 0.275709
vt 0.761656 0.274363
vt 0.757374 0.269798
vt 0.755206 0.269123
vt 0.757955 0.261712
vt 0.760422 0.262211
vt 0.755622 0.271325
vt 0.759163 0.298427
vt 0.753047 0.297838
vt 0.760660 0.275468
vt 0.760628 0.298507
vt 0.766961 0.298770
vt 0.754349 0.260014
vt 0.753047 0.255163
vt 0.772809 0.250100
vt 0.773928 0.254219
vt 0.754715 0.261230
vt 0.774586 0.255321
vt 0.775165 0.253996
vt 0.780268 0.255732
vt 0.779427 0.257072
vt 0.773982 0.249547
vt 0.775105 0.244528
vt 0.776635 0.245072
vt 0.782407 0.245613
vt 0.772735 0.248841
vt 0.754081 0.238583
vt 0.756455 0.234263
vt 0.775724 0.243484
vt 0.782227 0.244040
vt 0.777096 0.243579
vt 0.779079 0.221332
vt 0.784246 0.221798
vt 0.483252 0.724869
vt 0.484607 0.725537
vt 0.483252 0.730289
vt 0.781671 0.256541
vt 0.784246 0.251257
vt 0.753047 0.319662
vt 0.755434 0.314573
vt 0.776291 0.324722
vt 0.774616 0.329652
vt 0.481031 0.712909
vt 0.482524 0.713704
vt 0.481031 0.718833
vt 0.776094 0.330489
vt 0.777774 0.325015
vt 0.780927 0.334898
vt 0.777080 0.323578
vt 0.781773 0.321529
vt 0.782431 0.322828
vt 0.788055 0.325569
vt 0.788461 0.323571
vt 0.787124 0.332266
vt 0.482478 0.706006
vt 0.481031 0.705305
vt 0.482478 0.700051
vt 0.782805 0.299263
vt 0.788461 0.299257
vt 0.781468 0.299298
vt 0.783057 0.321494
vt 0.775761 0.299508
vt 0.481031 0.706488
vt 0.482466 0.707220
vt 0.481031 0.712427
vt 0.485835 0.771338
vt 0.485835 0.776571
vt 0.484204 0.765317
vt 0.484232 0.782667
vt 0.481804 0.760863
vt 0.481601 0.786960
vt 0.478575 0.757428
vt 0.478558 0.790383
vt 0.474963 0.754772
vt 0.474700 0.793039
vt 0.470878 0.752951
vt 0.470595 0.795021
vt 0.466457 0.751997
vt 0.466161 0.795860
vt 0.461886 0.752048
vt 0.461700 0.795792
vt 0.457521 0.752908
vt 0.457348 0.794861
vt 0.453456 0.754751
vt 0.453154 0.793154
vt 0.449667 0.757427
vt 0.449514 0.790344
vt 0.446515 0.760967
vt 0.446286 0.786908
vt 0.443973 0.765212
vt 0.443912 0.782612
vt 0.442321 0.771222
vt 0.442320 0.776452
vt 0.490623 0.717067
vt 0.483252 0.717106
vt 0.490624 0.679114
vt 0.483252 0.679078
s 1
usemtl Material.062
f 1/1/1 2/2/2 3/3/3
f 3/3/3 4/4/4 1/1/1
f 5/5/5 1/5/1 4/5/4
f 4/4/4 7/6/6 5/7/5
f 6/5/7 5/5/5 7/5/6
f 4/4/4 10/8/8 7/6/6
f 7/5/6 8/5/9 6/5/7
f 9/9/10 8/10/9 7/6/6
f 7/6/6 10/8/8 9/9/10
f 10/8/8 4/4/4 3/3/3
f 3/3/3 11/11/11 10/8/8
f 10/8/8 11/11/11 9/9/10
f 13/12/12 11/11/11 3/3/3
f 11/11/11 13/12/12 12/13/13
f 12/13/13 14/14/14 11/11/11
f 11/11/11 14/14/14 15/15/15
f 11/11/11 15/15/15 9/9/10
f 16/16/16 15/15/15 14/14/14
f 19/5/17 15/5/15 16/5/16
f 18/17/18 17/18/19 15/15/15
f 15/15/15 17/18/19 9/9/10
f 15/15/15 19/19/17 18/17/18
f 19/5/17 16/5/16 21/5/20
f 21/5/20 20/5/21 19/5/17
f 18/5/18 19/5/17 20/5/21
f 22/20/22 21/21/20 16/16/16
f 23/22/23 22/20/22 24/23/24
f 16/16/16 24/23/24 22/20/22
f 14/14/14 24/23/24 16/16/16
f 24/5/24 14/5/14 12/5/13
f 24/23/24 12/13/13 23/22/23
f 25/24/25 23/22/23 12/13/13
f 12/13/13 13/12/12 25/24/25
f 2/5/2 25/5/25 13/5/12
f 20/5/21 26/5/26 18/5/18
f 28/5/27 18/5/18 26/5/26
f 26/5/26 27/5/28 28/5/27
f 17/18/19 28/25/27 29/26/29
f 29/5/29 28/5/27 27/5/28
f 28/5/27 17/5/19 18/5/18
f 29/26/29 9/9/10 17/18/19
f 8/5/9 29/5/29 30/5/30
f 8/5/9 9/5/10 29/5/29
f 27/5/28 30/5/30 29/5/29
f 30/5/30 6/5/7 8/5/9
f 13/12/12 3/3/3 2/2/2
usemtl Material.063
f 31/27/31 32/28/32 33/29/33
f 31/27/31 34/30/34 32/28/32
f 35/31/35 34/30/34 31/27/31
f 35/31/35 36/32/36 34/30/34
f 35/31/35 37/33/37 36/32/36
f 35/31/35 38/34/38 37/33/37
f 35/31/35 39/35/39 38/34/38
f 31/27/31 39/35/39 35/31/35
f 31/27/31 40/36/40 39/35/39
f 31/27/31 41/37/41 40/36/40
f 42/38/42 41/37/41 31/27/31
f 42/38/42 43/39/43 41/37/41
f 42/38/42 44/40/44 43/39/45
f 42/38/42 45/41/46 44/40/44
f 42/38/42 33/29/33 45/41/46
f 31/27/31 33/29/33 42/38/42
f 46/42/47 47/43/48 48/44/49
f 49/45/50 47/43/48 46/42/47
f 50/46/51 47/43/48 49/45/50
f 51/47/52 47/43/48 50/46/51
f 52/48/53 47/43/48 51/47/52
f 52/48/53 48/44/49 47/43/48
f 53/49/54 48/44/49 52/48/53
f 54/50/55 48/44/49 53/49/54
f 54/50/55 55/51/56 48/44/49
f 56/52/57 55/51/56 54/50/55
f 57/53/58 55/51/56 56/52/57
f 58/54/59 55/51/56 57/53/58
f 59/55/60 55/51/56 58/54/59
f 59/55/60 48/44/49 55/51/56
f 60/56/61 48/44/49 59/55/60
f 46/42/47 48/44/49 60/56/61
f 61/57/62 62/58/63 63/59/64
f 64/60/65 62/58/63 61/57/62
f 65/61/66 62/58/63 64/60/65
f 66/62/67 62/58/63 65/61/66
f 67/63/68 62/58/63 66/62/67
f 67/63/68 63/59/64 62/58/63
f 68/64/69 63/59/64 67/63/68
f 69/65/70 63/59/64 68/64/69
f 69/65/70 70/66/71 63/59/64
f 71/67/72 70/66/71 69/65/70
f 72/68/73 70/66/71 71/67/72
f 73/69/74 70/66/71 72/68/73
f 74/70/75 70/66/71 73/69/76
f 74/70/75 63/59/64 70/66/71
f 75/71/77 63/59/64 74/70/75
f 61/57/62 63/59/64 75/71/77
f 76/72/78 77/73/79 78/74/80
f 79/75/81 77/73/79 76/72/78
f 80/76/82 77/73/79 79/75/81
f 81/77/83 77/73/79 80/76/82
f 82/78/84 77/73/79 81/77/83
f 82/78/84 78/74/80 77/73/79
f 83/79/85 78/74/80 82/78/84
f 84/80/86 78/74/80 83/79/85
f 84/80/86 85/81/87 78/74/80
f 86/82/88 85/81/87 84/80/86
f 87/83/89 85/81/87 86/82/88
f 88/84/90 85/81/87 87/83/89
f 89/85/91 85/81/87 88/84/92
f 89/85/91 78/74/80 85/81/87
f 90/86/93 78/74/80 89/85/91
f 76/72/78 78/74/80 90/86/93
f 91/5/94 92/5/95 93/5/96
f 91/5/94 94/5/97 92/5/95
f 95/5/98 94/5/97 91/5/94
f 95/5/98 96/5/99 94/5/97
f 95/87/98 97/88/100 96/89/99
f 98/90/101 97/88/100 95/87/98
f 95/87/98 99/91/102 98/90/101
f 91/92/94 99/91/102 95/87/98
f 91/92/94 100/93/103 99/91/102
f 91/92/94 101/94/104 100/93/103
f 102/5/105 101/5/104 91/5/94
f 102/95/105 103/96/106 101/94/104
f 102/5/105 104/5/107 103/5/106
f 102/5/105 105/5/108 104/5/107
f 102/5/105 93/5/96 105/5/108
f 91/5/94 93/5/96 102/5/105
f 106/5/109 107/5/110 108/5/111
f 109/97/112 107/98/110 106/99/109
f 109/97/112 110/100/113 107/98/110
f 111/5/114 112/5/115 113/5/116
f 111/5/114 114/5/117 112/5/115
f 108/5/111 114/5/117 111/5/114
f 107/5/110 114/5/117 108/5/111
f 107/5/110 103/5/118 114/5/117
f 107/98/110 115/101/119 103/96/118
f 110/100/113 115/101/119 107/98/110
f 110/100/113 116/102/120 115/101/119
f 117/103/121 116/102/120 110/100/113
f 117/103/121 118/104/122 116/102/120
f 103/96/118 115/101/119 101/94/123
f 115/101/119 119/105/124 120/106/125
f 116/102/120 119/105/124 115/101/119
f 118/5/122 119/5/124 116/5/120
f 118/104/122 121/107/126 119/108/124
f 122/109/127 121/107/126 118/104/122
f 122/109/127 123/110/128 121/107/126
f 101/94/123 124/111/129 100/93/130
f 115/101/119 124/111/129 101/94/123
f 115/101/119 125/112/131 124/111/129
f 120/106/125 125/112/131 115/101/119
f 120/5/125 126/5/132 125/5/131
f 120/5/125 127/5/133 126/5/132
f 119/5/124 127/5/133 120/5/125
f 119/5/124 128/5/134 127/5/133
f 121/107/126 128/113/134 119/108/124
f 121/107/126 129/114/135 128/113/134
f 126/5/132 130/5/136 125/5/131
f 131/115/137 132/116/138 133/117/139
f 134/118/140 132/116/138 131/115/137
f 134/5/140 135/5/141 132/5/138
f 136/5/142 135/5/141 134/5/140
f 136/5/142 130/5/136 135/5/141
f 137/5/143 130/5/136 136/5/142
f 137/5/143 125/5/131 130/5/136
f 137/119/143 124/111/129 125/112/131
f 138/120/144 124/111/129 137/119/143
f 138/120/144 100/93/130 124/111/129
f 139/121/145 134/118/140 131/115/137
f 139/121/145 136/122/142 134/118/140
f 140/123/146 136/122/142 139/121/145
f 140/123/146 137/119/143 136/122/142
f 138/120/144 137/119/143 140/123/146
f 140/123/146 100/93/130 138/120/144
f 140/123/146 99/91/147 100/93/130
f 139/121/145 99/91/147 140/123/146
f 139/121/145 98/90/148 99/91/147
f 141/124/149 98/90/148 139/121/145
f 141/124/149 142/125/150 98/90/151
f 143/126/152 142/125/150 141/124/149
f 144/127/153 142/125/150 143/126/152
f 144/127/153 145/128/154 142/125/150
f 144/127/153 146/129/155 145/128/154
f 147/5/156 131/5/137 148/5/157
f 147/5/156 139/5/145 131/5/137
f 149/130/158 139/121/145 147/131/156
f 149/130/158 141/124/149 139/121/145
f 150/132/159 141/124/149 149/130/158
f 151/133/160 141/124/149 150/132/159
f 151/133/160 143/126/152 141/124/149
f 147/131/156 152/134/161 149/130/158
f 148/135/157 152/134/161 147/131/156
f 148/135/157 153/136/162 152/134/161
f 154/137/163 153/136/162 148/135/157
f 155/138/164 153/136/162 154/137/163
f 155/138/164 156/139/165 153/136/162
f 157/140/166 156/139/165 155/138/164
f 157/140/166 158/141/167 156/139/165
f 157/140/166 159/142/168 158/141/167
f 160/143/169 159/142/168 157/140/166
f 160/143/169 161/144/170 162/145/171
f 160/143/169 163/146/172 161/144/170
f 157/140/166 163/146/172 160/143/169
f 157/140/166 164/147/173 163/146/172
f 155/138/164 164/147/173 157/140/166
f 155/138/164 165/148/174 164/147/173
f 154/137/163 165/148/174 155/138/164
f 154/137/163 166/149/175 165/148/174
f 148/135/157 166/149/175 154/137/163
f 148/135/157 131/115/137 166/149/175
f 161/144/170 167/150/176 168/151/177
f 163/146/172 167/150/176 161/144/170
f 163/146/172 169/152/178 167/150/176
f 164/147/173 169/152/178 163/146/172
f 164/147/173 170/153/179 169/152/178
f 165/148/174 170/153/179 164/147/173
f 165/148/174 171/154/180 170/153/179
f 166/149/175 171/154/180 165/148/174
f 166/149/175 133/117/139 171/154/180
f 131/115/137 133/117/139 166/149/175
f 172/155/181 173/156/182 174/157/183
f 175/158/184 173/156/182 172/155/181
f 175/158/184 176/159/185 173/156/182
f 177/160/186 176/159/185 175/158/184
f 177/160/186 178/161/187 176/159/185
f 177/160/186 179/162/188 178/161/187
f 180/163/189 179/162/188 177/160/186
f 180/163/189 181/164/190 179/162/188
f 162/145/171 181/164/190 180/163/189
f 162/145/171 161/144/170 181/164/190
f 176/159/185 182/165/191 173/156/182
f 176/159/185 183/166/192 182/165/191
f 178/161/187 183/166/192 176/159/185
f 178/161/187 184/167/193 183/166/192
f 178/161/187 185/168/194 184/167/193
f 179/162/188 185/168/194 178/161/187
f 179/162/188 186/169/195 185/168/194
f 181/164/190 186/169/195 179/162/188
f 181/164/190 168/151/177 186/169/195
f 161/144/170 168/151/177 181/164/190
f 187/170/196 188/171/197 189/172/198
f 190/173/199 188/171/197 191/174/200
f 190/173/199 189/172/198 188/171/197
f 192/175/201 189/172/198 190/173/199
f 193/5/202 189/5/198 192/5/201
f 193/176/202 187/170/196 189/172/198
f 193/176/202 194/177/203 187/170/196
f 195/178/204 194/177/203 193/176/202
f 195/178/204 196/179/205 194/177/203
f 197/180/206 196/179/205 195/178/204
f 197/180/206 198/181/207 196/179/205
f 199/182/208 192/175/201 200/183/209
f 199/182/208 193/184/202 192/175/201
f 201/185/210 193/184/202 199/182/208
f 201/5/210 195/5/204 193/5/202
f 202/186/211 195/187/204 201/185/210
f 202/5/211 197/5/206 195/5/204
f 203/188/212 197/180/206 202/186/211
f 203/188/212 204/189/213 197/180/206
f 205/190/214 204/189/213 203/188/212
f 205/190/214 206/191/215 204/189/213
f 207/192/216 199/182/208 200/183/209
f 207/192/216 201/185/210 199/182/208
f 208/193/217 201/185/210 207/192/216
f 208/193/217 202/186/211 201/185/210
f 208/193/217 203/188/212 202/186/211
f 209/194/218 203/188/212 208/193/217
f 209/194/218 205/190/214 203/188/212
f 210/195/219 205/190/214 209/194/218
f 211/196/220 205/190/214 210/195/219
f 211/196/220 212/197/221 205/190/214
f 212/197/221 206/191/215 205/190/214
f 212/197/221 213/198/222 206/191/215
f 214/199/223 213/198/222 212/197/221
f 214/199/223 215/200/224 213/198/222
f 216/201/225 215/200/224 214/199/223
f 216/201/225 217/202/226 215/200/224
f 218/203/227 217/202/226 216/201/225
f 218/203/227 219/204/228 217/202/226
f 220/205/229 219/204/228 218/203/227
f 220/205/229 221/206/230 219/204/228
f 222/207/231 212/197/221 211/196/220
f 222/207/231 214/199/223 212/197/221
f 222/207/231 216/201/225 214/199/223
f 223/208/232 216/201/225 222/207/231
f 223/208/232 218/203/227 216/201/225
f 224/209/233 218/203/227 223/208/232
f 225/210/234 218/203/227 224/209/233
f 226/211/235 218/203/227 225/210/234
f 226/211/235 220/205/229 218/203/227
f 226/211/235 227/212/236 220/205/229
f 228/213/237 229/214/238 230/215/239
f 231/216/240 229/214/238 228/213/237
f 226/211/235 229/214/238 231/216/240
f 226/211/235 225/210/234 229/214/238
f 231/216/240 227/212/236 226/211/235
f 231/216/240 232/217/241 227/212/236
f 228/213/237 232/217/241 231/216/240
f 228/213/237 233/218/242 232/217/241
f 234/219/243 233/218/242 228/213/237
f 234/219/243 235/220/244 233/218/242
f 236/221/245 235/220/244 234/219/243
f 236/221/245 237/222/246 235/220/244
f 238/223/247 237/222/246 236/221/245
f 238/223/247 239/224/248 237/222/246
f 240/225/249 241/226/250 242/227/251
f 243/228/252 241/226/250 240/225/249
f 243/228/252 244/229/253 241/226/250
f 238/223/247 244/229/253 243/228/252
f 236/221/245 244/229/253 238/223/247
f 236/221/245 245/230/254 244/229/253
f 234/219/243 245/230/254 236/221/245
f 234/219/243 246/231/255 245/230/254
f 234/219/243 230/215/239 246/231/255
f 228/213/237 230/215/239 234/219/243
f 243/228/252 239/224/248 238/223/247
f 243/5/252 247/5/256 239/5/248
f 240/225/249 247/232/256 243/228/252
f 240/225/249 248/233/257 247/232/256
f 242/227/251 248/233/257 240/225/249
f 242/227/251 249/234/258 248/233/257
f 250/235/259 249/234/258 242/227/251
f 251/236/260 249/234/258 250/235/259
f 252/237/261 249/234/258 251/236/260
f 252/237/261 253/238/262 249/234/258
f 49/45/263 249/234/258 253/238/262
f 49/45/264 248/233/257 249/234/258
f 46/42/265 248/233/257 49/45/264
f 46/42/265 254/239/266 248/233/257
f 60/56/267 254/239/266 46/42/265
f 255/240/268 254/239/266 60/56/267
f 248/233/257 256/241/269 247/232/256
f 248/233/257 257/242/270 256/241/269
f 254/239/266 257/242/270 248/233/257
f 254/239/266 258/243/271 257/242/270
f 255/240/268 258/243/271 254/239/266
f 255/240/268 259/244/272 258/243/271
f 60/56/267 259/244/272 255/240/268
f 60/56/267 59/55/273 259/244/272
f 237/5/246 260/5/274 261/5/275
f 239/5/248 260/5/274 237/5/246
f 239/5/248 262/5/276 260/5/274
f 247/5/256 262/5/276 239/5/248
f 247/5/256 263/5/277 262/5/276
f 256/5/269 263/5/277 247/5/256
f 256/5/269 264/5/278 263/5/277
f 257/5/270 264/5/278 256/5/269
f 257/242/270 191/174/200 264/245/278
f 258/243/271 191/174/200 257/242/270
f 258/243/271 190/173/199 191/174/200
f 259/244/272 190/173/199 258/243/271
f 259/244/272 192/175/201 190/173/199
f 59/55/273 192/175/201 259/244/272
f 58/54/279 192/175/201 59/55/273
f 58/54/279 265/246/280 192/175/201
f 266/247/281 265/246/280 58/54/279
f 267/248/282 265/246/280 266/247/281
f 267/248/282 192/175/201 265/246/280
f 268/249/283 269/250/284 270/251/285
f 271/252/286 269/250/284 268/249/283
f 271/252/286 272/253/287 269/250/284
f 271/252/286 266/247/281 272/253/287
f 273/254/288 266/247/281 271/252/286
f 273/254/288 267/248/282 266/247/281
f 274/255/289 267/248/282 273/254/288
f 275/5/290 267/5/282 274/5/289
f 200/183/209 267/248/282 275/256/290
f 200/183/209 192/175/201 267/248/282
f 276/257/291 277/258/292 38/34/293
f 278/259/294 277/258/292 276/257/291
f 279/260/295 277/258/292 278/259/294
f 279/260/295 280/261/296 277/258/292
f 279/260/295 281/262/297 280/261/296
f 282/263/298 281/262/297 279/260/295
f 283/264/299 281/262/297 282/263/298
f 283/264/299 284/265/300 281/262/297
f 270/251/285 284/265/300 283/264/299
f 270/251/285 269/250/284 284/265/300
f 285/266/301 286/267/302 287/268/303
f 285/266/301 276/257/291 286/267/302
f 288/269/304 276/257/291 285/266/301
f 289/270/305 276/257/291 288/269/304
f 289/270/305 278/259/294 276/257/291
f 286/267/302 290/271/306 287/268/303
f 286/267/302 291/272/307 290/271/306
f 286/267/302 292/273/308 291/272/307
f 293/274/309 292/273/308 286/267/302
f 294/275/310 292/273/308 293/274/309
f 294/275/310 295/276/311 292/273/308
f 296/277/312 295/276/311 294/275/310
f 296/277/312 297/278/313 295/276/311
f 298/279/314 297/278/313 296/277/312
f 299/280/315 297/278/313 298/279/314
f 296/277/312 300/281/316 298/279/314
f 296/277/312 301/282/317 300/281/316
f 294/275/310 301/282/317 296/277/312
f 294/275/310 302/283/318 301/282/317
f 293/274/309 302/283/318 294/275/310
f 293/274/309 40/36/319 302/283/318
f 293/274/309 39/35/320 40/36/319
f 286/267/302 39/35/320 293/274/309
f 286/267/302 38/34/321 39/35/320
f 276/257/291 38/34/321 286/267/302
f 40/36/319 301/282/317 302/283/318
f 41/37/322 301/282/317 40/36/319
f 41/37/322 300/281/316 301/282/317
f 43/39/323 300/281/316 41/37/322
f 43/39/323 303/284/324 300/281/316
f 304/285/325 303/284/324 43/39/323
f 305/286/326 303/284/324 304/285/325
f 306/287/327 303/284/324 305/286/326
f 307/288/328 303/284/324 306/287/327
f 308/289/329 303/284/324 307/288/328
f 308/289/329 300/281/316 303/284/324
f 309/290/330 300/281/316 308/289/329
f 309/290/330 310/291/331 300/281/316
f 311/292/332 310/291/331 309/290/330
f 311/5/332 312/5/333 310/5/331
f 313/293/334 312/294/333 311/292/332
f 314/295/335 315/296/336 316/297/337
f 317/298/338 315/296/336 314/295/335
f 317/298/338 318/299/339 315/296/336
f 319/300/340 318/299/339 317/298/338
f 319/300/340 312/294/333 318/299/339
f 320/301/341 312/294/333 319/300/340
f 320/301/341 310/291/331 312/294/333
f 299/280/315 310/291/331 320/301/341
f 298/279/314 310/291/331 299/280/315
f 298/279/314 300/281/316 310/291/331
f 313/293/334 318/299/339 312/294/333
f 321/302/342 318/299/339 313/293/334
f 321/302/342 315/296/336 318/299/339
f 322/303/343 315/296/336 321/302/342
f 322/303/343 316/297/337 315/296/336
f 323/304/344 316/297/337 322/303/343
f 323/304/344 324/305/345 316/297/337
f 325/306/346 324/305/345 323/304/344
f 325/306/346 326/307/347 324/305/345
f 327/308/348 326/307/347 325/306/346
f 328/309/349 309/290/330 308/289/329
f 328/309/349 311/292/332 309/290/330
f 329/310/350 311/292/332 328/309/349
f 329/310/350 313/293/334 311/292/332
f 329/310/350 321/302/342 313/293/334
f 330/311/351 321/302/342 329/310/350
f 330/311/351 322/303/343 321/302/342
f 331/312/352 322/303/343 330/311/351
f 332/313/353 322/303/343 331/312/352
f 332/313/353 323/304/344 322/303/343
f 333/314/354 323/304/344 332/313/353
f 333/314/354 325/306/346 323/304/344
f 333/314/354 327/308/348 325/306/346
f 334/315/355 327/308/348 333/314/354
f 334/315/355 335/316/356 327/308/348
f 336/317/357 335/316/356 334/315/355
f 337/318/358 335/316/356 336/317/357
f 337/318/358 338/319/359 335/316/356
f 339/320/360 338/319/359 337/318/358
f 339/320/360 340/321/361 338/319/359
f 327/308/348 341/322/362 326/307/347
f 335/316/356 341/322/362 327/308/348
f 335/316/356 342/323/363 341/322/362
f 335/316/356 343/324/364 342/323/363
f 338/319/359 343/324/364 335/316/356
f 338/319/359 344/325/365 343/324/364
f 340/321/361 344/325/365 338/319/359
f 340/321/361 345/326/366 344/325/365
f 346/327/367 345/326/366 340/321/361
f 346/327/367 347/328/368 345/326/366
f 348/5/369 349/5/370 350/5/371
f 348/5/369 347/5/368 349/5/370
f 351/5/372 347/5/368 348/5/369
f 351/5/372 345/5/366 347/5/368
f 352/5/373 345/5/366 351/5/372
f 352/5/373 344/5/365 345/5/366
f 353/5/374 344/5/365 352/5/373
f 353/5/374 343/5/364 344/5/365
f 354/5/375 343/5/364 353/5/374
f 354/5/375 342/5/363 343/5/364
f 355/5/376 342/5/363 354/5/375
f 356/5/377 342/5/363 355/5/376
f 356/5/377 341/5/362 342/5/363
f 357/329/378 341/322/362 356/330/377
f 357/329/378 326/307/347 341/322/362
f 358/331/379 326/307/347 357/329/378
f 358/331/379 324/305/345 326/307/347
f 359/332/380 324/305/345 358/331/379
f 359/332/380 316/297/337 324/305/345
f 314/295/335 316/297/337 359/332/380
f 204/189/213 198/181/207 197/180/206
f 204/189/213 360/333/381 198/181/207
f 206/191/215 360/333/381 204/189/213
f 206/191/215 361/334/382 360/333/381
f 213/198/222 361/334/382 206/191/215
f 213/198/222 362/335/383 361/334/382
f 215/200/224 362/335/383 213/198/222
f 215/200/224 363/336/384 362/335/383
f 217/202/226 363/336/384 215/200/224
f 217/202/226 364/337/385 363/336/384
f 219/204/228 364/337/385 217/202/226
f 219/204/228 365/338/386 364/337/385
f 221/206/230 365/338/386 219/204/228
f 220/205/229 366/339/387 221/206/230
f 227/212/236 366/339/387 220/205/229
f 227/212/236 367/340/388 366/339/387
f 232/217/241 367/340/388 227/212/236
f 232/5/241 368/5/389 367/5/388
f 233/5/242 368/5/389 232/5/241
f 233/5/242 369/5/390 368/5/389
f 235/5/244 369/5/390 233/5/242
f 235/5/244 261/5/275 369/5/390
f 237/5/246 261/5/275 235/5/244
f 75/71/391 370/341/392 371/342/393
f 74/70/394 370/341/392 75/71/391
f 74/70/394 372/343/395 370/341/392
f 73/69/396 372/343/395 74/70/394
f 73/69/396 373/344/397 372/343/395
f 374/345/398 373/344/397 73/69/396
f 375/346/399 376/347/400 377/348/401
f 378/349/402 376/347/400 375/346/399
f 378/349/402 379/350/403 376/347/400
f 372/343/395 379/350/403 378/349/402
f 372/343/395 380/351/404 379/350/403
f 373/344/397 380/351/404 372/343/395
f 373/344/397 381/352/405 380/351/404
f 373/344/397 382/353/406 381/352/405
f 373/344/397 383/354/407 382/353/406
f 374/345/398 383/354/407 373/344/397
f 384/355/408 379/350/403 380/351/404
f 384/355/408 376/347/400 379/350/403
f 385/5/409 376/5/400 384/5/408
f 385/356/409 377/348/401 376/347/400
f 385/356/409 386/357/410 377/348/401
f 387/358/411 386/357/410 385/356/409
f 387/358/411 388/359/412 386/357/410
f 389/360/413 388/359/412 387/358/411
f 390/361/414 388/359/412 389/360/413
f 390/361/414 391/362/415 388/359/412
f 392/363/416 393/364/417 394/365/418
f 395/5/419 393/5/417 392/5/416
f 395/5/419 391/5/415 393/5/417
f 396/366/420 391/362/415 395/367/419
f 396/366/420 388/359/412 391/362/415
f 397/368/421 388/359/412 396/366/420
f 397/368/421 386/357/410 388/359/412
f 398/369/422 386/357/410 397/368/421
f 398/369/422 377/348/401 386/357/410
f 375/5/399 377/5/401 398/5/422
f 398/5/422 399/5/423 375/5/399
f 398/5/422 400/5/424 399/5/423
f 397/5/421 400/5/424 398/5/422
f 397/5/421 401/5/425 400/5/424
f 396/5/420 401/5/425 397/5/421
f 396/5/420 402/5/426 401/5/425
f 395/5/419 402/5/426 396/5/420
f 395/5/419 403/5/427 402/5/426
f 392/5/416 403/5/427 395/5/419
f 392/5/416 404/5/428 403/5/427
f 405/370/429 406/371/430 407/372/431
f 405/370/429 408/373/432 406/371/430
f 409/374/433 408/373/432 405/370/429
f 409/374/433 410/375/434 408/373/432
f 411/376/435 410/375/434 409/374/433
f 411/376/435 412/377/436 410/375/434
f 378/349/402 412/377/436 411/376/435
f 378/349/402 413/378/437 412/377/436
f 375/346/399 413/378/437 378/349/402
f 375/346/399 399/379/423 413/378/437
f 414/380/438 415/381/439 416/382/440
f 414/380/438 406/371/430 415/381/439
f 407/372/431 406/371/430 414/380/438
f 411/376/435 372/343/395 378/349/402
f 409/374/433 372/343/395 411/376/435
f 409/374/433 370/341/392 372/343/395
f 405/370/429 370/341/392 409/374/433
f 405/370/429 371/342/393 370/341/392
f 407/372/431 371/342/393 405/370/429
f 407/372/431 75/71/391 371/342/393
f 407/372/431 61/57/441 75/71/391
f 414/380/438 61/57/441 407/372/431
f 414/380/438 64/60/442 61/57/441
f 417/383/443 64/60/442 414/380/438
f 417/383/443 418/384/444 64/60/442
f 419/385/445 414/380/438 416/382/440
f 420/386/446 414/380/438 419/385/445
f 420/386/446 417/383/443 414/380/438
f 421/387/447 417/383/443 420/386/446
f 422/388/448 417/383/443 421/387/447
f 423/389/449 417/383/443 422/388/448
f 423/389/449 418/384/444 417/383/443
f 424/390/450 418/384/444 423/389/449
f 424/390/450 425/391/451 418/384/444
f 424/390/450 426/392/452 425/391/451
f 427/5/453 426/5/452 424/5/450
f 428/5/454 426/5/452 427/5/453
f 428/393/454 429/394/455 426/395/452
f 430/396/456 429/394/455 428/393/454
f 430/396/456 431/397/457 429/394/455
f 432/398/458 431/397/457 430/396/456
f 433/399/459 431/397/457 432/398/458
f 433/399/459 434/400/460 431/397/457
f 433/399/459 304/285/325 434/400/460
f 305/286/326 304/285/325 433/399/459
f 435/401/461 436/402/462 290/271/306
f 435/5/461 437/5/463 436/5/462
f 438/5/464 437/5/463 435/5/461
f 439/403/465 347/328/368 346/327/367
f 439/403/465 349/404/370 347/328/368
f 440/405/466 349/404/370 439/403/465
f 440/5/466 438/5/464 349/5/370
f 440/405/466 437/406/463 438/407/464
f 441/408/467 437/406/463 440/405/466
f 441/408/467 436/409/462 437/406/463
f 285/5/301 436/5/462 441/5/467
f 287/268/303 436/410/462 285/266/301
f 287/5/303 290/5/306 436/5/462
f 339/320/360 346/327/367 340/321/361
f 442/411/468 346/327/367 339/320/360
f 442/411/468 439/403/465 346/327/367
f 443/412/469 439/403/465 442/411/468
f 444/413/470 439/403/465 443/412/469
f 444/413/470 440/405/466 439/403/465
f 441/408/467 440/405/466 444/413/470
f 445/414/471 292/273/308 295/276/311
f 445/414/471 291/272/307 292/273/308
f 446/415/472 291/272/307 445/414/471
f 446/415/472 290/271/306 291/272/307
f 447/416/473 290/271/306 446/415/472
f 447/416/473 435/401/461 290/271/306
f 448/5/474 435/5/461 447/5/473
f 448/5/474 438/5/464 435/5/461
f 350/5/371 438/5/464 448/5/474
f 350/5/371 349/5/370 438/5/464
f 90/86/475 449/417/476 450/418/477
f 89/85/478 449/417/476 90/86/475
f 89/85/478 451/419/479 449/417/476
f 88/84/480 451/419/479 89/85/478
f 88/84/480 452/420/481 451/419/479
f 453/421/482 452/420/481 88/84/480
f 454/422/483 451/419/479 455/423/484
f 456/424/485 451/419/479 454/422/483
f 456/424/485 449/417/476 451/419/479
f 457/425/486 449/417/476 456/424/485
f 457/425/486 450/418/477 449/417/476
f 458/426/487 450/418/477 457/425/486
f 458/426/487 90/86/475 450/418/477
f 76/72/488 90/86/475 458/426/487
f 459/5/489 460/5/490 461/5/491
f 459/5/489 455/5/484 460/5/490
f 462/427/492 455/428/484 459/429/489
f 462/5/492 454/5/483 455/5/484
f 463/430/493 454/422/483 462/431/492
f 463/430/493 456/424/485 454/422/483
f 464/432/494 456/424/485 463/430/493
f 464/432/494 457/425/486 456/424/485
f 465/433/495 457/425/486 464/432/494
f 465/433/495 458/426/487 457/425/486
f 466/434/496 467/435/497 468/436/498
f 465/433/495 467/435/497 466/434/496
f 466/434/496 458/426/487 465/433/495
f 466/434/496 76/72/488 458/426/487
f 466/434/496 79/75/499 76/72/488
f 469/437/500 79/75/499 466/434/496
f 469/437/500 470/438/501 79/75/499
f 471/439/502 472/440/503 473/441/504
f 470/438/501 472/440/503 471/439/502
f 470/438/501 474/442/505 472/440/503
f 469/437/500 474/442/505 470/438/501
f 469/437/500 475/443/506 474/442/505
f 469/437/500 476/444/507 475/443/506
f 469/437/500 477/445/508 476/444/507
f 466/434/496 477/445/508 469/437/500
f 466/434/496 478/446/509 477/445/508
f 468/436/498 478/446/509 466/434/496
f 374/345/398 479/447/510 383/354/407
f 480/448/511 479/447/510 374/345/398
f 481/449/512 479/447/510 480/448/511
f 481/449/512 482/450/513 479/447/510
f 481/449/512 483/451/514 482/450/513
f 484/452/515 483/451/514 481/449/512
f 484/452/515 485/453/516 483/451/514
f 473/441/504 485/453/516 484/452/515
f 473/441/504 486/454/517 485/453/516
f 473/441/504 472/440/503 486/454/517
f 160/143/169 487/455/518 159/142/168
f 162/145/171 487/455/518 160/143/169
f 180/163/189 487/455/518 162/145/171
f 180/163/189 488/456/519 487/455/518
f 177/160/186 488/456/519 180/163/189
f 177/160/186 489/457/520 488/456/519
f 177/160/186 490/458/521 489/457/520
f 175/158/184 490/458/521 177/160/186
f 175/158/184 491/459/522 490/458/521
f 172/155/181 491/459/522 175/158/184
f 492/460/523 491/459/522 172/155/181
f 492/460/523 493/461/524 491/459/522
f 494/462/525 493/461/524 492/460/523
f 494/462/525 495/463/526 493/461/524
f 494/462/525 496/464/527 495/463/526
f 497/465/528 496/464/527 494/462/525
f 497/465/528 498/466/529 496/464/527
f 498/466/529 118/104/122 117/103/121
f 498/466/529 122/109/127 118/104/122
f 497/465/528 122/109/127 498/466/529
f 497/465/528 123/110/128 122/109/127
f 497/465/528 499/467/530 123/110/128
f 494/462/525 499/467/530 497/465/528
f 494/462/525 500/468/531 499/467/530
f 492/460/523 500/468/531 494/462/525
f 492/460/523 174/157/183 500/468/531
f 172/155/181 174/157/183 492/460/523
f 123/5/128 129/5/135 121/5/126
f 123/110/128 501/469/532 129/470/135
f 499/467/530 501/469/532 123/110/128
f 499/467/530 502/471/533 501/469/532
f 500/468/531 502/471/533 499/467/530
f 500/468/531 503/472/534 502/471/533
f 174/157/183 503/472/534 500/468/531
f 174/157/183 504/473/535 503/472/534
f 173/156/182 504/473/535 174/157/183
f 173/156/182 182/165/191 504/473/535
f 505/474/536 506/475/537 507/476/538
f 505/474/536 508/477/539 506/475/537
f 509/478/540 508/477/539 505/474/536
f 509/478/540 510/479/541 508/477/539
f 511/480/542 510/479/541 509/478/540
f 511/480/542 512/481/543 510/479/541
f 513/482/544 512/481/543 511/480/542
f 513/482/544 514/483/545 512/481/543
f 515/484/546 514/483/545 513/482/544
f 515/484/546 516/485/547 514/483/545
f 513/482/544 517/486/548 518/487/549
f 511/480/542 517/486/548 513/482/544
f 511/480/542 519/488/550 517/486/548
f 509/478/540 519/488/550 511/480/542
f 509/478/540 520/489/551 519/488/550
f 505/474/536 520/489/551 509/478/540
f 505/474/536 521/490/552 520/489/551
f 507/476/538 521/490/552 505/474/536
f 522/5/553 521/5/552 507/5/538
f 522/5/553 523/5/554 521/5/552
f 524/491/555 521/490/552 523/492/554
f 524/491/555 520/489/551 521/490/552
f 525/493/556 520/489/551 524/491/555
f 526/494/557 520/489/551 525/493/556
f 527/495/558 520/489/551 526/494/557
f 527/495/558 519/488/550 520/489/551
f 528/496/559 519/488/550 527/495/558
f 528/496/559 517/486/548 519/488/550
f 528/496/559 518/487/549 517/486/548
f 529/497/560 518/487/549 528/496/559
f 530/498/561 531/499/562 532/500/563
f 530/498/561 533/501/564 531/499/562
f 530/498/561 524/491/555 533/501/564
f 525/493/556 524/491/555 530/498/561
f 534/502/565 535/503/566 460/504/490
f 536/505/567 535/503/566 534/502/565
f 536/505/567 537/506/568 535/503/566
f 538/507/569 537/506/568 536/505/567
f 538/507/569 539/508/570 537/506/568
f 531/499/562 539/508/570 538/507/569
f 531/499/562 540/509/571 539/508/570
f 533/501/564 540/509/571 531/499/562
f 533/501/564 523/492/554 540/509/571
f 524/491/555 523/492/554 533/501/564
f 541/5/572 523/5/554 522/5/553
f 541/5/572 540/5/571 523/5/554
f 542/5/573 540/5/571 541/5/572
f 542/5/573 539/5/570 540/5/571
f 543/5/574 539/5/570 542/5/573
f 543/5/574 537/5/568 539/5/570
f 544/5/575 537/5/568 543/5/574
f 544/5/575 535/5/566 537/5/568
f 461/5/491 535/5/566 544/5/575
f 461/5/491 460/5/490 535/5/566
f 545/510/576 452/420/481 453/421/482
f 546/511/577 452/420/481 545/510/576
f 547/5/578 452/5/481 546/5/577
f 548/512/579 452/420/481 547/513/578
f 548/512/579 451/419/479 452/420/481
f 549/514/580 451/419/479 548/512/579
f 549/514/580 455/423/484 451/419/479
f 550/5/581 455/5/484 549/5/580
f 550/515/581 460/516/490 455/517/484
f 534/5/565 460/5/490 550/5/581
f 551/518/582 549/514/580 548/512/579
f 551/518/582 550/519/581 549/514/580
f 552/520/583 550/519/581 551/518/582
f 552/520/583 534/502/565 550/519/581
f 552/520/583 536/505/567 534/502/565
f 553/521/584 536/505/567 552/520/583
f 553/521/584 538/507/569 536/505/567
f 554/522/585 538/507/569 553/521/584
f 532/500/563 538/507/569 554/522/585
f 532/500/563 531/499/562 538/507/569
f 555/523/586 391/362/415 390/361/414
f 555/523/586 393/364/417 391/362/415
f 555/523/586 394/365/418 393/364/417
f 556/524/587 394/365/418 555/523/586
f 557/525/588 558/526/589 559/527/590
f 560/528/591 558/526/589 557/525/588
f 561/529/592 558/526/589 560/528/591
f 561/529/592 562/530/593 558/526/589
f 563/531/594 562/530/593 561/529/592
f 563/531/594 564/532/595 562/530/593
f 563/531/594 556/524/587 564/532/595
f 563/531/594 394/365/418 556/524/587
f 565/533/596 394/365/418 563/531/594
f 392/363/416 394/365/418 565/533/596
f 565/5/596 404/5/428 392/5/416
f 565/5/596 566/5/597 404/5/428
f 565/5/596 567/5/598 566/5/597
f 563/531/594 567/534/598 565/533/596
f 563/531/594 568/535/599 567/534/598
f 561/529/592 568/535/599 563/531/594
f 561/529/592 569/536/600 568/535/599
f 560/528/591 569/536/600 561/529/592
f 560/528/591 570/537/601 569/536/600
f 557/525/588 570/537/601 560/528/591
f 567/5/598 571/5/602 566/5/597
f 567/5/598 572/5/603 571/5/602
f 568/5/599 572/5/603 567/5/598
f 568/5/599 573/5/604 572/5/603
f 569/5/600 573/5/604 568/5/599
f 569/5/600 574/5/605 573/5/604
f 570/5/601 574/5/605 569/5/600
f 570/537/601 575/538/606 574/539/605
f 576/540/607 575/538/606 570/537/601
f 576/540/607 577/541/608 575/538/606
f 557/525/588 576/540/607 570/537/601
f 578/542/609 576/540/607 557/525/588
f 578/542/609 579/543/610 576/540/607
f 580/544/611 579/543/610 578/542/609
f 580/544/611 581/545/612 579/543/610
f 582/546/613 581/545/612 580/544/611
f 582/5/613 583/5/614 581/5/612
f 584/547/615 583/548/614 582/546/613
f 584/547/615 416/382/440 583/548/614
f 419/385/445 416/382/440 584/547/615
f 419/385/445 585/549/616 420/386/446
f 584/547/615 585/549/616 419/385/445
f 584/547/615 586/550/617 585/549/616
f 582/546/613 586/550/617 584/547/615
f 580/544/611 586/550/617 582/546/613
f 580/544/611 587/551/618 586/550/617
f 578/542/609 587/551/618 580/544/611
f 578/542/609 588/552/619 587/551/618
f 578/542/609 559/527/590 588/552/619
f 557/525/588 559/527/590 578/542/609
f 589/553/620 516/485/547 515/484/546
f 589/553/620 590/554/621 516/485/547
f 591/555/622 590/554/621 589/553/620
f 591/555/622 592/556/623 590/554/621
f 593/557/624 592/556/623 591/555/622
f 593/557/624 594/558/625 592/556/623
f 468/436/498 594/558/625 593/557/624
f 468/436/498 595/559/626 594/558/625
f 467/435/497 595/559/626 468/436/498
f 467/435/497 596/560/627 595/559/626
f 465/433/495 596/560/627 467/435/497
f 465/433/495 464/432/494 596/560/627
f 468/436/498 597/561/628 478/446/509
f 593/557/624 597/561/628 468/436/498
f 593/557/624 598/562/629 597/561/628
f 591/555/622 598/562/629 593/557/624
f 591/555/622 599/563/630 598/562/629
f 589/553/620 599/563/630 591/555/622
f 589/553/620 600/564/631 599/563/630
f 515/484/546 600/564/631 589/553/620
f 515/484/546 518/487/549 600/564/631
f 513/482/544 518/487/549 515/484/546
f 529/497/560 600/564/631 518/487/549
f 601/565/632 600/564/631 529/497/560
f 602/566/633 600/564/631 601/565/632
f 602/566/633 599/563/630 600/564/631
f 603/567/634 599/563/630 602/566/633
f 603/567/634 598/562/629 599/563/630
f 603/567/634 597/561/628 598/562/629
f 604/568/635 597/561/628 603/567/634
f 604/568/635 478/446/509 597/561/628
f 477/445/508 478/446/509 604/568/635
f 605/569/636 253/238/262 252/237/261
f 605/569/636 606/570/637 253/238/262
f 605/569/636 607/571/638 606/570/637
f 608/572/639 607/571/638 605/569/636
f 608/5/639 609/5/640 607/5/638
f 610/5/641 609/5/640 608/5/639
f 611/5/642 609/5/640 610/5/641
f 612/5/643 609/5/640 611/5/642
f 612/5/643 113/5/116 609/5/640
f 111/5/114 113/5/116 612/5/643
f 613/573/644 146/129/155 144/127/153
f 614/574/645 146/129/155 613/573/644
f 614/574/645 615/575/646 146/129/155
f 616/576/647 615/575/646 614/574/645
f 616/576/647 617/577/648 615/575/646
f 618/578/649 617/577/648 616/576/647
f 619/579/650 617/577/648 618/578/649
f 619/579/650 620/580/651 617/577/648
f 619/579/650 453/421/482 620/580/651
f 545/510/576 453/421/482 619/579/650
f 579/543/610 577/541/608 576/540/607
f 579/543/610 621/581/652 577/541/608
f 581/545/612 621/581/652 579/543/610
f 581/545/612 622/582/653 621/581/652
f 583/548/614 622/582/653 581/545/612
f 583/548/614 623/583/654 622/582/653
f 416/382/440 623/583/654 583/548/614
f 416/382/440 624/584/655 623/583/654
f 415/381/439 624/584/655 416/382/440
f 415/381/439 625/585/656 624/584/655
f 406/371/430 625/585/656 415/381/439
f 406/371/430 408/373/432 625/585/656
f 626/586/657 108/587/658 111/588/659
f 106/99/660 108/587/658 626/586/657
f 627/589/661 628/590/662 629/591/663
f 627/589/661 630/592/664 628/590/662
f 626/586/657 630/592/664 627/589/661
f 626/586/657 631/593/665 630/592/664
f 111/588/659 631/593/665 626/586/657
f 612/594/666 631/593/665 111/588/659
f 611/595/667 631/593/665 612/594/666
f 611/595/667 632/596/668 631/593/665
f 610/5/669 632/5/668 611/5/667
f 610/5/669 633/5/670 632/5/668
f 632/596/668 633/597/670 634/598/671
f 632/596/668 630/592/664 631/593/665
f 634/598/671 630/592/664 632/596/668
f 634/598/671 628/590/662 630/592/664
f 634/598/671 635/599/672 628/590/662
f 634/598/671 636/600/673 635/599/672
f 633/597/670 636/600/673 634/598/671
f 633/597/670 637/601/674 636/600/673
f 638/602/675 639/603/676 640/604/677
f 638/602/675 637/601/674 639/603/676
f 641/605/678 637/601/674 638/602/675
f 641/605/678 636/600/673 637/601/674
f 642/606/679 636/600/673 641/605/678
f 642/606/679 635/599/672 636/600/673
f 643/607/680 635/599/672 642/606/679
f 644/608/681 635/599/672 643/607/680
f 644/608/681 628/590/662 635/599/672
f 629/591/663 628/590/662 644/608/681
f 645/609/682 638/602/675 640/604/677
f 646/610/683 638/602/675 645/609/682
f 646/610/683 641/605/678 638/602/675
f 647/611/684 646/610/683 645/609/682
f 648/612/685 646/610/683 647/611/684
f 648/612/685 641/605/678 646/610/683
f 648/612/685 642/606/679 641/605/678
f 649/613/686 642/606/679 648/612/685
f 649/613/686 643/607/680 642/606/679
f 626/586/657 650/614/687 651/615/688
f 627/589/661 650/614/687 626/586/657
f 627/589/661 652/616/689 650/614/687
f 629/591/663 652/616/689 627/589/661
f 629/591/663 653/617/690 652/616/689
f 644/608/681 653/617/690 629/591/663
f 644/608/681 654/618/691 653/617/690
f 643/607/680 654/618/691 644/608/681
f 643/607/680 655/619/692 654/618/691
f 649/613/686 655/619/692 643/607/680
f 653/617/690 654/618/691 656/620/693
f 657/621/694 652/616/689 653/617/690
f 658/622/695 652/616/689 657/621/694
f 659/623/696 652/616/689 658/622/695
f 659/623/696 650/614/687 652/616/689
f 660/624/697 650/614/687 659/623/696
f 660/624/697 651/615/688 650/614/687
f 661/625/698 651/615/688 660/624/697
f 495/463/699 660/624/697 659/623/696
f 496/464/700 660/624/697 495/463/699
f 498/466/701 660/624/697 496/464/700
f 498/5/701 661/5/698 660/5/697
f 117/5/702 661/5/698 498/5/701
f 110/5/703 661/5/698 117/5/702
f 109/97/704 661/625/698 110/100/703
f 106/99/660 661/625/698 109/97/704
f 106/99/660 651/615/688 661/625/698
f 626/586/657 651/615/688 106/99/660
f 662/626/705 656/620/693 663/627/706
f 662/626/705 653/617/690 656/620/693
f 664/628/707 653/617/690 662/626/705
f 664/628/707 657/621/694 653/617/690
f 665/629/708 657/621/694 664/628/707
f 665/629/708 658/622/695 657/621/694
f 491/459/709 658/622/695 665/629/708
f 493/461/710 658/622/695 491/459/709
f 493/461/710 659/623/696 658/622/695
f 495/5/699 659/5/696 493/5/710
f 491/459/709 665/629/708 490/458/711
f 666/630/712 665/629/708 664/628/707
f 666/630/712 490/458/711 665/629/708
f 489/457/713 490/458/711 666/630/712
f 489/457/713 667/631/714 668/632/715
f 666/630/712 667/631/714 489/457/713
f 666/630/712 669/633/716 667/631/714
f 664/628/707 669/633/716 666/630/712
f 664/628/707 670/634/717 669/633/716
f 662/626/705 670/634/717 664/628/707
f 662/626/705 671/635/718 670/634/717
f 663/627/706 671/635/718 662/626/705
f 663/627/706 672/636/719 671/635/718
f 673/637/720 669/633/716 670/634/717
f 674/638/721 669/633/716 673/637/720
f 674/638/721 667/631/714 669/633/716
f 675/639/722 667/631/714 674/638/721
f 675/639/722 668/632/715 667/631/714
f 676/640/723 668/632/715 675/639/722
f 676/640/723 677/641/724 668/632/715
f 678/642/725 677/641/724 676/640/723
f 678/642/725 679/643/726 677/641/724
f 680/644/727 679/643/726 678/642/725
f 673/637/720 675/639/722 674/638/721
f 681/645/728 675/639/722 673/637/720
f 676/640/723 675/639/722 681/645/728
f 156/139/729 682/646/730 153/136/731
f 158/141/732 682/646/730 156/139/729
f 158/141/732 683/647/733 682/646/730
f 159/142/734 683/647/733 158/141/732
f 159/142/734 679/643/726 683/647/733
f 487/455/735 679/643/726 159/142/734
f 487/455/735 677/641/724 679/643/726
f 488/456/736 677/641/724 487/455/735
f 488/456/736 668/632/715 677/641/724
f 489/457/713 668/632/715 488/456/736
f 680/644/727 683/647/733 679/643/726
f 684/648/737 683/647/733 680/644/727
f 684/648/737 682/646/730 683/647/733
f 684/648/737 685/649/738 682/646/730
f 686/650/739 685/649/738 684/648/737
f 687/651/740 688/652/741 614/574/742
f 687/651/740 689/653/743 688/652/741
f 687/651/740 686/650/739 689/653/743
f 144/127/744 686/650/739 687/651/740
f 143/126/745 686/650/739 144/127/744
f 151/133/746 686/650/739 143/126/745
f 151/133/746 685/649/738 686/650/739
f 690/654/747 685/649/738 151/133/746
f 690/654/747 682/646/730 685/649/738
f 153/136/731 682/646/730 690/654/747
f 687/651/740 613/573/748 144/127/744
f 614/574/742 613/573/748 687/651/740
f 150/132/749 690/654/747 151/133/746
f 149/130/750 690/654/747 150/132/749
f 152/134/751 690/654/747 149/130/750
f 152/134/751 153/136/731 690/654/747
f 691/655/752 273/254/753 271/252/754
f 274/255/755 273/254/753 691/655/752
f 692/656/756 268/249/757 270/251/758
f 692/656/756 271/252/754 268/249/757
f 692/656/756 691/655/752 271/252/754
f 693/657/759 691/655/752 692/656/756
f 693/657/759 694/658/760 691/655/752
f 695/659/761 694/658/760 693/657/759
f 695/659/761 696/660/762 694/658/760
f 695/659/761 697/661/763 696/660/762
f 698/662/764 697/661/763 695/659/761
f 698/662/764 699/663/765 697/661/763
f 696/660/762 700/664/766 701/665/767
f 697/661/763 700/664/766 696/660/762
f 697/661/763 702/666/768 700/664/766
f 699/663/765 702/666/768 697/661/763
f 699/663/765 703/667/769 702/666/768
f 704/668/770 703/667/769 699/663/765
f 704/668/770 705/669/771 703/667/769
f 706/670/772 705/669/771 704/668/770
f 706/670/772 707/671/773 705/669/771
f 708/672/774 707/671/773 706/670/772
f 700/664/766 702/666/768 709/673/775
f 709/673/775 710/674/776 711/675/777
f 709/673/775 712/676/778 710/674/776
f 702/666/768 712/676/778 709/673/775
f 703/667/769 712/676/778 702/666/768
f 703/667/769 713/677/779 712/676/778
f 705/669/771 713/677/779 703/667/769
f 705/669/771 714/678/780 713/677/779
f 712/676/778 715/679/781 710/674/776
f 713/677/779 715/679/781 712/676/778
f 713/677/779 716/680/782 715/679/781
f 714/678/780 716/680/782 713/677/779
f 717/681/783 716/680/782 714/678/780
f 707/671/773 714/678/780 705/669/771
f 707/671/773 717/681/783 714/678/780
f 718/682/784 717/681/783 707/671/773
f 708/672/774 718/682/784 707/671/773
f 719/683/785 718/682/784 708/672/774
f 720/684/786 721/685/787 722/686/788
f 723/687/789 721/685/787 720/684/786
f 723/687/789 724/688/790 721/685/787
f 725/689/791 726/690/792 727/691/793
f 728/692/794 726/690/792 725/689/791
f 728/692/794 708/672/774 726/690/792
f 728/692/794 719/683/785 708/672/774
f 729/693/795 719/683/785 728/692/794
f 729/693/795 730/694/796 719/683/785
f 720/684/786 730/694/796 729/693/795
f 720/684/786 722/686/788 730/694/796
f 729/693/795 728/692/794 725/689/791
f 731/695/797 699/663/765 698/662/764
f 731/695/797 704/668/770 699/663/765
f 732/696/798 704/668/770 731/695/797
f 732/696/798 706/670/772 704/668/770
f 733/697/799 706/670/772 732/696/798
f 733/697/799 708/672/774 706/670/772
f 733/697/799 726/690/792 708/672/774
f 734/698/800 726/690/792 733/697/799
f 734/698/800 727/691/793 726/690/792
f 735/699/801 727/691/793 734/698/800
f 735/699/801 736/700/802 727/691/793
f 735/699/801 737/701/803 736/700/802
f 736/700/802 738/702/804 739/703/805
f 737/701/803 738/702/804 736/700/802
f 737/701/803 740/704/806 738/702/804
f 735/699/801 740/704/806 737/701/803
f 735/699/801 741/705/807 740/704/806
f 734/698/800 741/705/807 735/699/801
f 734/698/800 742/706/808 741/705/807
f 743/707/809 742/706/808 734/698/800
f 743/5/809 744/5/810 742/5/808
f 745/708/811 744/709/810 743/707/809
f 336/5/812 740/5/806 741/5/807
f 746/5/813 740/5/806 336/5/812
f 746/710/813 738/702/804 740/704/806
f 747/711/814 738/702/804 746/710/813
f 747/711/814 739/703/805 738/702/804
f 748/712/815 739/703/805 747/711/814
f 748/712/815 749/713/816 739/703/805
f 750/714/817 749/713/816 748/712/815
f 750/714/817 723/687/789 749/713/816
f 746/710/813 751/715/818 747/711/814
f 746/5/813 334/5/819 751/5/818
f 336/5/812 334/5/819 746/5/813
f 333/5/820 751/5/818 334/5/819
f 750/714/817 724/688/790 723/687/789
f 750/714/817 752/716/821 724/688/790
f 748/712/815 752/716/821 750/714/817
f 748/712/815 753/717/822 752/716/821
f 747/711/814 753/717/822 748/712/815
f 747/711/814 754/718/823 753/717/822
f 751/715/818 754/718/823 747/711/814
f 751/715/818 755/719/824 754/718/823
f 333/314/820 755/719/824 751/715/818
f 332/313/825 755/719/824 333/314/820
f 752/716/821 756/720/826 724/688/790
f 757/721/827 756/720/826 752/716/821
f 757/721/827 758/722/828 756/720/826
f 754/718/823 759/723/829 753/717/822
f 755/719/824 759/723/829 754/718/823
f 760/724/830 759/723/829 755/719/824
f 760/724/830 761/725/831 759/723/829
f 762/726/832 761/725/831 760/724/830
f 762/726/832 763/727/833 761/725/831
f 764/728/834 763/727/833 762/726/832
f 332/313/825 760/724/830 755/719/824
f 331/312/835 760/724/830 332/313/825
f 331/312/835 762/726/832 760/724/830
f 330/311/836 762/726/832 331/312/835
f 329/310/837 762/726/832 330/311/836
f 329/310/837 764/728/834 762/726/832
f 328/309/838 764/728/834 329/310/837
f 308/289/839 764/728/834 328/309/838
f 307/288/840 764/728/834 308/289/839
f 306/5/841 764/5/834 307/5/840
f 765/729/842 305/286/843 433/399/844
f 306/287/841 305/286/843 765/729/842
f 306/287/841 763/727/833 764/728/834
f 765/729/842 763/727/833 306/287/841
f 765/729/842 761/725/831 763/727/833
f 766/730/845 761/725/831 765/729/842
f 766/730/845 759/723/829 761/725/831
f 767/731/846 759/723/829 766/730/845
f 767/731/846 753/717/822 759/723/829
f 768/732/847 753/717/822 767/731/846
f 768/732/847 769/733/848 753/717/822
f 770/734/849 769/733/848 768/732/847
f 771/735/850 772/736/851 773/737/852
f 771/735/850 774/738/853 772/736/851
f 775/739/854 774/738/853 771/735/850
f 775/739/854 776/740/855 774/738/853
f 777/741/856 776/740/855 775/739/854
f 777/741/856 778/742/857 776/740/855
f 770/734/849 778/742/857 777/741/856
f 768/732/847 778/742/857 770/734/849
f 768/732/847 779/743/858 778/742/857
f 767/731/846 779/743/858 768/732/847
f 780/744/859 771/735/850 773/737/852
f 781/745/860 771/735/850 780/744/859
f 781/745/860 775/739/854 771/735/850
f 777/741/856 782/746/861 770/734/849
f 777/741/856 783/747/862 782/746/861
f 775/739/854 783/747/862 777/741/856
f 781/745/860 783/747/862 775/739/854
f 781/745/860 784/748/863 783/747/862
f 780/744/859 784/748/863 781/745/860
f 780/744/859 785/749/864 784/748/863
f 780/744/859 786/750/865 785/749/864
f 780/744/859 787/751/866 786/750/865
f 773/737/852 787/751/866 780/744/859
f 773/737/852 788/752/867 787/751/866
f 773/737/852 789/753/868 788/752/867
f 772/736/851 789/753/868 773/737/852
f 587/551/869 788/752/867 586/550/870
f 588/552/871 788/752/867 587/551/869
f 588/552/871 787/751/866 788/752/867
f 559/5/872 787/5/866 588/5/871
f 559/754/872 786/750/865 787/751/866
f 558/5/873 786/5/865 559/5/872
f 790/5/874 786/5/865 558/5/873
f 790/755/874 785/749/864 786/750/865
f 791/756/875 785/749/864 790/755/874
f 791/756/875 784/748/863 785/749/864
f 562/5/876 790/5/874 558/5/873
f 792/5/877 790/5/874 562/5/876
f 792/757/877 791/756/875 790/755/874
f 793/758/878 791/756/875 792/757/877
f 793/758/878 794/759/879 791/756/875
f 793/758/878 795/760/880 794/759/879
f 796/761/881 795/760/880 793/758/878
f 796/761/881 797/762/882 795/760/880
f 798/763/883 797/762/882 796/761/881
f 798/763/883 799/764/884 797/762/882
f 793/5/878 798/5/883 796/5/881
f 792/757/877 798/765/883 793/758/878
f 792/5/877 564/5/885 798/5/883
f 562/5/876 564/5/885 792/5/877
f 799/764/884 800/766/886 797/762/882
f 801/767/887 800/766/886 799/764/884
f 564/5/885 799/5/884 798/5/883
f 556/5/888 799/5/884 564/5/885
f 556/5/888 801/5/887 799/5/884
f 555/5/889 801/5/887 556/5/888
f 555/5/889 802/5/890 801/5/887
f 390/5/891 802/5/890 555/5/889
f 390/5/891 803/5/892 802/5/890
f 389/5/893 803/5/892 390/5/891
f 389/5/893 804/5/894 803/5/892
f 387/5/895 804/5/894 389/5/893
f 800/766/886 805/768/896 806/769/897
f 800/766/886 807/770/898 805/768/896
f 801/5/887 807/5/898 800/5/886
f 802/771/890 807/770/898 801/772/887
f 802/771/890 808/773/899 807/770/898
f 803/774/892 808/773/899 802/771/890
f 803/774/892 809/775/900 808/773/899
f 804/5/894 809/5/900 803/5/892
f 804/776/894 810/777/901 809/775/900
f 811/778/902 810/777/901 804/776/894
f 807/770/898 808/773/899 805/768/896
f 385/5/903 804/5/894 387/5/895
f 385/5/903 811/5/902 804/5/894
f 384/5/904 811/5/902 385/5/903
f 380/5/905 811/5/902 384/5/904
f 381/5/906 811/5/902 380/5/905
f 382/5/907 811/5/902 381/5/906
f 382/353/907 810/777/901 811/778/902
f 812/779/908 810/777/901 382/353/907
f 812/779/908 809/775/900 810/777/901
f 813/780/909 809/775/900 812/779/908
f 812/5/908 383/5/910 479/5/911
f 382/353/907 383/354/910 812/779/908
f 812/779/908 814/781/912 813/780/909
f 812/779/908 815/782/913 814/781/912
f 479/5/911 815/5/913 812/5/908
f 482/5/914 815/5/913 479/5/911
f 483/5/915 815/5/913 482/5/914
f 483/783/915 816/784/916 815/782/913
f 485/5/917 816/5/916 483/5/915
f 485/785/917 817/786/918 816/784/916
f 485/785/917 818/787/919 817/786/918
f 486/5/920 818/5/919 485/5/917
f 819/788/921 816/784/916 817/786/918
f 814/781/912 816/784/916 819/788/921
f 814/781/912 815/782/913 816/784/916
f 814/781/912 819/788/921 820/789/922
f 821/790/923 818/787/919 822/791/924
f 821/790/923 817/786/918 818/787/919
f 823/792/925 817/786/918 821/790/923
f 823/792/925 819/788/921 817/786/918
f 824/793/926 819/788/921 823/792/925
f 824/793/926 820/789/922 819/788/921
f 825/794/927 820/789/922 824/793/926
f 826/795/928 820/789/922 825/794/927
f 813/780/909 820/789/922 826/795/928
f 813/780/909 814/781/912 820/789/922
f 824/793/926 827/796/929 825/794/927
f 824/793/926 828/797/930 827/796/929
f 823/792/925 828/797/930 824/793/926
f 823/792/925 829/798/931 828/797/930
f 821/790/923 829/798/931 823/792/925
f 821/790/923 830/799/932 829/798/931
f 822/791/924 830/799/932 821/790/923
f 822/791/924 831/800/933 830/799/932
f 832/801/934 831/800/933 822/791/924
f 833/802/935 831/800/933 832/801/934
f 834/803/936 830/799/932 831/800/933
f 835/804/937 830/799/932 834/803/936
f 835/804/937 829/798/931 830/799/932
f 836/805/938 835/804/937 834/803/936
f 837/806/939 835/804/937 836/805/938
f 837/806/939 829/798/931 835/804/937
f 837/806/939 828/797/930 829/798/931
f 838/807/940 828/797/930 837/806/939
f 838/807/940 827/796/929 828/797/930
f 837/806/939 839/808/941 838/807/940
f 836/805/938 839/808/941 837/806/939
f 836/805/938 840/809/942 839/808/941
f 841/810/943 840/809/942 836/805/938
f 842/811/944 840/809/942 841/810/943
f 842/811/944 843/812/945 840/809/942
f 844/813/946 845/814/947 846/815/948
f 844/813/946 847/816/949 845/814/947
f 843/812/945 847/816/949 844/813/946
f 842/811/944 847/816/949 843/812/945
f 842/811/944 848/817/950 847/816/949
f 841/810/943 848/817/950 842/811/944
f 841/810/943 849/818/951 848/817/950
f 841/810/943 850/819/952 849/818/951
f 836/805/938 850/819/952 841/810/943
f 836/805/938 851/820/953 850/819/952
f 834/803/936 851/820/953 836/805/938
f 852/821/954 853/822/955 854/823/956
f 849/818/951 853/822/955 852/821/954
f 850/819/952 853/822/955 849/818/951
f 855/824/957 831/800/933 833/802/935
f 855/824/957 834/803/936 831/800/933
f 856/825/958 834/803/936 855/824/957
f 856/825/958 851/820/953 834/803/936
f 857/826/959 851/820/953 856/825/958
f 857/826/959 850/819/952 851/820/953
f 858/827/960 850/819/952 857/826/959
f 858/827/960 853/822/955 850/819/952
f 859/828/961 853/822/955 858/827/960
f 859/828/961 854/823/956 853/822/955
f 860/829/962 854/823/956 859/828/961
f 860/829/962 852/821/954 854/823/956
f 861/830/963 852/821/954 860/829/962
f 601/565/964 855/824/957 833/802/935
f 529/497/965 855/824/957 601/565/964
f 529/497/965 856/825/958 855/824/957
f 528/496/966 856/825/958 529/497/965
f 528/496/966 857/826/959 856/825/958
f 527/495/967 857/826/959 528/496/966
f 527/495/967 858/827/960 857/826/959
f 526/494/968 858/827/960 527/495/967
f 526/494/968 859/828/961 858/827/960
f 862/5/969 859/5/961 526/5/968
f 525/493/970 862/831/969 526/494/968
f 862/832/969 863/833/971 864/834/972
f 525/5/970 863/5/971 862/5/969
f 525/5/970 530/5/973 863/5/971
f 862/832/969 860/829/962 859/828/961
f 864/834/972 860/829/962 862/832/969
f 864/834/972 861/830/963 860/829/962
f 865/835/974 861/830/963 864/834/972
f 865/835/974 866/836/975 861/830/963
f 867/837/976 866/836/975 865/835/974
f 867/837/976 868/838/977 866/836/975
f 869/839/978 868/838/977 867/837/976
f 869/839/978 870/840/979 845/814/947
f 869/839/978 871/841/980 870/840/979
f 867/837/976 871/841/980 869/839/978
f 867/837/976 872/842/981 871/841/980
f 865/835/974 872/842/981 867/837/976
f 865/835/974 873/843/982 872/842/981
f 864/834/972 873/843/982 865/835/974
f 864/834/972 874/844/983 873/843/982
f 863/833/971 874/844/983 864/834/972
f 863/833/971 875/845/984 874/844/983
f 872/842/981 876/846/985 871/841/980
f 877/847/986 876/846/985 872/842/981
f 878/848/987 876/846/985 877/847/986
f 879/849/988 880/850/989 881/851/990
f 879/849/988 882/852/991 880/850/989
f 883/853/992 882/852/991 879/849/988
f 878/848/987 884/854/993 885/855/994
f 877/847/986 884/854/993 878/848/987
f 877/847/986 886/856/995 884/854/993
f 877/847/986 887/857/996 886/856/995
f 872/842/981 887/857/996 877/847/986
f 872/842/981 873/843/982 887/857/996
f 885/855/994 880/850/989 882/852/991
f 884/854/993 880/850/989 885/855/994
f 884/854/993 881/851/990 880/850/989
f 886/856/995 881/851/990 884/854/993
f 888/858/997 887/857/996 873/843/982
f 889/859/998 887/857/996 888/858/997
f 889/859/998 886/856/995 887/857/996
f 890/860/999 886/856/995 889/859/998
f 890/860/999 881/851/990 886/856/995
f 891/861/1000 881/851/990 890/860/999
f 891/861/1000 879/849/988 881/851/990
f 892/862/1001 879/849/988 891/861/1000
f 892/862/1001 883/853/992 879/849/988
f 893/863/1002 883/853/992 892/862/1001
f 894/864/1003 891/861/1000 890/860/999
f 895/865/1004 891/861/1000 894/864/1003
f 895/865/1004 892/862/1001 891/861/1000
f 896/866/1005 892/862/1001 895/865/1004
f 897/867/1006 892/862/1001 896/866/1005
f 897/867/1006 893/863/1002 892/862/1001
f 895/865/1004 898/868/1007 680/644/727
f 894/864/1003 898/868/1007 895/865/1004
f 894/864/1003 899/869/1008 898/868/1007
f 894/864/1003 900/870/1009 899/869/1008
f 890/860/999 900/870/1009 894/864/1003
f 890/860/999 889/859/998 900/870/1009
f 680/644/727 901/871/1010 684/648/737
f 898/868/1007 901/871/1010 680/644/727
f 898/868/1007 899/869/1008 901/871/1010
f 901/871/1010 686/650/739 684/648/737
f 901/871/1010 689/653/743 686/650/739
f 899/869/1008 689/653/743 901/871/1010
f 899/869/1008 902/872/1011 689/653/743
f 900/870/1009 902/872/1011 899/869/1008
f 900/870/1009 903/873/1012 902/872/1011
f 889/859/998 903/873/1012 900/870/1009
f 888/858/997 903/873/1012 889/859/998
f 888/858/997 904/874/1013 903/873/1012
f 905/875/1014 904/874/1013 888/858/997
f 906/876/1015 907/877/1016 908/878/1017
f 909/879/1018 907/877/1016 906/876/1015
f 909/879/1018 904/874/1013 907/877/1016
f 909/879/1018 903/873/1012 904/874/1013
f 909/879/1018 902/872/1011 903/873/1012
f 688/652/741 902/872/1011 909/879/1018
f 688/652/741 689/653/743 902/872/1011
f 906/876/1015 688/652/741 909/879/1018
f 910/880/1019 904/874/1013 905/875/1014
f 910/880/1019 907/877/1016 904/874/1013
f 911/881/1020 907/877/1016 910/880/1019
f 911/881/1020 908/878/1017 907/877/1016
f 619/579/1021 908/878/1017 911/881/1020
f 618/578/1022 908/878/1017 619/579/1021
f 616/576/1023 908/878/1017 618/578/1022
f 616/576/1023 906/876/1015 908/878/1017
f 614/574/742 906/876/1015 616/576/1023
f 614/574/742 688/652/741 906/876/1015
f 911/881/1020 545/510/1024 619/579/1021
f 546/511/1025 545/510/1024 911/881/1020
f 547/5/1026 912/5/1027 548/5/1028
f 546/882/1025 912/883/1027 547/884/1026
f 546/5/1025 913/5/1029 912/5/1027
f 911/881/1020 913/885/1029 546/511/1025
f 911/881/1020 914/886/1030 913/885/1029
f 910/880/1019 914/886/1030 911/881/1020
f 910/880/1019 915/887/1031 914/886/1030
f 905/875/1014 915/887/1031 910/880/1019
f 905/875/1014 873/843/982 915/887/1031
f 888/858/997 873/843/982 905/875/1014
f 874/844/983 915/887/1031 873/843/982
f 875/845/984 915/887/1031 874/844/983
f 916/5/1032 915/5/1031 875/5/984
f 916/888/1032 914/886/1030 915/887/1031
f 917/889/1033 914/886/1030 916/888/1032
f 917/5/1033 913/5/1029 914/5/1030
f 912/5/1027 913/5/1029 917/5/1033
f 530/5/973 875/5/984 863/5/971
f 532/5/1034 875/5/984 530/5/973
f 532/5/1034 916/5/1032 875/5/984
f 554/5/1035 916/5/1032 532/5/1034
f 554/5/1035 917/5/1033 916/5/1032
f 553/5/1036 917/5/1033 554/5/1035
f 552/5/1037 917/5/1033 553/5/1036
f 552/5/1037 912/5/1027 917/5/1033
f 551/5/1038 912/5/1027 552/5/1037
f 548/5/1028 912/5/1027 551/5/1038
f 222/207/1039 918/890/1040 223/208/1041
f 919/891/1042 918/890/1040 920/892/1043
f 919/891/1042 223/208/1041 918/890/1040
f 224/209/1044 223/208/1041 919/891/1042
f 224/209/1044 921/893/1045 922/894/1046
f 919/891/1042 921/893/1045 224/209/1044
f 919/891/1042 923/895/1047 921/893/1045
f 920/892/1043 923/895/1047 919/891/1042
f 920/892/1043 924/896/1048 923/895/1047
f 925/897/1049 924/896/1048 920/892/1043
f 925/897/1049 926/898/1050 924/896/1048
f 927/899/1051 926/898/1050 925/897/1049
f 927/899/1051 928/900/1052 926/898/1050
f 929/901/1053 923/895/1047 924/896/1048
f 930/902/1054 923/895/1047 929/901/1053
f 930/902/1054 921/893/1045 923/895/1047
f 931/903/1055 921/893/1045 930/902/1054
f 931/903/1055 922/894/1046 921/893/1045
f 932/904/1056 922/894/1046 931/903/1055
f 932/904/1056 933/905/1057 922/894/1046
f 934/906/1058 933/905/1057 932/904/1056
f 934/906/1058 935/907/1059 933/905/1057
f 645/609/682 935/907/1059 934/906/1058
f 929/901/1053 931/903/1055 930/902/1054
f 936/908/1060 931/903/1055 929/901/1053
f 932/904/1056 931/903/1055 936/908/1060
f 245/5/1061 937/5/1062 244/5/1063
f 246/5/1064 937/5/1062 245/5/1061
f 246/5/1064 938/5/1065 937/5/1062
f 230/5/1066 938/5/1065 246/5/1064
f 230/5/1066 935/5/1059 938/5/1065
f 229/5/1067 935/5/1059 230/5/1066
f 229/214/1067 933/905/1057 935/907/1059
f 225/210/1068 933/905/1057 229/214/1067
f 225/210/1068 922/894/1046 933/905/1057
f 224/209/1044 922/894/1046 225/210/1068
f 645/609/682 938/909/1065 935/907/1059
f 640/604/677 938/909/1065 645/609/682
f 640/604/677 937/910/1062 938/909/1065
f 640/604/677 939/911/1069 937/910/1062
f 639/603/676 939/911/1069 640/604/677
f 940/912/1070 633/597/670 610/913/669
f 940/912/1070 637/601/674 633/597/670
f 940/912/1070 639/603/676 637/601/674
f 605/569/1071 639/603/676 940/912/1070
f 252/237/1072 639/603/676 605/569/1071
f 251/236/1073 639/603/676 252/237/1072
f 251/236/1073 939/911/1069 639/603/676
f 941/914/1074 939/911/1069 251/236/1073
f 941/914/1074 937/910/1062 939/911/1069
f 244/5/1063 937/5/1062 941/5/1074
f 940/912/1070 608/572/1075 605/569/1071
f 610/913/669 608/572/1075 940/912/1070
f 250/5/1076 941/5/1074 251/5/1073
f 242/5/1077 941/5/1074 250/5/1076
f 241/5/1078 941/5/1074 242/5/1077
f 241/5/1078 244/5/1063 941/5/1074
f 942/915/1079 943/916/1080 944/917/1081
f 945/918/1082 943/916/1080 942/915/1079
f 945/918/1082 946/919/1083 943/916/1080
f 947/920/1084 948/921/1085 949/922/1086
f 950/923/1087 948/921/1085 947/920/1084
f 950/923/1087 944/917/1081 948/921/1085
f 951/924/1088 944/917/1081 950/923/1087
f 951/924/1088 942/915/1079 944/917/1081
f 806/769/897 942/915/1079 951/924/1088
f 806/769/897 805/768/896 942/915/1079
f 797/762/882 952/925/1089 795/760/880
f 800/766/886 952/925/1089 797/762/882
f 806/769/897 952/925/1089 800/766/886
f 806/769/897 953/926/1090 952/925/1089
f 951/924/1088 953/926/1090 806/769/897
f 951/924/1088 950/923/1087 953/926/1090
f 954/927/1091 955/928/1092 956/929/1093
f 954/927/1091 957/930/1094 955/928/1092
f 958/931/1095 957/930/1094 954/927/1091
f 758/722/828 959/932/1096 960/933/1097
f 757/721/827 959/932/1096 758/722/828
f 757/721/827 961/934/1098 959/932/1096
f 757/721/827 769/733/848 961/934/1098
f 752/716/821 769/733/848 757/721/827
f 752/716/821 753/717/822 769/733/848
f 960/933/1097 955/928/1092 957/930/1094
f 959/932/1096 955/928/1092 960/933/1097
f 959/932/1096 956/929/1093 955/928/1092
f 961/934/1098 956/929/1093 959/932/1096
f 770/734/849 961/934/1098 769/733/848
f 782/746/861 961/934/1098 770/734/849
f 782/746/861 956/929/1093 961/934/1098
f 962/935/1099 956/929/1093 782/746/861
f 962/935/1099 954/927/1091 956/929/1093
f 963/936/1100 954/927/1091 962/935/1099
f 963/936/1100 958/931/1095 954/927/1091
f 964/937/1101 958/931/1095 963/936/1100
f 783/747/862 962/935/1099 782/746/861
f 784/748/863 962/935/1099 783/747/862
f 784/748/863 963/936/1100 962/935/1099
f 965/938/1102 784/748/863 791/756/875
f 965/938/1102 963/936/1100 784/748/863
f 966/939/1103 963/936/1100 965/938/1102
f 966/939/1103 964/937/1101 963/936/1100
f 967/940/1104 964/937/1101 966/939/1103
f 967/940/1104 968/941/1105 964/937/1101
f 947/920/1084 968/941/1105 967/940/1104
f 947/920/1084 949/922/1086 968/941/1105
f 794/759/879 965/938/1102 791/756/875
f 969/942/1106 965/938/1102 794/759/879
f 969/942/1106 966/939/1103 965/938/1102
f 967/940/1104 966/939/1103 969/942/1106
f 970/943/1107 971/944/1108 972/945/1109
f 970/943/1107 973/946/1110 971/944/1108
f 974/947/1111 973/946/1110 970/943/1107
f 974/947/1111 975/948/1112 973/946/1110
f 976/949/1113 975/948/1112 974/947/1111
f 976/949/1113 977/950/1114 975/948/1112
f 971/944/1108 745/708/811 972/945/1109
f 971/944/1108 978/951/1115 745/708/811
f 971/944/1108 979/952/1116 978/951/1115
f 973/946/1110 979/952/1116 971/944/1108
f 973/946/1110 980/953/1117 979/952/1116
f 975/948/1112 980/953/1117 973/946/1110
f 975/948/1112 283/264/1118 980/953/1117
f 977/950/1114 283/264/1118 975/948/1112
f 977/950/1114 270/251/758 283/264/1118
f 692/656/756 270/251/758 977/950/1114
f 979/952/1116 981/954/1119 978/951/1115
f 979/952/1116 289/270/1120 981/954/1119
f 979/952/1116 278/259/1121 289/270/1120
f 979/952/1116 279/260/1122 278/259/1121
f 980/953/1117 279/260/1122 979/952/1116
f 980/953/1117 282/263/1123 279/260/1122
f 283/264/1118 282/263/1123 980/953/1117
f 745/5/811 982/5/1124 744/5/810
f 978/951/1115 982/955/1124 745/708/811
f 978/5/1115 983/5/1125 982/5/1124
f 981/954/1119 983/956/1125 978/951/1115
f 981/5/1119 984/5/1126 983/5/1125
f 289/5/1120 984/5/1126 981/5/1119
f 288/5/1127 984/5/1126 289/5/1120
f 285/5/1128 984/5/1126 288/5/1127
f 441/5/1129 984/5/1126 285/5/1128
f 441/5/1129 983/5/1125 984/5/1126
f 444/5/1130 983/5/1125 441/5/1129
f 443/5/1131 983/5/1125 444/5/1130
f 443/5/1131 982/5/1124 983/5/1125
f 442/5/1132 982/5/1124 443/5/1131
f 442/5/1132 744/5/810 982/5/1124
f 339/5/1133 744/5/810 442/5/1132
f 339/5/1133 742/5/808 744/5/810
f 337/5/1134 742/5/808 339/5/1133
f 337/5/1134 741/5/807 742/5/808
f 336/5/812 741/5/807 337/5/1134
f 421/5/1135 985/5/1136 422/5/1137
f 420/386/1138 985/957/1136 421/387/1135
f 585/549/1139 985/957/1136 420/386/1138
f 585/549/1139 586/550/870 985/957/1136
f 986/958/1140 987/959/1141 428/960/1142
f 986/958/1140 774/738/853 987/959/1141
f 986/5/1140 772/5/851 774/5/853
f 424/5/1143 772/5/851 986/5/1140
f 423/5/1144 772/5/851 424/5/1143
f 422/388/1137 772/736/851 423/389/1144
f 422/388/1137 789/753/868 772/736/851
f 985/957/1136 789/753/868 422/388/1137
f 985/957/1136 788/752/867 789/753/868
f 586/550/870 788/752/867 985/957/1136
f 986/5/1140 427/5/1145 424/5/1143
f 428/5/1142 427/5/1145 986/5/1140
f 766/730/845 779/743/858 767/731/846
f 766/730/845 988/961/1146 779/743/858
f 765/729/842 988/961/1146 766/730/845
f 765/729/842 989/962/1147 988/961/1146
f 433/399/844 989/962/1147 765/729/842
f 432/5/1148 989/5/1147 433/5/844
f 430/5/1149 989/5/1147 432/5/1148
f 430/5/1149 990/5/1150 989/5/1147
f 428/393/1142 990/963/1150 430/396/1149
f 428/5/1142 987/5/1141 990/5/1150
f 990/964/1150 987/959/1141 991/965/1151
f 990/5/1150 988/5/1146 989/5/1147
f 991/965/1151 988/961/1146 990/964/1150
f 991/965/1151 779/743/858 988/961/1146
f 991/965/1151 778/742/857 779/743/858
f 991/965/1151 776/740/855 778/742/857
f 987/959/1141 776/740/855 991/965/1151
f 987/959/1141 774/738/853 776/740/855
f 476/5/1152 992/5/1153 475/5/1154
f 477/445/1155 992/966/1153 476/444/1152
f 604/568/1156 992/966/1153 477/445/1155
f 604/568/1156 603/567/1157 992/966/1153
f 472/5/1158 818/5/919 486/5/920
f 472/440/1158 822/791/924 818/787/919
f 474/442/1159 822/791/924 472/440/1158
f 475/443/1154 822/791/924 474/442/1159
f 475/443/1154 832/801/934 822/791/924
f 992/966/1153 832/801/934 475/443/1154
f 992/966/1153 833/802/935 832/801/934
f 603/567/1157 833/802/935 992/966/1153
f 602/566/1160 833/802/935 603/567/1157
f 601/565/964 833/802/935 602/566/1160
f 648/612/685 993/967/1161 649/613/686
f 647/611/684 993/967/1161 648/612/685
f 647/611/684 994/968/1162 993/967/1161
f 995/969/1163 994/968/1162 647/611/684
f 996/970/1164 994/968/1162 995/969/1163
f 996/970/1164 997/971/1165 994/968/1162
f 998/972/1166 999/973/1167 1000/974/1168
f 998/972/1166 1001/975/1169 999/973/1167
f 997/971/1165 1001/975/1169 998/972/1166
f 996/970/1164 1001/975/1169 997/971/1165
f 996/970/1164 1002/976/1170 1001/975/1169
f 995/969/1163 1002/976/1170 996/970/1164
f 995/969/1163 936/908/1060 1002/976/1170
f 995/969/1163 932/904/1056 936/908/1060
f 647/611/684 932/904/1056 995/969/1163
f 647/611/684 934/906/1058 932/904/1056
f 645/609/682 934/906/1058 647/611/684
f 649/613/686 1003/977/1171 655/619/692
f 993/967/1161 1003/977/1171 649/613/686
f 993/967/1161 1004/978/1172 1003/977/1171
f 994/968/1162 1004/978/1172 993/967/1161
f 994/968/1162 1005/979/1173 1004/978/1172
f 997/971/1165 1005/979/1173 994/968/1162
f 1004/978/1172 1006/980/1174 1003/977/1171
f 1004/978/1172 1007/981/1175 1006/980/1174
f 1005/979/1173 1007/981/1175 1004/978/1172
f 1008/982/1176 1009/983/1177 1010/984/1178
f 1011/985/1179 1009/983/1177 1008/982/1176
f 1011/985/1179 1012/986/1180 1009/983/1177
f 1006/980/1174 1012/986/1180 1011/985/1179
f 1007/981/1175 1012/986/1180 1006/980/1174
f 656/620/693 1010/984/1178 1013/987/1181
f 656/620/693 1008/982/1176 1010/984/1178
f 654/618/691 1008/982/1176 656/620/693
f 655/619/692 1008/982/1176 654/618/691
f 655/619/692 1011/985/1179 1008/982/1176
f 1003/977/1171 1011/985/1179 655/619/692
f 1003/977/1171 1006/980/1174 1011/985/1179
f 1014/988/1182 1015/989/1183 1016/990/1184
f 672/636/719 1015/989/1183 1014/988/1182
f 672/636/719 1013/987/1181 1015/989/1183
f 663/627/706 1013/987/1181 672/636/719
f 663/627/706 656/620/693 1013/987/1181
f 1017/991/1185 1014/988/1182 1016/990/1184
f 1017/991/1185 1018/992/1186 1014/988/1182
f 893/863/1002 1018/992/1186 1017/991/1185
f 897/867/1006 1018/992/1186 893/863/1002
f 897/867/1006 1019/993/1187 1018/992/1186
f 897/867/1006 1020/994/1188 1019/993/1187
f 896/866/1005 1020/994/1188 897/867/1006
f 896/866/1005 1021/995/1189 1020/994/1188
f 896/866/1005 681/645/728 1021/995/1189
f 896/866/1005 676/640/723 681/645/728
f 895/865/1004 676/640/723 896/866/1005
f 895/865/1004 678/642/725 676/640/723
f 680/644/727 678/642/725 895/865/1004
f 977/950/1114 693/657/759 692/656/756
f 976/949/1113 693/657/759 977/950/1114
f 976/949/1113 695/659/761 693/657/759
f 976/949/1113 698/662/764 695/659/761
f 974/947/1111 698/662/764 976/949/1113
f 974/947/1111 731/695/797 698/662/764
f 970/943/1107 731/695/797 974/947/1111
f 970/943/1107 732/696/798 731/695/797
f 972/945/1109 732/696/798 970/943/1107
f 972/945/1109 733/697/799 732/696/798
f 745/708/811 733/697/799 972/945/1109
f 743/707/809 733/697/799 745/708/811
f 743/707/809 734/698/800 733/697/799
f 1022/996/1190 1023/997/1191 1024/998/1192
f 1025/999/1193 1023/997/1191 1022/996/1190
f 1025/999/1193 1026/1000/1194 1023/997/1191
f 1027/1001/1195 1026/1000/1194 1025/999/1193
f 1028/1002/1196 1023/997/1191 1026/1000/1194
f 1028/1002/1196 1024/998/1192 1023/997/1191
f 1029/1003/1197 1024/998/1192 1028/1002/1196
f 946/919/1083 1025/999/1193 1022/996/1190
f 945/918/1082 1025/999/1193 946/919/1083
f 945/918/1082 1027/1001/1195 1025/999/1193
f 945/918/1082 1030/1004/1198 1027/1001/1195
f 942/915/1079 1030/1004/1198 945/918/1082
f 942/915/1079 805/768/896 1030/1004/1198
f 813/780/909 808/773/899 809/775/900
f 826/795/928 808/773/899 813/780/909
f 826/795/928 805/768/896 808/773/899
f 825/794/927 805/768/896 826/795/928
f 825/794/927 1030/1004/1198 805/768/896
f 827/796/929 1030/1004/1198 825/794/927
f 827/796/929 1027/1001/1195 1030/1004/1198
f 838/807/940 1027/1001/1195 827/796/929
f 838/807/940 1026/1000/1194 1027/1001/1195
f 839/808/941 1026/1000/1194 838/807/940
f 839/808/941 1028/1002/1196 1026/1000/1194
f 840/809/942 1028/1002/1196 839/808/941
f 840/809/942 1029/1003/1197 1028/1002/1196
f 843/812/945 1029/1003/1197 840/809/942
f 845/814/947 870/840/979 846/815/948
f 1031/1005/1199 701/665/767 700/664/766
f 1032/1006/1200 701/665/767 1031/1005/1199
f 1033/1007/1201 701/665/767 1032/1006/1200
f 1033/1007/1201 1034/1008/1202 701/665/767
f 1035/1009/1203 1034/1008/1202 1033/1007/1201
f 1035/1009/1203 1036/1010/1204 1034/1008/1202
f 1037/1011/1205 1036/1010/1204 1035/1009/1203
f 918/890/1040 1031/1005/1199 920/892/1043
f 918/890/1040 1032/1006/1200 1031/1005/1199
f 222/207/1039 1032/1006/1200 918/890/1040
f 211/196/1206 1032/1006/1200 222/207/1039
f 211/196/1206 1033/1007/1201 1032/1006/1200
f 210/195/1207 1033/1007/1201 211/196/1206
f 210/195/1207 1035/1009/1203 1033/1007/1201
f 209/194/1208 1035/1009/1203 210/195/1207
f 208/193/1209 1035/1009/1203 209/194/1208
f 208/193/1209 1037/1011/1205 1035/1009/1203
f 207/192/1210 1037/1011/1205 208/193/1209
f 200/183/1211 1037/1011/1205 207/192/1210
f 275/256/1212 1037/1011/1205 200/183/1211
f 274/5/755 1037/5/1205 275/5/1212
f 274/255/755 1036/1010/1204 1037/1011/1205
f 691/655/752 1036/1010/1204 274/255/755
f 691/655/752 1034/1008/1202 1036/1010/1204
f 694/658/760 1034/1008/1202 691/655/752
f 694/658/760 701/665/767 1034/1008/1202
f 696/660/762 701/665/767 694/658/760
f 999/973/1167 1038/1012/1213 1000/974/1168
f 928/900/1052 1038/1012/1213 999/973/1167
f 928/900/1052 711/675/777 1038/1012/1213
f 927/899/1051 711/675/777 928/900/1052
f 927/899/1051 709/673/775 711/675/777
f 925/897/1049 709/673/775 927/899/1051
f 925/897/1049 700/664/766 709/673/775
f 920/892/1043 700/664/766 925/897/1049
f 920/892/1043 1031/1005/1199 700/664/766
usemtl Material.064
f 1039/1013/1214 1044/1014/1215 1040/1015/1216
f 1040/1015/1216 1041/1016/1217 1039/1013/1214
f 1042/1017/1218 1039/1013/1214 1041/1016/1217
f 1045/1018/1219 1039/1013/1214 1042/1017/1218
f 1044/1014/1215 1039/1013/1214 1043/1019/1220
f 1046/1020/1221 1043/1019/1220 1039/1013/1214
f 1039/1013/1214 1045/1018/1219 1046/1020/1221
f 1048/1021/1222 1046/1020/1221 1045/1018/1219
f 1043/1019/1220 1046/1020/1221 1047/1022/1223
f 1049/1023/1224 1047/1022/1223 1046/1020/1221
f 1046/1020/1221 1048/1021/1222 1049/1023/1224
f 1047/1022/1223 1049/1023/1224 1050/1024/1225
f 1053/1025/1226 1050/1024/1225 1049/1023/1224
f 1052/1026/1227 1049/1023/1224 1051/1027/1228
f 1051/1027/1228 1049/1023/1224 1048/1021/1222
f 1049/1023/1224 1052/1026/1227 1053/1025/1226
f 1050/1024/1225 1053/1025/1226 1054/1028/1229
f 1056/1029/1230 1054/1028/1229 1053/1025/1226
f 1053/1025/1226 1055/1030/1231 1056/1029/1230
f 1055/1030/1231 1053/1025/1226 1052/1026/1227
f 1054/1028/1229 1056/1029/1230 1057/1031/1232
f 1059/1032/1233 1057/1031/1232 1056/1029/1230
f 1056/1029/1230 1058/1033/1234 1059/1032/1233
f 1058/1033/1234 1056/1029/1230 1060/1034/1235
f 1060/1034/1235 1056/1029/1230 1055/1030/1231
f 1055/5/1231 1062/5/1236 1060/5/1235
f 1060/5/1235 1061/5/1237 1058/5/1234
f 1061/5/1237 1060/5/1235 1062/5/1236
f 1065/5/1238 1062/5/1236 1063/5/1239
f 1064/5/1240 1063/5/1239 1062/5/1236
f 1062/5/1236 1055/5/1231 1064/5/1240
f 1062/5/1236 1065/5/1238 1061/5/1237
f 1063/5/1239 1066/5/1241 1065/5/1238
f 1065/5/1238 1066/5/1241 1067/5/1242
f 1067/1035/1242 1061/1036/1237 1065/1037/1238
f 1068/5/1243 1067/5/1242 1066/5/1241
f 1067/5/1242 1068/5/1243 1070/5/1244
f 1061/5/1237 1067/5/1242 1069/5/1245
f 1070/1038/1244 1069/1039/1245 1067/1040/1242
f 1070/5/1244 1068/5/1243 1071/5/1246
f 1069/1039/1245 1070/1038/1244 1072/1041/1247
f 1071/5/1246 1072/5/1247 1070/5/1244
f 1073/5/1248 1072/5/1247 1075/5/1249
f 1072/5/1247 1073/5/1248 1069/5/1245
f 1074/5/1250 1075/5/1249 1072/5/1247
f 1072/1042/1247 1071/1043/1246 1074/1044/1250
f 1077/1045/1251 1076/1046/1252 1075/1047/1249
f 1075/1047/1249 1076/1046/1252 1073/1048/1248
f 1075/5/1249 1074/5/1250 1077/5/1251
f 1076/1046/1252 1077/1045/1251 1079/1049/1253
f 1077/5/1251 1078/5/1254 1080/5/1255
f 1078/5/1254 1077/5/1251 1074/5/1250
f 1080/1050/1255 1079/1049/1253 1077/1045/1251
f 1079/1049/1253 1080/1050/1255 1082/1051/1256
f 1081/1052/1257 1082/1051/1256 1080/1050/1255
f 1080/5/1255 1083/5/1258 1081/5/1257
f 1083/5/1258 1080/5/1255 1078/5/1254
f 1078/1053/1254 1086/1054/1259 1083/1055/1258
f 1083/1056/1258 1084/1057/1260 1085/1058/1261
f 1084/5/1260 1083/5/1258 1086/5/1259
f 1085/5/1261 1081/5/1257 1083/5/1258
f 1089/5/1262 1086/5/1259 1087/5/1263
f 1088/5/1264 1087/5/1263 1086/5/1259
f 1086/5/1259 1078/5/1254 1088/5/1264
f 1086/5/1259 1089/5/1262 1084/5/1260
f 1084/5/1260 1089/5/1262 1090/5/1265
f 1091/5/1266 1090/5/1265 1089/5/1262
f 1090/5/1265 1091/5/1266 1092/5/1267
f 1092/5/1267 1091/5/1266 1093/5/1268
f 1094/5/1269 1093/5/1268 1091/5/1266
f 1093/5/1268 1094/5/1269 1095/5/1270
f 1095/5/1270 1094/5/1269 1096/5/1271
f 1097/5/1272 1096/5/1271 1094/5/1269
f 1096/5/1271 1097/5/1272 1098/5/1273
f 1098/5/1273 1097/5/1272 1099/5/1274
f 1100/5/1275 1099/5/1274 1097/5/1272
f 1099/5/1274 1100/5/1275 1101/5/1276
f 1101/5/1276 1100/5/1275 1102/5/1277
f 1103/5/1278 1102/5/1277 1100/5/1275
f 1102/5/1277 1103/5/1278 1104/5/1279
f 1104/5/1279 1103/5/1278 1105/5/1280
f 1106/5/1281 1105/5/1280 1103/5/1278
f 1105/1059/1280 1106/1060/1281 1107/1061/1282
f 1107/1061/1282 1106/1060/1281 1108/1062/1283
f 1109/1063/1284 1108/1062/1283 1106/1060/1281
f 1108/5/1283 1109/5/1284 1110/5/1285
f 1110/5/1285 1109/5/1284 1111/5/1286
f 1112/5/1287 1111/5/1286 1109/5/1284
f 1111/5/1286 1112/5/1287 1113/5/1288
f 1113/5/1288 1112/5/1287 1114/5/1289
f 1115/5/1290 1114/5/1289 1112/5/1287
f 1114/5/1289 1115/5/1290 1116/5/1291
f 1116/5/1291 1115/5/1290 1117/5/1292
f 1118/5/1293 1117/5/1292 1115/5/1290
f 1117/5/1292 1118/5/1293 1119/5/1294
f 1119/5/1294 1118/5/1293 1120/5/1295
f 1121/5/1296 1120/5/1295 1118/5/1293
f 1120/5/1295 1121/5/1296 1122/5/1297
f 1122/5/1297 1121/5/1296 1123/5/1298
f 1124/5/1299 1123/5/1298 1121/5/1296
f 1123/5/1298 1124/5/1299 1125/5/1300
f 1125/5/1300 1124/5/1299 1126/5/1301
f 1127/5/1302 1126/5/1301 1124/5/1299
f 1126/5/1301 1127/5/1302 1128/5/1303
f 1128/5/1303 1127/5/1302 1129/5/1304
f 1130/5/1305 1129/5/1304 1127/5/1302
f 1129/5/1304 1130/5/1305 1131/5/1306
f 1131/5/1306 1130/5/1305 1132/5/1307
f 1133/5/1308 1132/5/1307 1130/5/1305
f 1132/5/1307 1133/5/1308 1134/5/1309
f 1134/5/1309 1133/5/1308 1135/5/1310
f 1136/5/1311 1135/5/1310 1133/5/1308
f 1135/5/1310 1136/5/1311 1137/5/1312
f 1137/5/1312 1136/5/1311 1138/5/1313
f 1139/5/1314 1138/5/1313 1136/5/1311
f 1138/5/1313 1139/5/1314 1140/5/1315
f 1140/5/1315 1139/5/1314 1141/5/1316
f 1142/5/1317 1141/5/1316 1139/5/1314
f 1141/5/1316 1142/5/1317 1143/5/1318
f 1143/5/1318 1142/5/1317 1144/5/1319
f 1145/5/1320 1144/5/1319 1142/5/1317
f 1144/5/1319 1145/5/1320 1146/5/1321
f 1146/5/1321 1145/5/1320 1147/5/1322
f 1148/5/1323 1147/5/1322 1145/5/1320
f 1147/5/1322 1148/5/1323 1149/5/1324
f 1149/5/1324 1148/5/1323 1150/5/1325
f 1151/5/1326 1150/5/1325 1148/5/1323
f 1150/5/1325 1151/5/1326 1152/5/1327
f 1152/5/1327 1151/5/1326 1153/5/1328
f 1154/5/1329 1153/5/1328 1151/5/1326
f 1155/5/1330 1154/5/1329 1156/5/1331
f 1153/5/1328 1154/5/1329 1155/5/1330
f 1157/5/1332 1156/5/1331 1154/5/1329
f 1158/5/1333 1157/5/1332 1159/5/1334
f 1156/5/1331 1157/5/1332 1158/5/1333
f 1160/5/1335 1159/5/1334 1157/5/1332
f 1161/5/1336 1160/5/1335 1162/5/1337
f 1159/5/1334 1160/5/1335 1161/5/1336
f 1163/5/1338 1162/5/1337 1160/5/1335
f 1162/5/1337 1163/5/1338 1164/5/1339
f 1164/5/1339 1163/5/1338 1165/5/1340
f 1166/1064/1341 1165/1065/1340 1163/1066/1338
f 1165/1065/1340 1166/1064/1341 1167/1067/1342
f 1167/5/1342 1166/5/1341 1063/5/1239
f 1066/5/1241 1063/5/1239 1166/5/1341
f 1063/5/1239 1064/5/1240 1167/5/1342
f 1168/5/1343 1167/5/1342 1064/5/1240
f 1167/5/1342 1168/5/1343 1165/5/1340
f 1169/5/1344 1165/5/1340 1168/5/1343
f 1168/5/1343 1051/5/1228 1169/5/1344
f 1051/5/1228 1168/5/1343 1052/5/1227
f 1064/5/1240 1052/5/1227 1168/5/1343
f 1165/5/1340 1169/5/1344 1164/5/1339
f 1170/5/1345 1164/5/1339 1169/5/1344
f 1048/5/1222 1169/5/1344 1051/5/1228
f 1169/5/1344 1048/5/1222 1170/5/1345
f 1170/5/1345 1045/5/1219 1171/5/1346
f 1045/5/1219 1170/5/1345 1048/5/1222
f 1164/5/1339 1170/5/1345 1162/5/1337
f 1171/5/1346 1162/5/1337 1170/5/1345
f 1162/5/1337 1171/5/1346 1161/5/1336
f 1042/5/1218 1171/5/1346 1045/5/1219
f 1171/5/1346 1042/5/1218 1172/5/1347
f 1172/5/1347 1161/5/1336 1171/5/1346
f 1172/5/1347 1041/5/1217 1173/5/1348
f 1173/5/1348 1159/5/1334 1172/5/1347
f 1161/5/1336 1172/5/1347 1159/5/1334
f 1041/5/1217 1172/5/1347 1042/5/1218
f 1174/5/1349 1173/5/1348 1041/5/1217
f 1173/5/1348 1174/5/1349 1175/5/1350
f 1175/5/1350 1158/5/1333 1173/5/1348
f 1159/5/1334 1173/5/1348 1158/5/1333
f 1175/5/1350 1177/5/1351 1176/5/1352
f 1176/5/1352 1156/5/1331 1175/5/1350
f 1158/5/1333 1175/5/1350 1156/5/1331
f 1177/5/1351 1175/5/1350 1174/5/1349
f 1174/1068/1349 1178/1069/1353 1177/1070/1351
f 1177/1070/1351 1178/1069/1353 1179/1071/1354
f 1179/5/1354 1176/5/1352 1177/5/1351
f 1179/1071/1354 1181/1072/1355 1180/1073/1356
f 1180/5/1356 1182/5/1357 1179/5/1354
f 1176/5/1352 1179/5/1354 1182/5/1357
f 1181/1072/1355 1179/1071/1354 1178/1069/1353
f 1182/5/1357 1180/5/1356 1183/5/1358
f 1183/5/1358 1153/5/1328 1182/5/1357
f 1182/5/1357 1155/5/1330 1176/5/1352
f 1155/5/1330 1182/5/1357 1153/5/1328
f 1184/5/1359 1183/5/1358 1180/5/1356
f 1183/5/1358 1184/5/1359 1185/5/1360
f 1185/5/1360 1152/5/1327 1183/5/1358
f 1153/5/1328 1183/5/1358 1152/5/1327
f 1185/1074/1360 1187/1075/1361 1186/1076/1362
f 1186/5/1362 1150/5/1325 1185/5/1360
f 1152/5/1327 1185/5/1360 1150/5/1325
f 1187/5/1361 1185/5/1360 1184/5/1359
f 1188/1077/1363 1187/1075/1361 1189/1078/1364
f 1187/1075/1361 1188/1077/1363 1190/1079/1365
f 1184/1080/1359 1189/1078/1364 1187/1075/1361
f 1190/1079/1365 1186/1076/1362 1187/1075/1361
f 1191/1081/1366 1190/1079/1365 1188/1077/1363
f 1190/1079/1365 1191/1081/1366 1192/1082/1367
f 1192/1082/1367 1193/1083/1368 1190/1079/1365
f 1186/1076/1362 1190/1079/1365 1193/1083/1368
f 1193/1083/1368 1192/1082/1367 1194/1084/1369
f 1194/1084/1369 1147/1085/1322 1193/1083/1368
f 1193/5/1368 1149/5/1324 1186/5/1362
f 1149/1086/1324 1193/1083/1368 1147/1085/1322
f 1195/1087/1370 1194/1084/1369 1192/1082/1367
f 1194/1084/1369 1195/1087/1370 1196/1088/1371
f 1196/1088/1371 1146/1089/1321 1194/1084/1369
f 1147/1085/1322 1194/1084/1369 1146/1089/1321
f 1196/1088/1371 1198/1090/1372 1197/1091/1373
f 1197/1091/1373 1144/1092/1319 1196/1088/1371
f 1146/1089/1321 1196/1088/1371 1144/1092/1319
f 1198/1090/1372 1196/1088/1371 1195/1087/1370
f 1199/1093/1374 1198/1090/1372 1200/1094/1375
f 1198/1090/1372 1199/1093/1374 1201/1095/1376
f 1195/1087/1370 1200/1094/1375 1198/1090/1372
f 1201/1095/1376 1197/1091/1373 1198/1090/1372
f 1201/1095/1376 1199/1093/1374 1202/1096/1377
f 1202/1096/1377 1203/1097/1378 1201/1095/1376
f 1197/1091/1373 1201/1095/1376 1203/1097/1378
f 1203/1097/1378 1202/1096/1377 1204/1098/1379
f 1204/1098/1379 1141/1099/1316 1203/1097/1378
f 1203/1097/1378 1143/1100/1318 1197/1091/1373
f 1143/1100/1318 1203/1097/1378 1141/1099/1316
f 1205/1101/1380 1204/1098/1379 1202/1096/1377
f 1204/1098/1379 1205/1101/1380 1206/1102/1381
f 1206/1102/1381 1140/1103/1315 1204/1098/1379
f 1141/1099/1316 1204/1098/1379 1140/1103/1315
f 1206/1102/1381 1208/1104/1382 1207/1105/1383
f 1207/1105/1383 1138/1106/1313 1206/1102/1381
f 1140/1103/1315 1206/1102/1381 1138/1106/1313
f 1208/1104/1382 1206/1102/1381 1205/1101/1380
f 1205/1101/1380 1209/1107/1384 1208/1104/1382
f 1208/1104/1382 1209/1107/1384 1210/1108/1385
f 1210/1108/1385 1207/1105/1383 1208/1104/1382
f 1210/1108/1385 1212/1109/1386 1211/1110/1387
f 1211/1110/1387 1213/1111/1388 1210/1108/1385
f 1207/1105/1383 1210/1108/1385 1213/1111/1388
f 1212/1109/1386 1210/1108/1385 1209/1107/1384
f 1213/1111/1388 1211/1110/1387 1214/1112/1389
f 1214/1112/1389 1135/1113/1310 1213/1111/1388
f 1213/1111/1388 1137/1114/1312 1207/1105/1383
f 1137/1114/1312 1213/1111/1388 1135/1113/1310
f 1215/1115/1390 1214/1112/1389 1211/1110/1387
f 1214/1112/1389 1215/1115/1390 1216/1116/1391
f 1216/1116/1391 1134/1117/1309 1214/1112/1389
f 1135/1113/1310 1214/1112/1389 1134/1117/1309
f 1216/1116/1391 1218/1118/1392 1217/1119/1393
f 1217/1119/1393 1132/1120/1307 1216/1116/1391
f 1134/1117/1309 1216/1116/1391 1132/1120/1307
f 1218/1118/1392 1216/1116/1391 1215/1115/1390
f 1215/1115/1390 1219/1121/1394 1218/1118/1392
f 1221/1122/1395 1218/1118/1392 1219/1121/1394
f 1220/1123/1396 1217/1119/1393 1218/1118/1392
f 1218/1118/1392 1221/1122/1395 1220/1123/1396
f 1224/1124/1397 1220/1123/1396 1221/1122/1395
f 1223/1125/1398 1221/1122/1395 1222/1126/1399
f 1219/1121/1394 1222/1126/1399 1221/1122/1395
f 1221/1122/1395 1223/1125/1398 1224/1124/1397
f 1228/1127/1400 1224/1124/1397 1225/1128/1401
f 1226/1129/1402 1225/1128/1401 1224/1124/1397
f 1224/1124/1397 1227/1130/1403 1226/1129/1402
f 1227/1130/1403 1224/1124/1397 1223/1125/1398
f 1220/1123/1396 1224/1124/1397 1228/1127/1400
f 1228/1127/1400 1230/1131/1404 1220/1123/1396
f 1225/1128/1401 1229/1132/1405 1228/1127/1400
f 1230/1131/1404 1228/1127/1400 1229/1132/1405
f 1229/1132/1405 1129/1133/1304 1230/1131/1404
f 1230/1131/1404 1131/1134/1306 1217/1119/1393
f 1131/1134/1306 1230/1131/1404 1129/1133/1304
f 1217/1119/1393 1220/1123/1396 1230/1131/1404
f 1229/1132/1405 1225/1128/1401 1231/1135/1406
f 1231/1135/1406 1128/1136/1303 1229/1132/1405
f 1129/1133/1304 1229/1132/1405 1128/1136/1303
f 1231/1135/1406 1233/1137/1407 1232/1138/1408
f 1232/1138/1408 1126/1139/1301 1231/1135/1406
f 1128/1136/1303 1231/1135/1406 1126/1139/1301
f 1233/1137/1407 1231/1135/1406 1225/1128/1401
f 1234/1140/1409 1232/1138/1408 1233/1137/1407
f 1233/1137/1407 1235/1141/1410 1234/1140/1409
f 1235/1141/1410 1233/1137/1407 1226/1129/1402
f 1225/1128/1401 1226/1129/1402 1233/1137/1407
f 1234/1140/1409 1235/1141/1410 1239/1142/1411
f 1226/1129/1402 1236/1143/1412 1235/1141/1410
f 1237/1144/1413 1235/1141/1410 1236/1143/1412
f 1235/1141/1410 1237/1144/1413 1238/1145/1414
f 1238/1145/1414 1239/1142/1411 1235/1141/1410
f 1240/1146/1415 1241/1147/1416 1239/1142/1411
f 1239/1142/1411 1238/1145/1414 1240/1146/1415
f 1242/1148/1417 1239/1142/1411 1241/1147/1416
f 1239/1142/1411 1242/1148/1417 1234/1140/1409
f 1241/5/1416 1123/5/1298 1242/5/1417
f 1242/1148/1417 1125/1149/1300 1232/1138/1408
f 1125/5/1300 1242/5/1417 1123/5/1298
f 1232/1138/1408 1234/1140/1409 1242/1148/1417
f 1241/1147/1416 1240/1146/1415 1243/1150/1418
f 1243/5/1418 1122/5/1297 1241/5/1416
f 1123/5/1298 1241/5/1416 1122/5/1297
f 1243/1150/1418 1245/1151/1419 1244/1152/1420
f 1244/5/1420 1120/5/1295 1243/5/1418
f 1122/5/1297 1243/5/1418 1120/5/1295
f 1245/1151/1419 1243/1150/1418 1240/1146/1415
f 1247/1153/1421 1244/1152/1420 1245/1151/1419
f 1240/1146/1415 1246/1154/1422 1245/1151/1419
f 1245/1151/1419 1246/1154/1422 1247/1153/1421
f 1244/5/1420 1247/5/1421 1248/5/1423
f 1249/5/1424 1248/5/1423 1247/5/1421
f 1247/1153/1421 1250/1155/1425 1249/1156/1424
f 1250/1155/1425 1247/1153/1421 1246/1154/1422
f 1252/1157/1426 1250/1155/1425 1251/1158/1427
f 1246/1154/1422 1251/1158/1427 1250/1155/1425
f 1250/1155/1425 1252/1157/1426 1253/1159/1428
f 1253/1159/1428 1249/1156/1424 1250/1155/1425
f 1253/1159/1428 1255/1160/1429 1254/1161/1430
f 1254/1161/1430 1256/1162/1431 1253/1159/1428
f 1255/1160/1429 1253/1159/1428 1252/1157/1426
f 1249/1156/1424 1253/1159/1428 1257/1163/1432
f 1257/1163/1432 1253/1159/1428 1256/1162/1431
f 1259/5/1433 1257/5/1432 1258/5/1434
f 1256/5/1431 1258/5/1434 1257/5/1432
f 1257/5/1432 1259/5/1433 1249/5/1424
f 1248/5/1423 1249/5/1424 1259/5/1433
f 1259/5/1433 1117/5/1292 1248/5/1423
f 1258/5/1434 1116/5/1291 1259/5/1433
f 1117/5/1292 1259/5/1433 1116/5/1291
f 1258/5/1434 1256/5/1431 1260/5/1435
f 1260/5/1435 1114/5/1289 1258/5/1434
f 1116/5/1291 1258/5/1434 1114/5/1289
f 1262/5/1436 1260/5/1435 1256/5/1431
f 1261/5/1437 1113/5/1288 1260/5/1435
f 1260/5/1435 1262/5/1436 1261/5/1437
f 1114/5/1289 1260/5/1435 1113/5/1288
f 1264/5/1438 1261/5/1437 1262/5/1436
f 1263/1164/1439 1262/1165/1436 1254/1161/1430
f 1262/1165/1436 1263/1164/1439 1264/1166/1438
f 1256/1162/1431 1254/1161/1430 1262/1165/1436
f 1261/5/1437 1264/5/1438 1266/5/1440
f 1264/1166/1438 1263/1164/1439 1265/1167/1441
f 1265/5/1441 1266/5/1440 1264/5/1438
f 1267/5/1442 1110/5/1285 1266/5/1440
f 1266/5/1440 1265/5/1441 1267/5/1442
f 1111/5/1286 1266/5/1440 1110/5/1285
f 1266/5/1440 1111/5/1286 1261/5/1437
f 1110/5/1285 1267/5/1442 1108/5/1283
f 1268/5/1443 1267/5/1442 1265/5/1441
f 1267/5/1442 1268/5/1443 1269/5/1444
f 1269/5/1444 1108/5/1283 1267/5/1442
f 1270/5/1445 1107/5/1282 1269/5/1444
f 1269/5/1444 1271/5/1446 1270/5/1445
f 1108/5/1283 1269/5/1444 1107/5/1282
f 1271/5/1446 1269/5/1444 1268/5/1443
f 1272/5/1447 1270/5/1445 1271/5/1446
f 1271/1168/1446 1273/1169/1448 1272/1170/1447
f 1268/1171/1443 1273/1169/1448 1271/1168/1446
f 1273/1169/1448 1268/1171/1443 1274/1172/1449
f 1274/1172/1449 1275/1173/1450 1273/1169/1448
f 1276/1174/1451 1273/1169/1448 1275/1173/1450
f 1273/1169/1448 1276/1174/1451 1277/1175/1452
f 1277/1175/1452 1272/1170/1447 1273/1169/1448
f 1277/1175/1452 1279/1176/1453 1278/1177/1454
f 1278/1177/1454 1280/1178/1455 1277/1175/1452
f 1279/1176/1453 1277/1175/1452 1276/1174/1451
f 1272/1170/1447 1277/1175/1452 1280/1178/1455
f 1280/1178/1455 1278/1177/1454 1281/1179/1456
f 1281/5/1456 1283/5/1457 1280/5/1455
f 1280/5/1455 1282/5/1458 1272/5/1447
f 1282/5/1458 1280/5/1455 1283/5/1457
f 1104/1180/1279 1283/1181/1457 1102/1182/1277
f 1284/5/1459 1102/5/1277 1283/5/1457
f 1283/5/1457 1281/5/1456 1284/5/1459
f 1283/5/1457 1104/5/1279 1282/5/1458
f 1102/1183/1277 1284/1184/1459 1101/1185/1276
f 1286/5/1460 1101/5/1276 1284/5/1459
f 1285/5/1461 1284/5/1459 1281/5/1456
f 1284/5/1459 1285/5/1461 1286/5/1460
f 1101/1186/1276 1286/1187/1460 1099/1188/1274
f 1287/5/1462 1099/5/1274 1286/5/1460
f 1286/5/1460 1288/5/1463 1287/5/1462
f 1288/5/1463 1286/5/1460 1285/5/1461
f 1289/1189/1464 1288/1190/1463 1290/1191/1465
f 1288/1190/1463 1289/1189/1464 1291/1192/1466
f 1285/1193/1461 1290/1191/1465 1288/1190/1463
f 1291/1192/1466 1287/1194/1462 1288/1190/1463
f 1291/1192/1466 1289/1189/1464 1292/1195/1467
f 1292/5/1467 1293/5/1468 1291/5/1466
f 1287/5/1462 1291/5/1466 1293/5/1468
f 1098/5/1273 1293/5/1468 1096/5/1271
f 1294/1196/1469 1096/1197/1271 1293/1198/1468
f 1293/5/1468 1292/5/1467 1294/5/1469
f 1293/1199/1468 1098/1200/1273 1287/1201/1462
f 1096/5/1271 1294/5/1469 1095/5/1270
f 1295/5/1470 1294/5/1469 1292/5/1467
f 1294/5/1469 1295/5/1470 1296/5/1471
f 1296/5/1471 1095/5/1270 1294/5/1469
f 1095/5/1270 1296/5/1471 1093/5/1268
f 1297/1202/1472 1093/1203/1268 1296/1204/1471
f 1296/5/1471 1298/5/1473 1297/5/1472
f 1298/5/1473 1296/5/1471 1295/5/1470
f 1295/1205/1470 1299/1206/1474 1298/1207/1473
f 1298/1207/1473 1299/1206/1474 1300/1208/1475
f 1300/5/1475 1297/5/1472 1298/5/1473
f 1300/1208/1475 1302/1209/1476 1301/1210/1477
f 1301/5/1477 1303/5/1478 1300/5/1475
f 1297/5/1472 1300/5/1475 1303/5/1478
f 1302/1209/1476 1300/1208/1475 1299/1206/1474
f 1092/5/1267 1303/5/1478 1090/5/1265
f 1085/1211/1261 1090/1212/1265 1303/1213/1478
f 1303/5/1478 1301/5/1477 1085/5/1261
f 1303/1214/1478 1092/1215/1267 1297/1216/1472
f 1302/1209/1476 1305/1217/1479 1082/1051/1256
f 1082/1051/1256 1301/1210/1477 1302/1209/1476
f 1299/1206/1474 1304/1218/1480 1302/1209/1476
f 1305/1217/1479 1302/1209/1476 1304/1218/1480
f 1308/1219/1481 1305/1217/1479 1306/1220/1482
f 1304/1218/1480 1306/1220/1482 1305/1217/1479
f 1305/1217/1479 1308/1219/1481 1307/1221/1483
f 1307/1221/1483 1082/1051/1256 1305/1217/1479
f 1309/1222/1484 1307/1221/1483 1308/1219/1481
f 1311/1223/1485 1310/1224/1486 1309/1222/1484
f 1307/1221/1483 1309/1222/1484 1310/1224/1486
f 1310/1224/1486 1311/1223/1485 1312/1225/1487
f 1313/1226/1488 1312/1225/1487 1311/1223/1485
f 1312/1225/1487 1313/1226/1488 1057/1031/1232
f 1314/1227/1489 1057/1031/1232 1313/1226/1488
f 1057/1031/1232 1314/1227/1489 1054/1028/1229
f 1315/1228/1490 1054/1028/1229 1314/1227/1489
f 1316/1229/1491 1050/1024/1225 1315/1228/1490
f 1054/1028/1229 1315/1228/1490 1050/1024/1225
f 1050/1024/1225 1316/1229/1491 1047/1022/1223
f 1317/1230/1492 1047/1022/1223 1316/1229/1491
f 1047/1022/1223 1317/1230/1492 1043/1019/1220
f 1318/1231/1493 1043/1019/1220 1317/1230/1492
f 1043/1019/1220 1318/1231/1493 1044/1014/1215
f 1319/1232/1494 1044/1014/1215 1318/1231/1493
f 1321/1233/1495 1320/1234/1496 1319/1232/1494
f 1044/1014/1215 1319/1232/1494 1320/1234/1496
f 1320/1234/1496 1321/1233/1495 1322/1235/1497
f 1323/1236/1498 1322/1235/1497 1321/1233/1495
f 1322/1235/1497 1323/1236/1498 1324/1237/1499
f 1325/1238/1500 1324/1237/1499 1323/1236/1498
f 1324/1237/1499 1325/1238/1500 1326/1239/1501
f 1327/1240/1502 1326/1239/1501 1325/1238/1500
f 1329/1241/1503 1328/1242/1504 1327/1240/1502
f 1326/1239/1501 1327/1240/1502 1328/1242/1504
f 1328/1242/1504 1329/1241/1503 1330/1243/1505
f 1331/1244/1506 1330/1243/1505 1329/1241/1503
f 1330/1243/1505 1331/1244/1506 1332/1245/1507
f 1333/1246/1508 1332/1245/1507 1331/1244/1506
f 1332/1245/1507 1333/1246/1508 1334/1247/1509
f 1335/1248/1510 1334/1247/1509 1333/1246/1508
f 1337/1249/1511 1336/1250/1512 1335/1248/1510
f 1334/1247/1509 1335/1248/1510 1336/1250/1512
f 1336/1250/1512 1337/1249/1511 1338/1251/1513
f 1339/1252/1514 1338/1251/1513 1337/1249/1511
f 1338/1251/1513 1339/1252/1514 1340/1253/1515
f 1341/1254/1516 1340/1253/1515 1339/1252/1514
f 1340/1253/1515 1341/1254/1516 1222/1126/1399
f 1342/1255/1517 1222/1126/1399 1341/1254/1516
f 1343/1256/1518 1223/1125/1398 1342/1255/1517
f 1222/1126/1399 1342/1255/1517 1223/1125/1398
f 1223/1125/1398 1343/1256/1518 1227/1130/1403
f 1344/1257/1519 1227/1130/1403 1343/1256/1518
f 1227/1130/1403 1344/1257/1519 1236/1143/1412
f 1345/1258/1520 1236/1143/1412 1344/1257/1519
f 1236/1143/1412 1345/1258/1520 1237/1144/1413
f 1346/1259/1521 1237/1144/1413 1345/1258/1520
f 1348/1260/1522 1347/1261/1523 1346/1259/1521
f 1237/1144/1413 1346/1259/1521 1347/1261/1523
f 1347/1261/1523 1348/1260/1522 1251/1158/1427
f 1349/1262/1524 1251/1158/1427 1348/1260/1522
f 1251/1158/1427 1349/1262/1524 1252/1157/1426
f 1350/1263/1525 1252/1157/1426 1349/1262/1524
f 1252/1157/1426 1350/1263/1525 1255/1160/1429
f 1351/1264/1526 1255/1160/1429 1350/1263/1525
f 1353/1265/1527 1352/1266/1528 1351/1264/1526
f 1255/1160/1429 1351/1264/1526 1352/1266/1528
f 1352/1266/1528 1353/1265/1527 1354/1267/1529
f 1355/1268/1530 1354/1267/1529 1353/1265/1527
f 1354/1267/1529 1355/1268/1530 1275/1173/1450
f 1356/1269/1531 1275/1173/1450 1355/1268/1530
f 1275/1173/1450 1356/1269/1531 1276/1174/1451
f 1357/1270/1532 1276/1174/1451 1356/1269/1531
f 1358/1271/1533 1279/1176/1453 1357/1270/1532
f 1276/1174/1451 1357/1270/1532 1279/1176/1453
f 1279/1176/1453 1358/1271/1533 1359/1272/1534
f 1360/1273/1535 1359/1272/1534 1358/1271/1533
f 1362/1274/1536 1361/1275/1537 1360/1273/1535
f 1359/1272/1534 1360/1273/1535 1361/1275/1537
f 1361/1275/1537 1362/1274/1536 1364/1276/1538
f 1363/1277/1539 1364/1276/1538 1362/1274/1536
f 1289/1189/1464 1364/1276/1538 1365/1278/1540
f 1366/1279/1541 1365/1278/1540 1364/1276/1538
f 1364/1276/1538 1289/1189/1464 1361/1275/1537
f 1364/1276/1538 1363/1277/1539 1366/1279/1541
f 1365/1278/1540 1366/1279/1541 1299/1206/1474
f 1304/1218/1480 1299/1206/1474 1366/1279/1541
f 1366/1279/1541 1367/1280/1542 1304/1218/1480
f 1367/1280/1542 1366/1279/1541 1363/1277/1539
f 1306/1220/1482 1304/1218/1480 1367/1280/1542
f 1365/1278/1540 1292/1195/1467 1289/1189/1464
f 1292/1195/1467 1365/1278/1540 1295/1205/1470
f 1299/1206/1474 1295/1205/1470 1365/1278/1540
f 1361/1275/1537 1290/1191/1465 1359/1272/1534
f 1290/1191/1465 1361/1275/1537 1289/1189/1464
f 1359/1272/1534 1278/1177/1454 1279/1176/1453
f 1278/1177/1454 1359/1272/1534 1290/1191/1465
f 1354/1267/1529 1263/1164/1439 1352/1266/1528
f 1275/1173/1450 1274/1172/1449 1354/1267/1529
f 1263/1164/1439 1354/1267/1529 1274/1172/1449
f 1254/1161/1430 1352/1266/1528 1263/1164/1439
f 1352/1266/1528 1254/1161/1430 1255/1160/1429
f 1251/1158/1427 1246/1154/1422 1347/1261/1523
f 1238/1145/1414 1347/1261/1523 1246/1154/1422
f 1347/1261/1523 1238/1145/1414 1237/1144/1413
f 1340/1253/1515 1212/1109/1386 1338/1251/1513
f 1222/1126/1399 1219/1121/1394 1340/1253/1515
f 1212/1109/1386 1340/1253/1515 1219/1121/1394
f 1338/1251/1513 1209/1107/1384 1336/1250/1512
f 1209/1107/1384 1338/1251/1513 1212/1109/1386
f 1368/1281/1543 1336/1250/1512 1209/1107/1384
f 1336/1250/1512 1368/1281/1543 1334/1247/1509
f 1368/1281/1543 1202/1096/1377 1199/1093/1374
f 1202/1096/1377 1368/1281/1543 1205/1101/1380
f 1199/1093/1374 1334/1247/1509 1368/1281/1543
f 1209/1107/1384 1205/1101/1380 1368/1281/1543
f 1334/1247/1509 1199/1093/1374 1332/1245/1507
f 1200/1094/1375 1332/1245/1507 1199/1093/1374
f 1332/1245/1507 1200/1094/1375 1330/1243/1505
f 1191/1081/1366 1330/1243/1505 1200/1094/1375
f 1330/1243/1505 1191/1081/1366 1328/1242/1504
f 1188/1077/1363 1328/1242/1504 1191/1081/1366
f 1328/1242/1504 1188/1077/1363 1326/1239/1501
f 1189/1078/1364 1326/1239/1501 1188/1077/1363
f 1326/1239/1501 1189/1078/1364 1324/1237/1499
f 1181/1072/1355 1324/1237/1499 1189/1078/1364
f 1324/1237/1499 1181/1072/1355 1322/1235/1497
f 1322/1235/1497 1178/1069/1353 1320/1234/1496
f 1178/1069/1353 1322/1235/1497 1181/1072/1355
f 1040/1015/1216 1320/1234/1496 1178/1069/1353
f 1320/1234/1496 1040/1015/1216 1044/1014/1215
f 1312/1225/1487 1076/1046/1252 1310/1224/1486
f 1057/1031/1232 1059/1032/1233 1312/1225/1487
f 1076/1046/1252 1312/1225/1487 1059/1032/1233
f 1079/1049/1253 1310/1224/1486 1076/1046/1252
f 1310/1224/1486 1079/1049/1253 1307/1221/1483
f 1082/1051/1256 1307/1221/1483 1079/1049/1253
f 1301/1210/1477 1082/1051/1256 1081/1052/1257
f 1081/5/1257 1085/5/1261 1301/5/1477
f 1093/5/1268 1297/5/1472 1092/5/1267
f 1290/1191/1465 1285/1193/1461 1278/1177/1454
f 1099/5/1274 1287/5/1462 1098/5/1273
f 1281/1179/1456 1278/1177/1454 1285/1193/1461
f 1105/1282/1280 1282/1283/1458 1104/1284/1279
f 1282/5/1458 1105/5/1280 1270/5/1445
f 1270/5/1445 1272/5/1447 1282/5/1458
f 1274/1172/1449 1265/1167/1441 1263/1164/1439
f 1265/1167/1441 1274/1172/1449 1268/1171/1443
f 1107/5/1282 1270/5/1445 1105/5/1280
f 1113/5/1288 1261/5/1437 1111/5/1286
f 1248/5/1423 1119/5/1294 1244/5/1420
f 1119/5/1294 1248/5/1423 1117/5/1292
f 1246/1154/1422 1240/1146/1415 1238/1145/1414
f 1120/5/1295 1244/5/1420 1119/5/1294
f 1236/1143/1412 1226/1129/1402 1227/1130/1403
f 1126/1139/1301 1232/1138/1408 1125/1149/1300
f 1211/1110/1387 1219/1121/1394 1215/1115/1390
f 1219/1121/1394 1211/1110/1387 1212/1109/1386
f 1132/1120/1307 1217/1119/1393 1131/1134/1306
f 1138/1106/1313 1207/1105/1383 1137/1114/1312
f 1200/1094/1375 1195/1087/1370 1191/1081/1366
f 1144/1092/1319 1197/1091/1373 1143/1100/1318
f 1192/1082/1367 1191/1081/1366 1195/1087/1370
f 1189/1078/1364 1180/1073/1356 1181/1072/1355
f 1180/1073/1356 1189/1078/1364 1184/1080/1359
f 1150/5/1325 1186/5/1362 1149/5/1324
f 1178/1069/1353 1174/1068/1349 1040/1015/1216
f 1156/5/1331 1176/5/1352 1155/5/1330
f 1041/1016/1217 1040/1015/1216 1174/1068/1349
f 1090/5/1265 1085/5/1261 1084/5/1260
f 1071/5/1246 1087/5/1263 1088/5/1264
f 1074/1285/1250 1088/1286/1264 1078/1287/1254
f 1088/5/1264 1074/5/1250 1071/5/1246
f 1087/5/1263 1071/5/1246 1068/5/1243
f 1059/1032/1233 1073/1048/1248 1076/1046/1252
f 1073/1048/1248 1059/1032/1233 1058/1033/1234
f 1058/5/1234 1069/5/1245 1073/5/1248
f 1069/5/1245 1058/5/1234 1061/5/1237
f 1052/5/1227 1064/5/1240 1055/5/1231
usemtl Material.065
f 1369/5/1544 1372/5/1545 1370/5/1546
f 1369/5/1544 1370/5/1546 1371/5/1547
f 1373/5/1548 1372/5/1545 1369/5/1544
f 1373/5/1548 1374/5/1549 1372/5/1545
f 1375/5/1550 1374/5/1549 1373/5/1548
f 1375/5/1550 1376/5/1551 1374/5/1549
f 1377/5/1552 1376/5/1551 1375/5/1550
f 1377/5/1552 1378/5/1553 1376/5/1551
f 1379/5/1554 1378/5/1553 1377/5/1552
f 1379/5/1554 1380/5/1555 1378/5/1553
f 1381/5/1556 1380/5/1555 1379/5/1554
f 1383/5/1557 1382/5/1558 1381/5/1556
f 1381/5/1556 1382/5/1558 1380/5/1555
f 1383/5/1557 1384/5/1559 1382/5/1558
f 1385/5/1560 1384/5/1559 1383/5/1557
f 1385/5/1560 1387/5/1561 1384/5/1559
f 1386/5/1562 1387/5/1561 1385/5/1560
f 1386/5/1562 1388/5/1563 1387/5/1561
f 1388/5/1563 1389/5/1564 1387/5/1561
f 1387/5/1561 1389/5/1564 1390/5/1565
f 1387/5/1561 1390/5/1565 1384/5/1559
f 1384/5/1559 1390/5/1565 1391/5/1566
f 1393/1288/1567 1391/1289/1566 1390/1290/1565
f 1393/1288/1567 1390/1290/1565 1392/1291/1567
f 1392/1291/1567 1390/1290/1565 1389/1292/1564
f 1394/1293/1568 1391/1289/1566 1393/1288/1567
f 1395/1294/1569 1394/1293/1568 1393/1288/1567
f 1395/1294/1569 1393/1288/1567 1396/1295/1568
f 1396/1295/1568 1393/1288/1567 1392/1291/1567
f 1396/1295/1568 1392/1291/1567 1399/1296/1568
f 1397/1297/1570 1396/1295/1568 1398/1298/1571
f 1397/1297/1570 1395/1294/1569 1396/1295/1568
f 1398/1298/1571 1396/1295/1568 1399/1296/1568
f 1399/1296/1568 1392/1291/1567 1401/1299/1568
f 1398/1298/1571 1399/1296/1568 1400/1300/1572
f 1400/1300/1572 1399/1296/1568 1402/1301/1568
f 1399/1296/1568 1401/1299/1568 1402/1301/1568
f 1404/1302/1573 1402/1301/1568 1403/1303/1569
f 1402/1301/1568 1405/1304/1568 1403/1303/1569
f 1400/1300/1572 1402/1301/1568 1404/1302/1573
f 1402/1301/1568 1401/1299/1568 1405/1304/1568
f 1401/1299/1568 1406/1305/1574 1405/1304/1568
f 1405/1304/1568 1406/1305/1574 1407/1306/1575
f 1405/1304/1568 1407/1306/1575 1408/1307/1568
f 1403/1303/1569 1405/1304/1568 1408/1307/1568
f 1403/1303/1569 1408/1307/1568 1409/1308/1568
f 1409/1308/1568 1408/1307/1568 1411/1309/1567
f 1408/1307/1568 1407/1306/1575 1410/1310/1576
f 1408/1307/1568 1410/1310/1576 1411/1309/1567
f 1411/1309/1567 1412/1311/1577 1413/1312/1567
f 1411/1309/1567 1410/1310/1576 1412/1311/1577
f 1414/1313/1568 1411/1309/1567 1413/1312/1567
f 1409/1308/1568 1411/1309/1567 1414/1313/1568
f 1414/1313/1568 1413/1312/1567 1416/1314/1568
f 1415/1315/1578 1409/1308/1568 1414/1313/1568
f 1415/1315/1578 1414/1313/1568 1417/1316/1579
f 1417/1316/1579 1414/1313/1568 1416/1314/1568
f 1418/1317/1580 1415/1315/1578 1417/1316/1579
f 1418/1317/1580 1417/1316/1579 1420/1318/1581
f 1417/1316/1579 1416/1314/1568 1419/1319/1582
f 1420/5/1581 1417/5/1579 1419/5/1582
f 1420/1320/1581 1419/1321/1582 1421/1322/1583
f 1421/5/1583 1419/5/1582 1422/5/1584
f 1421/5/1583 1422/5/1584 1423/5/1585
f 1423/5/1585 1424/5/1586 1425/5/1587
f 1423/5/1585 1422/5/1584 1424/5/1586
f 1425/5/1587 1426/5/1588 1427/5/1589
f 1425/5/1587 1424/5/1586 1426/5/1588
f 1427/5/1589 1426/5/1588 1428/5/1590
f 1427/5/1589 1428/5/1590 1429/5/1591
f 1429/5/1591 1428/5/1590 1430/5/1592
f 1429/5/1591 1430/5/1592 1431/5/1593
f 1431/5/1593 1433/5/1594 1432/5/1595
f 1431/5/1593 1430/5/1592 1433/5/1594
f 1430/1323/1592 1434/1324/1567 1433/1325/1594
f 1433/1325/1594 1434/1324/1567 1435/1326/1568
f 1433/1325/1594 1435/1326/1568 1436/1327/1596
f 1432/5/1595 1433/5/1594 1436/5/1596
f 1432/5/1595 1436/5/1596 1437/5/1597
f 1436/1327/1596 1435/1326/1568 1439/1328/1567
f 1437/5/1597 1436/5/1596 1438/5/1598
f 1436/1327/1596 1439/1328/1567 1438/1329/1598
f 1435/1326/1568 1440/1330/1567 1439/1328/1567
f 1439/1328/1567 1440/1330/1567 1441/1331/1568
f 1439/1328/1567 1441/1331/1568 1442/1332/1569
f 1438/1329/1598 1439/1328/1567 1442/1332/1569
f 1444/1333/1599 1442/1332/1569 1443/1334/1568
f 1442/1332/1569 1445/1335/1568 1443/1334/1568
f 1438/1329/1598 1442/1332/1569 1444/1333/1599
f 1442/1332/1569 1441/1331/1568 1445/1335/1568
f 1441/1331/1568 1448/1336/1600 1445/1335/1568
f 1445/1335/1568 1446/1337/1601 1447/1338/1569
f 1445/1335/1568 1448/1336/1600 1446/1337/1601
f 1443/1334/1568 1445/1335/1568 1447/1338/1569
f 1450/1339/1602 1448/1336/1600 1449/1340/1603
f 1449/1340/1603 1448/1336/1600 1451/1341/1604
f 1450/1339/1602 1446/1337/1601 1448/1336/1600
f 1441/1331/1568 1451/1341/1604 1448/1336/1600
f 1440/1330/1567 1451/1341/1604 1441/1331/1568
f 1440/1330/1567 1452/1342/1605 1451/1341/1604
f 1453/1343/1606 1451/1341/1604 1452/1342/1605
f 1449/1340/1603 1451/1341/1604 1453/1343/1606
f 1455/1344/1607 1453/1343/1606 1454/1345/1608
f 1454/1345/1608 1453/1343/1606 1456/1346/1609
f 1453/1343/1606 1452/1342/1605 1456/1346/1609
f 1455/1344/1607 1449/1340/1603 1453/1343/1606
f 1456/1346/1609 1459/1347/1610 1457/1348/1611
f 1458/1349/1612 1456/1346/1609 1457/1348/1611
f 1454/1345/1608 1456/1346/1609 1458/1349/1612
f 1456/1346/1609 1452/1342/1605 1459/1347/1610
f 1460/1350/1569 1459/1347/1610 1452/1342/1605
f 1462/1351/1568 1459/1347/1610 1460/1350/1569
f 1457/1348/1611 1459/1347/1610 1461/1352/1613
f 1462/1351/1568 1461/1352/1613 1459/1347/1610
f 1463/1353/1567 1461/1352/1613 1462/1351/1568
f 1464/1354/1568 1463/1353/1567 1462/1351/1568
f 1464/1354/1568 1462/1351/1568 1434/1324/1567
f 1434/1324/1567 1462/1351/1568 1460/1350/1569
f 1465/1355/1569 1463/1353/1567 1464/1354/1568
f 1428/1356/1590 1464/1354/1568 1430/1323/1592
f 1428/1356/1590 1465/1355/1569 1464/1354/1568
f 1430/1323/1592 1464/1354/1568 1434/1324/1567
f 1467/1357/1614 1466/1358/1568 1465/1355/1569
f 1465/1355/1569 1466/1358/1568 1463/1353/1567
f 1426/1359/1588 1467/1357/1614 1465/1355/1569
f 1426/1359/1588 1465/1355/1569 1428/1356/1590
f 1467/1357/1614 1468/1360/1567 1466/1358/1568
f 1469/1361/1614 1468/1360/1567 1467/1357/1614
f 1424/1362/1586 1467/1357/1614 1426/1359/1588
f 1424/1362/1586 1469/1361/1614 1467/1357/1614
f 1422/1363/1584 1470/1364/1568 1469/1361/1614
f 1470/1364/1568 1471/1365/1569 1469/1361/1614
f 1469/1361/1614 1471/1365/1569 1468/1360/1567
f 1422/1363/1584 1469/1361/1614 1424/1362/1586
f 1470/1364/1568 1472/1366/1569 1471/1365/1569
f 1472/1366/1569 1474/1367/1615 1471/1365/1569
f 1471/1365/1569 1473/1368/1616 1468/1360/1567
f 1471/1365/1569 1474/1367/1615 1473/1368/1616
f 1475/5/1617 1474/5/1615 1476/5/1618
f 1475/5/1617 1473/5/1616 1474/5/1615
f 1476/5/1618 1474/5/1615 1477/5/1619
f 1472/1366/1569 1477/1369/1619 1474/1367/1615
f 1413/1312/1567 1477/1369/1619 1472/1366/1569
f 1478/1370/1620 1477/1369/1619 1412/1311/1577
f 1413/1312/1567 1412/1311/1577 1477/1369/1619
f 1476/1371/1618 1477/1369/1619 1478/1370/1620
f 1478/1370/1620 1412/1311/1577 1481/1372/1621
f 1479/1373/1622 1476/1371/1618 1478/1370/1620
f 1479/1373/1622 1478/1370/1620 1480/1374/1623
f 1480/1374/1623 1478/1370/1620 1481/1372/1621
f 1483/1375/1624 1481/1372/1621 1482/1376/1625
f 1481/1372/1621 1410/1310/1576 1482/1376/1625
f 1480/1374/1623 1481/1372/1621 1483/1375/1624
f 1481/1372/1621 1412/1311/1577 1410/1310/1576
f 1483/1375/1624 1482/1376/1625 1484/1377/1626
f 1484/1377/1626 1482/1376/1625 1486/1378/1627
f 1484/1377/1626 1486/1378/1627 1485/1379/1628
f 1485/5/1628 1486/5/1627 1388/5/1563
f 1486/5/1627 1406/5/1574 1388/5/1563
f 1486/5/1627 1407/5/1575 1406/5/1574
f 1482/1376/1625 1407/1306/1575 1486/1378/1627
f 1485/5/1628 1388/5/1563 1386/5/1562
f 1482/1376/1625 1410/1310/1576 1407/1306/1575
f 1487/1380/1629 1476/1371/1618 1479/1373/1622
f 1487/1380/1629 1475/1381/1617 1476/1371/1618
f 1488/1382/1630 1475/1381/1617 1487/1380/1629
f 1488/1382/1630 1489/1383/1631 1475/1381/1617
f 1490/1384/1632 1489/1383/1631 1488/1382/1630
f 1490/1384/1632 1491/1385/1633 1489/1383/1631
f 1492/1386/1634 1491/1385/1633 1490/1384/1632
f 1494/1387/1635 1493/1388/1636 1492/1386/1634
f 1492/1386/1634 1493/1388/1636 1491/1385/1633
f 1494/1387/1635 1457/1348/1611 1493/1388/1636
f 1458/1349/1612 1457/1348/1611 1494/1387/1635
f 1493/1388/1636 1461/1352/1613 1495/1389/1637
f 1493/1388/1636 1495/1389/1637 1491/1385/1633
f 1457/1348/1611 1461/1352/1613 1493/1388/1636
f 1466/1358/1568 1496/1390/1638 1495/1389/1637
f 1491/1385/1633 1495/1389/1637 1496/1390/1638
f 1466/1358/1568 1495/1389/1637 1463/1353/1567
f 1463/1353/1567 1495/1389/1637 1461/1352/1613
f 1468/1360/1567 1496/1390/1638 1466/1358/1568
f 1468/1360/1567 1473/1368/1616 1496/1390/1638
f 1489/5/1631 1496/5/1638 1473/5/1616
f 1491/1385/1633 1496/1390/1638 1489/1383/1631
f 1489/5/1631 1473/5/1616 1475/5/1617
f 1416/1314/1568 1413/1312/1567 1472/1366/1569
f 1416/1314/1568 1472/1366/1569 1470/1364/1568
f 1419/1319/1582 1470/1364/1568 1422/1363/1584
f 1419/1319/1582 1416/1314/1568 1470/1364/1568
f 1434/1324/1567 1460/1350/1569 1435/1326/1568
f 1435/1326/1568 1460/1350/1569 1440/1330/1567
f 1460/1350/1569 1452/1342/1605 1440/1330/1567
f 1497/1391/1639 1449/1340/1603 1455/1344/1607
f 1497/1391/1639 1450/1339/1602 1449/1340/1603
f 1498/1392/1640 1450/1339/1602 1497/1391/1639
f 1498/1392/1640 1499/1393/1641 1450/1339/1602
f 1500/1394/1642 1499/1393/1641 1498/1392/1640
f 1502/1395/1643 1501/1396/1644 1500/1394/1642
f 1500/1394/1642 1501/1396/1644 1499/1393/1641
f 1502/1395/1643 1504/1397/1645 1501/1396/1644
f 1503/1398/1646 1504/1397/1645 1502/1395/1643
f 1504/1397/1645 1506/1399/1647 1501/1396/1644
f 1505/1400/1648 1507/1401/1649 1504/1397/1645
f 1503/1398/1646 1505/1400/1648 1504/1397/1645
f 1504/1397/1645 1507/1401/1649 1506/1399/1647
f 1509/1402/1568 1506/1399/1647 1507/1401/1649
f 1508/1403/1568 1507/1401/1649 1510/1404/1650
f 1509/1402/1568 1507/1401/1649 1508/1403/1568
f 1505/1400/1648 1510/1404/1650 1507/1401/1649
f 1512/1405/1567 1510/1404/1650 1511/1406/1651
f 1513/1407/1652 1511/1406/1651 1510/1404/1650
f 1508/1403/1568 1510/1404/1650 1512/1405/1567
f 1513/1407/1652 1510/1404/1650 1505/1400/1648
f 1514/1408/1653 1511/1406/1651 1513/1407/1652
f 1515/1409/1654 1514/1408/1653 1513/1407/1652
f 1515/1409/1654 1513/1407/1652 1516/1410/1655
f 1516/1410/1655 1513/1407/1652 1505/1400/1648
f 1516/1410/1655 1505/1400/1648 1503/1398/1646
f 1517/1411/1656 1514/1408/1653 1515/1409/1654
f 1519/1412/1657 1518/1413/1658 1517/1411/1656
f 1517/1411/1656 1518/1413/1658 1514/1408/1653
f 1520/1414/1659 1521/1415/1660 1519/1412/1657
f 1519/1412/1657 1521/1415/1660 1518/1413/1658
f 1520/1414/1659 1524/1416/1661 1521/1415/1660
f 1521/1415/1660 1522/1417/1662 1518/1413/1658
f 1521/1415/1660 1523/1418/1663 1522/1417/1662
f 1524/1416/1661 1523/1418/1663 1521/1415/1660
f 1520/1414/1659 1525/1419/1664 1524/1416/1661
f 1524/1416/1661 1525/1419/1664 1526/1420/1665
f 1524/1416/1661 1526/1420/1665 1527/1421/1666
f 1524/1416/1661 1527/1421/1666 1523/1418/1663
f 1528/1422/1568 1527/1421/1666 1526/1420/1665
f 1529/5/1569 1527/5/1666 1528/5/1568
f 1529/5/1569 1523/5/1663 1527/5/1666
f 1532/1423/1568 1529/1424/1569 1530/1425/1568
f 1530/1425/1568 1529/1424/1569 1528/1422/1568
f 1531/1426/1568 1523/1418/1663 1529/1424/1569
f 1532/1423/1568 1531/1426/1568 1529/1424/1569
f 1533/1427/1667 1532/1423/1568 1534/1428/1668
f 1533/1427/1667 1535/1429/1568 1532/1423/1568
f 1535/1429/1568 1531/1426/1568 1532/1423/1568
f 1534/1428/1668 1532/1423/1568 1530/1425/1568
f 1535/1429/1568 1538/1430/1567 1531/1426/1568
f 1537/1431/1669 1536/1432/1567 1535/1429/1568
f 1536/1432/1567 1538/1430/1567 1535/1429/1568
f 1537/1431/1669 1535/1429/1568 1533/1427/1667
f 1536/1432/1567 1539/1433/1567 1538/1430/1567
f 1539/1433/1567 1540/1434/1670 1538/1430/1567
f 1538/1430/1567 1522/1417/1662 1531/1426/1568
f 1538/1430/1567 1540/1434/1670 1522/1417/1662
f 1518/1413/1658 1540/1434/1670 1514/1408/1653
f 1518/1413/1658 1522/1417/1662 1540/1434/1670
f 1539/1433/1567 1511/1406/1651 1540/1434/1670
f 1514/1408/1653 1540/1434/1670 1511/1406/1651
f 1541/1435/1671 1539/1433/1567 1536/1432/1567
f 1512/1405/1567 1511/1406/1651 1539/1433/1567
f 1541/1435/1671 1512/1405/1567 1539/1433/1567
f 1542/1436/1671 1512/1405/1567 1541/1435/1671
f 1543/1437/1672 1542/1436/1671 1541/1435/1671
f 1543/1437/1672 1541/1435/1671 1544/1438/1673
f 1544/1438/1673 1541/1435/1671 1536/1432/1567
f 1544/1438/1673 1536/1432/1567 1537/1431/1669
f 1545/5/1674 1544/5/1673 1537/5/1669
f 1546/5/1675 1544/5/1673 1545/5/1674
f 1546/5/1675 1543/5/1672 1544/5/1673
f 1547/5/1469 1543/5/1672 1546/5/1675
f 1549/5/1676 1548/5/1677 1547/5/1469
f 1547/5/1469 1548/5/1677 1543/5/1672
f 1550/5/1678 1551/5/1679 1549/5/1676
f 1549/5/1676 1551/5/1679 1548/5/1677
f 1553/1439/1680 1552/1440/1568 1551/1441/1679
f 1551/1441/1679 1552/1440/1568 1554/1442/1568
f 1550/5/1678 1553/5/1680 1551/5/1679
f 1551/1441/1679 1554/1442/1568 1548/1443/1677
f 1554/1442/1568 1508/1403/1568 1542/1436/1671
f 1554/1442/1568 1509/1402/1568 1508/1403/1568
f 1552/1440/1568 1509/1402/1568 1554/1442/1568
f 1548/1443/1677 1554/1442/1568 1542/1436/1671
f 1553/1439/1680 1555/1444/1569 1552/1440/1568
f 1557/1445/1681 1555/1444/1569 1553/1439/1680
f 1556/5/1682 1553/5/1680 1550/5/1678
f 1556/5/1682 1557/5/1681 1553/5/1680
f 1557/1445/1681 1443/1334/1568 1555/1444/1569
f 1444/1333/1599 1443/1334/1568 1557/1445/1681
f 1558/5/1683 1557/5/1681 1556/5/1682
f 1558/5/1683 1444/5/1599 1557/5/1681
f 1559/5/1684 1444/5/1599 1558/5/1683
f 1437/5/1597 1438/5/1598 1559/5/1684
f 1559/5/1684 1438/5/1598 1444/5/1599
f 1555/1444/1569 1560/1446/1567 1552/1440/1568
f 1555/1444/1569 1447/1338/1569 1560/1446/1567
f 1443/1334/1568 1447/1338/1569 1555/1444/1569
f 1560/5/1567 1506/5/1647 1509/5/1568
f 1560/5/1567 1561/5/1685 1506/5/1647
f 1552/1440/1568 1560/1446/1567 1509/1402/1568
f 1447/1338/1569 1561/1447/1685 1560/1446/1567
f 1447/1338/1569 1446/1337/1601 1561/1447/1685
f 1499/1393/1641 1561/1447/1685 1446/1337/1601
f 1501/1396/1644 1506/1399/1647 1561/1447/1685
f 1501/1396/1644 1561/1447/1685 1499/1393/1641
f 1548/1443/1677 1542/1436/1671 1543/1437/1672
f 1545/5/1674 1537/5/1669 1562/5/1686
f 1562/5/1686 1537/5/1669 1533/5/1667
f 1562/5/1686 1533/5/1667 1563/5/1687
f 1563/5/1687 1533/5/1667 1534/5/1668
f 1563/5/1687 1534/5/1668 1564/5/1688
f 1564/5/1688 1534/5/1668 1565/5/1689
f 1564/5/1688 1565/5/1689 1566/5/1690
f 1566/5/1690 1565/5/1689 1567/5/1691
f 1566/5/1690 1567/5/1691 1568/5/1692
f 1568/5/1692 1567/5/1691 1569/5/1693
f 1568/5/1692 1569/5/1693 1570/5/1694
f 1570/5/1694 1571/5/1695 1572/5/1696
f 1570/5/1694 1569/5/1693 1571/5/1695
f 1572/5/1696 1571/5/1695 1574/5/1697
f 1572/5/1696 1574/5/1697 1573/5/1698
f 1571/1448/1695 1575/1449/1568 1574/1450/1697
f 1574/1450/1697 1575/1449/1568 1576/1451/1569
f 1573/5/1698 1574/5/1697 1577/5/1699
f 1574/1450/1697 1576/1451/1569 1577/1452/1699
f 1577/1452/1699 1579/1453/1568 1578/1454/1700
f 1580/5/1701 1577/5/1699 1578/5/1700
f 1577/1452/1699 1576/1451/1569 1579/1453/1568
f 1573/5/1698 1577/5/1699 1580/5/1701
f 1580/5/1701 1578/5/1700 1581/5/1702
f 1581/5/1702 1578/5/1700 1583/5/1703
f 1581/5/1702 1583/5/1703 1582/5/1704
f 1583/1455/1703 1586/1456/1569 1584/1457/1567
f 1583/1455/1703 1584/1457/1567 1585/1458/1705
f 1582/5/1704 1583/5/1703 1585/5/1705
f 1578/1454/1700 1586/1456/1569 1583/1455/1703
f 1578/1454/1700 1579/1453/1568 1586/1456/1569
f 1586/1456/1569 1587/1459/1568 1588/1460/1568
f 1579/1453/1568 1587/1459/1568 1586/1456/1569
f 1586/1456/1569 1588/1460/1568 1584/1457/1567
f 1588/1460/1568 1589/1461/1706 1590/1462/1568
f 1588/1460/1568 1591/1463/1707 1589/1461/1706
f 1587/1459/1568 1591/1463/1707 1588/1460/1568
f 1584/1457/1567 1588/1460/1568 1590/1462/1568
f 1594/1464/1708 1589/1461/1706 1591/1463/1707
f 1592/1465/1709 1591/1463/1707 1593/1466/1710
f 1594/1464/1708 1591/1463/1707 1592/1465/1709
f 1587/1459/1568 1593/1466/1710 1591/1463/1707
f 1595/1467/1711 1589/1461/1706 1594/1464/1708
f 1596/1468/1712 1595/1467/1711 1594/1464/1708
f 1596/1468/1712 1594/1464/1708 1597/1469/1713
f 1597/1469/1713 1594/1464/1708 1592/1465/1709
f 1597/1469/1713 1592/1465/1709 1598/1470/1714
f 1598/1470/1714 1592/1465/1709 1599/1471/1715
f 1598/1470/1714 1599/1471/1715 1600/1472/1716
f 1600/1472/1716 1599/1471/1715 1601/1473/1717
f 1600/1472/1716 1601/1473/1717 1602/1474/1718
f 1602/1474/1718 1601/1473/1717 1603/1475/1719
f 1602/1474/1718 1603/1475/1719 1604/1476/1720
f 1604/1476/1720 1603/1475/1719 1605/1477/1721
f 1604/1476/1720 1605/1477/1721 1606/1478/1722
f 1606/1478/1722 1605/1477/1721 1607/1479/1723
f 1606/1478/1722 1607/1479/1723 1608/1480/1724
f 1608/1480/1724 1607/1479/1723 1525/1419/1664
f 1608/1480/1724 1525/1419/1664 1609/1481/1725
f 1520/1414/1659 1609/1481/1725 1525/1419/1664
f 1607/1479/1723 1610/1482/1726 1526/1420/1665
f 1605/1477/1721 1610/1482/1726 1607/1479/1723
f 1607/1479/1723 1526/1420/1665 1525/1419/1664
f 1613/1483/1567 1610/1482/1726 1611/1484/1568
f 1611/1484/1568 1610/1482/1726 1612/1485/1727
f 1605/1477/1721 1612/1485/1727 1610/1482/1726
f 1613/1483/1567 1526/1420/1665 1610/1482/1726
f 1528/1422/1568 1526/1420/1665 1613/1483/1567
f 1615/1486/1568 1613/1483/1567 1611/1484/1568
f 1614/1487/1568 1528/1422/1568 1613/1483/1567
f 1614/1487/1568 1613/1483/1567 1615/1486/1568
f 1567/1488/1691 1614/1487/1568 1615/1486/1568
f 1569/1489/1693 1615/1486/1568 1616/1490/1569
f 1567/1488/1691 1615/1486/1568 1569/1489/1693
f 1615/1486/1568 1611/1484/1568 1616/1490/1569
f 1616/1490/1569 1617/1491/1567 1575/1449/1568
f 1571/1448/1695 1616/1490/1569 1575/1449/1568
f 1569/1489/1693 1616/1490/1569 1571/1448/1695
f 1616/1490/1569 1611/1484/1568 1617/1491/1567
f 1617/1491/1567 1612/1485/1727 1618/1492/1728
f 1617/1491/1567 1618/1492/1728 1619/1493/1568
f 1611/1484/1568 1612/1485/1727 1617/1491/1567
f 1575/1449/1568 1617/1491/1567 1619/1493/1568
f 1619/1493/1568 1618/1492/1728 1621/1494/1729
f 1576/1451/1569 1619/1493/1568 1620/1495/1569
f 1619/1493/1568 1621/1494/1729 1620/1495/1569
f 1575/1449/1568 1619/1493/1568 1576/1451/1569
f 1599/1471/1715 1621/1494/1729 1601/1473/1717
f 1599/1471/1715 1593/1466/1710 1621/1494/1729
f 1620/1495/1569 1621/1494/1729 1593/1466/1710
f 1601/1473/1717 1621/1494/1729 1618/1492/1728
f 1620/1495/1569 1593/1466/1710 1587/1459/1568
f 1576/1451/1569 1620/1495/1569 1579/1453/1568
f 1579/1453/1568 1620/1495/1569 1587/1459/1568
f 1603/1475/1719 1618/1492/1728 1612/1485/1727
f 1601/1473/1717 1618/1492/1728 1603/1475/1719
f 1565/1496/1689 1530/1425/1568 1614/1487/1568
f 1530/1425/1568 1528/1422/1568 1614/1487/1568
f 1565/1496/1689 1614/1487/1568 1567/1488/1691
f 1603/1475/1719 1612/1485/1727 1605/1477/1721
f 1592/1465/1709 1593/1466/1710 1599/1471/1715
f 1622/1497/1730 1595/1467/1711 1596/1468/1712
f 1623/1498/1731 1624/1499/1732 1622/1497/1730
f 1622/1497/1730 1624/1499/1732 1595/1467/1711
f 1625/1500/1733 1626/1501/1734 1624/1499/1732
f 1623/1498/1731 1625/1500/1733 1624/1499/1732
f 1624/1499/1732 1626/1501/1734 1627/1502/1735
f 1624/1499/1732 1627/1502/1735 1595/1467/1711
f 1595/1467/1711 1627/1502/1735 1589/1461/1706
f 1590/1462/1568 1589/1461/1706 1627/1502/1735
f 1590/1462/1568 1627/1502/1735 1628/1503/1568
f 1628/1503/1568 1627/1502/1735 1626/1501/1734
f 1631/1504/1569 1628/1503/1568 1629/1505/1569
f 1628/1503/1568 1626/1501/1734 1629/1505/1569
f 1630/1506/1569 1590/1462/1568 1628/1503/1568
f 1630/1506/1569 1628/1503/1568 1631/1504/1569
f 1631/1504/1569 1629/1505/1569 1634/1507/1568
f 1633/1508/1736 1631/1504/1569 1632/1509/1737
f 1632/1509/1737 1631/1504/1569 1634/1507/1568
f 1633/1508/1736 1630/1506/1569 1631/1504/1569
f 1634/1507/1568 1629/1505/1569 1636/1510/1567
f 1632/1509/1737 1634/1507/1568 1635/1511/1738
f 1635/1511/1738 1634/1507/1568 1637/1512/1567
f 1634/1507/1568 1636/1510/1567 1637/1512/1567
f 1640/1513/1739 1637/1512/1567 1638/1514/1568
f 1637/1512/1567 1639/1515/1569 1638/1514/1568
f 1637/1512/1567 1636/1510/1567 1639/1515/1569
f 1635/1511/1738 1637/1512/1567 1640/1513/1739
f 1640/1513/1739 1638/1514/1568 1641/1516/1740
f 1642/5/1741 1640/5/1739 1641/5/1740
f 1643/5/1742 1635/5/1738 1640/5/1739
f 1643/5/1742 1640/5/1739 1642/5/1741
f 1644/5/1743 1635/5/1738 1643/5/1742
f 1645/5/1744 1632/5/1737 1644/5/1743
f 1644/5/1743 1632/5/1737 1635/5/1738
f 1645/5/1744 1633/5/1736 1632/5/1737
f 1646/5/1745 1633/5/1736 1645/5/1744
f 1646/5/1745 1585/5/1705 1633/5/1736
f 1582/5/1704 1585/5/1705 1646/5/1745
f 1642/5/1741 1641/5/1740 1647/5/1746
f 1647/1517/1746 1648/1518/1747 1649/1519/1748
f 1647/1517/1746 1641/1516/1740 1648/1518/1747
f 1649/1519/1748 1650/1520/1749 1651/1521/1750
f 1649/1519/1748 1648/1518/1747 1650/1520/1749
f 1651/1521/1750 1650/1520/1749 1653/1522/1751
f 1651/1521/1750 1653/1522/1751 1652/1523/1752
f 1653/1522/1751 1654/1524/1569 1656/1525/1753
f 1653/1522/1751 1655/1526/1567 1654/1524/1569
f 1650/1520/1749 1655/1526/1567 1653/1522/1751
f 1652/1523/1752 1653/1522/1751 1656/1525/1753
f 1656/1525/1753 1657/1527/1568 1658/1528/1754
f 1656/1525/1753 1654/1524/1569 1657/1527/1568
f 1659/1529/1755 1656/1525/1753 1658/1528/1754
f 1652/1523/1752 1656/1525/1753 1659/1529/1755
f 1659/1529/1755 1658/1528/1754 1660/1530/1756
f 1660/1531/1756 1662/1532/1757 1661/1533/1379
f 1660/5/1756 1658/5/1754 1662/5/1757
f 1658/1528/1754 1663/1534/1568 1662/1532/1757
f 1662/1532/1757 1663/1534/1568 1665/1535/1568
f 1661/1533/1379 1662/1532/1757 1664/1536/1758
f 1662/1532/1757 1665/1535/1568 1664/1536/1758
f 1663/1534/1568 1666/1537/1568 1665/1535/1568
f 1665/1535/1568 1666/1537/1568 1668/1538/1568
f 1664/1536/1758 1665/1535/1568 1667/1539/1569
f 1665/1535/1568 1668/1538/1568 1667/1539/1569
f 1666/1537/1568 1671/1540/1759 1668/1538/1568
f 1668/1538/1568 1669/1541/1760 1670/1542/1569
f 1668/1538/1568 1671/1540/1759 1669/1541/1760
f 1667/1539/1569 1668/1538/1568 1670/1542/1569
f 1374/5/1549 1671/5/1759 1672/5/1761
f 1376/5/1551 1671/5/1759 1374/5/1549
f 1376/5/1551 1669/5/1760 1671/5/1759
f 1666/1537/1568 1672/1543/1761 1671/1540/1759
f 1372/5/1545 1672/5/1761 1673/5/1762
f 1374/5/1549 1672/5/1761 1372/5/1545
f 1674/1544/1568 1673/1545/1762 1672/1543/1761
f 1674/1544/1568 1672/1543/1761 1666/1537/1568
f 1657/1527/1568 1675/1546/1568 1674/1544/1568
f 1675/5/1568 1673/5/1762 1674/5/1568
f 1663/1534/1568 1674/1544/1568 1666/1537/1568
f 1657/1527/1568 1674/1544/1568 1663/1534/1568
f 1654/1524/1569 1676/1547/1568 1675/1546/1568
f 1676/1547/1568 1677/1548/1763 1675/1546/1568
f 1654/1524/1569 1675/1546/1568 1657/1527/1568
f 1675/1546/1568 1677/1548/1763 1673/1549/1762
f 1678/5/1764 1677/5/1763 1679/5/1765
f 1370/5/1546 1677/5/1763 1678/5/1764
f 1370/5/1546 1673/5/1762 1677/5/1763
f 1676/1547/1568 1679/1550/1765 1677/1548/1763
f 1678/5/1764 1679/5/1765 1680/5/1766
f 1680/5/1766 1679/5/1765 1681/5/1767
f 1682/1551/1568 1681/1552/1767 1679/1550/1765
f 1682/1551/1568 1679/1550/1765 1676/1547/1568
f 1683/1553/1568 1681/1552/1767 1682/1551/1568
f 1655/1526/1567 1682/1551/1568 1676/1547/1568
f 1684/1554/1568 1683/1553/1568 1682/1551/1568
f 1684/1554/1568 1682/1551/1568 1655/1526/1567
f 1650/1520/1749 1684/1554/1568 1655/1526/1567
f 1685/1555/1569 1683/1553/1568 1684/1554/1568
f 1648/1518/1747 1685/1555/1569 1684/1554/1568
f 1648/1518/1747 1684/1554/1568 1650/1520/1749
f 1685/1555/1569 1686/1556/1568 1683/1553/1568
f 1638/1514/1568 1686/1556/1568 1685/1555/1569
f 1641/1516/1740 1638/1514/1568 1685/1555/1569
f 1641/1516/1740 1685/1555/1569 1648/1518/1747
f 1686/1556/1568 1687/1557/1768 1683/1553/1568
f 1686/1556/1568 1688/1558/1769 1687/1557/1768
f 1639/1515/1569 1688/1558/1769 1686/1556/1568
f 1638/1514/1568 1639/1515/1569 1686/1556/1568
f 1689/5/1770 1688/5/1769 1690/5/1771
f 1689/1559/1770 1687/1557/1768 1688/1558/1769
f 1690/1560/1771 1688/1558/1769 1691/1561/1772
f 1639/1515/1569 1691/1561/1772 1688/1558/1769
f 1636/1510/1567 1691/1561/1772 1639/1515/1569
f 1636/1510/1567 1692/1562/1773 1691/1561/1772
f 1693/5/1774 1691/5/1772 1692/5/1773
f 1690/5/1771 1691/5/1772 1693/5/1774
f 1694/1563/1775 1690/1564/1771 1693/1565/1774
f 1694/1563/1775 1693/1565/1774 1695/1566/1776
f 1695/1566/1776 1693/1565/1774 1625/1500/1733
f 1693/1565/1774 1692/1562/1773 1625/1500/1733
f 1695/1566/1776 1625/1500/1733 1623/1498/1731
f 1696/1567/1777 1690/1564/1771 1694/1563/1775
f 1696/1567/1777 1689/1568/1770 1690/1564/1771
f 1697/5/1778 1689/5/1770 1696/5/1777
f 1698/5/1779 1699/5/1780 1697/5/1778
f 1697/5/1778 1699/5/1780 1689/5/1770
f 1680/1569/1766 1681/1552/1767 1699/1570/1780
f 1698/5/1779 1680/5/1766 1699/5/1780
f 1699/5/1780 1687/5/1768 1689/5/1770
f 1699/1570/1780 1681/1552/1767 1687/1557/1768
f 1700/5/1781 1680/5/1766 1698/5/1779
f 1700/5/1781 1678/5/1764 1680/5/1766
f 1371/5/1547 1678/5/1764 1700/5/1781
f 1625/1500/1733 1692/1562/1773 1626/1501/1734
f 1629/1505/1569 1692/1562/1773 1636/1510/1567
f 1629/1505/1569 1626/1501/1734 1692/1562/1773
f 1683/1553/1568 1687/1557/1768 1681/1552/1767
f 1371/5/1547 1370/5/1546 1678/5/1764
f 1655/1526/1567 1676/1547/1568 1654/1524/1569
f 1372/5/1545 1673/5/1762 1370/5/1546
f 1670/1542/1569 1669/1541/1760 1701/1571/1782
f 1670/1542/1569 1701/1571/1782 1702/1572/1568
f 1667/1539/1569 1670/1542/1569 1703/1573/1568
f 1703/1573/1568 1670/1542/1569 1702/1572/1568
f 1704/1574/1783 1667/1539/1569 1703/1573/1568
f 1703/1573/1568 1702/1572/1568 1705/1575/1568
f 1704/1574/1783 1703/1573/1568 1706/1576/1784
f 1706/1576/1784 1703/1573/1568 1705/1575/1568
f 1708/1577/1785 1706/1576/1784 1707/1578/1786
f 1707/1578/1786 1706/1576/1784 1709/1579/1787
f 1706/1576/1784 1705/1575/1568 1709/1579/1787
f 1708/1577/1785 1704/1574/1783 1706/1576/1784
f 1709/1579/1787 1705/1575/1568 1395/1294/1569
f 1710/1580/1788 1709/1579/1787 1397/1297/1570
f 1709/1579/1787 1395/1294/1569 1397/1297/1570
f 1707/1578/1786 1709/1579/1787 1710/1580/1788
f 1710/1580/1788 1397/1297/1570 1711/1581/1393
f 1711/1581/1393 1397/1297/1570 1398/1298/1571
f 1711/1581/1393 1398/1298/1571 1712/1582/1789
f 1712/1582/1789 1398/1298/1571 1400/1300/1572
f 1712/1582/1789 1400/1300/1572 1713/1583/1790
f 1713/1583/1790 1404/1302/1573 1714/1584/1791
f 1713/1583/1790 1400/1300/1572 1404/1302/1573
f 1714/1584/1791 1715/1585/1792 1716/1586/1793
f 1714/1584/1791 1404/1302/1573 1715/1585/1792
f 1716/1586/1793 1715/1585/1792 1415/1315/1578
f 1716/1586/1793 1415/1315/1578 1418/1317/1580
f 1715/1585/1792 1409/1308/1568 1415/1315/1578
f 1715/1585/1792 1403/1303/1569 1409/1308/1568
f 1404/1302/1573 1403/1303/1569 1715/1585/1792
f 1717/1587/1794 1704/1574/1783 1708/1577/1785
f 1661/1533/1379 1664/1536/1758 1717/1587/1794
f 1717/1587/1794 1664/1536/1758 1704/1574/1783
f 1705/1575/1568 1394/1293/1568 1395/1294/1569
f 1705/1575/1568 1702/1572/1568 1394/1293/1568
f 1664/1536/1758 1667/1539/1569 1704/1574/1783
f 1702/1572/1568 1718/1588/1795 1394/1293/1568
f 1702/1572/1568 1701/1571/1782 1718/1588/1795
f 1382/5/1558 1391/5/1566 1718/5/1795
f 1382/5/1558 1718/5/1795 1380/5/1555
f 1394/1293/1568 1718/1588/1795 1391/1289/1566
f 1380/5/1555 1718/5/1795 1701/5/1782
f 1378/5/1553 1701/5/1782 1669/5/1760
f 1380/5/1555 1701/5/1782 1378/5/1553
f 1378/5/1553 1669/5/1760 1376/5/1551
f 1658/1528/1754 1657/1527/1568 1663/1534/1568
f 1585/1458/1705 1630/1506/1569 1633/1508/1736
f 1584/1457/1567 1590/1462/1568 1630/1506/1569
f 1585/1458/1705 1584/1457/1567 1630/1506/1569
f 1534/1428/1668 1530/1425/1568 1565/1496/1689
f 1542/1436/1671 1508/1403/1568 1512/1405/1567
f 1531/1426/1568 1522/1417/1662 1523/1418/1663
f 1499/1393/1641 1446/1337/1601 1450/1339/1602
f 1401/1299/1568 1389/1292/1564 1406/1305/1574
f 1388/5/1563 1406/5/1574 1389/5/1564
f 1392/1291/1567 1389/1292/1564 1401/1299/1568
f 1384/5/1559 1391/5/1566 1382/5/1558
usemtl Material.066
f 1719/1589/1796 1722/1590/1797 1720/1591/1798
f 1719/1589/1796 1720/1591/1798 1721/1592/1799
f 1724/1593/1800 1719/1589/1796 1721/1592/1799
f 1723/1594/1801 1722/1590/1797 1719/1589/1796
f 1725/1595/1802 1723/1594/1801 1719/1589/1796
f 1725/1595/1802 1719/1589/1796 1724/1593/1800
f 1726/1596/1803 1725/1595/1802 1724/1593/1800
f 1728/1597/1804 1725/1595/1802 1726/1596/1803
f 1728/1597/1804 1727/1598/1805 1725/1595/1802
f 1727/1598/1805 1723/1594/1801 1725/1595/1802
f 1729/1599/1806 1728/1597/1804 1726/1596/1803
f 1730/1600/1807 1727/1598/1805 1728/1597/1804
f 1731/1601/1808 1728/1597/1804 1729/1599/1806
f 1731/1601/1808 1730/1600/1807 1728/1597/1804
f 1732/1602/1809 1731/1601/1808 1729/1599/1806
f 1733/1603/1810 1730/1600/1807 1731/1601/1808
f 1734/1604/1811 1731/1601/1808 1732/1602/1809
f 1734/1604/1811 1733/1603/1810 1731/1601/1808
f 1735/1605/1812 1733/1603/1810 1734/1604/1811
f 1735/1605/1812 1736/1606/1813 1733/1603/1810
f 1737/1607/1814 1736/1606/1813 1735/1605/1812
f 1737/1607/1814 1738/1608/1815 1736/1606/1813
f 1739/1609/1816 1738/1608/1815 1737/1607/1814
f 1739/1609/1816 1740/1610/1817 1738/1608/1815
f 1741/1611/1818 1740/1610/1817 1739/1609/1816
f 1743/1612/1819 1742/1613/1820 1741/1611/1818
f 1741/1611/1818 1742/1613/1820 1740/1610/1817
f 1743/1612/1819 1744/1614/1821 1742/1613/1820
f 1745/1615/1822 1744/1614/1821 1743/1612/1819
f 1747/1616/1823 1746/1617/1824 1745/1615/1822
f 1745/1615/1822 1746/1617/1824 1744/1614/1821
f 1749/1618/1825 1748/1619/1826 1747/1616/1823
f 1747/1616/1823 1748/1619/1826 1746/1617/1824
f 1751/1620/1827 1750/1621/1828 1749/1618/1825
f 1749/1618/1825 1750/1621/1828 1748/1619/1826
f 1753/1622/1829 1752/1623/1830 1751/1620/1827
f 1751/1620/1827 1752/1623/1830 1750/1621/1828
f 1753/1622/1829 1754/1624/1831 1752/1623/1830
f 1755/1625/1832 1754/1624/1831 1753/1622/1829
f 1756/1626/1833 1757/1627/1834 1755/1625/1832
f 1755/1625/1832 1757/1627/1834 1754/1624/1831
f 1757/1627/1834 1758/1628/1835 1754/1624/1831
f 1757/1627/1834 1759/1629/1836 1758/1628/1835
f 1760/1630/1837 1759/1629/1836 1757/1627/1834
f 1756/1626/1833 1760/1630/1837 1757/1627/1834
f 1762/1631/1838 1760/1630/1837 1756/1626/1833
f 1762/1631/1838 1761/1632/1839 1760/1630/1837
f 1761/1632/1839 1763/1633/1840 1760/1630/1837
f 1760/1630/1837 1763/1633/1840 1759/1629/1836
f 1763/1633/1840 1764/1634/1841 1759/1629/1836
f 1763/1633/1840 1765/1635/1842 1764/1634/1841
f 1766/1636/1843 1765/1635/1842 1763/1633/1840
f 1761/1632/1839 1766/1636/1843 1763/1633/1840
f 1766/1636/1843 1767/1637/1844 1765/1635/1842
f 1768/1638/1845 1767/1637/1844 1766/1636/1843
f 1769/1639/1846 1768/1638/1845 1766/1636/1843
f 1769/1639/1846 1766/1636/1843 1761/1632/1839
f 1771/1640/1847 1768/1638/1845 1769/1639/1846
f 1772/1641/1848 1769/1639/1846 1761/1632/1839
f 1770/1642/1849 1771/1640/1847 1769/1639/1846
f 1770/1642/1849 1769/1639/1846 1772/1641/1848
f 1772/1641/1848 1761/1632/1839 1762/1631/1838
f 1775/1643/1850 1771/1640/1847 1770/1642/1849
f 1773/1644/1851 1774/1645/1852 1771/1640/1847
f 1775/1643/1850 1773/1644/1851 1771/1640/1847
f 1771/1640/1847 1774/1645/1852 1768/1638/1845
f 1776/1646/1853 1773/1644/1851 1775/1643/1850
f 1777/1647/1854 1778/1648/1855 1776/1646/1853
f 1776/1646/1853 1778/1648/1855 1773/1644/1851
f 1778/1648/1855 1779/1649/1856 1773/1644/1851
f 1778/1648/1855 1781/1650/1857 1779/1649/1856
f 1777/1647/1854 1780/1651/1858 1778/1648/1855
f 1780/1651/1858 1781/1650/1857 1778/1648/1855
f 1781/1650/1857 1782/1652/1859 1779/1649/1856
f 1781/1650/1857 1784/1653/1860 1782/1652/1859
f 1783/1654/1861 1784/1653/1860 1781/1650/1857
f 1780/1651/1858 1783/1654/1861 1781/1650/1857
f 1784/1653/1860 1787/1655/1862 1782/1652/1859
f 1786/1656/1863 1785/1657/1864 1784/1653/1860
f 1784/1653/1860 1785/1657/1864 1787/1655/1862
f 1783/1654/1861 1786/1656/1863 1784/1653/1860
f 1782/1652/1859 1787/1655/1862 1788/1658/1865
f 1787/1655/1862 1789/1659/1866 1788/1658/1865
f 1787/1655/1862 1790/1660/1867 1789/1659/1866
f 1785/1657/1864 1790/1660/1867 1787/1655/1862
f 1785/1657/1864 1792/1661/1868 1790/1660/1867
f 1791/1662/1869 1790/1660/1867 1793/1663/1870
f 1791/1662/1869 1789/1659/1866 1790/1660/1867
f 1793/1663/1870 1790/1660/1867 1792/1661/1868
f 1793/1663/1870 1792/1661/1868 1795/1664/1871
f 1796/1665/1872 1791/1662/1869 1793/1663/1870
f 1794/1666/1873 1793/1663/1870 1795/1664/1871
f 1796/1665/1872 1793/1663/1870 1794/1666/1873
f 1799/1667/1874 1797/1668/1875 1796/1665/1872
f 1797/1668/1875 1791/1662/1869 1796/1665/1872
f 1798/1669/1876 1799/1667/1874 1796/1665/1872
f 1798/1669/1876 1796/1665/1872 1794/1666/1873
f 1799/1667/1874 1802/1670/1877 1797/1668/1875
f 1799/1667/1874 1798/1669/1876 1801/1671/1878
f 1799/1667/1874 1801/1671/1878 1800/1672/1879
f 1802/1670/1877 1799/1667/1874 1800/1672/1879
f 1802/1670/1877 1803/1673/1880 1797/1668/1875
f 1802/1670/1877 1804/1674/1881 1803/1673/1880
f 1804/1674/1881 1802/1670/1877 1805/1675/1882
f 1802/1670/1877 1800/1672/1879 1805/1675/1882
f 1807/1676/1883 1806/1677/1884 1805/1675/1882
f 1804/1674/1881 1805/1675/1882 1806/1677/1884
f 1807/1676/1883 1805/1675/1882 1808/1678/1885
f 1808/1678/1885 1805/1675/1882 1800/1672/1879
f 1808/1678/1885 1800/1672/1879 1809/1679/1886
f 1809/1679/1886 1801/1671/1878 1810/1680/1887
f 1809/1679/1886 1800/1672/1879 1801/1671/1878
f 1810/1680/1887 1812/1681/1888 1811/1682/1889
f 1810/1680/1887 1801/1671/1878 1812/1681/1888
f 1798/1669/1876 1813/1683/1890 1812/1681/1888
f 1798/1669/1876 1812/1681/1888 1801/1671/1878
f 1813/1683/1890 1814/1684/1891 1812/1681/1888
f 1811/1682/1889 1812/1681/1888 1814/1684/1891
f 1815/1685/1892 1817/1686/1893 1814/1684/1891
f 1813/1683/1890 1815/1685/1892 1814/1684/1891
f 1811/1682/1889 1814/1684/1891 1816/1687/1894
f 1816/1687/1894 1814/1684/1891 1817/1686/1893
f 1815/1685/1892 1818/1688/1895 1817/1686/1893
f 1816/1687/1894 1817/1686/1893 1819/1689/1896
f 1818/1688/1895 1820/1690/1897 1817/1686/1893
f 1819/1689/1896 1817/1686/1893 1820/1690/1897
f 1818/1688/1895 1821/1691/1898 1820/1690/1897
f 1821/1691/1898 1823/1692/1899 1820/1690/1897
f 1819/1689/1896 1820/1690/1897 1822/1693/1900
f 1822/1693/1900 1820/1690/1897 1823/1692/1899
f 1822/1693/1900 1823/1692/1899 1824/1694/1901
f 1824/1694/1901 1823/1692/1899 1825/1695/1902
f 1826/1696/1903 1825/1695/1902 1823/1692/1899
f 1821/1691/1898 1826/1696/1903 1823/1692/1899
f 1826/1696/1903 1829/1697/1904 1825/1695/1902
f 1826/1696/1903 1828/1698/1905 1827/1699/1906
f 1829/1697/1904 1826/1696/1903 1827/1699/1906
f 1826/1696/1903 1821/1691/1898 1828/1698/1905
f 1830/1700/1907 1829/1697/1904 1832/1701/1908
f 1829/1697/1904 1830/1700/1907 1831/1702/1909
f 1829/1697/1904 1831/1702/1909 1825/1695/1902
f 1829/1697/1904 1827/1699/1906 1832/1701/1908
f 1830/1700/1907 1832/1701/1908 1833/1703/1910
f 1832/1701/1908 1834/1704/1911 1833/1703/1910
f 1832/1701/1908 1835/1705/1912 1834/1704/1911
f 1827/1699/1906 1835/1705/1912 1832/1701/1908
f 1827/1699/1906 1836/1706/1913 1835/1705/1912
f 1836/1706/1913 1837/1707/1914 1835/1705/1912
f 1835/1705/1912 1837/1707/1914 1838/1708/1915
f 1835/1705/1912 1838/1708/1915 1834/1704/1911
f 1834/1704/1911 1838/1708/1915 1839/1709/1916
f 1841/1710/1917 1839/1709/1916 1838/1708/1915
f 1840/1711/1918 1838/1708/1915 1837/1707/1914
f 1841/1710/1917 1838/1708/1915 1840/1711/1918
f 1843/1712/1919 1841/1710/1917 1840/1711/1918
f 1844/1713/1920 1839/1709/1916 1841/1710/1917
f 1842/1714/1921 1841/1710/1917 1843/1712/1919
f 1842/1714/1921 1844/1713/1920 1841/1710/1917
f 1845/1715/1922 1844/1713/1920 1842/1714/1921
f 1845/1715/1922 1847/1716/1923 1844/1713/1920
f 1847/1716/1923 1846/1717/1924 1844/1713/1920
f 1844/1713/1920 1846/1717/1924 1839/1709/1916
f 1850/1718/1925 1848/1719/1926 1847/1716/1923
f 1848/1719/1926 1849/1720/1927 1847/1716/1923
f 1847/1716/1923 1849/1720/1927 1846/1717/1924
f 1850/1718/1925 1847/1716/1923 1845/1715/1922
f 1851/1721/1928 1850/1718/1925 1853/1722/1929
f 1851/1721/1928 1852/1723/1930 1850/1718/1925
f 1852/1723/1930 1848/1719/1926 1850/1718/1925
f 1853/1722/1929 1850/1718/1925 1845/1715/1922
f 1854/1724/1931 1851/1721/1928 1853/1722/1929
f 1854/1724/1931 1853/1722/1929 1855/1725/1932
f 1855/1725/1932 1853/1722/1929 1856/1726/1933
f 1853/1722/1929 1845/1715/1922 1856/1726/1933
f 1855/1725/1932 1856/1726/1933 1857/1727/1934
f 1857/1727/1934 1856/1726/1933 1858/1728/1935
f 1856/1726/1933 1842/1714/1921 1858/1728/1935
f 1856/1726/1933 1845/1715/1922 1842/1714/1921
f 1858/1728/1935 1843/1712/1919 1859/1729/1936
f 1860/1730/1937 1858/1728/1935 1859/1729/1936
f 1857/1727/1934 1858/1728/1935 1860/1730/1937
f 1858/1728/1935 1842/1714/1921 1843/1712/1919
f 1860/1730/1937 1859/1729/1936 1862/1731/1938
f 1861/1732/1939 1857/1727/1934 1860/1730/1937
f 1861/1732/1939 1860/1730/1937 1863/1733/1940
f 1863/1733/1940 1860/1730/1937 1862/1731/1938
f 1863/1733/1940 1862/1731/1938 1864/1734/1941
f 1864/1734/1941 1862/1731/1938 1865/1735/1942
f 1864/1734/1941 1865/1735/1942 1866/1736/1943
f 1866/1736/1943 1865/1735/1942 1867/1737/1944
f 1866/1736/1943 1867/1737/1944 1868/1738/1945
f 1868/1738/1945 1869/1739/1946 1870/1740/1947
f 1868/1738/1945 1867/1737/1944 1869/1739/1946
f 1870/1740/1947 1869/1739/1946 1872/1741/1948
f 1870/1740/1947 1872/1741/1948 1871/1742/1949
f 1872/1741/1948 1873/1743/1950 1874/1744/1951
f 1869/1739/1946 1873/1743/1950 1872/1741/1948
f 1872/1741/1948 1874/1744/1951 1875/1745/1952
f 1871/1742/1949 1872/1741/1948 1875/1745/1952
f 1871/1742/1949 1875/1745/1952 1876/1746/1953
f 1876/1746/1953 1875/1745/1952 1780/1651/1858
f 1875/1745/1952 1783/1654/1861 1780/1651/1858
f 1875/1745/1952 1874/1744/1951 1783/1654/1861
f 1876/1746/1953 1780/1651/1858 1777/1647/1854
f 1874/1744/1951 1786/1656/1863 1783/1654/1861
f 1874/1744/1951 1877/1747/1954 1786/1656/1863
f 1873/1743/1950 1877/1747/1954 1874/1744/1951
f 1877/1747/1954 1879/1748/1955 1786/1656/1863
f 1873/1743/1950 1878/1749/1956 1877/1747/1954
f 1878/1749/1956 1880/1750/1957 1877/1747/1954
f 1877/1747/1954 1880/1750/1957 1879/1748/1955
f 1882/1751/1958 1881/1752/1959 1880/1750/1957
f 1880/1750/1957 1881/1752/1959 1883/1753/1960
f 1878/1749/1956 1882/1751/1958 1880/1750/1957
f 1880/1750/1957 1883/1753/1960 1879/1748/1955
f 1795/1664/1871 1883/1753/1960 1884/1754/1961
f 1795/1664/1871 1792/1661/1868 1883/1753/1960
f 1879/1748/1955 1883/1753/1960 1792/1661/1868
f 1884/1754/1961 1883/1753/1960 1881/1752/1959
f 1885/1755/1962 1795/1664/1871 1884/1754/1961
f 1885/1755/1962 1884/1754/1961 1886/1756/1963
f 1886/1756/1963 1884/1754/1961 1887/1757/1964
f 1884/1754/1961 1881/1752/1959 1887/1757/1964
f 1887/1757/1964 1881/1752/1959 1889/1758/1965
f 1888/1759/1966 1887/1757/1964 1890/1760/1967
f 1886/1756/1963 1887/1757/1964 1888/1759/1966
f 1887/1757/1964 1889/1758/1965 1890/1760/1967
f 1890/1760/1967 1889/1758/1965 1891/1761/1968
f 1888/1759/1966 1890/1760/1967 1828/1698/1905
f 1828/1698/1905 1890/1760/1967 1836/1706/1913
f 1890/1760/1967 1891/1761/1968 1836/1706/1913
f 1892/1762/1969 1837/1707/1914 1891/1761/1968
f 1836/1706/1913 1891/1761/1968 1837/1707/1914
f 1892/1762/1969 1891/1761/1968 1893/1763/1970
f 1893/1763/1970 1891/1761/1968 1889/1758/1965
f 1894/1764/1971 1892/1762/1969 1893/1763/1970
f 1893/1763/1970 1889/1758/1965 1882/1751/1958
f 1895/1765/1972 1893/1763/1970 1882/1751/1958
f 1894/1764/1971 1893/1763/1970 1895/1765/1972
f 1895/1765/1972 1882/1751/1958 1878/1749/1956
f 1896/1766/1973 1895/1765/1972 1878/1749/1956
f 1897/1767/1974 1895/1765/1972 1896/1766/1973
f 1897/1767/1974 1894/1764/1971 1895/1765/1972
f 1898/1768/1975 1894/1764/1971 1897/1767/1974
f 1865/1735/1942 1897/1767/1974 1867/1737/1944
f 1867/1737/1944 1897/1767/1974 1896/1766/1973
f 1865/1735/1942 1898/1768/1975 1897/1767/1974
f 1898/1768/1975 1899/1769/1976 1894/1764/1971
f 1859/1729/1936 1899/1769/1976 1898/1768/1975
f 1862/1731/1938 1898/1768/1975 1865/1735/1942
f 1862/1731/1938 1859/1729/1936 1898/1768/1975
f 1899/1769/1976 1840/1711/1918 1892/1762/1969
f 1899/1769/1976 1892/1762/1969 1894/1764/1971
f 1843/1712/1919 1840/1711/1918 1899/1769/1976
f 1859/1729/1936 1843/1712/1919 1899/1769/1976
f 1896/1766/1973 1878/1749/1956 1873/1743/1950
f 1869/1739/1946 1896/1766/1973 1873/1743/1950
f 1867/1737/1944 1896/1766/1973 1869/1739/1946
f 1840/1711/1918 1837/1707/1914 1892/1762/1969
f 1882/1751/1958 1889/1758/1965 1881/1752/1959
f 1821/1691/1898 1888/1759/1966 1828/1698/1905
f 1821/1691/1898 1818/1688/1895 1888/1759/1966
f 1818/1688/1895 1886/1756/1963 1888/1759/1966
f 1815/1685/1892 1885/1755/1962 1886/1756/1963
f 1818/1688/1895 1815/1685/1892 1886/1756/1963
f 1794/1666/1873 1795/1664/1871 1885/1755/1962
f 1815/1685/1892 1813/1683/1890 1885/1755/1962
f 1813/1683/1890 1794/1666/1873 1885/1755/1962
f 1786/1656/1863 1879/1748/1955 1785/1657/1864
f 1879/1748/1955 1792/1661/1868 1785/1657/1864
f 1900/1770/1977 1857/1727/1934 1861/1732/1939
f 1900/1770/1977 1855/1725/1932 1857/1727/1934
f 1901/1771/1978 1855/1725/1932 1900/1770/1977
f 1902/1772/1979 1854/1724/1931 1901/1771/1978
f 1901/1771/1978 1854/1724/1931 1855/1725/1932
f 1902/1772/1979 1903/1773/1980 1854/1724/1931
f 1904/1774/1981 1903/1773/1980 1902/1772/1979
f 1904/1774/1981 1906/1775/1982 1903/1773/1980
f 1905/1776/1983 1906/1775/1982 1904/1774/1981
f 1908/1777/1984 1907/1778/1985 1906/1775/1982
f 1906/1775/1982 1907/1778/1985 1909/1779/1986
f 1905/1776/1983 1908/1777/1984 1906/1775/1982
f 1906/1775/1982 1909/1779/1986 1903/1773/1980
f 1907/1778/1985 1910/1780/1987 1909/1779/1986
f 1903/1773/1980 1909/1779/1986 1851/1721/1928
f 1909/1779/1986 1852/1723/1930 1851/1721/1928
f 1909/1779/1986 1910/1780/1987 1852/1723/1930
f 1907/1778/1985 1912/1781/1988 1910/1780/1987
f 1910/1780/1987 1911/1782/1989 1913/1783/1990
f 1912/1781/1988 1911/1782/1989 1910/1780/1987
f 1910/1780/1987 1913/1783/1990 1852/1723/1930
f 1913/1783/1990 1914/1784/1991 1915/1785/1992
f 1911/1782/1989 1914/1784/1991 1913/1783/1990
f 1852/1723/1930 1913/1783/1990 1848/1719/1926
f 1913/1783/1990 1915/1785/1992 1848/1719/1926
f 1916/1786/1993 1849/1720/1927 1915/1785/1992
f 1916/1786/1993 1915/1785/1992 1917/1787/1994
f 1917/1787/1994 1915/1785/1992 1914/1784/1991
f 1848/1719/1926 1915/1785/1992 1849/1720/1927
f 1917/1787/1994 1914/1784/1991 1918/1788/1995
f 1919/1789/1996 1917/1787/1994 1918/1788/1995
f 1920/1790/1997 1917/1787/1994 1919/1789/1996
f 1920/1790/1997 1916/1786/1993 1917/1787/1994
f 1921/1791/1998 1920/1790/1997 1919/1789/1996
f 1921/1791/1998 1923/1792/1999 1920/1790/1997
f 1922/1793/2000 1916/1786/1993 1920/1790/1997
f 1923/1792/1999 1922/1793/2000 1920/1790/1997
f 1923/1792/1999 1921/1791/1998 1926/1794/2001
f 1923/1792/1999 1924/1795/2002 1922/1793/2000
f 1924/1795/2002 1923/1792/1999 1925/1796/2003
f 1923/1792/1999 1926/1794/2001 1925/1796/2003
f 1921/1791/1998 1928/1797/2004 1926/1794/2001
f 1927/1798/2005 1925/1796/2003 1926/1794/2001
f 1927/1798/2005 1926/1794/2001 1929/1799/2006
f 1929/1799/2006 1926/1794/2001 1928/1797/2004
f 1929/1799/2006 1928/1797/2004 1930/1800/2007
f 1930/1800/2007 1928/1797/2004 1931/1801/2008
f 1930/1800/2007 1931/1801/2008 1932/1802/2009
f 1932/1802/2009 1931/1801/2008 1933/1803/2010
f 1932/1802/2009 1933/1803/2010 1934/1804/2011
f 1934/1804/2011 1933/1803/2010 1935/1805/2012
f 1934/1804/2011 1935/1805/2012 1936/1806/2013
f 1936/1806/2013 1935/1805/2012 1938/1807/2014
f 1936/1806/2013 1938/1807/2014 1937/1808/2015
f 1939/5/2016 1938/5/2014 1935/5/2012
f 1939/5/2016 1940/5/2017 1938/5/2014
f 1940/5/2017 1941/5/2018 1938/5/2014
f 1937/5/2015 1938/5/2014 1941/5/2018
f 1943/5/2019 1941/5/2018 1942/5/2020
f 1944/5/2021 1942/5/2020 1941/5/2018
f 1937/5/2015 1941/5/2018 1943/5/2019
f 1940/5/2017 1944/5/2021 1941/5/2018
f 1946/5/2022 1944/5/2021 1945/5/2023
f 1944/5/2021 1947/5/2024 1945/5/2023
f 1944/5/2021 1940/5/2017 1947/5/2024
f 1944/5/2021 1946/5/2022 1942/5/2020
f 1950/5/2025 1948/5/2026 1947/5/2024
f 1947/5/2024 1948/5/2026 1949/5/2027
f 1947/5/2024 1949/5/2027 1945/5/2023
f 1940/5/2017 1950/5/2025 1947/5/2024
f 1950/5/2025 1951/5/2028 1948/5/2026
f 1952/5/2029 1951/5/2028 1950/5/2025
f 1939/5/2016 1952/5/2029 1950/5/2025
f 1940/5/2017 1939/5/2016 1950/5/2025
f 1954/5/2030 1953/5/2031 1952/5/2029
f 1952/5/2029 1953/5/2031 1951/5/2028
f 1955/5/2032 1954/5/2030 1952/5/2029
f 1939/5/2016 1955/5/2032 1952/5/2029
f 1955/5/2032 1935/5/2012 1933/5/2010
f 1956/5/2033 1955/5/2032 1933/5/2010
f 1955/5/2032 1939/5/2016 1935/5/2012
f 1955/5/2032 1956/5/2033 1954/5/2030
f 1956/5/2033 1957/5/2034 1958/5/2035
f 1957/5/2034 1956/5/2033 1931/5/2008
f 1956/5/2033 1933/5/2010 1931/5/2008
f 1956/5/2033 1958/5/2035 1954/5/2030
f 1919/1789/1996 1918/1788/1995 1958/1809/2035
f 1958/5/2035 1918/5/1995 1959/5/2036
f 1958/5/2035 1959/5/2036 1954/5/2030
f 1957/1810/2034 1919/1789/1996 1958/1809/2035
f 1959/5/2036 1960/5/2037 1953/5/2031
f 1959/5/2036 1961/5/2038 1960/5/2037
f 1918/5/1995 1961/5/2038 1959/5/2036
f 1954/5/2030 1959/5/2036 1953/5/2031
f 1962/1811/2039 1960/1812/2037 1961/1813/2038
f 1962/1811/2039 1961/1813/2038 1911/1782/1989
f 1918/5/1995 1914/5/1991 1961/5/2038
f 1911/1782/1989 1961/1813/2038 1914/1784/1991
f 1964/1814/2040 1960/1812/2037 1962/1811/2039
f 1912/1781/1988 1962/1811/2039 1911/1782/1989
f 1963/1815/2041 1962/1811/2039 1912/1781/1988
f 1963/1815/2041 1964/1814/2040 1962/1811/2039
f 1967/1816/2042 1965/1817/2043 1964/1814/2040
f 1965/1817/2043 1966/1818/2044 1964/1814/2040
f 1964/1814/2040 1966/1818/2044 1960/1812/2037
f 1967/1816/2042 1964/1814/2040 1963/1815/2041
f 1968/1819/2045 1967/1816/2042 1969/1820/2046
f 1968/1819/2045 1970/1821/2047 1967/1816/2042
f 1970/1821/2047 1965/1817/2043 1967/1816/2042
f 1969/1820/2046 1967/1816/2042 1963/1815/2041
f 1970/1821/2047 1971/1822/2048 1965/1817/2043
f 1972/1823/2049 1971/1822/2048 1970/1821/2047
f 1973/1824/2050 1972/1823/2049 1970/1821/2047
f 1973/1824/2050 1970/1821/2047 1968/1819/2045
f 1976/1825/2051 1972/1823/2049 1973/1824/2050
f 1974/1826/2052 1973/1824/2050 1968/1819/2045
f 1975/1827/2053 1973/1824/2050 1974/1826/2052
f 1975/1827/2053 1976/1825/2051 1973/1824/2050
f 1976/1825/2051 1977/1828/2054 1972/1823/2049
f 1979/1829/2055 1977/1828/2054 1976/1825/2051
f 1978/1830/2056 1976/1825/2051 1975/1827/2053
f 1978/1830/2056 1979/1829/2055 1976/1825/2051
f 1979/1829/2055 1980/1831/2057 1977/1828/2054
f 1982/1832/2058 1980/1831/2057 1979/1829/2055
f 1981/1833/2059 1979/1829/2055 1978/1830/2056
f 1981/1833/2059 1982/1832/2058 1979/1829/2055
f 1982/1832/2058 1983/1834/2060 1980/1831/2057
f 1984/1835/2061 1983/1834/2060 1982/1832/2058
f 1985/1836/2062 1984/1835/2061 1982/1832/2058
f 1985/1836/2062 1982/1832/2058 1981/1833/2059
f 1986/5/2063 1985/5/2062 1987/5/2064
f 1986/1837/2063 1988/1838/2065 1985/1836/2062
f 1987/1839/2064 1985/1836/2062 1981/1833/2059
f 1988/1838/2065 1984/1835/2061 1985/1836/2062
f 1990/1840/2066 1989/1841/2067 1988/1838/2065
f 1989/1841/2067 1991/1842/2068 1988/1838/2065
f 1990/5/2066 1988/5/2065 1986/5/2063
f 1988/1838/2065 1991/1842/2068 1984/1835/2061
f 1991/1842/2068 1992/1843/2069 1994/1844/2070
f 1993/1845/2071 1992/1843/2069 1991/1842/2068
f 1989/1841/2067 1993/1845/2071 1991/1842/2068
f 1991/1842/2068 1994/1844/2070 1984/1835/2061
f 1994/1844/2070 1995/1846/2072 1996/1847/2073
f 1992/1843/2069 1995/1846/2072 1994/1844/2070
f 1984/1835/2061 1994/1844/2070 1983/1834/2060
f 1994/1844/2070 1996/1847/2073 1983/1834/2060
f 1995/1846/2072 1997/1848/2074 1996/1847/2073
f 1996/1847/2073 1997/1848/2074 1998/1849/2075
f 1983/1834/2060 1996/1847/2073 1999/1850/2076
f 1996/1847/2073 1998/1849/2075 1999/1850/2076
f 1999/1850/2076 1998/1849/2075 2000/1851/2077
f 1999/1850/2076 2000/1851/2077 2001/1852/2078
f 1983/1834/2060 1999/1850/2076 1980/1831/2057
f 1980/1831/2057 1999/1850/2076 2001/1852/2078
f 1977/1828/2054 2001/1852/2078 2002/1853/2079
f 1980/1831/2057 2001/1852/2078 1977/1828/2054
f 2001/1852/2078 2000/1851/2077 2003/1854/2080
f 2001/1852/2078 2003/1854/2080 2002/1853/2079
f 1949/5/2027 2004/5/2081 2003/5/2080
f 2002/1853/2079 2003/1854/2080 2004/1855/2081
f 2005/5/2082 2003/5/2080 2000/5/2077
f 1949/5/2027 2003/5/2080 2005/5/2082
f 1945/5/2023 2005/5/2082 2006/5/2083
f 2006/5/2083 2005/5/2082 2007/5/2084
f 2005/5/2082 2000/5/2077 2007/5/2084
f 1945/5/2023 1949/5/2027 2005/5/2082
f 2007/5/2084 2000/5/2077 1998/5/2075
f 2007/5/2084 1998/5/2075 2008/5/2085
f 2009/5/2086 2007/5/2084 2008/5/2085
f 2006/5/2083 2007/5/2084 2009/5/2086
f 2009/5/2086 2008/5/2085 2010/5/2087
f 2011/5/2088 2009/5/2086 2010/5/2087
f 2012/5/2089 2006/5/2083 2009/5/2086
f 2011/5/2088 2012/5/2089 2009/5/2086
f 1946/5/2022 2012/5/2089 2014/5/2090
f 2012/5/2089 1946/5/2022 2006/5/2083
f 2012/5/2089 2011/5/2088 2013/5/2091
f 2012/5/2089 2013/5/2091 2014/5/2090
f 1946/5/2022 2014/5/2090 1942/5/2020
f 2016/5/2092 2014/5/2090 2013/5/2091
f 2015/5/2093 1942/5/2020 2014/5/2090
f 2015/5/2093 2014/5/2090 2016/5/2092
f 2016/5/2092 2013/5/2091 2017/5/2094
f 2017/5/2094 2018/5/2095 2019/5/2096
f 2017/5/2094 2013/5/2091 2018/5/2095
f 2019/5/2096 2018/5/2095 2020/5/2097
f 2019/5/2096 2020/5/2097 2021/5/2098
f 2021/5/2098 2020/5/2097 2022/5/2099
f 2021/5/2098 2022/5/2099 2023/5/2100
f 2023/5/2100 2022/5/2099 2024/5/2101
f 2023/5/2100 2024/5/2101 2025/5/2102
f 2025/5/2102 2024/5/2101 2026/5/2103
f 2025/5/2102 2026/5/2103 2027/5/2104
f 2027/5/2104 2028/5/2105 2029/5/2106
f 2027/5/2104 2026/5/2103 2028/5/2105
f 2029/5/2106 2030/5/2107 2031/5/2108
f 2029/5/2106 2028/5/2105 2030/5/2107
f 2031/5/2108 2032/5/2109 2033/5/2110
f 2031/5/2108 2030/5/2107 2032/5/2109
f 2033/1856/2110 2034/1857/2111 2035/1858/2112
f 2033/5/2110 2032/5/2109 2034/5/2111
f 2035/1858/2112 2034/1857/2111 2036/1859/2113
f 2035/1858/2112 2036/1859/2113 2037/1860/2114
f 2037/1860/2114 2036/1859/2113 2038/1861/2115
f 2037/1860/2114 2038/1861/2115 2039/1862/2116
f 2039/1862/2116 2038/1861/2115 2040/1863/2117
f 2039/1862/2116 2040/1863/2117 2041/1864/2118
f 2041/1864/2118 2043/1865/2119 2042/1866/2120
f 2041/1864/2118 2040/1863/2117 2043/1865/2119
f 2044/1867/2121 2045/1868/2122 2043/1865/2119
f 2046/1869/2123 2044/1867/2121 2043/1865/2119
f 2042/1866/2120 2043/1865/2119 2045/1868/2122
f 2046/1869/2123 2043/1865/2119 2040/1863/2117
f 2046/1869/2123 2047/1870/2124 2049/1871/2125
f 2046/5/2123 2048/5/2126 2047/5/2124
f 2048/1872/2126 2046/1869/2123 2040/1863/2117
f 2044/1867/2121 2046/1869/2123 2049/1871/2125
f 2047/5/2124 2052/5/2127 2049/5/2125
f 2049/1871/2125 2050/1873/2128 2051/1874/2129
f 2049/1871/2125 2052/1875/2127 2050/1873/2128
f 2044/1867/2121 2049/1871/2125 2051/1874/2129
f 2052/1875/2127 2053/1876/2130 2055/1877/2131
f 2054/1878/2132 2053/1876/2130 2052/1875/2127
f 2047/5/2124 2054/5/2132 2052/5/2127
f 2052/1875/2127 2055/1877/2131 2050/1873/2128
f 2056/1879/2133 2055/1877/2131 2053/1876/2130
f 2057/1880/2134 2055/1877/2131 2056/1879/2133
f 2057/1880/2134 2058/1881/2135 2055/1877/2131
f 2050/1873/2128 2055/1877/2131 2058/1881/2135
f 2050/1873/2128 2058/1881/2135 2061/1882/2136
f 2059/1883/2137 2060/1884/2138 2058/1881/2135
f 2059/1883/2137 2058/1881/2135 2057/1880/2134
f 2061/1882/2136 2058/1881/2135 2060/1884/2138
f 2061/1882/2136 2060/1884/2138 2062/1885/2139
f 2051/1874/2129 2050/1873/2128 2061/1882/2136
f 2051/1874/2129 2061/1882/2136 2063/1886/2140
f 2063/1886/2140 2061/1882/2136 2062/1885/2139
f 2063/1886/2140 2062/1885/2139 2065/1887/2141
f 2066/1888/2142 2064/1889/2143 2063/1886/2140
f 2064/1889/2143 2051/1874/2129 2063/1886/2140
f 2066/1888/2142 2063/1886/2140 2065/1887/2141
f 2068/1890/2144 2066/1888/2142 2065/1887/2141
f 2066/1888/2142 2069/1891/2145 2067/1892/2146
f 2064/1889/2143 2066/1888/2142 2067/1892/2146
f 2066/1888/2142 2068/1890/2144 2069/1891/2145
f 2070/1893/2147 2069/1891/2145 2071/1894/2148
f 2070/1893/2147 2067/1892/2146 2069/1891/2145
f 2071/1894/2148 2069/1891/2145 2072/1895/2149
f 2068/1890/2144 2072/1895/2149 2069/1891/2145
f 2071/1894/2148 2072/1895/2149 2074/1896/2150
f 2073/1897/2151 2075/1898/2152 2072/1895/2149
f 2068/1890/2144 2073/1897/2151 2072/1895/2149
f 2074/1896/2150 2072/1895/2149 2075/1898/2152
f 2074/1896/2150 2075/1898/2152 2077/1899/2153
f 2076/1900/2154 2078/1901/2155 2075/1898/2152
f 2073/1897/2151 2076/1900/2154 2075/1898/2152
f 2077/1899/2153 2075/1898/2152 2078/1901/2155
f 2076/1900/2154 2081/1902/2156 2078/1901/2155
f 2079/1903/2157 2078/1901/2155 2080/1904/2158
f 2077/1899/2153 2078/1901/2155 2079/1903/2157
f 2081/1902/2156 2080/1904/2158 2078/1901/2155
f 2081/1902/2156 2084/1905/2159 2080/1904/2158
f 2081/1902/2156 2076/1900/2154 2082/1906/2160
f 2081/1902/2156 2082/1906/2160 2083/1907/2161
f 2084/1905/2159 2081/1902/2156 2083/1907/2161
f 2084/1905/2159 2087/1908/2162 2080/1904/2158
f 2084/1905/2159 2083/1907/2161 2085/1909/2163
f 2086/1910/2164 2084/1905/2159 2085/1909/2163
f 2084/1905/2159 2086/1910/2164 2087/1908/2162
f 2089/1911/2165 2080/1904/2158 2087/1908/2162
f 2086/1910/2164 2088/1912/2166 2087/1908/2162
f 2090/1913/2167 2087/1908/2162 2088/1912/2166
f 2089/1911/2165 2087/1908/2162 2090/1913/2167
f 2090/1913/2167 2088/1912/2166 2091/1914/2168
f 2091/1914/2168 2088/1912/2166 2093/1915/2169
f 2091/1914/2168 2093/1915/2169 2092/1916/2170
f 2094/1917/2171 2093/1915/2169 2088/1912/2166
f 2094/1917/2171 2095/1918/2172 2093/1915/2169
f 2095/1918/2172 2096/1919/2173 2093/1915/2169
f 2092/1916/2170 2093/1915/2169 2096/1919/2173
f 2097/1920/2174 2098/1921/2175 2096/1919/2173
f 2095/1918/2172 2097/1920/2174 2096/1919/2173
f 2092/1916/2170 2096/1919/2173 2099/1922/2176
f 2099/1922/2176 2096/1919/2173 2098/1921/2175
f 2099/1922/2176 2098/1921/2175 2100/1923/2177
f 2100/1923/2177 2102/1924/2178 2101/1925/2179
f 2100/1923/2177 2098/1921/2175 2102/1924/2178
f 2103/1926/2180 2104/1927/2181 2102/1924/2178
f 2103/1926/2180 2102/1924/2178 2098/1921/2175
f 2101/1925/2179 2102/1924/2178 1806/1677/1884
f 2104/1927/2181 1806/1677/1884 2102/1924/2178
f 2104/1927/2181 2105/1928/2182 2106/1929/2183
f 2104/1927/2181 2103/1926/2180 2105/1928/2182
f 2104/1927/2181 1804/1674/1881 1806/1677/1884
f 1804/1674/1881 2104/1927/2181 2106/1929/2183
f 2105/1928/2182 2107/1930/2184 2106/1929/2183
f 1803/1673/1880 2106/1929/2183 2107/1930/2184
f 1804/1674/1881 2106/1929/2183 1803/1673/1880
f 2105/1928/2182 2111/1931/2185 2107/1930/2184
f 2108/1932/2186 2110/1933/2187 2107/1930/2184
f 2108/1932/2186 2107/1930/2184 2109/1934/2188
f 2111/1931/2185 2109/1934/2188 2107/1930/2184
f 1803/1673/1880 2107/1930/2184 2110/1933/2187
f 2111/1931/2185 2112/1935/2189 2109/1934/2188
f 2114/1936/2190 2112/1935/2189 2111/1931/2185
f 2113/1937/2191 2111/1931/2185 2105/1928/2182
f 2113/1937/2191 2114/1936/2190 2111/1931/2185
f 2114/1936/2190 2115/1938/2192 2112/1935/2189
f 2116/1939/2193 2115/1938/2192 2114/1936/2190
f 2117/1940/2194 2116/1939/2193 2114/1936/2190
f 2117/1940/2194 2114/1936/2190 2113/1937/2191
f 2118/1941/2195 2116/1939/2193 2117/1940/2194
f 2095/1918/2172 2118/1941/2195 2117/1940/2194
f 2097/1920/2174 2095/1918/2172 2117/1940/2194
f 2097/1920/2174 2117/1940/2194 2113/1937/2191
f 2120/1942/2196 2119/1943/2197 2118/1941/2195
f 2118/1941/2195 2119/1943/2197 2116/1939/2193
f 2094/1917/2171 2120/1942/2196 2118/1941/2195
f 2095/1918/2172 2094/1917/2171 2118/1941/2195
f 2120/1942/2196 2121/1944/2198 2119/1943/2197
f 2094/1917/2171 2086/1910/2164 2120/1942/2196
f 2086/1910/2164 2085/1909/2163 2120/1942/2196
f 2085/1909/2163 2121/1944/2198 2120/1942/2196
f 2121/1944/2198 2122/1945/2199 2119/1943/2197
f 2121/1944/2198 2123/1946/2200 2122/1945/2199
f 2085/1909/2163 2124/1947/2201 2121/1944/2198
f 2124/1947/2201 2123/1946/2200 2121/1944/2198
f 2124/1947/2201 2125/1948/2202 2123/1946/2200
f 2126/1949/2203 2125/1948/2202 2124/1947/2201
f 2083/1907/2161 2126/1949/2203 2124/1947/2201
f 2083/1907/2161 2124/1947/2201 2085/1909/2163
f 2126/1949/2203 2127/1950/2204 2125/1948/2202
f 2128/1951/2205 2127/1950/2204 2126/1949/2203
f 2082/1906/2160 2126/1949/2203 2083/1907/2161
f 2082/1906/2160 2128/1951/2205 2126/1949/2203
f 2128/1951/2205 2130/1952/2206 2127/1950/2204
f 2129/1953/2207 2128/1951/2205 2082/1906/2160
f 2129/1953/2207 2131/1954/2208 2128/1951/2205
f 2131/1954/2208 2130/1952/2206 2128/1951/2205
f 2131/1954/2208 2133/1955/2209 2130/1952/2206
f 2132/1956/2210 2131/1954/2208 2129/1953/2207
f 2132/1956/2210 2134/1957/2211 2131/1954/2208
f 2134/1957/2211 2133/1955/2209 2131/1954/2208
f 2134/1957/2211 2135/1958/2212 2133/1955/2209
f 2062/1885/2139 2135/1958/2212 2134/1957/2211
f 2065/1887/2141 2062/1885/2139 2134/1957/2211
f 2065/1887/2141 2134/1957/2211 2132/1956/2210
f 2062/1885/2139 2060/1884/2138 2135/1958/2212
f 2136/1959/2213 2133/1955/2209 2135/1958/2212
f 2136/1959/2213 2135/1958/2212 2137/1960/2214
f 2137/1960/2214 2135/1958/2212 2060/1884/2138
f 2137/1960/2214 2060/1884/2138 2059/1883/2137
f 2138/1961/2215 2137/1960/2214 2059/1883/2137
f 2139/1962/2216 2137/1960/2214 2138/1961/2215
f 2139/1962/2216 2136/1959/2213 2137/1960/2214
f 2140/1963/2217 2139/1962/2216 2138/1961/2215
f 2142/1964/2218 2139/1962/2216 2140/1963/2217
f 2142/1964/2218 2141/1965/2219 2139/1962/2216
f 2141/1965/2219 2136/1959/2213 2139/1962/2216
f 2143/1966/2220 2141/1965/2219 2142/1964/2218
f 1744/1614/1821 2142/1964/2218 1742/1613/1820
f 1742/1613/1820 2142/1964/2218 2140/1963/2217
f 1744/1614/1821 2143/1966/2220 2142/1964/2218
f 2143/1966/2220 2144/1967/2221 2141/1965/2219
f 2145/1968/2222 2144/1967/2221 2143/1966/2220
f 1746/1617/1824 2143/1966/2220 1744/1614/1821
f 1746/1617/1824 2145/1968/2222 2143/1966/2220
f 2147/1969/2223 2146/1970/2224 2145/1968/2222
f 2145/1968/2222 2146/1970/2224 2144/1967/2221
f 1748/1619/1826 2145/1968/2222 1746/1617/1824
f 1748/1619/1826 2147/1969/2223 2145/1968/2222
f 2149/1971/2225 2148/1972/2226 2147/1969/2223
f 2147/1969/2223 2148/1972/2226 2146/1970/2224
f 1750/1621/1828 2147/1969/2223 1748/1619/1826
f 1750/1621/1828 2149/1971/2225 2147/1969/2223
f 1752/1623/1830 2149/1971/2225 1750/1621/1828
f 2151/1973/2227 2150/1974/2228 2149/1971/2225
f 2149/1971/2225 2150/1974/2228 2148/1972/2226
f 1752/1623/1830 2151/1973/2227 2149/1971/2225
f 2151/1973/2227 2152/1975/2229 2150/1974/2228
f 1758/1628/1835 2152/1975/2229 2151/1973/2227
f 1752/1623/1830 1758/1628/1835 2151/1973/2227
f 2152/1975/2229 2153/1976/2230 2150/1974/2228
f 2152/1975/2229 2155/1977/2231 2153/1976/2230
f 1758/1628/1835 2154/1978/2232 2152/1975/2229
f 2154/1978/2232 2155/1977/2231 2152/1975/2229
f 2155/1977/2231 2122/1945/2199 2153/1976/2230
f 2155/1977/2231 2156/1979/2233 2122/1945/2199
f 2157/1980/2234 2156/1979/2233 2155/1977/2231
f 2154/1978/2232 2157/1980/2234 2155/1977/2231
f 2157/1980/2234 2115/1938/2192 2156/1979/2233
f 2158/1981/2235 2115/1938/2192 2157/1980/2234
f 1764/1634/1841 2158/1981/2235 2157/1980/2234
f 1764/1634/1841 2157/1980/2234 2154/1978/2232
f 2158/1981/2235 2112/1935/2189 2115/1938/2192
f 2159/1982/2236 2112/1935/2189 2158/1981/2235
f 1765/1635/1842 2159/1982/2236 2158/1981/2235
f 1765/1635/1842 2158/1981/2235 1764/1634/1841
f 2160/1983/2237 2109/1934/2188 2159/1982/2236
f 2159/1982/2236 2109/1934/2188 2112/1935/2189
f 1767/1637/1844 2160/1983/2237 2159/1982/2236
f 1767/1637/1844 2159/1982/2236 1765/1635/1842
f 2160/1983/2237 2108/1932/2186 2109/1934/2188
f 2161/1984/2238 2160/1983/2237 1767/1637/1844
f 2161/1984/2238 2162/1985/2239 2160/1983/2237
f 2162/1985/2239 2108/1932/2186 2160/1983/2237
f 2163/1986/2240 2162/1985/2239 2161/1984/2238
f 2163/1986/2240 1788/1658/1865 2162/1985/2239
f 2162/1985/2239 2164/1987/2241 2108/1932/2186
f 1788/1658/1865 2164/1987/2241 2162/1985/2239
f 1788/1658/1865 1789/1659/1866 2164/1987/2241
f 2165/1988/2242 2164/1987/2241 1789/1659/1866
f 2110/1933/2187 2164/1987/2241 2165/1988/2242
f 2110/1933/2187 2108/1932/2186 2164/1987/2241
f 1803/1673/1880 2165/1988/2242 1797/1668/1875
f 1797/1668/1875 2165/1988/2242 1791/1662/1869
f 1803/1673/1880 2110/1933/2187 2165/1988/2242
f 2165/1988/2242 1789/1659/1866 1791/1662/1869
f 1782/1652/1859 1788/1658/1865 2163/1986/2240
f 1774/1645/1852 2163/1986/2240 2161/1984/2238
f 1779/1649/1856 2163/1986/2240 1774/1645/1852
f 1779/1649/1856 1782/1652/1859 2163/1986/2240
f 1774/1645/1852 2161/1984/2238 1768/1638/1845
f 1768/1638/1845 2161/1984/2238 1767/1637/1844
f 2119/1943/2197 2156/1979/2233 2116/1939/2193
f 2119/1943/2197 2122/1945/2199 2156/1979/2233
f 2116/1939/2193 2156/1979/2233 2115/1938/2192
f 1759/1629/1836 2154/1978/2232 1758/1628/1835
f 1759/1629/1836 1764/1634/1841 2154/1978/2232
f 2153/1976/2230 2122/1945/2199 2123/1946/2200
f 2150/1974/2228 2153/1976/2230 2166/1989/2243
f 2153/1976/2230 2123/1946/2200 2166/1989/2243
f 2148/1972/2226 2166/1989/2243 2167/1990/2244
f 2166/1989/2243 2125/1948/2202 2167/1990/2244
f 2166/1989/2243 2123/1946/2200 2125/1948/2202
f 2150/1974/2228 2166/1989/2243 2148/1972/2226
f 2167/1990/2244 2125/1948/2202 2127/1950/2204
f 2146/1970/2224 2167/1990/2244 2168/1991/2245
f 2148/1972/2226 2167/1990/2244 2146/1970/2224
f 2167/1990/2244 2127/1950/2204 2168/1991/2245
f 2168/1991/2245 2127/1950/2204 2130/1952/2206
f 2146/1970/2224 2168/1991/2245 2144/1967/2221
f 2144/1967/2221 2168/1991/2245 2169/1992/2246
f 2168/1991/2245 2130/1952/2206 2169/1992/2246
f 2169/1992/2246 2130/1952/2206 2133/1955/2209
f 2144/1967/2221 2169/1992/2246 2141/1965/2219
f 2141/1965/2219 2169/1992/2246 2136/1959/2213
f 2169/1992/2246 2133/1955/2209 2136/1959/2213
f 2140/1963/2217 2138/1961/2215 2170/1993/2247
f 1740/1610/1817 2140/1963/2217 2170/1993/2247
f 1742/1613/1820 2140/1963/2217 1740/1610/1817
f 2170/1993/2247 2171/1994/2248 2172/1995/2249
f 2170/1993/2247 2138/1961/2215 2171/1994/2248
f 1738/1608/1815 2170/1993/2247 2172/1995/2249
f 1740/1610/1817 2170/1993/2247 1738/1608/1815
f 2172/1995/2249 2173/1996/2250 2174/1997/2251
f 2172/1995/2249 2171/1994/2248 2173/1996/2250
f 1736/1606/1813 2172/1995/2249 2174/1997/2251
f 1738/1608/1815 2172/1995/2249 1736/1606/1813
f 2174/1997/2251 2173/1996/2250 2175/1998/2252
f 1736/1606/1813 2174/1997/2251 1733/1603/1810
f 1733/1603/1810 2174/1997/2251 1730/1600/1807
f 2174/1997/2251 2175/1998/2252 1730/1600/1807
f 2173/1996/2250 2056/1879/2133 2175/1998/2252
f 2175/1998/2252 2056/1879/2133 2176/1999/2253
f 2175/1998/2252 2176/1999/2253 1727/1598/1805
f 1730/1600/1807 2175/1998/2252 1727/1598/1805
f 2176/1999/2253 2053/1876/2130 2177/2000/2254
f 2176/1999/2253 2177/2000/2254 1723/1594/1801
f 2056/1879/2133 2053/1876/2130 2176/1999/2253
f 1727/1598/1805 2176/1999/2253 1723/1594/1801
f 2178/2001/2255 2177/2000/2254 2054/1878/2132
f 2178/5/2255 1722/5/1797 2177/5/2254
f 2054/1878/2132 2177/2000/2254 2053/1876/2130
f 1723/1594/1801 2177/2000/2254 1722/1590/1797
f 2180/5/2256 2179/5/2257 2178/5/2255
f 2179/5/2257 1722/5/1797 2178/5/2255
f 2181/5/2258 2178/5/2255 2054/5/2132
f 2180/5/2256 2178/5/2255 2181/5/2258
f 2048/5/2126 2181/5/2258 2047/5/2124
f 2181/5/2258 2054/5/2132 2047/5/2124
f 2048/5/2126 2182/5/2259 2181/5/2258
f 2182/5/2259 2180/5/2256 2181/5/2258
f 2183/5/2260 2182/5/2259 2036/5/2113
f 2182/5/2259 2183/5/2260 2180/5/2256
f 2182/2002/2259 2048/1872/2126 2038/1861/2115
f 2182/5/2259 2038/5/2115 2036/5/2113
f 2184/5/2261 2183/5/2260 2034/5/2111
f 2183/5/2260 2184/5/2261 2185/5/2262
f 2183/5/2260 2036/5/2113 2034/5/2111
f 2183/5/2260 2185/5/2262 2180/5/2256
f 2187/5/2263 2186/5/2264 2185/5/2262
f 2185/5/2262 2186/5/2264 2179/5/2257
f 2184/5/2261 2187/5/2263 2185/5/2262
f 2185/5/2262 2179/5/2257 2180/5/2256
f 2189/5/2265 2188/5/2266 2187/5/2263
f 2187/5/2263 2188/5/2266 2186/5/2264
f 2190/5/2267 2189/5/2265 2187/5/2263
f 2184/5/2261 2190/5/2267 2187/5/2263
f 2190/5/2267 2184/5/2261 2032/5/2109
f 2191/5/2268 2190/5/2267 2030/5/2107
f 2190/5/2267 2191/5/2268 2189/5/2265
f 2190/5/2267 2032/5/2109 2030/5/2107
f 2191/5/2268 2193/5/2269 2192/5/2270
f 2191/5/2268 2192/5/2270 2189/5/2265
f 2191/5/2268 2030/5/2107 2028/5/2105
f 2193/5/2269 2191/5/2268 2028/5/2105
f 2193/5/2269 2194/5/2271 2192/5/2270
f 2193/5/2269 2195/5/2272 2194/5/2271
f 2193/5/2269 2028/5/2105 2026/5/2103
f 2195/5/2272 2193/5/2269 2026/5/2103
f 2195/5/2272 2196/5/2273 2194/5/2271
f 2195/5/2272 2197/5/2274 2196/5/2273
f 2195/5/2272 2026/5/2103 2024/5/2101
f 2197/5/2274 2195/5/2272 2024/5/2101
f 2197/5/2274 2199/5/2275 2198/5/2276
f 2197/5/2274 2198/5/2276 2196/5/2273
f 2197/5/2274 2024/5/2101 2022/5/2099
f 2199/5/2275 2197/5/2274 2022/5/2099
f 2199/5/2275 2201/5/2277 2200/5/2278
f 2199/5/2275 2200/5/2278 2198/5/2276
f 2199/5/2275 2022/5/2099 2020/5/2097
f 2201/5/2277 2199/5/2275 2020/5/2097
f 2201/5/2277 2010/5/2087 2200/5/2278
f 2201/5/2277 2011/5/2088 2010/5/2087
f 2201/5/2277 2020/5/2097 2018/5/2095
f 2011/5/2088 2201/5/2277 2018/5/2095
f 2010/5/2087 2203/5/2279 2200/5/2278
f 2200/5/2278 2202/5/2280 2198/5/2276
f 2200/5/2278 2203/5/2279 2202/5/2280
f 2203/5/2279 2204/5/2281 2202/5/2280
f 2008/5/2085 1997/5/2074 2203/5/2279
f 2203/5/2279 1997/5/2074 2204/5/2281
f 2010/5/2087 2008/5/2085 2203/5/2279
f 2202/5/2280 2204/5/2281 2205/5/2282
f 2206/2003/2283 2205/2004/2282 2204/2005/2281
f 2206/2003/2283 2204/2005/2281 1995/1846/2072
f 1995/1846/2072 2204/2005/2281 1997/1848/2074
f 2208/2006/2284 2205/2004/2282 2206/2003/2283
f 1992/1843/2069 2206/2003/2283 1995/1846/2072
f 2207/2007/2285 2206/2003/2283 1992/1843/2069
f 2207/2007/2285 2208/2006/2284 2206/2003/2283
f 2208/2006/2284 2209/2008/2286 2205/2004/2282
f 2211/2009/2287 2209/2008/2286 2208/2006/2284
f 2210/2010/2288 2208/2006/2284 2207/2007/2285
f 2210/2010/2288 2211/2009/2287 2208/2006/2284
f 2214/2011/2289 2212/2012/2290 2211/2009/2287
f 2212/2012/2290 2213/2013/2291 2211/2009/2287
f 2211/2009/2287 2213/2013/2291 2209/2008/2286
f 2214/2011/2289 2211/2009/2287 2210/2010/2288
f 2214/2011/2289 2215/2014/2292 2212/2012/2290
f 2214/2011/2289 2216/2015/2293 2215/2014/2292
f 2217/2016/2294 2216/2015/2293 2214/2011/2289
f 2217/2016/2294 2214/2011/2289 2210/2010/2288
f 2217/2016/2294 2218/2017/2295 2216/2015/2293
f 2219/2018/2296 2218/2017/2295 2217/2016/2294
f 2219/2018/2296 2217/2016/2294 2221/2019/2297
f 2221/2019/2297 2217/2016/2294 2220/2020/2298
f 2217/2016/2294 2210/2010/2288 2220/2020/2298
f 2222/2021/2299 2221/2019/2297 2224/2022/2300
f 2222/2021/2299 2219/2018/2296 2221/2019/2297
f 2224/2022/2300 2221/2019/2297 2223/2023/2301
f 2221/2019/2297 2220/2020/2298 2223/2023/2301
f 2224/5/2300 2223/5/2301 2225/5/2302
f 2225/5/2302 1989/5/2067 1990/5/2066
f 2225/2024/2302 2223/2023/2301 1989/1841/2067
f 2223/2023/2301 1993/1845/2071 1989/1841/2067
f 2223/2023/2301 2220/2020/2298 1993/1845/2071
f 2226/2025/2303 2219/2018/2296 2222/2021/2299
f 2228/2026/2304 2227/2027/2305 2226/2025/2303
f 2226/2025/2303 2227/2027/2305 2219/2018/2296
f 2230/2028/2306 2229/2029/2307 2228/2026/2304
f 2228/2026/2304 2229/2029/2307 2227/2027/2305
f 2230/2028/2306 2231/2030/2308 2229/2029/2307
f 2232/2031/2309 2231/2030/2308 2230/2028/2306
f 2232/2031/2309 2233/2032/2310 2231/2030/2308
f 2234/2033/2311 2233/2032/2310 2232/2031/2309
f 2234/2033/2311 1729/1599/1806 2233/2032/2310
f 1732/1602/1809 1729/1599/1806 2234/2033/2311
f 2233/2032/2310 2235/2034/2312 2231/2030/2308
f 1729/1599/1806 1726/1596/1803 2233/2032/2310
f 2233/2032/2310 1726/1596/1803 2235/2034/2312
f 1726/1596/1803 1724/1593/1800 2235/2034/2312
f 2235/2034/2312 1724/1593/1800 2236/2035/2313
f 2235/2034/2312 2236/2035/2313 2237/2036/2314
f 2231/2030/2308 2235/2034/2312 2237/2036/2314
f 2237/2036/2314 2238/2037/2315 2239/2038/2316
f 2237/2036/2314 2236/2035/2313 2238/2037/2315
f 2231/2030/2308 2237/2036/2314 2229/2029/2307
f 2229/2029/2307 2237/2036/2314 2239/2038/2316
f 2229/2029/2307 2239/2038/2316 2227/2027/2305
f 2239/2038/2316 2216/2015/2293 2218/2017/2295
f 2239/2038/2316 2238/2037/2315 2216/2015/2293
f 2227/2027/2305 2239/2038/2316 2218/2017/2295
f 2238/2037/2315 2215/2014/2292 2216/2015/2293
f 2238/2037/2315 2240/2039/2317 2215/2014/2292
f 2236/2035/2313 2240/2039/2317 2238/2037/2315
f 2240/2039/2317 2241/2040/2318 2242/2041/2319
f 1721/1592/1799 2241/2040/2318 2240/2039/2317
f 2236/2035/2313 1721/1592/1799 2240/2039/2317
f 2240/2039/2317 2242/2041/2319 2215/2014/2292
f 2188/5/2266 2242/5/2319 2241/5/2318
f 2212/2012/2290 2215/2014/2292 2242/2041/2319
f 2244/5/2320 2242/5/2319 2188/5/2266
f 2212/2012/2290 2242/2041/2319 2243/2042/2321
f 2244/5/2320 2243/5/2321 2242/5/2319
f 2189/5/2265 2244/5/2320 2188/5/2266
f 2245/5/2322 2243/5/2321 2244/5/2320
f 2192/5/2270 2244/5/2320 2189/5/2265
f 2192/5/2270 2245/5/2322 2244/5/2320
f 2194/5/2271 2245/5/2322 2192/5/2270
f 2194/5/2271 2246/5/2323 2245/5/2322
f 2246/5/2323 2213/5/2291 2245/5/2322
f 2245/5/2322 2213/5/2291 2243/5/2321
f 2196/5/2273 2246/5/2323 2194/5/2271
f 2196/5/2273 2247/5/2324 2246/5/2323
f 2247/5/2324 2209/5/2286 2246/5/2323
f 2246/5/2323 2209/5/2286 2213/5/2291
f 2202/5/2280 2205/5/2282 2247/5/2324
f 2247/5/2324 2205/5/2282 2209/5/2286
f 2198/5/2276 2247/5/2324 2196/5/2273
f 2198/5/2276 2202/5/2280 2247/5/2324
f 2212/2012/2290 2243/2042/2321 2213/2013/2291
f 2188/5/2266 2241/5/2318 2186/5/2264
f 2186/5/2264 2241/5/2318 1720/5/1798
f 1721/1592/1799 1720/1591/1798 2241/2040/2318
f 1724/1593/1800 1721/1592/1799 2236/2035/2313
f 2227/2027/2305 2218/2017/2295 2219/2018/2296
f 2220/2020/2298 2210/2010/2288 2207/2007/2285
f 2220/2020/2298 2207/2007/2285 1993/1845/2071
f 1993/1845/2071 2207/2007/2285 1992/1843/2069
f 2186/5/2264 1720/5/1798 2179/5/2257
f 2184/5/2261 2034/5/2111 2032/5/2109
f 2179/5/2257 1720/5/1798 1722/5/1797
f 2171/1994/2248 2057/1880/2134 2173/1996/2250
f 2173/1996/2250 2057/1880/2134 2056/1879/2133
f 2138/1961/2215 2059/1883/2137 2171/1994/2248
f 2171/1994/2248 2059/1883/2137 2057/1880/2134
f 2068/1890/2144 2065/1887/2141 2132/1956/2210
f 2073/1897/2151 2068/1890/2144 2132/1956/2210
f 2073/1897/2151 2132/1956/2210 2129/1953/2207
f 2076/1900/2154 2129/1953/2207 2082/1906/2160
f 2076/1900/2154 2073/1897/2151 2129/1953/2207
f 2103/1926/2180 2097/1920/2174 2113/1937/2191
f 2103/1926/2180 2113/1937/2191 2105/1928/2182
f 2097/1920/2174 2103/1926/2180 2098/1921/2175
f 2101/1925/2179 1806/1677/1884 1807/1676/1883
f 2086/1910/2164 2094/1917/2171 2088/1912/2166
f 2079/1903/2157 2080/1904/2158 2089/1911/2165
f 2248/2043/2325 2067/1892/2146 2070/1893/2147
f 2248/2043/2325 2045/1868/2122 2067/1892/2146
f 2042/1866/2120 2045/1868/2122 2248/2043/2325
f 2064/1889/2143 2067/1892/2146 2045/1868/2122
f 2044/1867/2121 2064/1889/2143 2045/1868/2122
f 2064/1889/2143 2044/1867/2121 2051/1874/2129
f 2048/1872/2126 2040/1863/2117 2038/1861/2115
f 2011/5/2088 2018/5/2095 2013/5/2091
f 1943/5/2019 1942/5/2020 2015/5/2093
f 2008/5/2085 1998/5/2075 1997/5/2074
f 1946/5/2022 1945/5/2023 2006/5/2083
f 2002/1853/2079 2004/1855/2081 1971/1822/2048
f 1971/1822/2048 2004/1855/2081 2249/2044/2326
f 1948/5/2026 2249/5/2326 2004/5/2081
f 1948/5/2026 2004/5/2081 1949/5/2027
f 1971/1822/2048 2249/2044/2326 1965/1817/2043
f 1965/1817/2043 2249/2044/2326 1966/1818/2044
f 1951/5/2028 1966/5/2044 2249/5/2326
f 1951/5/2028 2249/5/2326 1948/5/2026
f 1972/1823/2049 2002/1853/2079 1971/1822/2048
f 1977/1828/2054 2002/1853/2079 1972/1823/2049
f 1987/5/2064 1981/5/2059 2250/5/2327
f 2250/5/2327 1978/5/2056 2251/5/2328
f 2250/2045/2327 1981/1833/2059 1978/1830/2056
f 2251/5/2328 1975/5/2053 2252/5/2329
f 2251/2046/2328 1978/1830/2056 1975/1827/2053
f 2252/5/2329 1974/5/2052 2253/5/2330
f 2252/2047/2329 1975/1827/2053 1974/1826/2052
f 2253/2048/2330 1974/1826/2052 2254/2049/2331
f 2253/2048/2330 2254/2049/2331 2255/2050/2332
f 2255/2050/2332 2256/2051/2333 2257/2052/2334
f 2255/2050/2332 2254/2049/2331 2256/2051/2333
f 2257/2052/2334 1908/1777/1984 1905/1776/1983
f 2257/2052/2334 2256/2051/2333 1908/1777/1984
f 2256/2051/2333 2258/2053/2335 1908/1777/1984
f 2256/2051/2333 1969/1820/2046 2258/2053/2335
f 2254/2049/2331 1969/1820/2046 2256/2051/2333
f 2258/2053/2335 1912/1781/1988 1907/1778/1985
f 2258/2053/2335 1963/1815/2041 1912/1781/1988
f 1908/1777/1984 2258/2053/2335 1907/1778/1985
f 1969/1820/2046 1963/1815/2041 2258/2053/2335
f 1974/1826/2052 1968/1819/2045 2254/2049/2331
f 2254/2049/2331 1968/1819/2045 1969/1820/2046
f 1953/5/2031 1960/5/2037 1966/5/2044
f 1953/5/2031 1966/5/2044 1951/5/2028
f 1957/1810/2034 1931/1801/2008 1928/1797/2004
f 1921/1791/1998 1957/1810/2034 1928/1797/2004
f 1957/1810/2034 1921/1791/1998 1919/1789/1996
f 2259/2054/2336 1925/1796/2003 1927/1798/2005
f 2261/2055/2337 2260/2056/2338 2259/2054/2336
f 2259/2054/2336 2260/2056/2338 1925/1796/2003
f 2262/2057/2339 2263/2058/2340 2261/2055/2337
f 2261/2055/2337 2263/2058/2340 2260/2056/2338
f 1830/1700/1907 2264/2059/2341 2263/2058/2340
f 2264/2059/2341 2260/2056/2338 2263/2058/2340
f 1830/1700/1907 2263/2058/2340 1831/1702/1909
f 2262/2057/2339 1831/1702/1909 2263/2058/2340
f 2264/2059/2341 1830/1700/1907 1833/1703/1910
f 2264/2059/2341 1833/1703/1910 2265/2060/2342
f 2264/2059/2341 1924/1795/2002 2260/2056/2338
f 1924/1795/2002 2264/2059/2341 2265/2060/2342
f 1924/1795/2002 2265/2060/2342 1922/1793/2000
f 2265/2060/2342 2266/2061/2343 1922/1793/2000
f 2265/2060/2342 2267/2062/2344 2266/2061/2343
f 1833/1703/1910 2267/2062/2344 2265/2060/2342
f 2267/2062/2344 1846/1717/1924 2266/2061/2343
f 1833/1703/1910 1834/1704/1911 2267/2062/2344
f 1834/1704/1911 1839/1709/1916 2267/2062/2344
f 2267/2062/2344 1839/1709/1916 1846/1717/1924
f 1922/1793/2000 2266/2061/2343 1916/1786/1993
f 2266/2061/2343 1849/1720/1927 1916/1786/1993
f 2266/2061/2343 1846/1717/1924 1849/1720/1927
f 2268/2063/2345 1831/1702/1909 2262/2057/2339
f 1824/1694/1901 1825/1695/1902 2268/2063/2345
f 2268/2063/2345 1825/1695/1902 1831/1702/1909
f 1924/1795/2002 1925/1796/2003 2260/2056/2338
f 1903/1773/1980 1851/1721/1928 1854/1724/1931
f 1828/1698/1905 1836/1706/1913 1827/1699/1906
f 1813/1683/1890 1798/1669/1876 1794/1666/1873
f 1773/1644/1851 1779/1649/1856 1774/1645/1852
f 1752/1623/1830 1754/1624/1831 1758/1628/1835
usemtl Material.067
f 2270/2064/2346 2271/2065/2347 2269/2066/1
f 2269/2066/1 2273/2067/2 2270/2064/2346
f 2272/5/5 2269/5/1 2271/5/2347
f 2275/2068/2348 2270/2064/2346 2273/2067/2
f 2273/2067/2 2274/2069/25 2275/2068/2348
f 2276/2070/13 2275/2068/2348 2274/2069/25
f 2277/2071/11 2275/2068/2348 2276/2070/13
f 2275/2068/2348 2277/2071/11 2270/2064/2346
f 2276/2070/13 2278/2072/2349 2277/2071/11
f 2277/2071/11 2278/2072/2349 2279/2073/15
f 2277/2071/11 2279/2073/15 2280/2074/10
f 2281/2075/2350 2277/2071/11 2280/2074/10
f 2270/2064/2346 2277/2071/11 2281/2075/2350
f 2282/2076/2351 2281/2075/2350 2280/2074/10
f 2271/5/2347 2281/5/2350 2282/5/2351
f 2281/2075/2350 2271/2065/2347 2270/2064/2346
f 2282/5/2351 2284/5/2352 2283/5/2353
f 2283/5/2353 2272/5/5 2282/5/2351
f 2271/2077/2347 2282/2078/2351 2272/2079/5
f 2280/2074/10 2284/2080/2352 2282/2076/2351
f 2285/5/30 2283/5/2353 2284/5/2352
f 2284/5/2352 2280/5/10 2286/5/29
f 2284/5/2352 2286/5/29 2285/5/30
f 2286/5/29 2288/5/27 2287/5/28
f 2287/5/28 2285/5/30 2286/5/29
f 2289/5/2354 2288/5/27 2286/5/29
f 2286/2081/29 2280/2074/10 2289/2082/2354
f 2290/2083/2355 2289/2082/2354 2279/2073/15
f 2288/5/27 2289/5/2354 2290/5/2355
f 2279/2073/15 2289/2082/2354 2280/2074/10
f 2290/5/2355 2293/5/2356 2291/5/2357
f 2291/5/2357 2292/5/26 2290/5/2355
f 2288/5/27 2290/5/2355 2292/5/26
f 2279/5/15 2293/5/2356 2290/5/2355
f 2294/5/20 2291/5/2357 2293/5/2356
f 2293/2084/2356 2279/2073/15 2295/2085/2358
f 2293/5/2356 2295/5/2358 2294/5/20
f 2295/2085/2358 2297/2086/2359 2296/2087/2360
f 2296/2087/2360 2294/2088/20 2295/2085/2358
f 2278/2072/2349 2297/2086/2359 2295/2085/2358
f 2295/2085/2358 2279/2073/15 2278/2072/2349
f 2297/2086/2359 2276/2070/13 2298/2089/23
f 2298/5/23 2296/5/2360 2297/5/2359
f 2297/2086/2359 2278/2072/2349 2276/2070/13
f 2274/2069/25 2298/2089/23 2276/2070/13
f 2292/5/26 2287/5/28 2288/5/27
usemtl Material.068
f 2299/2090/1 2300/2091/2 2301/2092/2346
f 2301/2092/2346 2302/2093/4 2299/2090/1
f 2303/5/5 2299/5/1 2302/5/4
f 2302/5/4 2305/5/2351 2303/5/5
f 2304/5/7 2303/5/5 2305/5/2351
f 2307/5/2361 2306/5/9 2305/5/2351
f 2305/5/2351 2306/5/9 2304/5/7
f 2305/2094/2351 2308/2095/2350 2307/2096/2361
f 2302/2093/4 2308/2095/2350 2305/2094/2351
f 2301/2092/2346 2309/2097/2362 2308/2095/2350
f 2308/2095/2350 2309/2097/2362 2307/2096/2361
f 2308/2095/2350 2302/2093/4 2301/2092/2346
f 2309/2097/2362 2311/2098/12 2310/2099/13
f 2310/2099/13 2312/2100/2363 2309/2097/2362
f 2311/5/12 2309/5/2362 2301/5/2346
f 2309/2097/2362 2312/2100/2363 2313/2101/2364
f 2309/2097/2362 2313/2101/2364 2307/2096/2361
f 2313/2101/2364 2315/2102/2365 2314/2103/2366
f 2314/2103/2366 2317/2104/19 2313/2101/2364
f 2315/2102/2365 2313/2101/2364 2316/2105/2358
f 2316/2105/2358 2313/2101/2364 2312/2100/2363
f 2313/2101/2364 2317/2104/19 2307/2096/2361
f 2319/5/27 2317/5/19 2314/5/2366
f 2317/5/19 2319/5/27 2318/5/29
f 2318/5/29 2307/5/2361 2317/5/19
f 2319/5/27 2314/5/2366 2321/5/26
f 2321/5/26 2320/5/28 2319/5/27
f 2318/5/29 2319/5/27 2320/5/28
f 2322/5/2357 2321/5/26 2314/5/2366
f 2323/5/20 2322/5/2357 2315/5/2365
f 2314/5/2366 2315/5/2365 2322/5/2357
f 2324/2106/2360 2323/2107/20 2316/2105/2358
f 2315/5/2365 2316/5/2358 2323/5/20
f 2316/2105/2358 2325/2108/2359 2324/2106/2360
f 2326/2109/23 2324/2106/2360 2325/2108/2359
f 2327/2110/25 2326/2109/23 2310/2099/13
f 2325/2108/2359 2310/2099/13 2326/2109/23
f 2300/2091/2 2327/2110/25 2311/2098/12
f 2310/2099/13 2311/2098/12 2327/2110/25
f 2325/2108/2359 2312/2100/2363 2310/2099/13
f 2312/2100/2363 2325/2108/2359 2316/2105/2358
f 2320/5/28 2328/5/30 2318/5/29
f 2306/5/9 2318/5/29 2328/5/30
f 2328/5/30 2304/5/7 2306/5/9
f 2306/5/9 2307/5/2361 2318/5/29
f 2311/2098/12 2301/2092/2346 2300/2091/2
usemtl Material.069
f 2329/2111/1 2330/2112/2 2331/2113/2346
f 2331/2113/2346 2332/2114/2347 2329/2111/1
f 2333/2115/5 2329/2111/1 2332/2114/2347
f 2332/2114/2347 2335/2116/2351 2333/2115/5
f 2334/5/7 2333/5/5 2335/5/2351
f 2332/2114/2347 2338/2117/2350 2335/2116/2351
f 2335/5/2351 2336/5/2352 2334/5/7
f 2337/2118/2367 2336/2119/2352 2335/2116/2351
f 2335/2116/2351 2338/2117/2350 2337/2118/2367
f 2331/2113/2346 2339/2120/11 2338/2117/2350
f 2338/2117/2350 2339/2120/11 2337/2118/2367
f 2338/2117/2350 2332/2114/2347 2331/2113/2346
f 2342/2121/13 2340/2122/2363 2339/2120/11
f 2339/2120/11 2340/2122/2363 2341/2123/2364
f 2339/2120/11 2341/2123/2364 2337/2118/2367
f 2343/2124/2368 2339/2120/11 2331/2113/2346
f 2339/2120/11 2343/2124/2368 2342/2121/13
f 2343/2124/2368 2331/2113/2346 2330/2112/2
f 2330/5/2 2344/5/25 2343/5/2368
f 2342/2121/13 2343/2124/2368 2344/2125/25
f 2344/2125/25 2345/2126/23 2342/2121/13
f 2347/2127/2369 2342/2121/13 2345/2126/23
f 2345/5/23 2346/5/2370 2347/5/2369
f 2348/2128/2371 2347/2129/2369 2346/2130/2370
f 2340/2122/2363 2347/2129/2369 2348/2128/2371
f 2347/5/2369 2340/5/2363 2342/5/13
f 2346/2130/2370 2349/2131/20 2348/2128/2371
f 2350/5/2372 2348/5/2371 2349/5/20
f 2348/2128/2371 2341/2123/2364 2340/2122/2363
f 2350/5/2372 2341/5/2364 2348/5/2371
f 2349/5/20 2351/5/21 2350/5/2372
f 2352/5/2373 2350/5/2372 2351/5/21
f 2341/2132/2364 2350/2133/2372 2352/2134/2373
f 2351/5/21 2353/5/26 2352/5/2373
f 2354/5/2374 2352/5/2373 2353/5/26
f 2354/5/2374 2355/5/19 2352/5/2373
f 2352/5/2373 2355/5/19 2341/5/2364
f 2355/5/19 2354/5/2374 2356/5/29
f 2356/2135/29 2337/2118/2367 2355/2136/19
f 2341/2123/2364 2355/2136/19 2337/2118/2367
f 2356/5/29 2354/5/2374 2357/5/28
f 2357/5/28 2358/5/30 2356/5/29
f 2336/5/2352 2356/5/29 2358/5/30
f 2336/5/2352 2337/5/2367 2356/5/29
f 2358/5/30 2334/5/7 2336/5/2352
f 2353/5/26 2357/5/28 2354/5/2374
usemtl Material.070
f 2359/2137/1 2360/2138/2 2361/2139/3
f 2361/2139/3 2362/2140/2347 2359/2137/1
f 2363/5/5 2359/5/1 2362/5/2347
f 2362/5/2347 2365/5/2351 2363/5/5
f 2364/5/7 2363/5/5 2365/5/2351
f 2362/5/2347 2368/5/2375 2365/5/2351
f 2365/5/2351 2366/5/2352 2364/5/7
f 2367/2141/2376 2366/2142/2352 2365/2143/2351
f 2365/5/2351 2368/5/2375 2367/5/2376
f 2368/2144/2375 2362/2140/2347 2361/2139/3
f 2361/2139/3 2369/2145/11 2368/2144/2375
f 2368/2144/2375 2369/2145/11 2367/2146/2376
f 2371/2147/12 2369/2145/11 2361/2139/3
f 2369/2145/11 2371/2147/12 2370/2148/13
f 2370/2148/13 2372/2149/2349 2369/2145/11
f 2369/2145/11 2372/2149/2349 2373/2150/15
f 2369/2145/11 2373/2150/15 2367/2146/2376
f 2374/2151/2371 2373/2150/15 2372/2149/2349
f 2377/5/2377 2373/5/15 2374/5/2371
f 2376/5/2355 2375/5/2354 2373/5/15
f 2373/2150/15 2375/2152/2354 2367/2146/2376
f 2373/2153/15 2377/2154/2377 2376/2155/2355
f 2377/5/2377 2374/5/2371 2379/5/20
f 2379/5/20 2378/5/2378 2377/5/2377
f 2376/5/2355 2377/5/2377 2378/5/2378
f 2380/2156/2360 2379/2157/20 2374/2151/2371
f 2381/2158/23 2380/2156/2360 2382/2159/2359
f 2374/2151/2371 2382/2159/2359 2380/2156/2360
f 2372/2149/2349 2382/2159/2359 2374/2151/2371
f 2382/2159/2359 2372/2149/2349 2370/2148/13
f 2382/2159/2359 2370/2148/13 2381/2158/23
f 2383/2160/25 2381/2158/23 2370/2148/13
f 2370/2148/13 2371/2147/12 2383/2160/25
f 2360/5/2 2383/5/25 2371/5/12
f 2378/5/2378 2384/5/26 2376/5/2355
f 2385/5/2379 2376/5/2355 2384/5/26
f 2384/5/26 2386/5/28 2385/5/2379
f 2386/5/28 2387/5/30 2388/5/29
f 2388/5/29 2385/5/2379 2386/5/28
f 2375/2161/2354 2385/2162/2379 2388/2163/29
f 2388/5/29 2367/5/2376 2375/5/2354
f 2366/5/2352 2367/5/2376 2388/5/29
f 2366/5/2352 2388/5/29 2387/5/30
f 2387/5/30 2364/5/7 2366/5/2352
f 2385/5/2379 2375/5/2354 2376/5/2355
f 2371/2147/12 2361/2139/3 2360/2138/2
usemtl Material.071
f 2389/2164/2380 2390/2165/2381 2391/2166/2382
f 2392/2167/2382 2391/2166/2382 2390/2165/2381
f 2392/2167/2382 2393/2168/2382 2391/2166/2382
f 2393/2168/2382 2392/2167/2382 2394/2169/2382
f 2393/2168/2382 2394/2169/2382 2395/2170/2382
f 2395/2170/2382 2394/2169/2382 2396/2171/2383
f 2395/2170/2382 2396/2171/2383 2397/2172/2384
f 2397/2172/2384 2396/2171/2383 2398/2173/2383
f 2397/2172/2384 2398/2173/2383 2399/2174/2382
f 2399/2174/2382 2398/2173/2383 2402/2175/2382
f 2400/2176/2382 2399/2174/2382 2401/2177/2382
f 2399/2174/2382 2402/2175/2382 2401/2177/2382
f 2403/2178/2382 2401/2177/2382 2404/2179/2384
f 2400/2176/2382 2401/2177/2382 2403/2178/2382
f 2403/2178/2382 2404/2179/2384 2405/2180/2382
f 2405/2180/2382 2404/2179/2384 2406/2181/2382
f 2405/2180/2382 2406/2181/2382 2407/2182/2382
f 2407/2182/2382 2406/2181/2382 2408/2183/2382
f 2407/2182/2382 2408/2183/2382 2409/2184/2385
f 2409/2184/2385 2408/2183/2382 2410/2185/2386
f 2409/2184/2385 2410/2185/2386 2412/2186/2382
f 2412/2186/2382 2410/2185/2386 2411/2187/2382
f 2412/2186/2382 2411/2187/2382 2413/2188/2384
f 2414/2189/2387 2413/2188/2384 2411/2187/2382
f 2414/2189/2387 2415/2190/2386 2413/2188/2384
f 2416/2191/2384 2415/2190/2386 2414/2189/2387
f 2417/2192/2388 2418/2193/2389 2419/2194/2389
f 2418/2193/2389 2420/2195/2390 2419/2194/2389
