# 3ds Max Wavefront OBJ Exporter v0.99 - (c)2007 guruware
# File Created: 19.03.2025 10:50:54

#
# object rueda_derA
#

v  -0.2283 -0.0722 -0.0092
v  -0.2357 -0.0746 -0.0108
v  -0.2213 -0.1093 -0.0106
v  -0.2445 -0.0381 -0.0110
v  -0.2374 -0.0370 -0.0094
v  -0.2475 -0.0012 -0.0110
v  -0.2411 -0.0012 -0.0093
v  -0.2361 -0.0037 -0.0078
v  -0.2330 -0.0363 -0.0078
v  -0.2242 -0.0709 -0.0076
v  -0.2109 -0.1040 -0.0074
v  -0.2149 -0.1060 -0.0089
v  -0.1942 -0.1321 -0.0071
v  -0.1968 -0.1371 -0.0086
v  -0.2019 -0.1409 -0.0103
v  -0.1117 0.2025 -0.0058
v  -0.1138 0.2065 -0.0073
v  -0.1445 0.1869 -0.0078
v  -0.0817 0.2156 -0.0053
v  -0.0809 0.2211 -0.0067
v  -0.0829 0.2272 -0.0083
v  -0.1171 0.2129 -0.0089
v  -0.1491 0.1932 -0.0095
v  -0.1776 0.1688 -0.0099
v  -0.1725 0.1637 -0.0083
v  -0.2016 0.1406 -0.0103
v  -0.1965 0.1368 -0.0086
v  -0.1909 0.1359 -0.0071
v  -0.1693 0.1605 -0.0067
v  -0.1419 0.1834 -0.0063
v  -0.0435 -0.2252 -0.0047
v  -0.0442 -0.2296 -0.0061
v  -0.0078 -0.2318 -0.0056
v  -0.0754 -0.2181 -0.0052
v  -0.0794 -0.2221 -0.0067
v  -0.0813 -0.2282 -0.0083
v  -0.0453 -0.2367 -0.0077
v  -0.0078 -0.2396 -0.0071
v  0.0296 -0.2366 -0.0065
v  0.0285 -0.2294 -0.0049
v  0.0656 -0.2279 -0.0059
v  0.0637 -0.2218 -0.0043
v  0.0597 -0.2178 -0.0030
v  0.0278 -0.2250 -0.0035
v  -0.0078 -0.2274 -0.0041
v  0.1948 -0.1031 -0.0008
v  0.1989 -0.1051 -0.0021
v  0.2123 -0.0713 -0.0020
v  0.1782 -0.1313 -0.0010
v  0.1808 -0.1363 -0.0024
v  0.1860 -0.1400 -0.0039
v  0.2053 -0.1084 -0.0036
v  0.2197 -0.0737 -0.0034
v  0.2284 -0.0371 -0.0032
v  0.2213 -0.0360 -0.0017
v  0.2313 -0.0002 -0.0032
v  0.2249 -0.0002 -0.0017
v  0.2198 -0.0027 -0.0004
v  0.2168 -0.0353 -0.0004
v  0.2080 -0.0699 -0.0006
v  0.1278 0.1875 -0.0034
v  0.1324 0.1938 -0.0048
v  0.1003 0.2134 -0.0053
v  0.1610 0.1695 -0.0043
v  0.1559 0.1644 -0.0029
v  0.1851 0.1414 -0.0039
v  0.1799 0.1376 -0.0024
v  0.1743 0.1367 -0.0011
v  0.1526 0.1612 -0.0015
v  0.1252 0.1840 -0.0019
v  0.0950 0.2030 -0.0024
v  0.0971 0.2070 -0.0039
v  0.0650 0.2159 -0.0029
v  0.0641 0.2214 -0.0043
v  0.0661 0.2275 -0.0059
v  -0.3600 0.0181 0.1097
v  -0.3822 -0.0001 0.0843
v  -0.3590 -0.0368 0.1097
v  -0.3801 -0.0390 0.0843
v  -0.3866 -0.0001 -0.0522
v  -0.3846 -0.0398 -0.0522
v  -0.3778 -0.0001 -0.1886
v  -0.3757 -0.0390 -0.1885
v  -0.3548 0.0181 -0.2131
v  -0.3510 -0.0549 -0.2130
v  -0.3485 -0.0906 0.1098
v  -0.3740 -0.0775 0.0844
v  -0.3784 -0.0789 -0.0521
v  -0.3696 -0.0775 -0.1884
v  -0.3595 -0.1151 -0.1883
v  -0.3320 -0.1255 -0.2127
v  -0.3639 -0.1151 0.0846
v  -0.3681 -0.1171 -0.0519
v  -0.3539 -0.1541 -0.0517
v  -0.3455 -0.1514 -0.1880
v  -0.3280 -0.1860 -0.1878
v  -0.2988 -0.1907 -0.2122
v  -0.3306 -0.1426 0.1101
v  -0.3499 -0.1514 0.0848
v  -0.3324 -0.1860 0.0851
v  -0.3360 -0.1895 -0.0514
v  -0.3144 -0.2227 -0.0510
v  -0.3067 -0.2187 -0.1874
v  -0.2822 -0.2489 -0.1870
v  -0.2528 -0.2474 -0.2114
v  -0.3040 -0.1907 0.1106
v  -0.3111 -0.2187 0.0855
v  -0.2866 -0.2489 0.0859
v  -0.2895 -0.2535 -0.0506
v  -0.2614 -0.2815 -0.0502
v  -0.2547 -0.2764 -0.1866
v  -0.2245 -0.3010 -0.1861
v  -0.1960 -0.2935 -0.2105
v  -0.2710 -0.2345 0.1111
v  -0.2309 -0.2720 0.1118
v  -0.2591 -0.2764 0.0863
v  -0.2289 -0.3010 0.0868
v  -0.2307 -0.3064 -0.0496
v  -0.1974 -0.3280 -0.0491
v  -0.1919 -0.3221 -0.1855
v  -0.1571 -0.3398 -0.1850
v  -0.1310 -0.3267 -0.2094
v  -0.1859 -0.3034 0.1125
v  -0.1964 -0.3221 0.0873
v  -0.1616 -0.3398 0.0879
v  -0.1622 -0.3460 -0.0485
v  -0.1252 -0.3602 -0.0479
v  -0.1208 -0.3538 -0.1844
v  -0.0832 -0.3638 -0.1838
v  -0.0603 -0.3455 -0.2083
v  -0.1363 -0.3267 0.1133
v  -0.1253 -0.3538 0.0885
v  -0.0877 -0.3638 0.0891
v  -0.0869 -0.3705 -0.0473
v  -0.0477 -0.3767 -0.0467
v  -0.0448 -0.3699 -0.1831
v  -0.0060 -0.3719 -0.1825
v  0.0127 -0.3493 -0.2071
v  -0.0837 -0.3427 0.1142
v  -0.0292 -0.3493 0.1151
v  -0.0493 -0.3699 0.0897
v  -0.0105 -0.3719 0.0904
v  -0.0082 -0.3787 -0.0460
v  0.0312 -0.3767 -0.0454
v  0.0328 -0.3699 -0.1819
v  0.0712 -0.3638 -0.1812
v  0.0849 -0.3379 -0.2059
v  0.0257 -0.3484 0.1160
v  0.0283 -0.3699 0.0910
v  0.0667 -0.3638 0.0916
v  0.0704 -0.3705 -0.0447
v  0.1087 -0.3602 -0.0441
v  0.1088 -0.3538 -0.1806
v  0.1451 -0.3398 -0.1800
v  0.1532 -0.3117 -0.2048
v  0.0796 -0.3379 0.1169
v  0.1043 -0.3538 0.0923
v  0.1406 -0.3398 0.0928
v  0.1457 -0.3460 -0.0435
v  0.1809 -0.3280 -0.0429
v  0.1799 -0.3221 -0.1794
v  0.2125 -0.3010 -0.1789
v  0.2144 -0.2720 -0.2038
v  0.1315 -0.3201 0.1177
v  0.1795 -0.2935 0.1185
v  0.1754 -0.3221 0.0934
v  0.2080 -0.3010 0.0940
v  0.2142 -0.3064 -0.0424
v  0.2449 -0.2815 -0.0419
v  0.2427 -0.2764 -0.1784
v  0.2702 -0.2489 -0.1780
v  0.2661 -0.2203 -0.2029
v  0.2233 -0.2604 0.1192
v  0.2382 -0.2764 0.0944
v  0.2657 -0.2489 0.0949
v  0.2730 -0.2535 -0.0414
v  0.2979 -0.2227 -0.0410
v  0.2946 -0.2187 -0.1776
v  0.3159 -0.1860 -0.1772
v  0.3059 -0.1589 -0.2023
v  0.2608 -0.2203 0.1198
v  0.2902 -0.2187 0.0953
v  0.3115 -0.1860 0.0956
v  0.3195 -0.1895 -0.0406
v  0.3374 -0.1541 -0.0403
v  0.3334 -0.1514 -0.1769
v  0.3474 -0.1151 -0.1767
v  0.3321 -0.0906 -0.2019
v  0.2923 -0.1753 0.1203
v  0.3155 -0.1255 0.1207
v  0.3290 -0.1514 0.0959
v  0.3430 -0.1151 0.0962
v  0.3516 -0.1171 -0.0401
v  0.3619 -0.0789 -0.0399
v  0.3575 -0.0775 -0.1765
v  0.3636 -0.0390 -0.1764
v  0.3435 -0.0185 -0.2017
v  0.3316 -0.0730 0.1210
v  0.3531 -0.0775 0.0963
v  0.3592 -0.0390 0.0964
v  0.3681 -0.0398 -0.0398
v  0.3701 -0.0001 -0.0398
v  0.3656 -0.0001 -0.1764
v  0.3636 0.0387 -0.1764
v  0.3398 0.0546 -0.2017
v  0.3383 -0.0185 0.1211
v  0.3612 -0.0001 0.0965
v  0.3592 0.0387 0.0964
v  0.3681 0.0394 -0.0398
v  0.3619 0.0785 -0.0399
v  0.3575 0.0771 -0.1765
v  0.3474 0.1147 -0.1767
v  0.3208 0.1251 -0.2020
v  0.3373 0.0364 0.1211
v  0.3268 0.0902 0.1209
v  0.3531 0.0771 0.0963
v  0.3430 0.1147 0.0962
v  0.3516 0.1168 -0.0401
v  0.3374 0.1538 -0.0403
v  0.3334 0.1510 -0.1769
v  0.3159 0.1856 -0.1772
v  0.2876 0.1903 -0.2026
v  0.3089 0.1422 0.1206
v  0.3290 0.1510 0.0959
v  0.3115 0.1856 0.0956
v  0.3195 0.1891 -0.0406
v  0.2979 0.2223 -0.0410
v  0.2946 0.2184 -0.1776
v  0.2702 0.2486 -0.1780
v  0.2416 0.2470 -0.2033
v  0.2823 0.1903 0.1202
v  0.2902 0.2184 0.0953
v  0.2657 0.2486 0.0949
v  0.2730 0.2531 -0.0414
v  0.2449 0.2812 -0.0419
v  0.2427 0.2760 -0.1784
v  0.2125 0.3006 -0.1789
v  0.1848 0.2931 -0.2043
v  0.2492 0.2341 0.1196
v  0.2091 0.2716 0.1190
v  0.2382 0.2760 0.0944
v  0.2080 0.3006 0.0940
v  0.2142 0.3060 -0.0424
v  0.1809 0.3276 -0.0429
v  0.1799 0.3217 -0.1794
v  0.1451 0.3394 -0.1800
v  0.1197 0.3263 -0.2053
v  0.1641 0.3030 0.1182
v  0.1754 0.3217 0.0934
v  0.1406 0.3394 0.0928
v  0.1457 0.3456 -0.0435
v  0.1087 0.3598 -0.0441
v  0.1088 0.3534 -0.1806
v  0.0712 0.3634 -0.1812
v  0.0491 0.3451 -0.2065
v  0.1144 0.3263 0.1174
v  0.1043 0.3534 0.0923
v  0.0667 0.3634 0.0916
v  0.0704 0.3701 -0.0447
v  0.0312 0.3763 -0.0454
v  0.0328 0.3695 -0.1819
v  -0.0060 0.3715 -0.1825
v  -0.0239 0.3490 -0.2077
v  0.0619 0.3423 0.1166
v  0.0074 0.3490 0.1157
v  0.0283 0.3695 0.0910
v  -0.0105 0.3715 0.0904
v  -0.0082 0.3783 -0.0460
v  -0.0477 0.3763 -0.0467
v  -0.0448 0.3695 -0.1831
v  -0.0832 0.3634 -0.1838
v  -0.0961 0.3375 -0.2089
v  -0.0476 0.3480 0.1148
v  -0.0493 0.3695 0.0897
v  -0.0877 0.3634 0.0891
v  -0.0869 0.3701 -0.0473
v  -0.1252 0.3598 -0.0479
v  -0.1208 0.3534 -0.1844
v  -0.1571 0.3394 -0.1850
v  -0.1644 0.3114 -0.2100
v  -0.1014 0.3375 0.1139
v  -0.1253 0.3534 0.0885
v  -0.1616 0.3394 0.0879
v  -0.1622 0.3456 -0.0485
v  -0.1974 0.3276 -0.0491
v  -0.1919 0.3217 -0.1855
v  -0.2245 0.3006 -0.1861
v  -0.2256 0.2716 -0.2110
v  -0.1533 0.3197 0.1130
v  -0.2013 0.2931 0.1123
v  -0.1964 0.3217 0.0873
v  -0.2289 0.3006 0.0868
v  -0.2307 0.3060 -0.0496
v  -0.2614 0.2812 -0.0502
v  -0.2547 0.2760 -0.1866
v  -0.2822 0.2486 -0.1870
v  -0.2773 0.2199 -0.2118
v  -0.2451 0.2600 0.1115
v  -0.2591 0.2760 0.0863
v  -0.2866 0.2486 0.0859
v  -0.2895 0.2531 -0.0506
v  -0.3144 0.2223 -0.0510
v  -0.3067 0.2184 -0.1874
v  -0.3280 0.1856 -0.1878
v  -0.3171 0.1585 -0.2125
v  -0.2826 0.2199 0.1109
v  -0.3111 0.2184 0.0855
v  -0.3324 0.1856 0.0851
v  -0.3360 0.1891 -0.0514
v  -0.3539 0.1538 -0.0517
v  -0.3455 0.1510 -0.1880
v  -0.3595 0.1147 -0.1883
v  -0.3433 0.0902 -0.2129
v  -0.3140 0.1749 0.1104
v  -0.3372 0.1251 0.1100
v  -0.3499 0.1510 0.0848
v  -0.3639 0.1147 0.0846
v  -0.3681 0.1168 -0.0519
v  -0.3784 0.0785 -0.0521
v  -0.3696 0.0771 -0.1884
v  -0.3757 0.0387 -0.1885
v  -0.3533 0.0726 0.1098
v  -0.3740 0.0771 0.0844
v  -0.3801 0.0387 0.0843
v  -0.3846 0.0394 -0.0522
v  -0.0277 -0.3169 0.1255
v  0.0221 -0.3160 0.1263
v  0.0710 -0.3066 0.1271
v  0.1181 -0.2904 0.1279
v  -0.0770 -0.3109 0.1247
v  -0.0251 -0.2739 0.1121
v  0.0178 -0.2732 0.1128
v  0.0601 -0.2649 0.1135
v  0.1007 -0.2510 0.1142
v  -0.1247 -0.2963 0.1239
v  -0.0679 -0.2686 0.1114
v  -0.1698 -0.2752 0.1232
v  -0.1091 -0.2561 0.1108
v  -0.2106 -0.2467 0.1225
v  -0.1481 -0.2380 0.1101
v  -0.2470 -0.2128 0.1219
v  -0.1833 -0.2132 0.1095
v  -0.2770 -0.1729 0.1214
v  -0.2148 -0.1839 0.1090
v  -0.3011 -0.1294 0.1210
v  -0.2407 -0.1495 0.1086
v  -0.3173 -0.0823 0.1208
v  -0.2615 -0.1119 0.1083
v  -0.3269 -0.0334 0.1206
v  -0.2756 -0.0712 0.1080
v  -0.3277 0.0165 0.1206
v  -0.2838 -0.0289 0.1079
v  -0.3216 0.0659 0.1207
v  -0.2845 0.0142 0.1079
v  -0.3071 0.1135 0.1209
v  -0.2793 0.0569 0.1080
v  -0.2861 0.1587 0.1213
v  -0.2668 0.0980 0.1082
v  -0.2575 0.1994 0.1217
v  -0.2485 0.1370 0.1085
v  -0.2235 0.2358 0.1223
v  -0.2238 0.1723 0.1089
v  -0.1837 0.2658 0.1229
v  -0.1944 0.2038 0.1094
v  -0.1402 0.2900 0.1237
v  -0.1601 0.2297 0.1099
v  -0.0931 0.3062 0.1244
v  -0.1224 0.2506 0.1105
v  -0.0443 0.3157 0.1252
v  -0.0817 0.2646 0.1112
v  0.0055 0.3165 0.1260
v  -0.0395 0.2728 0.1119
v  0.0549 0.3105 0.1268
v  0.0035 0.2735 0.1126
v  0.1025 0.2960 0.1276
v  0.0463 0.2683 0.1133
v  0.1477 0.2748 0.1284
v  0.0873 0.2557 0.1140
v  0.1885 0.2463 0.1290
v  0.1264 0.2376 0.1146
v  0.2249 0.2124 0.1296
v  0.1616 0.2129 0.1152
v  0.2549 0.1725 0.1301
v  0.1931 0.1835 0.1157
v  0.2790 0.1291 0.1305
v  0.2190 0.1491 0.1161
v  0.2952 0.0819 0.1308
v  0.2398 0.1115 0.1165
v  0.3048 0.0331 0.1309
v  0.2539 0.0708 0.1167
v  0.3056 -0.0168 0.1310
v  0.2621 0.0285 0.1168
v  0.2995 -0.0663 0.1309
v  0.2628 -0.0146 0.1169
v  0.2850 -0.1139 0.1306
v  0.2576 -0.0573 0.1168
v  0.2639 -0.1590 0.1303
v  0.2450 -0.0984 0.1166
v  0.2354 -0.1997 0.1298
v  0.2268 -0.1374 0.1163
v  0.2014 -0.2362 0.1292
v  0.2021 -0.1726 0.1159
v  0.1616 -0.2661 0.1286
v  0.1727 -0.2042 0.1154
v  0.1384 -0.2301 0.1148
v  0.0242 0.2701 0.1080
v  -0.0101 0.2734 0.1177
v  -0.0100 0.2722 0.1075
v  0.0242 0.2713 0.1182
v  0.0578 0.2637 0.1086
v  -0.0444 0.2713 0.1171
v  -0.0442 0.2701 0.1069
v  -0.0781 0.2648 0.1166
v  -0.0777 0.2637 0.1064
v  -0.1108 0.2542 0.1160
v  -0.1102 0.2531 0.1058
v  -0.1419 0.2396 0.1155
v  -0.1411 0.2385 0.1053
v  0.0579 0.2648 0.1188
v  0.0903 0.2531 0.1091
v  -0.0101 0.2735 0.1190
v  -0.0444 0.2714 0.1184
v  0.0241 0.2714 0.1195
v  -0.0783 0.2650 0.1179
v  -0.1109 0.2544 0.1173
v  -0.1420 0.2397 0.1168
v  -0.1709 0.2211 0.1151
v  -0.1701 0.2202 0.1049
v  -0.1710 0.2213 0.1163
v  0.0905 0.2542 0.1193
v  0.1212 0.2385 0.1096
v  0.0579 0.2650 0.1201
v  -0.0101 0.2744 0.1190
v  -0.0445 0.2722 0.1184
v  -0.0784 0.2657 0.1179
v  0.0242 0.2722 0.1195
v  -0.1111 0.2551 0.1173
v  -0.1424 0.2404 0.1168
v  -0.1715 0.2220 0.1163
v  -0.1974 0.1993 0.1146
v  -0.1965 0.1984 0.1044
v  -0.1975 0.1994 0.1159
v  -0.1981 0.2000 0.1159
v  0.1216 0.2396 0.1198
v  0.1501 0.2202 0.1101
v  0.0906 0.2544 0.1206
v  0.0580 0.2657 0.1201
v  0.1506 0.2211 0.1203
v  0.1764 0.1984 0.1105
v  -0.0101 0.2780 0.1190
v  -0.0450 0.2758 0.1184
v  -0.0793 0.2693 0.1179
v  -0.1126 0.2585 0.1173
v  0.0247 0.2758 0.1196
v  -0.1441 0.2436 0.1168
v  -0.1736 0.2249 0.1163
v  -0.2006 0.2027 0.1159
v  -0.2209 0.1742 0.1142
v  -0.2199 0.1735 0.1040
v  -0.2210 0.1743 0.1155
v  -0.2216 0.1748 0.1155
v  -0.2245 0.1771 0.1155
v  0.1217 0.2397 0.1211
v  0.0908 0.2551 0.1206
v  0.0590 0.2693 0.1201
v  0.1770 0.1993 0.1207
v  0.1998 0.1735 0.1109
v  0.1506 0.2213 0.1216
v  -0.0101 0.2788 0.1190
v  -0.0451 0.2766 0.1184
v  -0.0796 0.2700 0.1178
v  -0.1128 0.2592 0.1173
v  -0.1445 0.2443 0.1168
v  0.0248 0.2766 0.1196
v  -0.1741 0.2255 0.1163
v  -0.2011 0.2032 0.1159
v  -0.2250 0.1776 0.1155
v  -0.2411 0.1464 0.1139
v  -0.2399 0.1458 0.1037
v  -0.2412 0.1465 0.1152
v  -0.2420 0.1470 0.1152
v  -0.2450 0.1489 0.1151
v  -0.2456 0.1494 0.1151
v  0.1220 0.2404 0.1211
v  0.0922 0.2585 0.1207
v  0.0591 0.2700 0.1201
v  0.2006 0.1742 0.1211
v  0.2199 0.1458 0.1112
v  0.1771 0.1994 0.1220
v  0.1511 0.2220 0.1216
v  -0.0101 0.2788 0.1138
v  -0.0451 0.2766 0.1132
v  -0.0796 0.2700 0.1126
v  -0.1127 0.2592 0.1121
v  -0.1444 0.2443 0.1116
v  -0.1740 0.2255 0.1111
v  0.0249 0.2766 0.1144
v  -0.2010 0.2032 0.1107
v  -0.2249 0.1776 0.1103
v  -0.2455 0.1494 0.1099
v  -0.2577 0.1163 0.1136
v  -0.2564 0.1159 0.1034
v  -0.2578 0.1163 0.1149
v  -0.2585 0.1167 0.1149
v  -0.2618 0.1182 0.1149
v  -0.2625 0.1186 0.1149
v  -0.2624 0.1186 0.1097
v  0.1238 0.2436 0.1212
v  0.2208 0.1464 0.1215
v  0.1777 0.2000 0.1221
v  0.1532 0.2249 0.1217
v  -0.2703 0.0844 0.1134
v  -0.2690 0.0841 0.1032
v  -0.2705 0.0844 0.1147
v  -0.2712 0.0846 0.1147
v  -0.2747 0.0858 0.1147
v  -0.2754 0.0861 0.1146
v  -0.2753 0.0861 0.1094
v  0.1242 0.2443 0.1212
v  0.2365 0.1159 0.1115
v  0.1802 0.2027 0.1221
v  0.2013 0.1748 0.1224
v  0.1537 0.2255 0.1217
v  -0.2791 0.0512 0.1146
v  -0.2834 0.0520 0.1145
v  -0.2842 0.0521 0.1145
v  -0.2841 0.0521 0.1093
v  0.1243 0.2443 0.1160
v  0.0926 0.2592 0.1155
v  0.2490 0.0841 0.1117
v  0.2373 0.1163 0.1217
v  0.1538 0.2255 0.1165
v  0.1807 0.2032 0.1221
v  -0.2789 0.0511 0.1133
v  -0.2886 0.0173 0.1144
v  0.2499 0.0844 0.1219
v  0.2575 0.0508 0.1119
v  0.2375 0.1163 0.1230
v  0.2209 0.1465 0.1228
v  0.2007 0.1743 0.1224
v  0.1808 0.2032 0.1169
v  0.2047 0.1776 0.1225
v  0.2041 0.1771 0.1225
v  -0.2775 0.0508 0.1031
v  -0.2831 0.0170 0.1132
v  -0.2817 0.0170 0.1030
v  -0.2834 0.0170 0.1145
v  0.2585 0.0511 0.1221
v  0.2618 0.0170 0.1119
v  0.2501 0.0844 0.1232
v  0.2382 0.1167 0.1230
v  0.2215 0.1470 0.1228
v  0.2048 0.1776 0.1173
v  0.2247 0.1489 0.1228
v  -0.2831 -0.0173 0.1132
v  -0.2817 -0.0173 0.1030
v  -0.2834 -0.0173 0.1145
v  0.2586 0.0512 0.1234
v  0.2415 0.1182 0.1231
v  0.2253 0.1494 0.1228
v  0.2254 0.1494 0.1176
v  -0.2791 -0.0515 0.1146
v  -0.2789 -0.0514 0.1133
v  -0.2775 -0.0513 0.1031
v  -0.2798 -0.0516 0.1146
v  -0.2841 -0.0174 0.1145
v  0.2618 -0.0173 0.1119
v  0.2628 0.0170 0.1222
v  0.2630 0.0170 0.1235
v  0.2422 0.1186 0.1231
v  0.2423 0.1186 0.1179
v  -0.2712 -0.0850 0.1147
v  -0.2705 -0.0847 0.1147
v  -0.2703 -0.0847 0.1134
v  -0.2690 -0.0844 0.1032
v  -0.2834 -0.0523 0.1145
v  -0.2747 -0.0862 0.1147
v  -0.2841 0.0171 0.1145
v  -0.2877 -0.0177 0.1144
v  0.2575 -0.0513 0.1119
v  0.2628 -0.0173 0.1222
v  0.2585 -0.0514 0.1221
v  0.2490 -0.0844 0.1117
v  0.2595 0.0513 0.1234
v  0.2637 0.0171 0.1235
v  0.2508 0.0846 0.1233
v  0.2551 0.0861 0.1233
v  0.2552 0.0861 0.1181
v  -0.2578 -0.1167 0.1149
v  -0.2577 -0.1167 0.1136
v  -0.2564 -0.1162 0.1034
v  -0.2798 0.0513 0.1146
v  -0.2877 0.0173 0.1144
v  -0.2886 -0.0177 0.1144
v  0.2499 -0.0847 0.1219
v  0.2365 -0.1162 0.1115
v  0.2630 0.0520 0.1235
v  0.2674 0.0173 0.1235
v  0.2638 0.0521 0.1235
v  0.2544 0.0858 0.1233
v  -0.2411 -0.1467 0.1139
v  -0.2399 -0.1461 0.1037
v  -0.2412 -0.1468 0.1152
v  -0.2420 -0.1473 0.1152
v  0.2373 -0.1167 0.1217
v  0.2199 -0.1461 0.1112
v  0.2501 -0.0847 0.1232
v  0.2586 -0.0515 0.1234
v  0.2630 -0.0173 0.1235
v  0.2682 0.0173 0.1235
v  0.2674 -0.0177 0.1235
v  0.2637 -0.0174 0.1235
v  0.2639 0.0521 0.1183
v  -0.2216 -0.1751 0.1155
v  -0.2210 -0.1746 0.1155
v  0.2208 -0.1467 0.1215
v  0.1998 -0.1738 0.1109
v  0.2006 -0.1745 0.1211
v  0.1764 -0.1988 0.1105
v  0.2375 -0.1167 0.1230
v  0.2595 -0.0516 0.1234
v  0.2683 0.0173 0.1183
v  0.2682 -0.0177 0.1235
v  0.2630 -0.0523 0.1235
v  -0.2199 -0.1738 0.1040
v  -0.1981 -0.2003 0.1159
v  -0.2006 -0.2030 0.1159
v  -0.2245 -0.1775 0.1155
v  -0.1975 -0.1997 0.1159
v  -0.2885 -0.0177 0.1092
v  -0.2841 -0.0524 0.1093
v  0.2209 -0.1468 0.1228
v  0.1770 -0.1996 0.1207
v  0.1501 -0.2205 0.1101
v  0.2382 -0.1170 0.1230
v  0.2508 -0.0850 0.1233
v  0.2683 -0.0177 0.1183
v  0.2638 -0.0524 0.1235
v  0.2544 -0.0862 0.1233
v  -0.2209 -0.1745 0.1142
v  -0.1974 -0.1996 0.1146
v  -0.1715 -0.2223 0.1163
v  -0.2011 -0.2035 0.1159
v  -0.2450 -0.1492 0.1151
v  -0.1710 -0.2217 0.1163
v  0.2216 -0.1473 0.1228
v  0.1506 -0.2215 0.1203
v  0.2415 -0.1186 0.1231
v  0.2639 -0.0524 0.1183
v  0.2551 -0.0864 0.1233
v  -0.1709 -0.2215 0.1151
v  -0.1965 -0.1988 0.1044
v  -0.2250 -0.1779 0.1155
v  -0.1420 -0.2400 0.1168
v  0.2247 -0.1492 0.1228
v  0.2013 -0.1751 0.1224
v  0.1771 -0.1997 0.1220
v  0.1212 -0.2389 0.1096
v  0.2422 -0.1189 0.1231
v  0.2552 -0.0864 0.1181
v  -0.1419 -0.2399 0.1155
v  -0.2010 -0.2035 0.1107
v  -0.2249 -0.1779 0.1103
v  -0.2456 -0.1497 0.1151
v  -0.1740 -0.2258 0.1086
v  -0.1109 -0.2547 0.1173
v  0.2041 -0.1775 0.1225
v  0.2253 -0.1497 0.1228
v  0.1777 -0.2003 0.1221
v  0.1216 -0.2399 0.1198
v  0.2423 -0.1189 0.1179
v  -0.1108 -0.2545 0.1160
v  -0.1411 -0.2389 0.1053
v  -0.2455 -0.1497 0.1099
v  -0.2625 -0.1189 0.1149
v  -0.2618 -0.1186 0.1149
v  -0.0783 -0.2654 0.1179
v  -0.0784 -0.2661 0.1179
v  0.1802 -0.2030 0.1221
v  0.2047 -0.1779 0.1225
v  0.2254 -0.1497 0.1176
v  0.1511 -0.2223 0.1216
v  0.1506 -0.2217 0.1216
v  0.1217 -0.2400 0.1211
v  0.0903 -0.2534 0.1091
v  -0.0781 -0.2651 0.1166
v  -0.2624 -0.1189 0.1107
v  -0.2585 -0.1170 0.1149
v  -0.0445 -0.2726 0.1184
v  -0.0450 -0.2762 0.1184
v  0.0905 -0.2545 0.1193
v  0.0906 -0.2547 0.1206
v  0.0578 -0.2641 0.1086
v  -0.1102 -0.2534 0.1058
v  0.2048 -0.1779 0.1173
v  0.1807 -0.2035 0.1221
v  0.0579 -0.2651 0.1188
v  0.1220 -0.2408 0.1211
v  0.0908 -0.2554 0.1206
v  0.0242 -0.2704 0.1080
v  0.1808 -0.2035 0.1169
v  0.1537 -0.2258 0.1217
v  0.1532 -0.2253 0.1217
v  0.0242 -0.2716 0.1182
v  0.0579 -0.2654 0.1201
v  0.1238 -0.2439 0.1212
v  0.0580 -0.2661 0.1201
v  0.0922 -0.2588 0.1207
v  -0.0100 -0.2726 0.1075
v  0.1538 -0.2258 0.1165
v  0.1242 -0.2447 0.1212
v  0.0241 -0.2717 0.1195
v  -0.0101 -0.2738 0.1177
v  0.0242 -0.2726 0.1195
v  0.0590 -0.2696 0.1201
v  0.0925 -0.2596 0.1207
v  -0.0442 -0.2704 0.1069
v  -0.0777 -0.2641 0.1064
v  -0.0444 -0.2716 0.1171
v  0.1243 -0.2447 0.1160
v  -0.0101 -0.2740 0.1190
v  -0.0101 -0.2747 0.1190
v  0.0247 -0.2762 0.1196
v  0.0591 -0.2703 0.1201
v  0.0926 -0.2596 0.1155
v  -0.0444 -0.2717 0.1184
v  -0.0101 -0.2784 0.1190
v  0.0248 -0.2769 0.1196
v  0.0592 -0.2703 0.1149
v  -0.0101 -0.2792 0.1190
v  0.0249 -0.2769 0.1144
v  -0.1701 -0.2205 0.1049
v  -0.0451 -0.2769 0.1184
v  -0.0793 -0.2696 0.1179
v  -0.0101 -0.2792 0.1138
v  -0.0451 -0.2769 0.1132
v  -0.0796 -0.2703 0.1178
v  -0.1111 -0.2554 0.1173
v  -0.1126 -0.2588 0.1173
v  -0.0796 -0.2703 0.1126
v  -0.1128 -0.2596 0.1173
v  -0.1424 -0.2408 0.1168
v  -0.1441 -0.2439 0.1168
v  -0.1127 -0.2596 0.1121
v  -0.1445 -0.2447 0.1168
v  -0.1736 -0.2253 0.1163
v  -0.1444 -0.2447 0.1116
v  -0.1741 -0.2258 0.1163
v  0.0925 0.2592 0.1207
v  0.0592 0.2700 0.1149
v  -0.2885 0.0173 0.1092
v  -0.2842 -0.0524 0.1145
v  -0.2753 -0.0864 0.1094
v  -0.2754 -0.0864 0.1146
v  0.2007 -0.1746 0.1224
v  -0.1685 0.2037 0.0993
v  -0.1397 0.2188 0.0917
v  -0.1418 0.2220 0.0997
v  -0.1661 0.2008 0.0912
v  -0.1928 0.1822 0.0989
v  -0.1112 0.2334 0.0921
v  -0.1129 0.2368 0.1002
v  -0.1901 0.1796 0.0908
v  -0.2142 0.1578 0.0985
v  -0.1110 0.2331 0.0838
v  -0.1395 0.2186 0.0834
v  -0.1659 0.2005 0.0829
v  -0.0812 0.2443 0.0926
v  -0.0824 0.2478 0.1007
v  -0.0809 0.2440 0.0843
v  -0.2112 0.1556 0.0905
v  -0.2324 0.1310 0.0982
v  -0.1897 0.1794 0.0825
v  -0.1100 0.2334 0.0179
v  -0.0800 0.2443 0.0184
v  -0.1384 0.2188 0.0175
v  -0.1649 0.2008 0.0170
v  -0.0507 0.2550 0.1012
v  -0.0500 0.2513 0.0931
v  -0.0498 0.2510 0.0848
v  -0.0487 0.2514 0.0189
v  -0.2291 0.1291 0.0902
v  -0.2471 0.1021 0.0980
v  -0.2109 0.1553 0.0822
v  -0.1889 0.1796 0.0166
v  -0.1378 0.2181 0.0069
v  -0.1095 0.2326 0.0073
v  -0.0795 0.2434 0.0078
v  -0.1641 0.2001 0.0066
v  -0.1880 0.1790 0.0063
v  -0.0182 0.2544 0.0936
v  -0.0185 0.2580 0.1017
v  -0.0180 0.2540 0.0854
v  -0.0169 0.2543 0.0195
v  -0.0485 0.2504 0.0083
v  -0.2437 0.1006 0.0900
v  -0.2288 0.1290 0.0819
v  -0.2580 0.0715 0.0978
v  -0.2100 0.1556 0.0163
v  -0.2091 0.1550 0.0059
v  -0.1359 0.2147 0.0039
v  -0.1618 0.1971 0.0035
v  -0.1079 0.2290 0.0044
v  -0.0784 0.2397 0.0049
v  -0.1853 0.1763 0.0031
v  -0.2060 0.1527 0.0028
v  0.0139 0.2534 0.0942
v  0.0140 0.2571 0.1023
v  0.0139 0.2531 0.0859
v  0.0151 0.2534 0.0200
v  -0.0167 0.2535 0.0089
v  -0.0478 0.2466 0.0054
v  -0.2544 0.0705 0.0898
v  -0.2432 0.1004 0.0817
v  -0.2279 0.1291 0.0160
v  -0.2651 0.0398 0.0977
v  -0.2270 0.1286 0.0054
v  -0.2236 0.1267 0.0025
v  -0.1030 0.2181 -0.0078
v  -0.1297 0.2045 -0.0082
v  -0.1543 0.1876 -0.0086
v  -0.0749 0.2282 -0.0073
v  -0.0457 0.2349 -0.0068
v  -0.1767 0.1678 -0.0090
v  -0.1964 0.1454 -0.0093
v  0.0454 0.2485 0.0947
v  0.0460 0.2520 0.1028
v  0.0454 0.2481 0.0864
v  0.0466 0.2485 0.0205
v  0.0152 0.2525 0.0094
v  -0.0166 0.2496 0.0059
v  -0.0160 0.2377 -0.0063
v  -0.2614 0.0392 0.0897
v  -0.2540 0.0704 0.0815
v  -0.2425 0.1006 0.0158
v  -0.2414 0.1002 0.0052
v  -0.2680 0.0075 0.0977
v  -0.2378 0.0987 0.0022
v  -0.2132 0.1207 -0.0096
v  0.0761 0.2396 0.0952
v  0.0772 0.2431 0.1033
v  0.0762 0.2393 0.0869
v  0.0773 0.2396 0.0210
v  0.0466 0.2476 0.0099
v  0.0149 0.2486 0.0064
v  0.0139 0.2367 -0.0058
v  -0.2642 0.0074 0.0896
v  -0.2609 0.0392 0.0814
v  -0.2532 0.0705 0.0156
v  -0.2522 0.0702 0.0050
v  -0.2484 0.0691 0.0021
v  -0.2670 -0.0249 0.0977
v  -0.2267 0.0940 -0.0098
v  0.1056 0.2269 0.0957
v  0.1070 0.2303 0.1038
v  0.1055 0.2266 0.0874
v  0.1068 0.2269 0.0215
v  0.0773 0.2388 0.0104
v  0.0458 0.2438 0.0069
v  0.0434 0.2322 -0.0054
v  -0.2632 -0.0246 0.0896
v  -0.2638 0.0074 0.0813
v  -0.2602 0.0392 0.0155
v  -0.2591 0.0392 0.0049
v  -0.2552 0.0385 0.0020
v  -0.2367 0.0659 -0.0099
v  -0.2618 -0.0569 0.0978
v  0.1330 0.2107 0.0961
v  0.1350 0.2138 0.1043
v  0.1330 0.2104 0.0878
v  0.1343 0.2107 0.0219
v  0.1065 0.2262 0.0109
v  0.0760 0.2351 0.0074
v  0.0722 0.2239 -0.0049
v  -0.2582 -0.0561 0.0897
v  -0.2628 -0.0245 0.0813
v  -0.2630 0.0074 0.0154
v  -0.2433 0.0367 -0.0101
v  0.1583 0.1909 0.0882
v  0.1596 0.1911 0.0223
v  0.0996 0.2121 -0.0044
v  -0.2528 -0.0881 0.0979
v  -0.2492 -0.0868 0.0899
v  -0.2578 -0.0561 0.0814
v  -0.2620 -0.0246 0.0154
v  -0.2609 -0.0245 0.0049
v  -0.2620 0.0074 0.0048
v  -0.2581 0.0073 0.0019
v  -0.2460 0.0070 -0.0101
v  0.1822 0.1686 0.0227
v  0.1339 0.2100 0.0113
v  -0.2399 -0.1179 0.0981
v  -0.2364 -0.1162 0.0901
v  -0.2488 -0.0868 0.0816
v  -0.2570 -0.0242 0.0019
v  -0.2449 -0.0230 -0.0101
v  0.1047 0.2227 0.0078
v  0.1319 0.2067 0.0083
v  -0.2233 -0.1458 0.0984
v  -0.2201 -0.1437 0.0903
v  -0.2360 -0.1160 0.0818
v  -0.2480 -0.0868 0.0157
v  -0.2570 -0.0561 0.0155
v  -0.2521 -0.0551 0.0020
v  0.2035 0.1455 0.1054
v  0.2169 0.1159 0.0975
v  0.2201 0.1176 0.1057
v  0.2005 0.1434 0.0972
v  0.1836 0.1710 0.1051
v  0.1253 0.1969 -0.0040
v  0.1490 0.1786 -0.0036
v  -0.2033 -0.1714 0.0987
v  -0.2005 -0.1689 0.0907
v  -0.2197 -0.1434 0.0820
v  -0.2352 -0.1162 0.0159
v  -0.2403 -0.0525 -0.0100
v  -0.2433 -0.0853 0.0022
v  0.2297 0.0865 0.0977
v  0.2331 0.0878 0.1059
v  0.1809 0.1686 0.0969
v  -0.1804 -0.1942 0.0991
v  -0.1779 -0.1915 0.0910
v  -0.2001 -0.1687 0.0824
v  -0.2189 -0.1437 0.0162
v  -0.2180 -0.1432 0.0056
v  -0.2343 -0.1158 0.0053
v  -0.2470 -0.0866 0.0051
v  -0.2319 -0.0812 -0.0099
v  0.2387 0.0558 0.0979
v  0.2422 0.0565 0.1060
v  0.2384 0.0557 0.0895
v  0.2295 0.0863 0.0894
v  0.1606 0.1939 0.1047
v  0.1583 0.1911 0.0965
v  0.2005 0.1431 0.0889
v  0.1809 0.1684 0.0886
v  0.2169 0.1156 0.0892
v  -0.1547 -0.2141 0.0995
v  -0.1526 -0.2110 0.0914
v  -0.1775 -0.1912 0.0827
v  -0.1993 -0.1689 0.0165
v  -0.1983 -0.1683 0.0059
v  -0.2147 -0.1410 0.0026
v  -0.1955 -0.1658 0.0029
v  -0.2559 -0.0560 0.0049
v  0.2437 0.0243 0.0979
v  0.2473 0.0245 0.1061
v  0.2436 0.0242 0.0896
v  0.2399 0.0558 0.0237
v  0.2449 0.0242 0.0237
v  0.2309 0.0865 0.0235
v  0.2183 0.1158 0.0233
v  -0.1269 -0.2306 0.1000
v  -0.1250 -0.2273 0.0919
v  -0.1522 -0.2107 0.0832
v  -0.1767 -0.1915 0.0168
v  -0.1758 -0.1908 0.0063
v  -0.1733 -0.1880 0.0033
v  -0.2048 -0.1343 -0.0094
v  -0.2201 -0.1086 -0.0097
v  -0.2308 -0.1139 0.0024
v  -0.1863 -0.1579 -0.0091
v  0.2446 -0.0077 0.0896
v  0.2460 -0.0078 0.0238
v  0.2302 0.0861 0.0129
v  0.2019 0.1433 0.0230
v  0.2013 0.1429 0.0124
v  0.2176 0.1155 0.0127
v  -0.1513 -0.2111 0.0173
v  -0.1247 -0.2270 0.0836
v  -0.1507 -0.2103 0.0067
v  -0.1484 -0.2071 0.0037
v  -0.1652 -0.1790 -0.0088
v  0.2430 -0.0396 0.0237
v  0.2417 -0.0396 0.0896
v  0.2141 0.1136 0.0096
v  0.1817 0.1679 0.0121
v  0.1591 0.1904 0.0117
v  0.1981 0.1406 0.0094
v  0.1789 0.1654 0.0091
v  -0.0971 -0.2434 0.1005
v  -0.1237 -0.2273 0.0177
v  -0.1214 -0.2230 0.0041
v  0.2361 -0.0708 0.0236
v  0.2423 -0.0395 0.0131
v  0.2448 -0.0078 0.0980
v  0.2483 -0.0078 0.1061
v  0.2038 0.1083 -0.0027
v  0.1567 0.1875 0.0087
v  0.1885 0.1339 -0.0030
v  -0.0658 -0.2524 0.1010
v  -0.0956 -0.2399 0.0924
v  -0.0648 -0.2488 0.0929
v  -0.0338 -0.2574 0.1015
v  -0.0944 -0.2399 0.0182
v  -0.0938 -0.2391 0.0076
v  -0.1232 -0.2265 0.0071
v  0.2453 -0.0401 0.1061
v  0.2349 -0.0708 0.0978
v  0.2383 -0.0718 0.1059
v  0.2347 -0.0707 0.0895
v  0.2253 -0.1009 0.0234
v  0.2355 -0.0706 0.0130
v  0.2417 -0.0396 0.0979
v  0.1702 0.1575 -0.0033
v  -0.0332 -0.2538 0.0934
v  -0.0014 -0.2583 0.1020
v  -0.0633 -0.2480 0.0081
v  -0.0636 -0.2488 0.0187
v  -0.0625 -0.2441 0.0051
v  -0.0926 -0.2355 0.0046
v  0.2240 -0.1007 0.0893
v  0.2109 -0.1295 0.0232
v  0.2247 -0.1006 0.0128
v  0.2318 -0.0695 0.0099
v  0.2386 -0.0389 0.0100
v  0.2414 -0.0076 0.0101
v  0.2453 -0.0077 0.0132
v  -0.0013 -0.2547 0.0939
v  0.0309 -0.2553 0.1026
v  -0.0647 -0.2485 0.0846
v  -0.0331 -0.2535 0.0851
v  -0.0954 -0.2397 0.0841
v  -0.0320 -0.2538 0.0192
v  -0.1158 -0.2124 -0.0080
v  -0.0884 -0.2243 -0.0075
v  0.2103 -0.1290 0.0126
v  0.1930 -0.1559 0.0229
v  0.2096 -0.1293 0.0891
v  0.2213 -0.0991 0.0098
v  0.2105 -0.0943 -0.0026
v  0.2205 -0.0662 -0.0025
v  0.2271 -0.0370 -0.0023
v  0.2298 -0.0073 -0.0023
v  0.2405 0.0238 0.0101
v  0.2442 0.0241 0.0131
v  0.0305 -0.2517 0.0944
v  0.0626 -0.2481 0.1031
v  -0.0013 -0.2543 0.0856
v  -0.0001 -0.2547 0.0197
v  -0.0000 -0.2538 0.0091
v  -0.0317 -0.2529 0.0086
v  -0.1415 -0.1972 -0.0084
v  0.2070 -0.1271 0.0095
v  0.1924 -0.1554 0.0123
v  0.1915 -0.1557 0.0888
v  0.1719 -0.1799 0.0225
v  0.2095 -0.1294 0.0974
v  0.2241 -0.1009 0.0976
v  0.1969 -0.1210 -0.0028
v  0.0306 -0.2513 0.0861
v  0.0317 -0.2517 0.0203
v  0.1801 -0.1457 -0.0031
v  0.1894 -0.1530 0.0092
v  0.1714 -0.1794 0.0119
v  0.1917 -0.1559 0.0971
v  0.1705 -0.1797 0.0884
v  0.2392 0.0556 0.0131
v  0.2355 0.0548 0.0100
v  0.2288 0.0226 -0.0023
v  0.2241 0.0522 -0.0024
v  0.0618 -0.2446 0.0950
v  0.0617 -0.2443 0.0867
v  0.0630 -0.2446 0.0208
v  0.0628 -0.2439 0.0102
v  -0.0314 -0.2490 0.0056
v  0.0000 -0.2499 0.0061
v  0.1604 -0.1682 -0.0034
v  0.1687 -0.1766 0.0089
v  0.1475 -0.2005 0.0116
v  0.1479 -0.2011 0.0222
v  0.1465 -0.2009 0.0880
v  0.2267 0.0849 0.0098
v  0.2156 0.0808 -0.0025
v  0.0918 -0.2338 0.0954
v  0.0917 -0.2334 0.0871
v  0.0930 -0.2338 0.0213
v  0.1216 -0.2192 0.0217
v  0.1706 -0.1799 0.0967
v  0.1466 -0.2011 0.0963
v  0.1730 -0.1825 0.1049
v  0.1487 -0.2041 0.1045
v  0.1203 -0.2192 0.0959
v  0.1220 -0.2223 0.1040
v  0.1202 -0.2189 0.0876
v  0.1212 -0.2185 0.0111
v  0.0312 -0.2470 0.0066
v  0.0317 -0.2508 0.0097
v  -0.0002 -0.2380 -0.0061
v  -0.0301 -0.2371 -0.0066
v  0.1945 -0.1582 0.1052
v  0.0295 -0.2352 -0.0056
v  0.0618 -0.2401 0.0071
v  -0.0597 -0.2325 -0.0070
v  0.0868 -0.2185 -0.0046
v  0.1193 -0.2151 0.0081
v  0.1134 -0.2048 -0.0042
v  0.0587 -0.2286 -0.0051
v  0.0913 -0.2294 0.0076
v  0.1451 -0.1974 0.0085
v  0.0927 -0.2329 0.0107
v  0.1381 -0.1879 -0.0038
v  0.0931 -0.2371 0.1036
v  0.2127 -0.1314 0.1055
v  0.2274 -0.1024 0.1058
v  0.0511 0.2201 -0.0020
v  0.0619 0.2171 -0.0030
v  0.0481 0.2245 -0.0018
v  0.0510 0.2192 -0.0019
v  0.0476 0.2139 -0.0026
v  0.0454 0.2263 -0.0015
v  0.0652 0.2283 -0.0017
v  0.0290 0.2369 -0.0023
v  0.0631 0.2218 -0.0024
v  0.0607 0.2127 -0.0035
v  0.0523 0.2106 -0.0040
v  0.0455 0.2115 -0.0030
v  0.0486 0.2087 -0.0023
v  0.0542 0.2102 -0.0052
v  0.0605 0.2114 -0.0048
v  0.0494 0.2078 -0.0030
v  0.0448 0.2039 0.0056
v  0.0459 0.2033 0.0044
v  0.0928 0.1985 -0.0030
v  0.0923 0.1973 -0.0044
v  0.0924 0.1955 -0.0150
v  0.0616 0.2092 -0.0155
v  0.0554 0.2080 -0.0158
v  0.0507 0.2056 -0.0134
v  0.1209 0.1777 -0.0144
v  0.1724 0.1247 -0.0032
v  0.1693 0.1312 -0.0137
v  0.1702 0.1250 -0.0139
v  0.1716 0.1311 -0.0030
v  0.1467 0.1562 -0.0141
v  0.1482 0.1568 -0.0034
v  0.1217 0.1790 -0.0038
v  0.1224 0.1800 -0.0024
v  0.1727 0.1316 -0.0016
v  0.1492 0.1577 -0.0020
v  0.1764 0.1341 -0.0011
v  0.1805 0.1368 -0.0005
v  0.1877 0.1234 0.0006
v  0.1902 0.1214 0.0008
v  0.1860 0.1408 0.0003
v  0.2055 0.1092 0.0006
v  0.1733 0.1230 -0.0020
v  0.1725 0.1190 -0.0001
v  0.1778 0.1196 -0.0005
v  0.1818 0.1245 0.0002
v  0.1826 0.1249 0.0001
v  0.1762 0.1168 -0.0008
v  0.1722 0.1120 0.0075
v  0.1690 0.1139 0.0077
v  0.1567 0.1021 0.0157
v  0.1591 0.0989 0.0169
v  0.1241 0.0812 0.0224
v  0.1259 0.0781 0.0237
v  0.0947 0.0664 0.0212
v  0.0930 0.0695 0.0200
v  0.0924 0.0706 0.0186
v  0.0758 0.0672 0.0171
v  0.1234 0.0822 0.0212
v  0.1559 0.1030 0.0145
v  0.1681 0.1149 0.0064
v  0.1714 0.1194 -0.0010
v  0.1225 0.0838 0.0105
v  0.0925 0.0725 0.0080
v  0.1542 0.1039 0.0039
v  0.1660 0.1155 -0.0042
v  0.1692 0.1198 -0.0115
v  0.0291 0.1009 0.0163
v  0.0304 0.1014 0.0150
v  0.0273 0.1178 0.0176
v  0.0370 0.0892 0.0110
v  0.0376 0.0903 0.0099
v  0.0485 0.0784 0.0102
v  0.0493 0.0794 0.0090
v  0.0632 0.0718 0.0103
v  0.0623 0.0708 0.0115
v  0.0760 0.0684 0.0159
v  0.0323 0.1024 0.0045
v  0.0393 0.0916 -0.0007
v  0.0506 0.0811 -0.0015
v  0.0642 0.0736 -0.0003
v  0.0765 0.0704 0.0052
v  -0.1855 0.1304 -0.0195
v  -0.1629 0.1555 -0.0191
v  -0.1881 0.1303 -0.0088
v  -0.1648 0.1562 -0.0086
v  -0.1372 0.1772 -0.0186
v  -0.1892 0.1309 -0.0076
v  -0.1889 0.1239 -0.0092
v  -0.1863 0.1242 -0.0197
v  -0.1880 0.1186 -0.0068
v  -0.1854 0.1191 -0.0173
v  -0.1849 0.1141 0.0006
v  -0.1825 0.1147 -0.0100
v  -0.1898 0.1222 -0.0080
v  -0.1944 0.1188 -0.0065
v  -0.1892 0.1182 -0.0062
v  -0.1859 0.1132 0.0018
v  -0.1738 0.1014 0.0103
v  -0.1730 0.1023 0.0091
v  -0.1413 0.0806 0.0180
v  -0.1406 0.0817 0.0168
v  -0.1928 0.1160 -0.0069
v  -0.1890 0.1112 0.0015
v  -0.1762 0.0981 0.0115
v  -0.1432 0.0775 0.0193
v  -0.1119 0.0659 0.0178
v  -0.1102 0.0691 0.0166
v  -0.1096 0.0702 0.0153
v  -0.0929 0.0668 0.0143
v  -0.0930 0.0681 0.0130
v  -0.0793 0.0705 0.0091
v  -0.0801 0.0715 0.0079
v  -0.0654 0.0782 0.0083
v  -0.0662 0.0792 0.0072
v  -0.0546 0.0901 0.0083
v  -0.0560 0.0914 -0.0023
v  -0.0929 0.0636 0.0156
v  -0.0759 0.0671 0.0105
v  -0.0632 0.0751 0.0093
v  -0.0518 0.0847 0.0109
v  -0.0540 0.0890 0.0096
v  -0.0475 0.1012 0.0138
v  -0.0433 0.1178 0.0177
v  -0.0433 0.0997 0.0164
v  -0.0398 0.1185 0.0190
v  -0.0464 0.1008 0.0151
v  -0.0446 0.1177 0.0164
v  -0.0460 0.1507 0.0184
v  -0.0448 0.1510 0.0196
v  -0.0556 0.1879 0.0110
v  -0.0545 0.1884 0.0122
v  -0.0630 0.2031 0.0026
v  -0.0619 0.2036 0.0038
v  -0.0661 0.2075 -0.0048
v  -0.0690 0.2103 -0.0060
v  -0.0622 0.2112 -0.0048
v  -0.0643 0.2137 -0.0044
v  -0.0654 0.2085 -0.0041
v  -0.0590 0.2061 0.0037
v  -0.0506 0.1897 0.0135
v  -0.0412 0.1518 0.0210
v  -0.0709 0.2099 -0.0072
v  -0.0774 0.2124 -0.0057
v  -0.0786 0.2168 -0.0053
v  -0.0678 0.2190 -0.0039
v  -0.0679 0.2198 -0.0040
v  -0.0650 0.2242 -0.0036
v  -0.0799 0.2215 -0.0048
v  -0.1095 0.1981 -0.0064
v  -0.1390 0.1795 -0.0066
v  -0.0772 0.2111 -0.0070
v  -0.1090 0.1969 -0.0077
v  -0.1383 0.1785 -0.0080
v  -0.1658 0.1570 -0.0073
v  -0.0672 0.2054 -0.0154
v  -0.0641 0.2011 -0.0080
v  -0.0717 0.2077 -0.0178
v  -0.0779 0.2089 -0.0177
v  -0.1087 0.1951 -0.0182
v  -0.1930 0.1333 -0.0071
v  -0.1971 0.1360 -0.0067
v  -0.1984 0.1257 -0.0072
v  -0.2166 0.1053 -0.0057
v  -0.2220 0.1083 -0.0064
v  -0.2298 0.0741 -0.0059
v  -0.2069 0.1206 -0.0058
v  -0.2027 0.1400 -0.0061
v  -0.2043 0.1226 -0.0059
v  -0.1992 0.1241 -0.0061
v  -0.1984 0.1237 -0.0060
v  -0.2363 -0.0004 -0.0078
v  -0.2411 -0.0001 -0.0074
v  -0.2391 0.0149 -0.0064
v  -0.2400 0.0180 -0.0062
v  -0.2480 -0.0002 -0.0068
v  -0.2451 0.0369 -0.0068
v  -0.2390 0.0361 -0.0061
v  -0.2314 0.0692 -0.0060
v  -0.2364 0.0735 -0.0066
v  -0.2289 0.0122 -0.0071
v  -0.2318 -0.0006 -0.0083
v  -0.2272 0.0067 -0.0086
v  -0.2350 0.0106 -0.0066
v  -0.2358 0.0107 -0.0067
v  -0.2274 0.0048 -0.0098
v  -0.2305 -0.0008 -0.0095
v  -0.2268 -0.0354 -0.0096
v  -0.2280 -0.0355 -0.0083
v  -0.2184 -0.0690 -0.0093
v  -0.2166 -0.0685 -0.0199
v  -0.2054 -0.1011 -0.0092
v  -0.2040 -0.0996 -0.0198
v  -0.1880 -0.1311 -0.0088
v  -0.1872 -0.1288 -0.0194
v  -0.1889 -0.1321 -0.0076
v  -0.2064 -0.1017 -0.0078
v  -0.2195 -0.0693 -0.0080
v  -0.1924 -0.1349 -0.0071
v  -0.1962 -0.1380 -0.0067
v  -0.1857 -0.1489 -0.0055
v  -0.1855 -0.1436 -0.0059
v  -0.1849 -0.1430 -0.0058
v  -0.1790 -0.1407 -0.0063
v  -0.1808 -0.1353 -0.0078
v  -0.1821 -0.1339 -0.0090
v  -0.1768 -0.1359 -0.0059
v  -0.1768 -0.1347 -0.0067
v  -0.1712 -0.1342 0.0021
v  -0.1570 -0.1230 -0.0012
v  -0.1569 -0.1251 0.0094
v  -0.1273 -0.1006 0.0171
v  -0.1714 -0.1307 -0.0098
v  -0.1717 -0.1330 0.0008
v  -0.1763 -0.1323 -0.0172
v  -0.1815 -0.1315 -0.0196
v  -0.1562 -0.1262 0.0106
v  -0.1265 -0.1016 0.0183
v  -0.1059 -0.0755 0.0167
v  -0.1068 -0.0747 0.0154
v  -0.0983 -0.0599 0.0142
v  -0.0995 -0.0595 0.0130
v  -0.0976 -0.0458 0.0088
v  -0.1758 -0.1400 -0.0065
v  -0.1702 -0.1378 0.0018
v  -0.1539 -0.1295 0.0118
v  -0.1241 -0.1043 0.0196
v  -0.1034 -0.0781 0.0179
v  -0.0953 -0.0608 0.0156
v  -0.0933 -0.0436 0.0102
v  -0.1005 -0.0303 0.0078
v  -0.0969 -0.0291 0.0087
v  -0.1025 -0.0153 0.0101
v  -0.1073 -0.0161 0.0087
v  -0.1143 -0.0025 0.0153
v  -0.1161 -0.0051 0.0139
v  -0.0987 -0.0464 0.0076
v  -0.1017 -0.0307 0.0066
v  -0.1085 -0.0163 0.0075
v  -0.1170 -0.0061 0.0126
v  -0.1317 0.0018 0.0150
v  -0.1315 0.0031 0.0163
v  -0.1636 0.0107 0.0165
v  -0.2007 0.0110 -0.0020
v  -0.2019 0.0129 0.0086
v  -0.2169 0.0086 -0.0105
v  -0.1635 0.0089 0.0059
v  -0.1326 0.0003 0.0044
v  -0.1182 -0.0074 0.0020
v  -0.1101 -0.0174 -0.0032
v  -0.1034 -0.0313 -0.0041
v  -0.1006 -0.0465 -0.0030
v  -0.1013 -0.0593 0.0023
v  -0.1083 -0.0740 0.0048
v  -0.1282 -0.0992 0.0064
v  -0.1708 0.1032 -0.0015
v  -0.1394 0.0832 0.0063
v  -0.1093 0.0721 0.0047
v  -0.0931 0.0700 0.0024
v  -0.0808 0.0733 -0.0027
v  -0.0671 0.0808 -0.0035
v  -0.0491 0.1022 0.0031
v  -0.0462 0.1181 0.0058
v  -0.0475 0.1502 0.0078
v  -0.0569 0.1863 0.0004
v  0.0270 -0.2201 -0.0040
v  -0.0079 -0.2226 -0.0045
v  0.0613 -0.2127 -0.0035
v  0.0629 -0.2170 -0.0029
v  0.0647 -0.2215 -0.0024
v  0.0675 -0.2021 -0.0026
v  0.0686 -0.2024 -0.0018
v  0.0686 -0.1963 0.0061
v  0.0651 -0.2069 -0.0050
v  0.0668 -0.2061 -0.0038
v  0.0725 -0.2060 -0.0022
v  0.0728 -0.2123 -0.0016
v  0.0732 -0.2131 -0.0017
v  0.0782 -0.2149 -0.0012
v  0.0729 -0.2027 -0.0025
v  0.0724 -0.1966 0.0059
v  0.0656 -0.1796 0.0142
v  0.0695 -0.1784 0.0155
v  0.0514 -0.1436 0.0212
v  0.0546 -0.1422 0.0225
v  0.0362 -0.1145 0.0202
v  0.0330 -0.1160 0.0190
v  0.0198 -0.1051 0.0150
v  0.0204 -0.1040 0.0162
v  0.0074 -0.0991 0.0106
v  0.0319 -0.1166 0.0177
v  0.0502 -0.1441 0.0200
v  0.0644 -0.1799 0.0130
v  0.0674 -0.1966 0.0047
v  0.0654 -0.2011 -0.0132
v  0.0654 -0.1957 -0.0059
v  0.0625 -0.1795 0.0024
v  0.0487 -0.1447 0.0093
v  0.0309 -0.1180 0.0070
v  0.0191 -0.1069 0.0042
v  -0.0079 -0.2213 -0.0058
v  -0.0424 -0.2190 -0.0066
v  -0.0427 -0.2202 -0.0052
v  -0.0077 -0.2197 -0.0165
v  0.0267 -0.2189 -0.0054
v  0.0259 -0.2173 -0.0160
v  0.0607 -0.2116 -0.0048
v  0.0589 -0.2103 -0.0154
v  0.0632 -0.2057 -0.0156
v  -0.0770 -0.2130 -0.0057
v  -0.0764 -0.2119 -0.0070
v  -0.0808 -0.2072 -0.0074
v  -0.0786 -0.2173 -0.0053
v  -0.0804 -0.2218 -0.0048
v  -0.0826 -0.2064 -0.0062
v  -0.0883 -0.2063 -0.0048
v  -0.0886 -0.2127 -0.0042
v  -0.0890 -0.2134 -0.0043
v  -0.0941 -0.2153 -0.0040
v  -0.0973 -0.2151 -0.0039
v  -0.0825 -0.2283 -0.0040
v  -0.1168 -0.2142 -0.0047
v  -0.1142 -0.2086 -0.0040
v  -0.1433 -0.1912 -0.0045
v  -0.1489 -0.1946 -0.0052
v  -0.1474 -0.1882 -0.0046
v  -0.1776 -0.1702 -0.0057
v  -0.1731 -0.1660 -0.0050
v  -0.1845 -0.1520 -0.0053
v  -0.2017 -0.1420 -0.0061
v  -0.2236 0.0086 -0.0074
v  -0.2243 0.0096 -0.0067
v  -0.2186 0.0117 0.0013
v  -0.2185 0.0104 0.0001
v  -0.1635 0.0119 0.0177
v  -0.2020 0.0141 0.0098
v  -0.2201 0.0152 0.0010
v  -0.1311 0.0066 0.0175
v  -0.1632 0.0155 0.0190
v  -0.2021 0.0182 0.0110
v  -0.2248 -0.0359 -0.0201
v  -0.2284 -0.0023 -0.0202
v  -0.2254 0.0032 -0.0204
v  -0.2217 0.0069 -0.0179
v  0.2118 -0.0345 -0.0010
v  0.2034 -0.0684 -0.0010
v  0.2154 0.0004 -0.0009
v  0.2200 0.0006 -0.0004
v  0.2248 0.0009 0.0002
v  0.2143 0.0001 -0.0023
v  0.2112 0.0058 -0.0026
v  0.2107 -0.0344 -0.0024
v  0.2023 -0.0681 -0.0025
v  0.1904 -0.1009 -0.0014
v  0.2095 0.0041 -0.0132
v  0.2073 0.0096 -0.0003
v  0.2058 0.0078 -0.0109
v  0.2125 -0.0014 -0.0129
v  0.2090 -0.0349 -0.0130
v  0.2009 -0.0676 -0.0131
v  0.1894 -0.1002 -0.0028
v  0.1729 -0.1313 -0.0016
v  0.1721 -0.1304 -0.0030
v  0.1662 -0.1331 -0.0033
v  0.1764 -0.1341 -0.0011
v  0.1802 -0.1372 -0.0005
v  0.1857 -0.1412 0.0004
v  0.1686 -0.1512 0.0005
v  0.1617 -0.1695 -0.0000
v  0.1697 -0.1482 0.0003
v  0.1695 -0.1428 -0.0001
v  0.1689 -0.1422 -0.0000
v  0.1630 -0.1400 -0.0007
v  0.1649 -0.1345 -0.0022
v  0.0815 -0.2147 -0.0009
v  0.0667 -0.2280 -0.0016
v  0.1010 -0.2137 -0.0010
v  0.0984 -0.2082 -0.0006
v  0.1274 -0.1906 -0.0001
v  0.1331 -0.1940 -0.0005
v  0.1315 -0.1875 -0.0000
v  0.1572 -0.1653 0.0004
v  0.0757 0.0639 0.0184
v  0.0589 0.0674 0.0127
v  0.0462 0.0753 0.0111
v  0.0348 0.0848 0.0123
v  0.0261 0.0999 0.0176
v  0.0260 0.1180 0.0189
v  0.0225 0.1187 0.0200
v  0.0274 0.1512 0.0208
v  0.0237 0.1520 0.0220
v  0.0334 0.1899 0.0149
v  0.0372 0.1886 0.0137
v  0.0419 0.2063 0.0053
v  0.0384 0.1881 0.0126
v  0.0286 0.1509 0.0196
v  0.0474 0.2013 -0.0062
v  0.0400 0.1866 0.0020
v  0.0306 0.1504 0.0090
v  0.0293 0.1183 0.0070
v  0.0852 -0.0303 0.0096
v  0.0872 -0.0309 -0.0009
v  0.0937 -0.0169 0.0002
v  0.0843 -0.0461 0.0000
v  0.0821 -0.0460 0.0106
v  0.0849 -0.0589 0.0053
v  0.0828 -0.0592 0.0160
v  0.0919 -0.0736 0.0080
v  0.0899 -0.0742 0.0186
v  0.1117 -0.0987 0.0104
v  0.1105 -0.1001 0.0209
v  0.1408 -0.1223 0.0036
v  0.0815 -0.0595 0.0172
v  0.0890 -0.0751 0.0199
v  0.0809 -0.0455 0.0118
v  0.0838 -0.0299 0.0108
v  0.0918 -0.0159 0.0107
v  0.1017 -0.0070 0.0056
v  0.1000 -0.0056 0.0163
v  0.0905 -0.0156 0.0119
v  0.0857 -0.0149 0.0131
v  0.0802 -0.0288 0.0116
v  0.0765 -0.0432 0.0130
v  0.0784 -0.0604 0.0184
v  0.0866 -0.0777 0.0211
v  0.0973 -0.0021 0.0187
v  0.1145 0.0036 0.0203
v  0.1141 0.0072 0.0215
v  0.0992 -0.0046 0.0175
v  0.2021 0.0126 0.0082
v  0.2019 0.0113 0.0069
v  0.1852 0.0150 0.0162
v  0.1850 0.0137 0.0150
v  0.1464 0.0126 0.0227
v  0.1465 0.0113 0.0215
v  0.1147 0.0024 0.0190
v  0.1159 0.0008 0.0084
v  0.1467 0.0095 0.0109
v  0.1842 0.0118 0.0043
v  0.2006 0.0095 -0.0037
v  0.2228 0.0159 0.0012
v  0.2195 0.0117 0.0007
v  0.2187 0.0115 0.0008
v  0.2125 0.0132 0.0001
v  0.2109 0.0077 -0.0014
v  0.2079 0.0106 0.0004
v  0.2096 0.0145 -0.0002
v  0.2035 0.0161 0.0080
v  0.1851 0.0190 0.0174
v  0.1460 0.0162 0.0240
v  0.0223 -0.1014 0.0175
v  0.0066 -0.0943 0.0118
v  -0.0497 -0.1161 0.0176
v  -0.0391 -0.1015 0.0165
v  -0.0530 -0.1147 0.0188
v  -0.0372 -0.1042 0.0152
v  -0.0240 -0.0991 0.0100
v  -0.0232 -0.0943 0.0114
v  -0.0083 -0.0971 0.0093
v  -0.0083 -0.0933 0.0102
v  0.0076 -0.1004 0.0094
v  0.0072 -0.1023 -0.0012
v  -0.0082 -0.0984 0.0081
v  -0.0240 -0.1004 0.0088
v  -0.0364 -0.1052 0.0140
v  -0.0486 -0.1168 0.0163
v  -0.0081 -0.1004 -0.0025
v  -0.0234 -0.1024 -0.0017
v  -0.0355 -0.1070 0.0034
v  -0.0472 -0.1182 0.0058
v  -0.0650 -0.1450 0.0075
v  -0.0669 -0.1443 0.0180
v  -0.0785 -0.1798 0.0000
v  -0.0681 -0.1439 0.0192
v  -0.0808 -0.1802 0.0106
v  -0.0820 -0.1799 0.0118
v  -0.0834 -0.1969 0.0023
v  -0.0848 -0.1967 0.0035
v  -0.0833 -0.2024 -0.0050
v  -0.0844 -0.2027 -0.0043
v  -0.0886 -0.2031 -0.0051
v  -0.0886 -0.1969 0.0033
v  -0.0859 -0.1787 0.0129
v  -0.0714 -0.1425 0.0205
v  0.1403 -0.1245 0.0142
v  0.1555 -0.1300 -0.0044
v  0.1555 -0.1323 0.0062
v  0.1607 -0.1316 -0.0116
v  0.1608 -0.1339 -0.0010
v  0.1660 -0.1307 -0.0140
v  0.1715 -0.1281 -0.0136
v  0.1883 -0.0988 -0.0134
v  0.1608 -0.1352 -0.0003
v  0.1548 -0.1334 0.0075
v  0.1397 -0.1256 0.0154
v  0.1097 -0.1011 0.0221
v  0.1072 -0.1038 0.0234
v  0.1373 -0.1288 0.0166
v  0.1539 -0.1371 0.0073
v  0.1598 -0.1393 -0.0011
v  -0.0623 0.2260 -0.0034
v  -0.0820 0.2280 -0.0041
v  -0.0459 0.2367 -0.0035
v  -0.0449 0.2307 -0.0029
v  -0.0085 0.2398 -0.0029
v  -0.0111 0.2337 -0.0023
v  -0.0059 0.2337 -0.0023
v  0.0279 0.2309 -0.0017
v  0.2001 0.1062 0.0011
v  0.2133 0.0750 0.0013
v  0.2199 0.0745 0.0008
v  0.2149 0.0701 0.0014
v  0.2287 0.0379 0.0010
v  0.2226 0.0371 0.0015
v  0.2237 0.0190 0.0014
v  0.2317 0.0009 0.0010
v  -0.0811 -0.1960 -0.0083
v  -0.0810 -0.2014 -0.0156
v  -0.0785 -0.2060 -0.0180
v  -0.0742 -0.2106 -0.0176
v  -0.0412 -0.2175 -0.0171
v  -0.1714 0.2074 0.1028
v  -0.1962 0.1855 0.1024
v  -0.1442 0.2260 0.1033
v  -0.1737 0.2103 0.1027
v  -0.1988 0.1881 0.1023
v  -0.2180 0.1607 0.1021
v  -0.2210 0.1629 0.1019
v  -0.1460 0.2292 0.1032
v  -0.1148 0.2411 0.1038
v  -0.1757 0.2128 0.1015
v  -0.2011 0.1904 0.1011
v  -0.2235 0.1649 0.1007
v  -0.2366 0.1334 0.1018
v  -0.2397 0.1352 0.1016
v  -0.2424 0.1369 0.1004
v  -0.1163 0.2445 0.1036
v  -0.1477 0.2319 0.1019
v  -0.0838 0.2523 0.1043
v  -0.0515 0.2596 0.1048
v  -0.1772 0.2149 0.1047
v  -0.2029 0.1921 0.1043
v  -0.2255 0.1664 0.1040
v  -0.2447 0.1381 0.1036
v  -0.2516 0.1039 0.1015
v  -0.2549 0.1054 0.1014
v  -0.2578 0.1066 0.1001
v  -0.2601 0.1076 0.1034
v  -0.0848 0.2558 0.1042
v  -0.1175 0.2473 0.1024
v  -0.1490 0.2341 0.1052
v  -0.0520 0.2632 0.1047
v  -0.0186 0.2627 0.1053
v  -0.2626 0.0729 0.1013
v  -0.2661 0.0739 0.1012
v  -0.2692 0.0747 0.0999
v  -0.2716 0.0754 0.1032
v  -0.0856 0.2588 0.1029
v  -0.1185 0.2497 0.1057
v  -0.0187 0.2665 0.1052
v  -0.0526 0.2663 0.1035
v  0.0144 0.2617 0.1059
v  -0.2698 0.0406 0.1012
v  -0.2735 0.0411 0.1011
v  -0.2765 0.0416 0.0998
v  -0.2791 0.0420 0.1031
v  -0.0864 0.2613 0.1062
v  0.0148 0.2654 0.1058
v  -0.0188 0.2696 0.1040
v  -0.0530 0.2688 0.1068
v  0.0471 0.2566 0.1064
v  -0.2728 0.0077 0.1012
v  -0.2766 0.0078 0.1010
v  -0.2797 0.0078 0.0998
v  -0.2823 0.0079 0.1030
v  0.0479 0.2602 0.1063
v  0.0151 0.2685 0.1046
v  -0.0191 0.2721 0.1073
v  0.0787 0.2475 0.1069
v  -0.2717 -0.0254 0.1012
v  -0.2754 -0.0258 0.1010
v  -0.2785 -0.0260 0.0998
v  -0.2811 -0.0263 0.1030
v  0.0801 0.2510 0.1069
v  0.0485 0.2634 0.1051
v  0.0151 0.2710 0.1079
v  0.1091 0.2344 0.1074
v  -0.2665 -0.0580 0.1013
v  -0.2701 -0.0588 0.1011
v  -0.2733 -0.0595 0.0999
v  -0.2756 -0.0600 0.1031
v  0.1108 0.2377 0.1074
v  0.0811 0.2540 0.1057
v  0.0489 0.2657 0.1084
v  0.1375 0.2176 0.1079
v  -0.2573 -0.0896 0.1014
v  -0.2608 -0.0910 0.1013
v  -0.2638 -0.0920 0.1000
v  -0.2661 -0.0928 0.1033
v  0.1396 0.2207 0.1078
v  0.1636 0.1974 0.1083
v  -0.2474 -0.1217 0.1015
v  -0.2441 -0.1200 0.1017
v  -0.2502 -0.1231 0.1003
v  -0.2524 -0.1242 0.1035
v  0.1661 0.2003 0.1083
v  0.1414 0.2233 0.1067
v  0.1122 0.2405 0.1062
v  0.0818 0.2563 0.1090
v  0.1870 0.1741 0.1087
v  -0.2303 -0.1504 0.1018
v  -0.2349 -0.1537 0.1038
v  -0.2329 -0.1522 0.1005
v  0.1898 0.1766 0.1087
v  0.1132 0.2428 0.1095
v  0.2073 0.1480 0.1090
v  -0.2272 -0.1483 0.1019
v  0.2104 0.1501 0.1090
v  0.1922 0.1787 0.1075
v  0.1682 0.2025 0.1071
v  0.1428 0.2253 0.1100
v  0.2241 0.1197 0.1093
v  -0.2069 -0.1744 0.1023
v  -0.2098 -0.1769 0.1021
v  -0.2120 -0.1790 0.1009
v  -0.2140 -0.1806 0.1041
v  0.2275 0.1213 0.1093
v  0.2131 0.1518 0.1078
v  0.1940 0.1803 0.1108
v  0.1697 0.2045 0.1104
v  0.2373 0.0893 0.1095
v  -0.1835 -0.1978 0.1026
v  -0.1860 -0.2006 0.1025
v  0.2408 0.0907 0.1095
v  0.2467 0.0576 0.1097
v  -0.1574 -0.2180 0.1031
v  -0.1594 -0.2210 0.1029
v  -0.1612 -0.2236 0.1017
v  -0.1881 -0.2029 0.1013
v  -0.1897 -0.2048 0.1045
v  -0.1626 -0.2257 0.1050
v  0.2502 0.0585 0.1096
v  0.2439 0.0917 0.1083
v  0.2303 0.1228 0.1081
v  0.2151 0.1533 0.1112
v  0.2517 0.0250 0.1098
v  -0.1290 -0.2347 0.1035
v  -0.1306 -0.2381 0.1034
v  -0.1321 -0.2408 0.1022
v  -0.1331 -0.2431 0.1055
v  0.2556 0.0254 0.1097
v  0.2325 0.1239 0.1115
v  -0.0986 -0.2478 0.1040
v  -0.1009 -0.2543 0.1027
v  -0.1018 -0.2567 0.1060
v  0.2534 0.0592 0.1085
v  0.2587 0.0257 0.1086
v  0.2566 -0.0081 0.1097
v  0.2529 -0.0080 0.1098
v  0.2462 0.0925 0.1117
v  -0.0669 -0.2570 0.1046
v  -0.0677 -0.2605 0.1044
v  -0.0999 -0.2513 0.1039
v  -0.0690 -0.2661 0.1065
v  0.2557 0.0597 0.1118
v  0.2611 0.0259 0.1119
v  0.2598 -0.0082 0.1086
v  0.2498 -0.0409 0.1097
v  0.2536 -0.0415 0.1097
v  -0.0342 -0.2620 0.1051
v  -0.0684 -0.2637 0.1032
v  0.2622 -0.0083 0.1119
v  -0.0012 -0.2630 0.1056
v  -0.0011 -0.2668 0.1055
v  -0.0353 -0.2714 0.1071
v  0.2567 -0.0420 0.1085
v  0.2591 -0.0423 0.1119
v  0.2427 -0.0732 0.1096
v  0.0317 -0.2599 0.1062
v  0.2316 -0.1042 0.1094
v  0.2462 -0.0742 0.1096
v  0.0639 -0.2526 0.1067
v  0.2166 -0.1337 0.1092
v  0.0949 -0.2415 0.1072
v  0.0965 -0.2448 0.1071
v  0.1244 -0.2264 0.1077
v  0.1516 -0.2077 0.1081
v  0.1539 -0.2107 0.1081
v  0.1262 -0.2295 0.1076
v  0.1763 -0.1859 0.1085
v  0.1790 -0.1885 0.1085
v  0.1559 -0.2132 0.1069
v  0.1813 -0.1907 0.1073
v  0.1279 -0.2322 0.1064
v  0.1981 -0.1610 0.1089
v  0.2010 -0.1632 0.1088
v  0.2036 -0.1652 0.1077
v  0.0985 -0.2500 0.1093
v  0.0659 -0.2592 0.1054
v  0.0664 -0.2616 0.1087
v  0.0977 -0.2477 0.1059
v  0.2055 -0.1667 0.1110
v  0.1829 -0.1925 0.1106
v  0.2247 -0.1384 0.1113
v  0.2198 -0.1355 0.1091
v  0.2226 -0.1372 0.1080
v  0.0649 -0.2561 0.1066
v  0.0323 -0.2636 0.1061
v  0.0328 -0.2666 0.1049
v  0.1290 -0.2345 0.1098
v  0.1573 -0.2152 0.1102
v  0.2402 -0.1079 0.1116
v  0.2380 -0.1070 0.1082
v  0.2350 -0.1057 0.1094
v  0.2516 -0.0758 0.1118
v  0.2494 -0.0751 0.1084
v  -0.0010 -0.2699 0.1043
v  -0.0346 -0.2658 0.1050
v  0.0330 -0.2692 0.1082
v  -0.0010 -0.2725 0.1076
v  -0.0349 -0.2689 0.1038
v  0.0191 0.2184 0.0434
v  0.0133 0.1929 0.0468
v  0.0105 0.1932 0.0466
v  0.0066 0.1545 0.0459
v  0.0160 0.2188 0.0433
v  0.0181 0.2203 0.0424
v  -0.0069 0.2316 0.0007
v  -0.0100 0.2316 0.0007
v  -0.0071 0.2214 0.0088
v  -0.0074 0.1946 0.0194
v  -0.0100 0.2214 0.0088
v  -0.0343 0.2187 0.0425
v  -0.0318 0.1928 0.0460
v  -0.0375 0.2183 0.0424
v  -0.0489 0.1902 0.0219
v  -0.0290 0.1931 0.0460
v  -0.0101 0.1946 0.0194
v  -0.0076 0.1558 0.0255
v  0.0039 0.1548 0.0456
v  -0.0394 0.1522 0.0285
v  -0.0248 0.1545 0.0454
v  -0.0194 0.1119 0.0380
v  -0.0221 0.1548 0.0452
v  -0.0100 0.1558 0.0255
v  0.0313 0.1903 0.0232
v  0.0446 0.2144 0.0082
v  0.0216 0.1523 0.0295
v  0.0015 0.1119 0.0384
v  -0.0014 0.1122 0.0373
v  -0.0077 0.1127 0.0239
v  -0.0012 0.0634 0.0199
v  0.0202 0.1190 0.0271
v  0.0218 0.1188 0.0242
v  0.0232 0.1521 0.0263
v  0.0327 0.1901 0.0198
v  0.0461 0.2141 0.0046
v  0.0135 0.0679 0.0167
v  0.0092 0.0542 0.0129
v  0.0241 0.0987 0.0233
v  0.0255 0.0997 0.0213
v  0.0346 0.0845 0.0144
v  0.0460 0.0749 0.0132
v  0.0586 0.0671 0.0148
v  0.0336 0.0827 0.0161
v  0.0264 0.0689 0.0135
v  0.0153 0.0619 0.0141
v  0.0124 0.0489 0.0103
v  0.0395 0.0660 0.0130
v  0.0449 0.0734 0.0148
v  0.0571 0.0657 0.0165
v  0.0751 0.0617 0.0242
v  0.0757 0.0633 0.0221
v  0.0956 0.0644 0.0283
v  0.0949 0.0659 0.0254
v  0.1267 0.0763 0.0312
v  0.0464 0.0545 0.0138
v  0.1594 0.0984 0.0219
v  0.1262 0.0775 0.0280
v  0.1600 0.0972 0.0254
v  0.1791 0.1170 0.0104
v  0.1900 0.0947 0.0461
v  0.1922 0.0943 0.0453
v  0.2116 0.0734 0.0043
v  0.1914 0.0918 0.0462
v  0.1783 0.1184 0.0068
v  -0.2081 0.0938 0.0396
v  -0.2102 0.0935 0.0387
v  -0.2095 0.0910 0.0396
v  -0.1856 0.0805 0.0435
v  -0.1867 0.0780 0.0434
v  -0.1512 0.0623 0.0434
v  -0.1524 0.0598 0.0430
v  -0.1934 0.0609 0.0164
v  -0.1566 0.0489 0.0231
v  -0.1122 0.0442 0.0365
v  -0.1443 0.0757 0.0268
v  -0.1134 0.0415 0.0355
v  -0.1156 0.0355 0.0221
v  -0.1574 0.0465 0.0231
v  -0.1163 0.0334 0.0221
v  -0.1180 0.0272 0.0354
v  -0.0707 0.0155 0.0174
v  -0.0712 0.0123 0.0188
v  -0.0667 0.0264 0.0188
v  -0.0446 0.0176 0.0078
v  -0.0412 0.0237 0.0079
v  -0.0681 0.0235 0.0174
v  -0.0692 0.0205 0.0113
v  -0.0699 0.0186 0.0113
v  -0.0460 0.0144 0.0078
v  -0.0470 0.0123 0.0078
v  -0.0474 0.0101 0.0078
v  -0.0481 0.0067 0.0077
v  -0.0490 -0.0003 0.0077
v  -0.0531 -0.0148 0.0068
v  -0.0445 -0.0187 0.0078
v  -0.0470 -0.0128 0.0078
v  -0.0541 -0.0277 0.0092
v  -0.0412 -0.0241 0.0079
v  -0.0747 -0.0038 0.0126
v  -0.0801 -0.0003 0.0151
v  -0.0848 -0.0122 0.0116
v  -0.0655 -0.0003 0.0117
v  -0.0615 -0.0050 0.0091
v  -0.0485 -0.0066 0.0077
v  -0.1942 0.0583 0.0164
v  -0.1604 0.0351 0.0429
v  -0.1186 0.0243 0.0364
v  -0.1127 -0.0010 0.0211
v  -0.1001 -0.0149 0.0139
v  -0.0860 -0.0256 0.0109
v  -0.0947 -0.0284 0.0125
v  -0.0911 -0.0425 0.0140
v  -0.0772 -0.0356 0.0118
v  -0.0965 -0.0290 0.0109
v  -0.1021 -0.0152 0.0122
v  -0.1139 -0.0021 0.0190
v  -0.1309 0.0088 0.0246
v  -0.1311 0.0072 0.0217
v  -0.1632 0.0176 0.0265
v  -0.0929 -0.0434 0.0123
v  -0.0932 -0.0610 0.0214
v  -0.0664 -0.0424 0.0154
v  -0.0640 -0.0364 0.0128
v  -0.0546 -0.0338 0.0118
v  -0.0947 -0.0610 0.0193
v  -0.0518 -0.0473 0.0192
v  -0.0830 -0.0849 0.0370
v  -0.1020 -0.0797 0.0251
v  -0.1031 -0.0786 0.0221
v  -0.0364 -0.0292 0.0079
v  -0.0495 -0.0496 0.0177
v  -0.0338 -0.0316 0.0080
v  -0.1229 -0.1058 0.0271
v  -0.1238 -0.1048 0.0239
v  -0.1527 -0.1310 0.0202
v  -0.1536 -0.1300 0.0168
v  -0.1772 -0.1428 0.0045
v  -0.1782 -0.1417 0.0009
v  -0.1600 -0.1606 0.0404
v  -0.1404 -0.1433 0.0442
v  -0.1124 -0.1163 0.0441
v  -0.1104 -0.1181 0.0437
v  -0.0808 -0.0868 0.0360
v  -0.1011 -0.1258 0.0240
v  -0.1039 -0.1697 0.0448
v  -0.1142 -0.1938 0.0412
v  -0.0879 -0.1779 0.0213
v  -0.1170 -0.1923 0.0411
v  -0.1063 -0.1684 0.0447
v  -0.1371 -0.1805 0.0068
v  -0.1217 -0.1588 0.0175
v  -0.1239 -0.1572 0.0175
v  -0.1384 -0.1452 0.0442
v  -0.0734 -0.1416 0.0279
v  -0.0869 -0.1347 0.0445
v  -0.0991 -0.1272 0.0240
v  -0.0894 -0.1333 0.0441
v  -0.0661 -0.0971 0.0373
v  -0.0551 -0.1137 0.0258
v  -0.0536 -0.1144 0.0230
v  -0.0721 -0.1422 0.0248
v  -0.0866 -0.1785 0.0179
v  -0.0912 -0.2051 0.0059
v  -0.0394 -0.1010 0.0202
v  -0.0400 -0.0994 0.0223
v  -0.0231 -0.0939 0.0136
v  -0.0228 -0.0919 0.0152
v  -0.0206 -0.0766 0.0127
v  -0.0083 -0.0818 0.0122
v  -0.0083 -0.0909 0.0139
v  0.0061 -0.0919 0.0156
v  -0.0083 -0.0929 0.0123
v  0.0065 -0.0938 0.0140
v  0.0230 -0.0993 0.0233
v  0.0226 -0.1009 0.0212
v  0.0367 -0.1142 0.0244
v  0.0552 -0.1419 0.0269
v  0.0700 -0.1782 0.0205
v  0.0487 -0.0968 0.0391
v  0.0137 -0.0682 0.0168
v  0.0381 -0.1135 0.0274
v  0.0563 -0.1413 0.0301
v  0.0711 -0.1776 0.0239
v  0.0750 -0.2047 0.0088
v  0.0736 -0.2054 0.0050
v  0.0968 -0.1933 0.0446
v  0.0864 -0.1693 0.0480
v  0.0997 -0.1918 0.0447
v  0.0988 -0.1943 0.0438
v  0.1270 -0.1883 0.0029
v  0.1295 -0.1865 0.0030
v  0.1429 -0.1621 0.0445
v  0.1208 -0.1800 0.0110
v  0.0888 -0.1679 0.0479
v  0.1403 -0.1622 0.0453
v  0.1426 -0.1600 0.0454
v  0.1232 -0.1783 0.0111
v  0.1050 -0.1583 0.0213
v  0.0717 -0.1330 0.0467
v  0.0693 -0.1344 0.0471
v  0.0822 -0.1268 0.0270
v  0.1072 -0.1567 0.0213
v  0.1208 -0.1446 0.0484
v  0.1228 -0.1428 0.0486
v  0.1359 -0.1303 0.0250
v  0.1609 -0.1421 0.0102
v  0.1369 -0.1294 0.0216
v  0.1057 -0.1053 0.0309
v  0.0947 -0.1158 0.0475
v  0.0656 -0.0845 0.0394
v  0.0927 -0.1177 0.0471
v  0.0842 -0.1254 0.0270
v  0.0634 -0.0865 0.0384
v  0.0349 -0.0471 0.0206
v  0.0494 -0.0421 0.0173
v  0.0378 -0.0336 0.0134
v  0.0246 -0.0240 0.0089
v  0.0279 -0.0185 0.0090
v  0.0365 -0.0146 0.0082
v  0.0304 -0.0126 0.0090
v  0.0373 -0.0275 0.0108
v  0.0473 -0.0362 0.0146
v  0.0605 -0.0353 0.0140
v  0.0761 -0.0606 0.0242
v  0.0849 -0.0793 0.0281
v  0.0693 -0.0252 0.0135
v  0.0743 -0.0422 0.0168
v  0.0779 -0.0280 0.0153
v  0.1068 -0.1043 0.0278
v  0.0861 -0.0782 0.0252
v  0.0778 -0.0606 0.0221
v  0.0762 -0.0431 0.0152
v  0.0798 -0.0286 0.0137
v  0.0832 -0.0145 0.0169
v  0.0680 -0.0119 0.0141
v  0.0853 -0.0148 0.0153
v  0.0968 -0.0016 0.0224
v  0.0955 -0.0006 0.0245
v  0.0631 -0.0000 0.0176
v  0.0579 -0.0035 0.0148
v  0.0487 -0.0000 0.0135
v  0.0484 -0.0043 0.0119
v  0.0447 -0.0047 0.0110
v  0.0318 -0.0064 0.0091
v  0.0323 -0.0001 0.0091
v  0.0542 0.0126 0.0209
v  0.1010 0.0248 0.0400
v  0.1135 0.0093 0.0286
v  0.1139 0.0078 0.0257
v  0.0315 0.0068 0.0090
v  0.0536 0.0157 0.0194
v  0.0308 0.0103 0.0090
v  0.0510 0.0238 0.0194
v  0.0524 0.0208 0.0133
v  0.0983 0.0359 0.0256
v  0.0294 0.0145 0.0090
v  0.0280 0.0177 0.0090
v  0.0530 0.0188 0.0133
v  0.0303 0.0125 0.0090
v  0.0990 0.0339 0.0257
v  0.1003 0.0277 0.0390
v  0.1423 0.0357 0.0479
v  0.1400 0.0472 0.0279
v  0.1393 0.0495 0.0279
v  0.0957 0.0419 0.0389
v  0.0496 0.0266 0.0207
v  0.0245 0.0238 0.0089
v  0.1343 0.0604 0.0477
v  0.0945 0.0446 0.0399
v  0.0493 0.0420 0.0173
v  0.0378 0.0335 0.0134
v  0.1331 0.0629 0.0481
v  0.1686 0.0788 0.0492
v  0.1762 0.0617 0.0224
v  0.1674 0.0813 0.0493
v  0.2017 0.0701 0.0123
v  0.1770 0.0591 0.0224
v  0.1809 0.0412 0.0494
v  0.1429 0.0330 0.0483
v  0.2126 0.0705 0.0043
v  0.2070 0.0441 0.0464
v  0.2091 0.0425 0.0456
v  0.2026 0.0674 0.0124
v  0.1814 0.0385 0.0495
v  0.2076 0.0409 0.0464
v  0.2123 0.0145 0.0073
v  0.2121 0.0161 0.0109
v  0.1848 0.0210 0.0258
v  0.1457 0.0182 0.0315
v  0.1460 0.0168 0.0283
v  0.1851 0.0196 0.0224
v  -0.0929 0.0630 0.0193
v  -0.0756 0.0668 0.0126
v  -0.0925 0.0614 0.0214
v  -0.0630 0.0747 0.0114
v  -0.0516 0.0843 0.0130
v  -0.0742 0.0654 0.0143
v  -0.0633 0.0543 0.0120
v  -0.0665 0.0418 0.0153
v  -0.0600 0.0415 0.0129
v  -0.0547 0.0333 0.0118
v  -0.0487 0.0347 0.0093
v  -0.0565 0.0658 0.0114
v  -0.0619 0.0732 0.0130
v  -0.0507 0.0825 0.0147
v  -0.0415 0.0986 0.0223
v  -0.0428 0.0995 0.0201
v  -0.0377 0.1189 0.0261
v  -0.0393 0.1187 0.0232
v  -0.0434 0.0688 0.0123
v  -0.0502 0.1899 0.0184
v  -0.0407 0.1520 0.0253
v  -0.0617 0.2142 0.0064
v  -0.0364 0.2202 0.0415
v  -0.0632 0.2139 0.0028
v  0.0229 -0.0558 0.0204
v  0.0106 -0.0359 0.0087
v  0.0043 -0.0388 0.0086
v  0.0258 -0.0544 0.0190
v  0.0136 -0.0341 0.0088
v  -0.0083 -0.0473 0.0075
v  -0.0019 -0.0403 0.0085
v  -0.0083 -0.0408 0.0084
v  0.0036 -0.0521 0.0103
v  0.0093 -0.0545 0.0129
v  0.0040 -0.0765 0.0131
v  0.0089 -0.0642 0.0140
v  -0.0427 -0.0545 0.0178
v  -0.0453 -0.0528 0.0117
v  -0.0740 -0.0922 0.0228
v  -0.0302 -0.0342 0.0080
v  -0.0272 -0.0359 0.0081
v  -0.0470 -0.0516 0.0117
v  -0.0322 -0.0331 0.0080
v  -0.0757 -0.0910 0.0228
v  -0.0687 -0.0956 0.0362
v  -0.0398 -0.0560 0.0194
v  -0.0208 -0.0389 0.0082
v  -0.0305 -0.0683 0.0160
v  -0.0260 -0.0545 0.0123
v  -0.0203 -0.0521 0.0099
v  -0.0146 -0.0403 0.0083
v  -0.0255 -0.0643 0.0134
v  -0.1989 0.0403 0.0432
v  -0.1994 0.0376 0.0433
v  -0.1609 0.0323 0.0432
v  -0.2250 0.0431 0.0394
v  -0.2195 0.0665 0.0053
v  -0.2292 0.0695 -0.0029
v  -0.2186 0.0692 0.0054
v  -0.2282 0.0724 -0.0029
v  -0.2020 0.0201 0.0194
v  -0.2255 0.0400 0.0393
v  -0.2270 0.0415 0.0384
v  -0.2287 0.0151 0.0037
v  -0.1633 0.0162 0.0233
v  -0.2022 0.0188 0.0159
v  -0.2288 0.0136 0.0001
v  -0.0896 -0.2058 0.0024
v  -0.1162 -0.1948 0.0402
v  -0.1430 -0.1889 -0.0015
v  -0.1578 -0.1628 0.0405
v  -0.1604 -0.1628 0.0395
v  -0.1455 -0.1871 -0.0015
v  -0.1395 -0.1788 0.0068
v  0.1620 -0.1409 0.0065
v  -0.0165 0.1122 0.0371
v  -0.0160 0.0634 0.0197
v  -0.0307 0.0678 0.0159
v  -0.0261 0.0541 0.0123
v  -0.0209 0.0385 0.0082
v  -0.0268 0.0360 0.0081
v  -0.0360 0.0379 0.0070
v  -0.0322 0.0327 0.0080
v  -0.0293 0.0488 0.0097
v  -0.0323 0.0617 0.0133
v  -0.0098 0.1127 0.0239
v  -0.0128 0.0638 0.0183
v  -0.0141 0.0398 0.0083
v  -0.0095 0.0641 0.0123
v  -0.0106 0.0402 0.0084
v  -0.0044 0.0639 0.0185
v  -0.0061 0.0402 0.0084
v  -0.0026 0.0399 0.0085
v  -0.0075 0.0641 0.0123
v  -0.0084 0.0405 0.0084
v  0.0042 0.0385 0.0086
v  0.0193 0.0380 0.0080
v  0.0101 0.0361 0.0087
v  0.0155 0.0328 0.0088
v  0.0204 0.0286 0.0089
v  0.0317 0.0349 0.0107
v  0.0350 0.0367 0.0117
v  0.0431 0.0417 0.0145
v  0.0447 0.0476 0.0144
v  0.0156 -0.0330 0.0088
v  0.0303 -0.0515 0.0129
v  0.0173 -0.0315 0.0088
v  0.0286 -0.0527 0.0129
v  0.0587 -0.0907 0.0250
v  0.0569 -0.0919 0.0250
v  0.0326 -0.0494 0.0191
v  0.0199 -0.0291 0.0089
v  0.0513 -0.0954 0.0382
v  -0.1130 0.0640 0.0249
v  -0.1123 0.0654 0.0220
v  -0.1436 0.0770 0.0236
v  -0.1773 0.0964 0.0198
v  -0.1767 0.0976 0.0163
v  -0.1960 0.1162 0.0042
v  -0.1952 0.1176 0.0006
v  -0.0371 0.0285 0.0079
v  -0.0334 0.0511 -0.0311
v  -0.0368 0.0604 -0.0312
v  -0.0375 0.0604 0.0136
v  -0.0341 0.0511 0.0137
v  -0.0387 0.0619 -0.0312
v  -0.0484 0.0636 -0.0314
v  -0.0491 0.0636 0.0134
v  -0.0394 0.0619 0.0136
v  -0.0507 0.0627 -0.0314
v  -0.0570 0.0552 -0.0315
v  -0.0577 0.0552 0.0133
v  -0.0514 0.0627 0.0134
v  -0.0574 0.0528 -0.0315
v  -0.0540 0.0435 -0.0315
v  -0.0547 0.0435 0.0133
v  -0.0581 0.0528 0.0133
v  -0.0521 0.0420 -0.0314
v  -0.0424 0.0403 -0.0313
v  -0.0431 0.0403 0.0135
v  -0.0528 0.0420 0.0134
v  -0.0401 0.0412 -0.0312
v  -0.0338 0.0487 -0.0311
v  -0.0345 0.0487 0.0137
v  -0.0408 0.0412 0.0136
v  -0.0392 0.0604 0.0164
v  -0.0500 0.0623 0.0162
v  -0.0571 0.0538 0.0161
v  -0.0532 0.0435 0.0162
v  -0.0424 0.0416 0.0163
v  -0.0353 0.0501 0.0165
v  0.0423 0.0514 -0.0299
v  0.0389 0.0606 -0.0299
v  0.0382 0.0606 0.0149
v  0.0416 0.0514 0.0149
v  0.0370 0.0622 -0.0300
v  0.0273 0.0638 -0.0301
v  0.0266 0.0638 0.0147
v  0.0363 0.0622 0.0148
v  0.0250 0.0630 -0.0302
v  0.0187 0.0554 -0.0303
v  0.0180 0.0554 0.0145
v  0.0243 0.0630 0.0146
v  0.0183 0.0530 -0.0303
v  0.0217 0.0438 -0.0302
v  0.0210 0.0438 0.0146
v  0.0176 0.0530 0.0145
v  0.0236 0.0422 -0.0302
v  0.0333 0.0406 -0.0300
v  0.0326 0.0406 0.0148
v  0.0229 0.0422 0.0146
v  0.0356 0.0414 -0.0300
v  0.0419 0.0490 -0.0299
v  0.0412 0.0490 0.0149
v  0.0349 0.0414 0.0148
v  0.0365 0.0607 0.0176
v  0.0256 0.0626 0.0175
v  0.0186 0.0541 0.0173
v  0.0224 0.0437 0.0174
v  0.0333 0.0419 0.0176
v  0.0404 0.0504 0.0177
v  0.0653 -0.0206 -0.0295
v  0.0619 -0.0113 -0.0296
v  0.0612 -0.0113 0.0152
v  0.0646 -0.0206 0.0153
v  0.0600 -0.0098 -0.0296
v  0.0503 -0.0081 -0.0297
v  0.0496 -0.0081 0.0150
v  0.0593 -0.0098 0.0152
v  0.0480 -0.0090 -0.0298
v  0.0418 -0.0165 -0.0299
v  0.0411 -0.0165 0.0149
v  0.0473 -0.0090 0.0150
v  0.0413 -0.0189 -0.0299
v  0.0448 -0.0282 -0.0298
v  0.0441 -0.0282 0.0150
v  0.0406 -0.0189 0.0149
v  0.0466 -0.0297 -0.0298
v  0.0563 -0.0314 -0.0296
v  0.0556 -0.0314 0.0151
v  0.0459 -0.0297 0.0150
v  0.0586 -0.0305 -0.0296
v  0.0649 -0.0230 -0.0295
v  0.0642 -0.0230 0.0153
v  0.0579 -0.0305 0.0152
v  0.0596 -0.0113 0.0180
v  0.0487 -0.0094 0.0178
v  0.0417 -0.0179 0.0177
v  0.0455 -0.0282 0.0178
v  0.0564 -0.0301 0.0180
v  0.0634 -0.0216 0.0181
v  -0.0566 -0.0207 -0.0315
v  -0.0600 -0.0114 -0.0316
v  -0.0607 -0.0114 0.0132
v  -0.0573 -0.0207 0.0133
v  -0.0619 -0.0099 -0.0316
v  -0.0716 -0.0082 -0.0317
v  -0.0723 -0.0082 0.0131
v  -0.0626 -0.0099 0.0132
v  -0.0739 -0.0091 -0.0318
v  -0.0802 -0.0166 -0.0319
v  -0.0809 -0.0166 0.0129
v  -0.0746 -0.0091 0.0130
v  -0.0806 -0.0191 -0.0319
v  -0.0772 -0.0283 -0.0318
v  -0.0779 -0.0283 0.0130
v  -0.0813 -0.0191 0.0129
v  -0.0753 -0.0298 -0.0318
v  -0.0656 -0.0315 -0.0316
v  -0.0663 -0.0315 0.0131
v  -0.0760 -0.0298 0.0130
v  -0.0633 -0.0306 -0.0316
v  -0.0570 -0.0231 -0.0315
v  -0.0577 -0.0231 0.0133
v  -0.0640 -0.0306 0.0132
v  -0.0624 -0.0114 0.0160
v  -0.0732 -0.0095 0.0158
v  -0.0803 -0.0180 0.0157
v  -0.0765 -0.0283 0.0158
v  -0.0656 -0.0302 0.0160
v  -0.0585 -0.0217 0.0161
v  0.0046 -0.0650 -0.0305
v  0.0012 -0.0558 -0.0306
v  0.0005 -0.0558 0.0142
v  0.0039 -0.0650 0.0143
v  -0.0007 -0.0542 -0.0306
v  -0.0104 -0.0526 -0.0307
v  -0.0111 -0.0526 0.0141
v  -0.0014 -0.0542 0.0142
v  -0.0127 -0.0534 -0.0308
v  -0.0190 -0.0610 -0.0309
v  -0.0197 -0.0610 0.0139
v  -0.0134 -0.0534 0.0140
v  -0.0194 -0.0634 -0.0309
v  -0.0159 -0.0726 -0.0308
v  -0.0166 -0.0726 0.0140
v  -0.0201 -0.0634 0.0139
v  -0.0141 -0.0742 -0.0308
v  -0.0044 -0.0758 -0.0306
v  -0.0051 -0.0758 0.0142
v  -0.0148 -0.0742 0.0140
v  -0.0021 -0.0750 -0.0306
v  0.0042 -0.0674 -0.0305
v  0.0035 -0.0674 0.0143
v  -0.0028 -0.0750 0.0142
v  -0.0011 -0.0557 0.0170
v  -0.0120 -0.0539 0.0168
v  -0.0190 -0.0624 0.0167
v  -0.0152 -0.0727 0.0168
v  -0.0043 -0.0746 0.0170
v  0.0027 -0.0661 0.0171
# 2388 vertices

vn -0.9862 -0.0512 -0.1571
vn -0.9924 -0.0382 -0.1174
vn -0.9914 -0.0556 -0.1182
vn -0.9914 -0.0247 -0.1283
vn -0.9862 -0.0247 -0.1637
vn -0.9895 -0.0136 -0.1436
vn -0.9857 -0.0178 -0.1673
vn -0.9820 -0.0190 -0.1877
vn -0.9800 -0.0395 -0.1949
vn -0.9782 -0.0644 -0.1976
vn -0.9800 -0.0830 -0.1808
vn -0.9862 -0.0765 -0.1468
vn -0.9820 -0.0953 -0.1628
vn -0.9858 -0.0842 -0.1456
vn -0.9896 -0.0736 -0.1239
vn -0.9800 0.1732 -0.0980
vn -0.9862 0.1481 -0.0743
vn -0.9862 0.1336 -0.0975
vn -0.9820 0.1727 -0.0763
vn -0.9857 0.1536 -0.0688
vn -0.9895 0.1323 -0.0575
vn -0.9914 0.1144 -0.0633
vn -0.9923 0.0999 -0.0728
vn -0.9914 0.0953 -0.0896
vn -0.9862 0.1160 -0.1183
vn -0.9895 0.0952 -0.1084
vn -0.9857 0.1125 -0.1253
vn -0.9820 0.1255 -0.1411
vn -0.9800 0.1463 -0.1350
vn -0.9781 0.1680 -0.1225
vn -0.9800 -0.1976 -0.0225
vn -0.9862 -0.1633 -0.0269
vn -0.9863 -0.1652 0.0003
vn -0.9821 -0.1843 -0.0397
vn -0.9858 -0.1645 -0.0346
vn -0.9896 -0.1407 -0.0312
vn -0.9914 -0.1297 -0.0160
vn -0.9924 -0.1234 0.0002
vn -0.9914 -0.1296 0.0165
vn -0.9862 -0.1632 0.0275
vn -0.9896 -0.1406 0.0318
vn -0.9858 -0.1645 0.0353
vn -0.9820 -0.1842 0.0405
vn -0.9800 -0.1975 0.0232
vn -0.9782 -0.2078 0.0004
vn -0.9800 -0.0826 0.1811
vn -0.9862 -0.0761 0.1471
vn -0.9862 -0.0509 0.1573
vn -0.9820 -0.0949 0.1631
vn -0.9857 -0.0838 0.1459
vn -0.9896 -0.0733 0.1242
vn -0.9914 -0.0553 0.1183
vn -0.9924 -0.0380 0.1174
vn -0.9914 -0.0244 0.1284
vn -0.9862 -0.0244 0.1638
vn -0.9896 -0.0133 0.1435
vn -0.9857 -0.0174 0.1673
vn -0.9820 -0.0186 0.1878
vn -0.9800 -0.0391 0.1951
vn -0.9781 -0.0640 0.1978
vn -0.9863 0.1339 0.0968
vn -0.9924 0.1000 0.0723
vn -0.9914 0.1146 0.0628
vn -0.9914 0.0955 0.0892
vn -0.9862 0.1163 0.1177
vn -0.9896 0.0955 0.1080
vn -0.9858 0.1128 0.1247
vn -0.9821 0.1258 0.1405
vn -0.9800 0.1466 0.1343
vn -0.9782 0.1683 0.1218
vn -0.9800 0.1734 0.0973
vn -0.9862 0.1483 0.0736
vn -0.9821 0.1728 0.0755
vn -0.9858 0.1538 0.0681
vn -0.9896 0.1325 0.0569
vn -0.8950 0.0253 -0.4453
vn -0.4551 -0.0008 -0.8904
vn -0.8917 -0.0511 -0.4497
vn -0.4521 -0.0972 -0.8866
vn -0.0000 0.0000 -1.0000
vn -0.0000 -0.1045 -0.9945
vn 0.4616 -0.0061 -0.8871
vn 0.4616 -0.0867 -0.8828
vn 0.8956 0.0233 -0.4442
vn 0.8956 -0.0696 -0.4394
vn -0.8950 -0.1135 -0.4313
vn -0.4616 -0.1785 -0.8689
vn -0.0000 -0.2079 -0.9781
vn 0.4616 -0.1904 -0.8664
vn 0.4616 -0.2684 -0.8455
vn 0.8956 -0.1594 -0.4153
vn -0.4551 -0.2760 -0.8466
vn -0.0000 -0.3090 -0.9511
vn -0.0000 -0.4067 -0.9136
vn 0.4616 -0.3663 -0.8079
vn 0.4616 -0.4383 -0.7712
vn 0.8956 -0.2423 -0.3731
vn -0.8917 -0.1876 -0.4119
vn -0.4521 -0.3664 -0.8132
vn -0.4616 -0.4383 -0.7712
vn -0.0000 -0.5000 -0.8660
vn -0.0000 -0.5878 -0.8090
vn 0.4616 -0.5263 -0.7141
vn 0.4616 -0.5891 -0.6633
vn 0.8956 -0.3145 -0.3145
vn -0.8950 -0.2412 -0.3752
vn -0.4551 -0.5241 -0.7199
vn -0.4521 -0.5998 -0.6602
vn -0.0000 -0.6691 -0.7431
vn -0.0000 -0.7431 -0.6691
vn 0.4616 -0.6633 -0.5891
vn 0.4616 -0.7141 -0.5263
vn 0.8956 -0.3731 -0.2423
vn -0.8917 -0.3057 -0.3338
vn -0.8950 -0.3454 -0.2822
vn -0.4616 -0.6552 -0.5981
vn -0.4551 -0.7209 -0.5227
vn -0.0000 -0.8090 -0.5878
vn -0.0000 -0.8660 -0.5000
vn 0.4616 -0.7712 -0.4383
vn 0.4616 -0.8079 -0.3663
vn 0.8956 -0.4153 -0.1594
vn -0.8917 -0.3939 -0.2230
vn -0.4521 -0.7744 -0.4425
vn -0.4616 -0.8079 -0.3663
vn -0.0000 -0.9136 -0.4067
vn -0.0000 -0.9511 -0.3090
vn 0.4616 -0.8455 -0.2684
vn 0.4616 -0.8664 -0.1904
vn 0.8956 -0.4394 -0.0696
vn -0.8950 -0.4157 -0.1617
vn -0.4551 -0.8471 -0.2744
vn -0.4521 -0.8733 -0.1816
vn -0.0000 -0.9781 -0.2079
vn -0.0000 -0.9945 -0.1045
vn 0.4616 -0.8828 -0.0867
vn 0.4616 -0.8871 -0.0061
vn 0.8956 -0.4442 0.0233
vn -0.8917 -0.4435 -0.0904
vn -0.8950 -0.4453 -0.0253
vn -0.4616 -0.8816 -0.0987
vn -0.4551 -0.8904 0.0008
vn -0.0000 -1.0000 0.0000
vn -0.0000 -0.9945 0.1045
vn 0.4616 -0.8816 0.0987
vn 0.4616 -0.8689 0.1785
vn 0.8956 -0.4297 0.1151
vn -0.8917 -0.4497 0.0511
vn -0.4521 -0.8866 0.0972
vn -0.4616 -0.8689 0.1785
vn -0.0000 -0.9781 0.2079
vn -0.0000 -0.9511 0.3090
vn 0.4616 -0.8418 0.2799
vn 0.4616 -0.8128 0.3553
vn 0.8956 -0.3963 0.2019
vn -0.8950 -0.4313 0.1135
vn -0.4551 -0.8466 0.2760
vn -0.4521 -0.8132 0.3664
vn -0.0000 -0.9136 0.4067
vn -0.0000 -0.8660 0.5000
vn 0.4616 -0.7652 0.4488
vn 0.4616 -0.7212 0.5165
vn 0.8956 -0.3457 0.2799
vn -0.8917 -0.4119 0.1876
vn -0.8950 -0.3752 0.2412
vn -0.4616 -0.7712 0.4383
vn -0.4551 -0.7199 0.5241
vn -0.0000 -0.8090 0.5878
vn -0.0000 -0.7431 0.6691
vn 0.4616 -0.6552 0.5981
vn 0.4616 -0.5981 0.6552
vn 0.8956 -0.2799 0.3457
vn -0.8917 -0.3338 0.3057
vn -0.4521 -0.6602 0.5998
vn -0.4616 -0.5981 0.6552
vn -0.0000 -0.6691 0.7431
vn -0.0000 -0.5878 0.8090
vn 0.4616 -0.5165 0.7212
vn 0.4616 -0.4488 0.7652
vn 0.8956 -0.2019 0.3963
vn -0.8950 -0.2822 0.3454
vn -0.4551 -0.5227 0.7209
vn -0.4521 -0.4425 0.7744
vn -0.0000 -0.5000 0.8660
vn -0.0000 -0.4067 0.9136
vn 0.4616 -0.3553 0.8128
vn 0.4616 -0.2799 0.8418
vn 0.8956 -0.1151 0.4297
vn -0.8917 -0.2230 0.3939
vn -0.8950 -0.1617 0.4157
vn -0.4616 -0.3663 0.8079
vn -0.4551 -0.2744 0.8471
vn -0.0000 -0.3090 0.9511
vn -0.0000 -0.2079 0.9781
vn 0.4616 -0.1785 0.8689
vn 0.4616 -0.0987 0.8816
vn 0.8956 -0.0233 0.4442
vn -0.8917 -0.0904 0.4435
vn -0.4521 -0.1816 0.8733
vn -0.4616 -0.0987 0.8816
vn -0.0000 -0.1045 0.9945
vn -0.0000 0.0000 1.0000
vn 0.4616 0.0061 0.8871
vn 0.4616 0.0867 0.8828
vn 0.8956 0.0696 0.4394
vn -0.8950 -0.0253 0.4453
vn -0.4551 0.0008 0.8904
vn -0.4521 0.0972 0.8866
vn -0.0000 0.1045 0.9945
vn -0.0000 0.2079 0.9781
vn 0.4616 0.1904 0.8664
vn 0.4616 0.2684 0.8455
vn 0.8956 0.1594 0.4153
vn -0.8917 0.0511 0.4497
vn -0.8950 0.1135 0.4313
vn -0.4616 0.1785 0.8689
vn -0.4551 0.2760 0.8466
vn -0.0000 0.3090 0.9511
vn -0.0000 0.4067 0.9136
vn 0.4616 0.3663 0.8079
vn 0.4616 0.4383 0.7712
vn 0.8956 0.2423 0.3731
vn -0.8917 0.1876 0.4119
vn -0.4521 0.3664 0.8132
vn -0.4616 0.4383 0.7712
vn -0.0000 0.5000 0.8660
vn -0.0000 0.5878 0.8090
vn 0.4616 0.5263 0.7141
vn 0.4616 0.5891 0.6633
vn 0.8956 0.3145 0.3145
vn -0.8950 0.2412 0.3752
vn -0.4551 0.5241 0.7199
vn -0.4521 0.5998 0.6602
vn -0.0000 0.6691 0.7431
vn -0.0000 0.7431 0.6691
vn 0.4616 0.6633 0.5891
vn 0.4616 0.7141 0.5263
vn 0.8956 0.3731 0.2423
vn -0.8917 0.3057 0.3338
vn -0.8950 0.3454 0.2822
vn -0.4616 0.6552 0.5981
vn -0.4551 0.7209 0.5227
vn -0.0000 0.8090 0.5878
vn -0.0000 0.8660 0.5000
vn 0.4616 0.7712 0.4383
vn 0.4616 0.8079 0.3663
vn 0.8956 0.4153 0.1594
vn -0.8917 0.3939 0.2230
vn -0.4521 0.7744 0.4425
vn -0.4616 0.8079 0.3663
vn -0.0000 0.9136 0.4067
vn -0.0000 0.9511 0.3090
vn 0.4616 0.8455 0.2684
vn 0.4616 0.8664 0.1904
vn 0.8956 0.4394 0.0696
vn -0.8950 0.4157 0.1617
vn -0.4551 0.8471 0.2744
vn -0.4521 0.8733 0.1816
vn -0.0000 0.9781 0.2079
vn -0.0000 0.9945 0.1045
vn 0.4616 0.8828 0.0867
vn 0.4616 0.8871 0.0061
vn 0.8956 0.4442 -0.0233
vn -0.8917 0.4435 0.0904
vn -0.8950 0.4453 0.0253
vn -0.4616 0.8816 0.0987
vn -0.4551 0.8904 -0.0008
vn -0.0000 1.0000 0.0000
vn -0.0000 0.9945 -0.1045
vn 0.4616 0.8816 -0.0987
vn 0.4616 0.8689 -0.1785
vn 0.8956 0.4297 -0.1151
vn -0.8917 0.4497 -0.0511
vn -0.4521 0.8866 -0.0972
vn -0.4616 0.8689 -0.1785
vn -0.0000 0.9781 -0.2079
vn -0.0000 0.9511 -0.3090
vn 0.4616 0.8418 -0.2799
vn 0.4616 0.8128 -0.3553
vn 0.8956 0.3963 -0.2019
vn -0.8950 0.4313 -0.1135
vn -0.4551 0.8466 -0.2760
vn -0.4521 0.8132 -0.3664
vn -0.0000 0.9136 -0.4067
vn -0.0000 0.8660 -0.5000
vn 0.4616 0.7652 -0.4488
vn 0.4616 0.7212 -0.5165
vn 0.8956 0.3457 -0.2799
vn -0.8917 0.4119 -0.1876
vn -0.8950 0.3752 -0.2412
vn -0.4616 0.7712 -0.4383
vn -0.4551 0.7199 -0.5241
vn -0.0000 0.8090 -0.5878
vn -0.0000 0.7431 -0.6691
vn 0.4616 0.6552 -0.5981
vn 0.4616 0.5981 -0.6552
vn 0.8956 0.2799 -0.3457
vn -0.8917 0.3338 -0.3057
vn -0.4521 0.6602 -0.5998
vn -0.4616 0.5981 -0.6552
vn -0.0000 0.6691 -0.7431
vn -0.0000 0.5878 -0.8090
vn 0.4616 0.5165 -0.7212
vn 0.4616 0.4488 -0.7652
vn 0.8956 0.2019 -0.3963
vn -0.8950 0.2822 -0.3454
vn -0.4551 0.5227 -0.7209
vn -0.4521 0.4425 -0.7744
vn -0.0000 0.5000 -0.8660
vn -0.0000 0.4067 -0.9136
vn 0.4616 0.3553 -0.8128
vn 0.4616 0.2799 -0.8418
vn 0.8956 0.1151 -0.4297
vn -0.8917 0.2230 -0.3939
vn -0.8950 0.1617 -0.4157
vn -0.4616 0.3663 -0.8079
vn -0.4551 0.2744 -0.8471
vn -0.0000 0.3090 -0.9511
vn -0.0000 0.2079 -0.9781
vn 0.4616 0.1785 -0.8689
vn 0.4616 0.0987 -0.8816
vn -0.8917 0.0904 -0.4435
vn -0.4521 0.1816 -0.8733
vn -0.4616 0.0987 -0.8816
vn -0.0000 0.1045 -0.9945
vn -0.9999 -0.0131 -0.0007
vn -0.9999 -0.0155 0.0016
vn -0.9999 -0.0127 0.0034
vn -0.9999 -0.0142 0.0063
vn -0.9999 -0.0152 -0.0032
vn -0.9316 0.3630 0.0179
vn -0.9328 0.3585 -0.0364
vn -0.9316 0.3507 -0.0951
vn -0.9328 0.3297 -0.1454
vn -0.9999 -0.0122 -0.0047
vn -0.9328 0.3522 0.0761
vn -0.9999 -0.0135 -0.0078
vn -0.9316 0.3397 0.1292
vn -0.9999 -0.0102 -0.0082
vn -0.9328 0.3115 0.1812
vn -0.9999 -0.0104 -0.0116
vn -0.9316 0.2831 0.2279
vn -0.9999 -0.0071 -0.0110
vn -0.9328 0.2402 0.2686
vn -0.9999 -0.0063 -0.0142
vn -0.9316 0.1988 0.3042
vn -0.9999 -0.0034 -0.0127
vn -0.9328 0.1454 0.3297
vn -0.9999 -0.0016 -0.0155
vn -0.9316 0.0951 0.3508
vn -0.9999 0.0007 -0.0131
vn -0.9328 0.0364 0.3585
vn -0.9999 0.0032 -0.0152
vn -0.9316 -0.0179 0.3630
vn -0.9999 0.0047 -0.0122
vn -0.9328 -0.0761 0.3522
vn -0.9999 0.0078 -0.0135
vn -0.9316 -0.1292 0.3397
vn -0.9999 0.0082 -0.0102
vn -0.9328 -0.1812 0.3115
vn -0.9999 0.0116 -0.0104
vn -0.9316 -0.2279 0.2831
vn -0.9999 0.0110 -0.0071
vn -0.9328 -0.2686 0.2402
vn -0.9999 0.0142 -0.0063
vn -0.9316 -0.3042 0.1988
vn -0.9999 0.0127 -0.0034
vn -0.9328 -0.3297 0.1454
vn -0.9999 0.0155 -0.0016
vn -0.9316 -0.3507 0.0951
vn -0.9999 0.0131 0.0007
vn -0.9328 -0.3585 0.0364
vn -0.9999 0.0152 0.0032
vn -0.9316 -0.3630 -0.0179
vn -0.9999 0.0122 0.0047
vn -0.9328 -0.3522 -0.0761
vn -0.9999 0.0135 0.0078
vn -0.9316 -0.3397 -0.1292
vn -0.9999 0.0102 0.0082
vn -0.9328 -0.3115 -0.1812
vn -0.9999 0.0104 0.0116
vn -0.9316 -0.2831 -0.2279
vn -0.9999 0.0071 0.0110
vn -0.9328 -0.2402 -0.2686
vn -0.9999 0.0063 0.0142
vn -0.9316 -0.1988 -0.3042
vn -0.9999 0.0034 0.0127
vn -0.9328 -0.1454 -0.3297
vn -0.9999 0.0016 0.0155
vn -0.9316 -0.0951 -0.3508
vn -0.9999 -0.0007 0.0131
vn -0.9328 -0.0364 -0.3585
vn -0.9999 -0.0032 0.0152
vn -0.9316 0.0179 -0.3630
vn -0.9999 -0.0047 0.0122
vn -0.9328 0.0761 -0.3522
vn -0.9999 -0.0078 0.0135
vn -0.9316 0.1292 -0.3397
vn -0.9999 -0.0082 0.0102
vn -0.9328 0.1812 -0.3115
vn -0.9999 -0.0116 0.0104
vn -0.9316 0.2279 -0.2831
vn -0.9999 -0.0110 0.0071
vn -0.9328 0.2686 -0.2402
vn -0.9316 0.3042 -0.1988
vn -0.5078 -0.8547 -0.1079
vn -0.2140 -0.9768 0.0000
vn -0.5075 -0.8616 0.0000
vn -0.2149 -0.9689 -0.1224
vn -0.5074 -0.8346 -0.2143
vn -0.2150 -0.9689 0.1225
vn -0.5078 -0.8547 0.1080
vn -0.2173 -0.9454 0.2428
vn -0.5074 -0.8346 0.2143
vn -0.2128 -0.9085 0.3596
vn -0.5077 -0.8010 0.3173
vn -0.2182 -0.8552 0.4702
vn -0.5073 -0.7552 0.4151
vn -0.2171 -0.9455 -0.2428
vn -0.5078 -0.8010 -0.3171
vn -0.8013 -0.5983 0.0000
vn -0.8018 -0.5929 0.0749
vn -0.8018 -0.5928 -0.0749
vn -0.8035 -0.5766 0.1481
vn -0.8004 -0.5574 0.2207
vn -0.8041 -0.5210 0.2865
vn -0.2153 -0.7900 0.5740
vn -0.5069 -0.6974 0.5066
vn -0.8024 -0.4828 0.3507
vn -0.2124 -0.9086 -0.3597
vn -0.5073 -0.7552 -0.4152
vn -0.8034 -0.5768 -0.1480
vn -1.0000 0.0000 0.0000
vn -0.2163 -0.7117 0.6683
vn -0.5073 -0.6282 0.5899
vn -0.8031 -0.4343 0.4079
vn -0.2181 -0.8552 -0.4702
vn -0.5072 -0.6972 -0.5065
vn -0.8004 -0.5573 -0.2208
vn -0.2156 -0.7899 -0.5741
vn -0.5072 -0.6283 -0.5900
vn -0.2143 -0.6227 0.7525
vn -0.5073 -0.5493 0.6641
vn -0.8015 -0.3811 0.4608
vn -0.8041 -0.5210 -0.2864
vn -0.2168 -0.7116 -0.6682
vn -0.5072 -0.5494 -0.6640
vn -0.8024 -0.4828 -0.3507
vn -0.6933 0.7207 0.0000
vn -0.6932 0.7150 -0.0903
vn -0.6932 0.6981 -0.1793
vn -0.6933 0.6701 -0.2653
vn -0.6932 0.6316 -0.3472
vn -0.6932 0.7150 0.0903
vn -0.6933 0.5831 -0.4236
vn -0.6932 0.5254 -0.4933
vn -0.6932 0.4594 -0.5553
vn -0.2129 -0.5235 0.8250
vn -0.5077 -0.4616 0.7274
vn -0.8006 -0.3212 0.5058
vn -0.6932 0.3861 -0.6085
vn -0.6933 0.6981 0.1792
vn -0.2148 -0.6226 -0.7524
vn -0.5073 -0.4617 -0.7276
vn -0.8031 -0.4344 -0.4078
vn 0.0000 1.0000 -0.0000
vn 0.0000 0.9921 -0.1253
vn 0.0000 0.9686 -0.2487
vn 0.0000 0.9298 -0.3682
vn 0.0000 0.8763 -0.4817
vn 0.0000 0.8091 -0.5877
vn 0.0000 0.9921 0.1253
vn 0.0000 0.7290 -0.6845
vn 0.0000 0.6374 -0.7705
vn 0.0000 0.5358 -0.8444
vn -0.2208 -0.4152 0.8825
vn -0.5071 -0.3670 0.7799
vn -0.8058 -0.2521 0.5358
vn -0.6933 0.3068 -0.6521
vn 0.0000 0.4258 -0.9048
vn -0.2164 -0.5231 -0.8243
vn -0.2152 -0.3016 0.9288
vn -0.5077 -0.2662 0.8194
vn -0.8019 -0.1847 0.5681
vn -0.6932 0.2228 -0.6854
vn 0.0000 0.3091 -0.9510
vn -0.6933 0.6315 0.3473
vn -0.5069 -0.3670 -0.7800
vn -0.6933 0.5830 0.4236
vn -0.8018 -0.1118 0.5870
vn -0.6932 0.1350 -0.7080
vn 0.0000 0.1873 -0.9823
vn -0.0000 0.8762 0.4819
vn -0.0000 0.9298 0.3681
vn -0.5071 -0.2664 -0.8197
vn -0.2165 -0.4155 -0.8834
vn 0.0000 0.8090 0.5878
vn -0.6932 0.5254 0.4933
vn -0.2146 -0.1831 0.9594
vn -0.6933 0.0452 -0.7193
vn -0.2197 -0.3015 -0.9278
vn -0.5075 -0.1615 -0.8464
vn -0.8029 -0.2539 -0.5393
vn -0.8030 -0.3193 -0.5032
vn -0.8015 -0.3810 -0.4608
vn 0.0000 0.7290 0.6845
vn -0.6933 0.4594 0.5553
vn -0.5075 -0.1615 0.8464
vn -0.2134 -0.0614 0.9750
vn -0.5075 -0.0541 0.8599
vn -0.8009 -0.0375 0.5976
vn -0.2146 -0.1831 -0.9594
vn -0.5075 -0.0541 -0.8600
vn -0.8050 -0.1834 -0.5643
vn -0.0000 0.6375 0.7705
vn -0.2134 0.0615 0.9750
vn -0.5075 0.0541 0.8600
vn -0.8009 0.0375 0.5976
vn -0.8018 -0.1118 -0.5870
vn -0.6932 0.3862 0.6085
vn -0.0000 0.5358 0.8443
vn -0.8018 0.1118 0.5870
vn -0.2146 0.1831 0.9594
vn -0.5075 0.1614 0.8464
vn -0.5075 0.0541 -0.8599
vn -0.2141 -0.0614 -0.9749
vn -0.8013 -0.0375 -0.5970
vn -0.6933 0.3068 0.6521
vn 0.0000 0.4258 0.9048
vn -0.8019 0.1847 0.5682
vn -0.2153 0.3017 0.9288
vn -0.5077 0.2663 0.8194
vn -0.5075 0.1615 -0.8464
vn -0.2141 0.0615 -0.9749
vn -0.2154 0.1830 -0.9592
vn -0.5071 0.2664 -0.8197
vn -0.6932 0.2227 0.6855
vn -0.8045 0.2528 0.5375
vn -0.2186 0.4156 0.8829
vn -0.5070 0.3669 0.7800
vn -0.6933 -0.0452 -0.7193
vn -0.2197 0.3014 -0.9278
vn -0.5069 0.3670 -0.7800
vn -0.6933 0.1350 0.7079
vn -0.2132 0.5234 0.8250
vn -0.5078 0.4617 0.7273
vn -0.8009 0.3209 0.5056
vn -0.2143 0.4159 -0.8838
vn -0.5077 0.4616 -0.7274
vn -0.8050 0.1833 -0.5643
vn -0.8024 0.1120 -0.5862
vn -0.8013 0.0375 -0.5971
vn -0.6933 0.0454 0.7193
vn -0.0000 0.1873 0.9823
vn -0.8015 0.3810 0.4608
vn -0.2132 0.5234 -0.8250
vn -0.5072 0.5494 -0.6640
vn -0.2148 0.6226 -0.7525
vn -0.5072 0.6283 -0.5899
vn -0.8015 0.2546 -0.5411
vn -0.0000 0.0629 0.9980
vn -0.6932 -0.0452 0.7193
vn -0.5073 0.5493 0.6641
vn -0.8034 0.4341 0.4075
vn -0.0000 -0.0627 -0.9980
vn 0.0000 -0.1873 -0.9823
vn -0.8009 0.3209 -0.5056
vn -0.2172 0.7116 -0.6682
vn -0.5073 0.6972 -0.5065
vn -0.0000 -0.0627 0.9980
vn -0.6932 -0.1351 0.7079
vn -0.2145 0.6227 0.7525
vn -0.2168 0.7116 0.6683
vn -0.6933 -0.5254 -0.4933
vn -0.8024 0.4828 0.3507
vn -0.2157 0.7899 -0.5740
vn -0.0000 -0.1875 0.9823
vn -0.6932 -0.2228 0.6854
vn -0.2153 0.7900 0.5741
vn -0.5073 0.6282 0.5900
vn -0.6932 -0.4594 -0.5553
vn -0.8044 0.5206 0.2861
vn -0.8034 0.4340 -0.4076
vn -0.5072 0.7553 -0.4151
vn -0.6933 -0.3068 0.6521
vn -0.0000 -0.3091 0.9510
vn -0.2186 0.8551 0.4701
vn -0.0000 -0.7296 -0.6838
vn 0.0000 -0.6375 -0.7705
vn -0.6933 -0.3862 -0.6085
vn -0.8004 0.5573 0.2208
vn -0.6932 -0.3861 0.6085
vn -0.2187 0.8551 -0.4702
vn -0.0000 -0.4258 0.9048
vn -0.2122 0.9086 0.3598
vn -0.5072 0.7552 0.4152
vn 0.0000 -0.5361 -0.8441
vn -0.6932 -0.3069 -0.6521
vn -0.8004 0.5807 0.1492
vn -0.6932 -0.4594 0.5553
vn -0.0000 -0.5358 0.8444
vn -0.8025 0.4828 -0.3506
vn -0.8044 0.5206 -0.2862
vn -0.5076 0.8011 -0.3172
vn -0.2127 0.9464 0.2429
vn -0.0000 -0.4258 -0.9048
vn -0.2130 0.9084 -0.3597
vn -0.8004 0.5574 -0.2207
vn -0.5080 0.8343 -0.2143
vn -0.5077 0.8010 0.3172
vn -0.0000 -0.6374 0.7705
vn -0.6932 -0.5254 0.4933
vn -0.2126 0.9464 -0.2430
vn -0.5078 0.8547 -0.1079
vn -0.0000 -0.7291 0.6845
vn -0.6933 -0.5831 0.4236
vn -0.2149 0.9689 -0.1224
vn -0.8003 0.5808 -0.1491
vn -0.5075 0.8616 -0.0000
vn -0.0000 -0.8091 0.5877
vn -0.6932 -0.6316 0.3472
vn -0.8018 0.5929 -0.0749
vn -0.2187 0.9758 -0.0000
vn -0.6933 -0.6701 0.2653
vn -0.5078 0.8547 0.1079
vn -0.5080 0.8343 0.2142
vn -0.2150 0.9689 0.1224
vn -0.0000 -0.8763 0.4818
vn -0.8041 0.5945 -0.0001
vn -0.6932 -0.6981 0.1793
vn -0.0000 -0.9298 0.3682
vn -0.8018 0.5929 0.0749
vn -0.6932 -0.7150 0.0903
vn -0.0000 -0.9686 0.2487
vn -0.6933 -0.7207 0.0000
vn -0.0000 -0.9921 0.1253
vn -0.5074 0.6972 0.5065
vn -0.6932 -0.7150 -0.0903
vn -0.0000 -0.9921 -0.1253
vn -0.6933 -0.6981 -0.1792
vn -0.0000 -0.9686 -0.2486
vn -0.6932 -0.6701 -0.2653
vn -0.0000 -0.9298 -0.3681
vn -0.6933 -0.6315 -0.3473
vn -0.0000 -0.8758 -0.4826
vn -0.6933 -0.5831 -0.4236
vn -0.6932 0.6701 0.2653
vn 0.0000 0.9686 0.2486
vn -0.0000 0.0627 -0.9980
vn -0.6932 -0.1350 -0.7080
vn -0.0000 -0.3087 -0.9512
vn -0.6933 -0.2227 -0.6854
vn -0.8015 0.3811 -0.4608
vn -0.7751 -0.4986 0.3882
vn -0.3518 -0.8049 0.4778
vn -0.7747 -0.5437 0.3228
vn -0.3515 -0.7388 0.5750
vn -0.7751 -0.4461 0.4475
vn -0.3521 -0.8584 0.3731
vn -0.7747 -0.5799 0.2521
vn -0.3518 -0.6608 0.6630
vn -0.7750 -0.3866 0.4999
vn -0.0213 -0.9169 0.3986
vn -0.0209 -0.8597 0.5104
vn -0.0202 -0.7889 0.6142
vn -0.3516 -0.8986 0.2626
vn -0.7752 -0.6063 0.1773
vn -0.0202 -0.9597 0.2805
vn -0.3522 -0.5724 0.7405
vn -0.7751 -0.3207 0.5443
vn -0.0207 -0.7057 0.7082
vn -0.0560 -0.9156 0.3981
vn -0.0561 -0.9583 0.2801
vn -0.0563 -0.8585 0.5096
vn -0.0561 -0.7879 0.6133
vn -0.7753 -0.6236 0.0999
vn -0.3515 -0.9244 0.1480
vn -0.0199 -0.9872 0.1581
vn -0.0561 -0.9859 0.1579
vn -0.3523 -0.4751 0.8063
vn -0.7750 -0.2501 0.5804
vn -0.0208 -0.6114 0.7910
vn -0.0561 -0.7048 0.7072
vn -0.5735 -0.7045 0.4181
vn -0.5737 -0.7511 0.3265
vn -0.5737 -0.7862 0.2298
vn -0.5734 -0.6465 0.5032
vn -0.5733 -0.5784 0.5803
vn -0.3521 -0.9354 0.0311
vn -0.7750 -0.6316 0.0208
vn -0.0205 -0.9992 0.0330
vn -0.0559 -0.9979 0.0331
vn -0.5740 -0.8086 0.1294
vn -0.3523 -0.3703 0.8595
vn -0.0208 -0.5075 0.8614
vn -0.7752 -0.1751 0.6069
vn -0.0559 -0.6106 0.7900
vn -0.5734 -0.5011 0.6482
vn -0.8725 -0.4201 0.2495
vn -0.8725 -0.3856 0.3000
vn -0.8726 -0.4479 0.1947
vn -0.8726 -0.4689 0.1371
vn -0.8725 -0.3450 0.3461
vn -0.8725 -0.2988 0.3866
vn -0.3519 -0.9320 -0.0865
vn -0.7748 -0.6295 -0.0585
vn -0.0206 -0.9955 -0.0925
vn -0.0558 -0.9942 -0.0924
vn -0.5738 -0.8186 0.0270
vn -0.8727 -0.4821 0.0772
vn -0.3518 -0.2596 0.8993
vn -0.0211 -0.3956 0.9182
vn -0.0562 -0.5069 0.8602
vn -0.7753 -0.0978 0.6240
vn -0.5738 -0.4157 0.7056
vn -0.8727 -0.2479 0.4207
vn -0.8707 -0.4510 0.1961
vn -0.8706 -0.4231 0.2512
vn -0.8703 -0.3888 0.3025
vn -0.8707 -0.4721 0.1380
vn -0.8707 -0.4856 0.0777
vn -0.8702 -0.3479 0.3490
vn -0.8702 -0.3014 0.3898
vn -0.3515 -0.9140 -0.2028
vn -0.7748 -0.6172 -0.1369
vn -0.0206 -0.9761 -0.2164
vn -0.0552 -0.9748 -0.2161
vn -0.5737 -0.8155 -0.0759
vn -0.8728 -0.4879 0.0162
vn -0.8709 -0.4912 0.0163
vn -0.3515 -0.1450 0.9249
vn -0.0203 -0.2774 0.9605
vn -0.0564 -0.3952 0.9169
vn -0.5741 -0.3240 0.7520
vn -0.7753 -0.0188 0.6314
vn -0.8726 -0.1933 0.4486
vn -0.8702 -0.2502 0.4245
vn -0.3516 -0.8813 -0.3157
vn -0.7749 -0.5951 -0.2132
vn -0.0204 -0.9412 -0.3372
vn -0.0553 -0.9400 -0.3367
vn -0.5732 -0.8000 -0.1775
vn -0.8727 -0.4861 -0.0451
vn -0.8707 -0.4897 -0.0454
vn -0.3530 -0.0277 0.9352
vn -0.0202 -0.1547 0.9878
vn -0.0563 -0.2770 0.9592
vn -0.5737 -0.2271 0.7870
vn -0.8725 -0.1355 0.4694
vn -0.7751 0.0606 0.6289
vn -0.8706 -0.1946 0.4518
vn -0.3520 -0.8347 -0.4236
vn -0.7751 -0.5634 -0.2860
vn -0.0203 -0.8915 -0.4525
vn -0.0548 -0.8904 -0.4519
vn -0.5732 -0.7714 -0.2765
vn -0.8729 -0.4764 -0.1056
vn -0.8709 -0.4799 -0.1064
vn -0.3518 0.0895 0.9318
vn -0.0212 -0.0297 0.9993
vn -0.0562 -0.1545 0.9864
vn -0.5737 -0.1267 0.8092
vn -0.8726 -0.0756 0.4826
vn -0.8706 -0.1365 0.4727
vn -0.7749 0.1388 0.6166
vn -0.3516 -0.7751 -0.5249
vn -0.7752 -0.5231 -0.3542
vn -0.0200 -0.8278 -0.5606
vn -0.0545 -0.8268 -0.5598
vn -0.5733 -0.7306 -0.3709
vn -0.8728 -0.4595 -0.1646
vn -0.8710 -0.4625 -0.1656
vn -0.3519 0.2057 0.9131
vn -0.0202 0.0955 0.9952
vn -0.0559 -0.0298 0.9980
vn -0.8707 -0.0761 0.4859
vn -0.0201 -0.7511 -0.6599
vn -0.0543 -0.7502 -0.6590
vn -0.8709 -0.4383 -0.2224
vn -0.7751 0.2150 0.5941
vn -0.3515 0.3186 0.8803
vn -0.0206 0.2197 0.9754
vn -0.0560 0.0955 0.9939
vn -0.5737 0.0784 0.8153
vn -0.5736 -0.0243 0.8188
vn -0.8726 -0.0145 0.4882
vn -0.8705 -0.0146 0.4919
vn -0.0539 -0.6617 -0.7479
vn -0.5731 -0.6785 -0.4596
vn -0.7748 0.2879 0.5628
vn -0.3516 0.4264 0.8334
vn -0.0204 0.3402 0.9401
vn -0.8727 0.0467 0.4861
vn -0.8707 0.0470 0.4896
vn -0.8731 -0.4348 -0.2206
vn -0.8731 -0.4037 -0.2733
vn -0.7750 0.3561 0.5221
vn -0.3523 0.5275 0.7731
vn -0.0206 0.4554 0.8900
vn -0.0555 0.3397 0.9389
vn -0.0558 0.2194 0.9740
vn -0.8726 0.1073 0.4764
vn -0.7750 -0.3561 -0.5221
vn -0.3522 -0.4263 -0.8332
vn -0.7748 -0.2879 -0.5628
vn -0.3521 -0.5274 -0.7732
vn -0.7751 -0.4187 -0.4732
vn -0.8713 -0.4064 -0.2752
vn -0.8714 -0.3685 -0.3238
vn -0.7750 0.4187 0.4734
vn -0.3518 0.6202 0.7012
vn -0.0208 0.5634 0.8259
vn -0.0552 0.4548 0.8889
vn -0.8709 0.1080 0.4795
vn -0.8727 0.1661 0.4591
vn -0.3519 -0.3186 -0.8802
vn -0.7751 -0.2150 -0.5941
vn -0.3519 -0.6202 -0.7011
vn -0.7752 0.4746 0.4170
vn -0.3522 0.7030 0.6178
vn -0.0203 0.6625 0.7488
vn -0.0551 0.5626 0.8249
vn -0.5736 0.4616 0.6767
vn -0.5733 0.3733 0.7294
vn -0.5732 0.2789 0.7705
vn -0.8707 0.1674 0.4625
vn -0.3515 -0.2057 -0.9133
vn -0.7748 -0.1388 -0.6167
vn -0.0199 -0.2197 -0.9754
vn -0.0201 -0.3402 -0.9401
vn -0.7751 -0.4747 -0.4170
vn -0.3519 -0.7032 -0.6178
vn -0.0203 -0.5634 -0.8260
vn -0.0200 -0.6624 -0.7489
vn -0.0206 -0.4553 -0.8901
vn -0.7750 0.5233 0.3544
vn -0.3521 0.7749 0.5249
vn -0.0203 0.7510 0.6600
vn -0.0546 0.6616 0.7479
vn -0.5726 0.5433 0.6139
vn -0.8731 0.2747 0.4029
vn -0.8729 0.3233 0.3655
vn -0.5733 0.1802 0.7993
vn -0.3520 -0.0896 -0.9317
vn -0.7752 -0.0605 -0.6288
vn -0.0197 -0.0957 -0.9952
vn -0.0535 -0.2195 -0.9741
vn -0.0529 -0.0957 -0.9940
vn -0.0534 -0.3399 -0.9389
vn -0.0539 -0.4548 -0.8890
vn -0.7748 0.5637 0.2862
vn -0.3520 0.8347 0.4236
vn -0.0204 0.8278 0.5606
vn -0.0543 0.7500 0.6592
vn -0.5729 0.6158 0.5409
vn -0.8733 0.3660 0.3216
vn -0.8712 0.2766 0.4056
vn -0.8709 0.2239 0.4376
vn -0.8730 0.2221 0.4342
vn -0.8712 0.3252 0.3677
vn -0.0195 0.0297 -0.9994
vn -0.0533 0.0298 -0.9981
vn -0.5731 -0.2788 -0.7706
vn -0.0541 -0.5626 -0.8249
vn -0.5733 -0.4615 -0.6770
vn -0.5733 -0.3731 -0.7295
vn -0.0548 0.8267 0.5600
vn -0.0208 0.8916 0.4524
vn -0.5735 0.6783 0.4593
vn -0.8732 0.4035 0.2733
vn -0.8709 0.3691 0.3244
vn -0.0530 0.1546 -0.9866
vn -0.0194 0.1548 -0.9878
vn -0.8736 -0.2217 -0.4333
vn -0.5730 -0.5430 -0.6139
vn -0.5733 -0.6154 -0.5410
vn -0.8734 -0.2744 -0.4023
vn -0.8734 -0.3228 -0.3648
vn -0.7750 0.5950 0.2131
vn -0.0542 0.8905 0.4518
vn -0.8733 0.4344 0.2205
vn -0.0527 0.2769 -0.9595
vn -0.5723 0.1269 -0.8102
vn -0.3518 0.0279 -0.9357
vn -0.7752 0.0188 -0.6314
vn -0.8712 -0.2236 -0.4370
vn -0.8733 -0.3660 -0.3216
vn -0.8713 -0.2766 -0.4054
vn -0.7748 0.6172 0.1369
vn -0.3513 0.8814 0.3157
vn -0.3514 0.9140 0.2028
vn -0.7749 0.6294 0.0586
vn -0.0543 0.9400 0.3368
vn -0.5728 0.7717 0.2763
vn -0.5730 0.7309 0.3707
vn -0.7753 0.0978 -0.6240
vn -0.3517 0.2597 -0.8994
vn -0.7752 0.1752 -0.6070
vn -0.0196 0.2773 -0.9606
vn -0.0529 0.3951 -0.9171
vn -0.5727 0.2274 -0.7876
vn -0.3516 0.1450 -0.9249
vn -0.8710 -0.3255 -0.3679
vn -0.3519 0.9320 0.0865
vn -0.7750 0.6316 -0.0209
vn -0.5731 0.8001 0.1774
vn -0.0537 0.9749 0.2162
vn -0.8736 0.4751 0.1054
vn -0.8733 0.4587 0.1642
vn -0.0197 0.3955 -0.9182
vn -0.0528 0.5069 -0.8604
vn -0.5726 0.3245 -0.7529
vn -0.8739 0.1349 -0.4671
vn -0.8736 0.0752 -0.4808
vn -0.8737 0.0144 -0.4863
vn -0.5728 0.0245 -0.8193
vn -0.3520 0.9355 -0.0310
vn -0.7751 0.6239 -0.1000
vn -0.0202 0.9761 0.2164
vn -0.0202 0.9955 0.0925
vn -0.0199 0.9412 0.3372
vn -0.0534 0.9943 0.0924
vn -0.8712 0.4378 0.2222
vn -0.8714 0.4619 0.1654
vn -0.5722 0.4163 -0.7066
vn -0.0525 0.6107 -0.7901
vn -0.0193 0.5076 -0.8614
vn -0.8738 0.1923 -0.4466
vn -0.8719 0.1938 -0.4498
vn -0.8720 0.1358 -0.4703
vn -0.8718 0.0758 -0.4840
vn -0.8716 0.0146 -0.4899
vn -0.8737 -0.0466 -0.4842
vn -0.5726 -0.0784 -0.8161
vn -0.3517 0.9243 -0.1480
vn -0.7751 0.6064 -0.1772
vn -0.0201 0.9993 -0.0330
vn -0.0538 0.9980 -0.0330
vn -0.5731 0.8190 -0.0272
vn -0.5730 0.8161 0.0757
vn -0.8713 0.4063 0.2752
vn -0.8737 0.2469 -0.4192
vn -0.5721 0.5015 -0.6490
vn -0.0194 0.6115 -0.7910
vn -0.0527 0.7050 -0.7073
vn -0.3514 0.4753 -0.8066
vn -0.3513 0.3704 -0.8599
vn -0.8719 0.2486 -0.4218
vn -0.0199 0.9872 -0.1581
vn -0.0534 0.9860 -0.1579
vn -0.8718 0.2995 -0.3875
vn -0.8738 0.2974 -0.3848
vn -0.5723 0.5789 -0.5808
vn -0.3515 0.5725 -0.7407
vn -0.0191 0.7058 -0.7081
vn -0.5731 -0.1800 -0.7995
vn -0.8737 -0.1070 -0.4746
vn -0.8716 -0.0469 -0.4880
vn -0.8714 -0.1078 -0.4785
vn -0.3517 0.8985 -0.2626
vn -0.0198 0.9597 -0.2805
vn -0.0528 0.9585 -0.2802
vn -0.5726 0.7869 -0.2300
vn -0.8737 0.4844 0.0451
vn -0.8735 0.4865 -0.0161
vn -0.8721 0.3454 -0.3466
vn -0.8738 0.3432 -0.3444
vn -0.5720 0.6473 -0.5038
vn -0.0525 0.7881 -0.6133
vn -0.0194 0.7891 -0.6140
vn -0.8737 -0.1656 -0.4574
vn -0.8713 -0.1670 -0.4614
vn -0.3515 0.8586 -0.3731
vn -0.0197 0.9169 -0.3985
vn -0.0529 0.9158 -0.3980
vn -0.0529 0.8587 -0.5098
vn -0.3510 0.6610 -0.6632
vn -0.3514 0.7388 -0.5751
vn -0.7751 0.4460 -0.4475
vn -0.7750 0.4986 -0.3882
vn -0.3519 0.8049 -0.4779
vn -0.7748 0.5436 -0.3227
vn -0.0202 0.8597 -0.5105
vn -0.5724 0.7050 -0.4187
vn -0.8736 0.4806 -0.0769
vn -0.5727 0.8095 -0.1297
vn -0.8717 0.4897 -0.0162
vn -0.8716 0.4882 0.0454
vn -0.7750 0.3865 -0.5000
vn -0.8717 0.4838 -0.0775
vn -0.8737 0.4669 -0.1364
vn -0.8716 0.4786 0.1061
vn -0.8719 0.4492 -0.1953
vn -0.8737 0.4183 -0.2483
vn -0.8719 0.4210 -0.2499
vn -0.8720 0.4699 -0.1373
vn -0.8738 0.4459 -0.1938
vn -0.8738 0.3837 -0.2987
vn -0.5726 0.7519 -0.3268
vn -0.8718 0.3865 -0.3008
vn -0.7748 0.5798 -0.2520
vn -0.7751 0.3208 -0.5444
vn -0.7750 0.2501 -0.5804
vn -0.9953 0.0284 0.0927
vn -0.9973 -0.0623 0.0396
vn -0.9976 -0.0418 0.0561
vn -0.9959 -0.0329 0.0841
vn -0.9807 -0.1838 0.0662
vn -0.9996 0.0004 0.0287
vn -0.9995 -0.0256 0.0204
vn -0.9979 0.0639 0.0136
vn -0.9971 -0.0736 0.0207
vn -0.9964 -0.0783 -0.0325
vn -0.9164 -0.3990 -0.0328
vn -0.9505 -0.2318 0.2069
vn -0.9179 0.3023 0.2570
vn -0.8289 0.2759 0.4867
vn -0.9963 -0.0768 -0.0379
vn -0.6092 -0.7240 0.3235
vn -0.4513 -0.8754 -0.1732
vn -0.5525 -0.3277 0.7664
vn -0.7476 0.3061 0.5895
vn -0.4882 -0.1429 0.8610
vn -0.9135 -0.3543 -0.1998
vn -0.9967 -0.0653 -0.0474
vn -0.4776 -0.7740 -0.4157
vn -0.1865 -0.8785 -0.4399
vn -0.2451 -0.9693 -0.0171
vn -0.2674 -0.8691 0.4161
vn -0.2397 -0.5368 0.8090
vn -0.1785 -0.7971 -0.5769
vn -0.6091 0.0815 -0.7889
vn -0.2450 -0.3189 -0.9156
vn -0.2671 0.1242 -0.9556
vn -0.4512 -0.4379 -0.7776
vn -0.1864 -0.6923 -0.6971
vn -0.4776 -0.6366 -0.6055
vn -0.5711 -0.6649 -0.4813
vn -0.9155 -0.3259 -0.2359
vn -0.9163 -0.1556 -0.3689
vn -0.9135 -0.3005 -0.2742
vn -0.9963 -0.0600 -0.0612
vn -0.9964 -0.0552 -0.0643
vn -0.9973 0.0183 -0.0715
vn -0.9971 -0.0032 -0.0764
vn -0.9975 0.0403 -0.0573
vn -0.9996 0.0275 -0.0086
vn -0.9995 0.0115 -0.0308
vn -0.9976 0.0325 0.0603
vn -0.9504 0.1243 -0.2850
vn -0.8288 0.5487 0.1099
vn -0.9807 0.0056 -0.1954
vn -0.9959 0.0698 -0.0574
vn -0.9953 0.0970 -0.0020
vn -0.9179 0.3387 0.2067
vn -0.8114 0.4850 0.3263
vn -0.7474 0.6557 0.1066
vn -0.8687 0.4931 -0.0476
vn -0.9424 0.3317 0.0435
vn -0.8944 0.4194 -0.1555
vn -0.9583 0.2742 -0.0802
vn -0.9601 0.2423 -0.1398
vn -0.8775 0.4389 -0.1930
vn -0.5056 0.8218 -0.2628
vn -0.8471 0.5048 -0.1665
vn -0.5062 0.7753 -0.3777
vn -0.5069 0.7443 -0.4349
vn -0.4879 0.7735 -0.4045
vn -0.5522 0.6260 -0.5506
vn -0.2010 0.8927 -0.4034
vn -0.2047 0.9532 -0.2223
vn -0.2068 0.8149 -0.5415
vn -0.2138 0.7529 -0.6224
vn -0.2394 0.6012 -0.7624
vn -0.8472 -0.0005 0.5313
vn -0.4931 0.1985 0.8470
vn -0.5058 0.0068 0.8626
vn -0.8640 0.1308 0.4862
vn -0.5060 0.4791 0.7172
vn -0.9057 0.3434 0.2485
vn -0.4297 0.7315 0.5294
vn -0.5059 0.8311 0.2310
vn -0.8639 0.5029 -0.0276
vn -0.4929 0.8668 -0.0759
vn -0.2165 0.3675 0.9045
vn -0.2206 0.6318 0.7431
vn -0.2212 0.7900 0.5718
vn -0.2205 0.9033 0.3680
vn -0.2163 0.9741 0.0666
vn -0.2450 -0.3165 0.9164
vn -0.1864 -0.6900 0.6994
vn -0.4512 -0.4357 0.7789
vn -0.4775 -0.6346 0.6076
vn -0.1785 -0.7950 0.5798
vn -0.9335 -0.1398 0.3303
vn -0.6093 0.0834 0.7885
vn -0.2674 0.1265 0.9552
vn -0.5526 0.6277 0.5483
vn -0.2398 0.6036 0.7604
vn -0.4881 0.7749 0.4015
vn -0.2142 0.7551 0.6197
vn -0.9505 0.1250 0.2844
vn -0.9540 0.1093 0.2791
vn -0.8287 0.5483 -0.1123
vn -0.7473 0.6554 -0.1095
vn -0.8687 0.4933 0.0455
vn -0.5071 0.7458 0.4320
vn -0.8945 0.4198 0.1537
vn -0.5064 0.7767 0.3746
vn -0.9178 0.3381 -0.2082
vn -0.8111 0.4840 -0.3284
vn -0.9424 0.3315 -0.0450
vn -0.9584 0.2742 0.0789
vn -0.9602 0.2425 0.1387
vn -0.8777 0.4395 0.1911
vn -0.5057 0.8228 0.2594
vn -0.8472 0.5052 0.1643
vn -0.4930 0.8670 0.0722
vn -0.8640 0.5029 0.0254
vn -0.5057 0.8302 -0.2345
vn -0.9055 0.3428 -0.2500
vn -0.4293 0.7297 -0.5322
vn -0.5055 0.4771 -0.7189
vn -0.2202 0.6295 -0.7452
vn -0.9331 0.3190 0.1660
vn -0.9576 0.2876 0.0155
vn -0.9811 0.1565 -0.1141
vn -0.9576 0.0732 -0.2786
vn -0.8639 0.1296 -0.4868
vn -0.4928 0.1964 -0.8477
vn -0.8776 -0.0475 -0.4769
vn -0.9330 -0.0604 -0.3547
vn -0.9602 -0.0578 -0.2734
vn -0.8472 -0.0018 -0.5313
vn -0.5057 0.0048 -0.8627
vn -0.5064 -0.1190 -0.8541
vn -0.8945 -0.0179 -0.4468
vn -0.5070 -0.1830 -0.8423
vn -0.8686 0.1076 -0.4837
vn -0.4880 -0.1451 -0.8607
vn -0.7472 0.3046 -0.5907
vn -0.5525 -0.3299 -0.7654
vn -0.9505 -0.2325 -0.2060
vn -0.9178 0.3016 -0.2582
vn -0.9808 -0.1839 -0.0655
vn -0.8286 0.2746 -0.4878
vn -0.8111 0.4606 -0.3605
vn -0.9424 0.1442 -0.3019
vn -0.9584 0.0088 -0.2853
vn -0.6093 -0.7252 -0.3207
vn -0.9163 -0.3989 0.0343
vn -0.9973 -0.0624 -0.0394
vn -0.9959 -0.0331 -0.0840
vn -0.9953 0.0281 -0.0928
vn -0.9976 -0.0419 -0.0560
vn -0.9971 -0.0736 -0.0205
vn -0.9964 -0.0782 0.0328
vn -0.9963 -0.0767 0.0382
vn -0.9135 -0.3537 0.2012
vn -0.9967 -0.0652 0.0476
vn -0.9154 -0.3252 0.2372
vn -0.4512 -0.8747 0.1767
vn -0.4775 -0.7725 0.4186
vn -0.5709 -0.6633 0.4838
vn -0.9135 -0.2997 0.2753
vn -0.9963 -0.0599 0.0614
vn -0.2397 -0.5391 -0.8074
vn -0.2141 -0.3588 -0.9085
vn -0.2674 -0.8707 -0.4127
vn -0.2451 -0.9693 0.0212
vn -0.1864 -0.8768 0.4433
vn -0.9964 -0.0552 0.0644
vn -0.9964 -0.0500 0.0681
vn -0.9946 -0.0250 0.1003
vn -0.9717 0.1877 0.1431
vn -0.9974 0.0358 -0.0618
vn -0.9976 0.0324 -0.0605
vn -0.9972 0.0273 -0.0702
vn -0.9996 0.0275 0.0085
vn -0.9995 0.0115 0.0307
vn -0.9827 0.1774 0.0535
vn -0.8778 0.4790 0.0105
vn -0.8477 0.4050 0.3427
vn -0.9973 -0.0567 0.0472
vn -0.9971 -0.0422 0.0637
vn -0.9964 0.0070 0.0845
vn -0.9976 -0.0662 0.0225
vn -0.9996 -0.0271 -0.0092
vn -0.9995 -0.0272 0.0182
vn -0.9976 0.0093 -0.0680
vn -0.9974 0.0073 -0.0710
vn -0.9972 0.0191 -0.0729
vn -0.9970 0.0239 -0.0738
vn -0.9691 -0.2450 -0.0295
vn -0.9163 -0.0909 0.3900
vn -0.9150 -0.3455 0.2085
vn -0.9959 -0.0901 0.0056
vn -0.9953 -0.0795 -0.0554
vn -0.6092 -0.5293 0.5905
vn -0.4512 -0.1029 0.8865
vn -0.4777 0.1588 0.8641
vn -0.9135 0.0818 0.3984
vn -0.5712 0.2547 0.7803
vn -0.1785 0.3052 0.9354
vn -0.4776 0.3815 0.7914
vn -0.1864 0.4517 0.8725
vn -0.4512 0.6062 0.6549
vn -0.2450 0.7740 0.5838
vn -0.9163 0.3036 0.2611
vn -0.9135 0.1691 0.3700
vn -0.9155 0.1249 0.3824
vn -0.9967 0.0251 0.0768
vn -0.9963 0.0127 0.0849
vn -0.9963 0.0399 0.0759
vn -0.9964 0.0443 0.0722
vn -0.9973 0.0737 0.0044
vn -0.9971 0.0718 0.0263
vn -0.9975 0.0668 -0.0209
vn -0.9953 0.0315 -0.0918
vn -0.9959 0.0759 -0.0490
vn -0.9807 0.1877 0.0544
vn -0.9505 0.3093 -0.0312
vn -0.6091 0.7760 0.1637
vn -0.8287 0.0632 -0.5561
vn -0.5522 0.7156 -0.4278
vn -0.7473 0.0991 -0.6571
vn -0.2068 0.7645 -0.6105
vn -0.5067 0.6416 -0.5758
vn -0.5061 0.5966 -0.6228
vn -0.2138 0.8227 -0.5268
vn -0.4878 0.6216 -0.6130
vn -0.2394 0.9096 -0.3394
vn -0.2672 0.9478 0.1741
vn -0.8686 0.1962 -0.4551
vn -0.8943 0.2763 -0.3519
vn -0.8775 0.3180 -0.3591
vn -0.5055 0.5014 -0.7022
vn -0.8470 0.3128 -0.4298
vn -0.4928 0.3373 -0.8021
vn -0.8638 0.1801 -0.4705
vn -0.9179 -0.0932 -0.3857
vn -0.8113 -0.1622 -0.5617
vn -0.9424 0.0600 -0.3291
vn -0.9583 0.1601 -0.2365
vn -0.9601 0.2071 -0.1879
vn -0.9329 0.2568 -0.2524
vn -0.9576 0.1039 -0.2688
vn -0.9057 -0.1315 -0.4031
vn -0.9811 -0.0600 -0.1842
vn -0.9577 -0.2423 -0.1555
vn -0.8641 -0.4227 -0.2733
vn -0.9331 -0.3559 -0.0518
vn -0.8473 -0.5059 -0.1619
vn -0.5058 0.0343 -0.8620
vn -0.4296 -0.2801 -0.8585
vn -0.5060 -0.5361 -0.6757
vn -0.4932 -0.7456 -0.4482
vn -0.5059 -0.8191 -0.2704
vn -0.8777 -0.4683 -0.1018
vn -0.5065 -0.8491 -0.1500
vn -0.2072 -0.9775 -0.0407
vn -0.5072 -0.8576 -0.0854
vn -0.2142 -0.9749 0.0613
vn -0.2014 -0.9593 -0.1982
vn -0.2050 -0.9018 -0.3805
vn -0.2165 -0.7486 -0.6267
vn -0.2205 -0.5140 -0.8290
vn -0.2211 -0.3025 -0.9271
vn -0.2204 -0.0740 -0.9726
vn -0.2162 0.2344 -0.9478
vn -0.2046 0.5030 -0.8397
vn -0.2010 0.6569 -0.7267
vn -0.2071 0.8169 0.5384
vn -0.2012 0.8942 0.3999
vn -0.2048 0.9541 0.2183
vn -0.2162 0.9738 -0.0708
vn -0.2202 0.9019 -0.3717
vn -0.2208 0.7880 -0.5747
vn -0.2161 0.3651 -0.9055
vn -0.2047 0.0840 -0.9752
vn -0.2011 -0.1070 -0.9737
vn -0.2070 -0.2625 -0.9425
vn -0.9967 0.0808 -0.0002
vn -0.9134 0.4043 -0.0468
vn -0.9154 0.4025 -0.0009
vn -0.9963 0.0846 -0.0146
vn -0.9162 0.3423 -0.2082
vn -0.9964 0.0826 -0.0198
vn -0.9973 0.0272 -0.0687
vn -0.9971 0.0475 -0.0601
vn -0.5525 -0.1852 -0.8127
vn -0.8289 -0.5092 -0.2316
vn -0.7476 -0.5942 -0.2968
vn -0.6089 0.3960 -0.6873
vn -0.9504 0.0662 -0.3038
vn -0.9807 0.1099 -0.1617
vn -0.9959 -0.0225 -0.0875
vn -0.9953 -0.0773 -0.0584
vn -0.9975 0.0009 -0.0700
vn -0.9179 -0.3956 -0.0302
vn -0.8113 -0.5843 -0.0186
vn -0.8688 -0.3720 -0.3269
vn -0.9425 -0.2944 -0.1585
vn -0.8945 -0.2490 -0.3713
vn -0.9584 -0.1753 -0.2253
vn -0.9602 -0.1145 -0.2549
vn -0.8777 -0.2429 -0.4131
vn -0.4932 -0.6586 -0.5683
vn -0.8473 -0.3118 -0.4300
vn -0.8641 -0.3916 -0.3163
vn -0.5059 -0.5127 -0.6937
vn -0.5065 -0.4076 -0.7598
vn -0.5071 -0.3489 -0.7881
vn -0.4882 -0.3905 -0.7805
vn -0.2395 -0.0410 -0.9700
vn -0.2141 -0.2461 -0.9453
vn -0.2070 -0.3439 -0.9159
vn -0.2013 -0.4879 -0.8494
vn -0.2050 -0.6432 -0.7378
vn -0.2165 -0.8292 -0.5153
vn -0.5709 0.8210 -0.0018
vn -0.4774 0.8711 0.1152
vn -0.9135 0.4044 0.0450
vn -0.1782 0.9840 -0.0021
vn -0.4774 0.8706 -0.1189
vn -0.1861 0.9693 -0.1607
vn -0.4509 0.8102 -0.3745
vn -0.2447 0.7945 -0.5558
vn -0.2670 0.4590 -0.8473
vn -0.9163 0.3429 0.2067
vn -0.4512 0.8116 0.3713
vn -0.6092 0.3980 0.6859
vn -0.9963 0.0846 0.0141
vn -0.9964 0.0826 0.0194
vn -0.9973 0.0274 0.0685
vn -0.9971 0.0476 0.0598
vn -0.9505 0.0670 0.3035
vn -0.9808 0.1103 0.1611
vn -0.9959 -0.0225 0.0874
vn -0.9953 -0.0771 0.0586
vn -0.9975 0.0011 0.0700
vn -0.9996 -0.0171 0.0230
vn -0.9995 0.0089 0.0315
vn -0.9977 -0.0617 -0.0297
vn -0.9975 -0.0652 -0.0288
vn -0.9972 -0.0634 -0.0405
vn -0.9970 -0.0627 -0.0454
vn -0.9972 -0.0583 -0.0476
vn -0.9977 -0.0475 -0.0494
vn -0.9975 -0.0476 -0.0530
vn -0.9996 0.0166 -0.0235
vn -0.9995 0.0328 -0.0014
vn -0.5527 -0.8298 0.0776
vn -0.8277 -0.4726 -0.3025
vn -0.7476 -0.4674 -0.4718
vn -0.4883 -0.8633 -0.1273
vn -0.8945 -0.4305 -0.1206
vn -0.8688 -0.4267 -0.2513
vn -0.8370 -0.2952 -0.4607
vn -0.9602 -0.2778 -0.0292
vn -0.9584 -0.2686 -0.0962
vn -0.9425 -0.2425 -0.2302
vn -0.1864 0.1499 0.9710
vn -0.2450 -0.2801 0.9282
vn -0.2673 -0.6618 0.7004
vn -0.2397 -0.9343 0.2638
vn -0.9967 0.0250 -0.0770
vn -0.9134 0.0809 -0.3988
vn -0.9154 0.1239 -0.3830
vn -0.9963 0.0125 -0.0850
vn -0.9163 -0.0918 -0.3897
vn -0.9964 0.0068 -0.0846
vn -0.9973 -0.0568 -0.0471
vn -0.9971 -0.0424 -0.0635
vn -0.4511 -0.1051 -0.8862
vn -0.6093 -0.5311 -0.5888
vn -0.4774 0.1567 -0.8646
vn -0.5709 0.2527 -0.7811
vn -0.9134 0.1681 -0.3707
vn -0.9963 0.0398 -0.0762
vn -0.2674 -0.6641 -0.6982
vn -0.5525 -0.8302 -0.0745
vn -0.2398 -0.9354 -0.2600
vn -0.2450 -0.2825 -0.9275
vn -0.1861 0.1476 -0.9714
vn -0.1782 0.3029 -0.9362
vn -0.4773 0.3794 -0.7926
vn -0.9162 0.3028 -0.2624
vn -0.4509 0.6042 -0.6570
vn -0.6091 0.7754 -0.1670
vn -0.9964 0.0442 -0.0725
vn -0.9973 0.0737 -0.0049
vn -0.9971 0.0717 -0.0267
vn -0.9995 0.0328 0.0013
vn -0.9996 0.0166 0.0234
vn -0.9976 -0.0473 0.0496
vn -0.9976 0.0669 0.0206
vn -0.9953 0.0317 0.0916
vn -0.9959 0.0761 0.0485
vn -0.9807 0.1876 -0.0553
vn -0.9505 0.3094 0.0299
vn -0.9996 -0.0170 -0.0231
vn -0.9995 0.0088 -0.0316
vn -0.9977 -0.0616 0.0299
vn -0.9975 -0.0651 0.0290
vn -0.9972 -0.0632 0.0408
vn -0.9970 -0.0626 0.0456
vn -0.9972 -0.0581 0.0478
vn -0.9975 -0.0475 0.0532
vn -0.9329 0.3187 -0.1674
vn -0.9576 0.2876 -0.0168
vn -0.9811 0.1569 0.1135
vn -0.9576 0.0739 0.2783
vn -0.9330 -0.0595 0.3548
vn -0.8777 -0.0463 0.4770
vn -0.9602 -0.0572 0.2735
vn -0.8945 -0.0168 0.4468
vn -0.9584 0.0094 0.2853
vn -0.9424 0.1449 0.3013
vn -0.8687 0.1087 0.4832
vn -0.8114 0.4616 0.3587
vn -0.5071 -0.1809 0.8427
vn -0.5065 -0.1169 0.8543
vn -0.2142 -0.3564 0.9095
vn -0.2071 -0.2601 0.9431
vn -0.2013 -0.1047 0.9739
vn -0.2050 0.0863 0.9750
vn -0.4296 -0.2779 0.8592
vn -0.2212 -0.3002 0.9279
vn -0.2205 -0.5116 0.8304
vn -0.2206 -0.0716 0.9727
vn -0.5060 0.0363 0.8618
vn -0.2165 0.2368 0.9471
vn -0.4931 0.3394 0.8011
vn -0.2050 0.5054 0.8382
vn -0.5058 0.5034 0.7005
vn -0.2013 0.6592 0.7245
vn -0.5065 0.5985 0.6207
vn -0.2071 0.7667 0.6077
vn -0.8472 0.3139 0.4286
vn -0.8777 0.3189 0.3577
vn -0.8640 0.1812 0.4697
vn -0.9056 -0.1305 0.4035
vn -0.5058 -0.5341 0.6774
vn -0.2164 -0.7464 0.6293
vn -0.4930 -0.7440 0.4510
vn -0.8639 -0.4220 0.2750
vn -0.9576 -0.2419 0.1564
vn -0.9811 -0.0595 0.1842
vn -0.9576 0.1046 0.2683
vn -0.9331 0.2574 0.2511
vn -0.9602 0.2075 0.1869
vn -0.9330 -0.3559 0.0534
vn -0.8777 -0.4679 0.1037
vn -0.9602 -0.2778 0.0304
vn -0.8472 -0.5054 0.1640
vn -0.7473 -0.4661 0.4735
vn -0.4881 -0.8629 0.1308
vn -0.8686 -0.4260 0.2530
vn -0.5070 -0.8573 0.0890
vn -0.8944 -0.4301 0.1224
vn -0.5065 -0.8485 0.1536
vn -0.5059 -0.8180 0.2737
vn -0.2050 -0.9002 0.3841
vn -0.2013 -0.9584 0.2022
vn -0.2072 -0.9773 0.0449
vn -0.2142 -0.9751 -0.0571
vn -0.9976 -0.0662 -0.0223
vn -0.9953 -0.0794 0.0555
vn -0.9959 -0.0900 -0.0053
vn -0.9808 -0.1196 -0.1543
vn -0.9505 -0.2683 -0.1566
vn -0.8287 -0.3778 0.4129
vn -0.9179 -0.1512 0.3670
vn -0.8113 -0.1987 0.5499
vn -0.9424 -0.2417 0.2311
vn -0.9584 -0.2683 0.0973
vn -0.9331 -0.1603 -0.3220
vn -0.9577 -0.2233 -0.1817
vn -0.8776 -0.2418 0.4140
vn -0.9330 -0.1595 0.3225
vn -0.9602 -0.1138 0.2552
vn -0.8471 -0.3106 0.4311
vn -0.8639 -0.3907 0.3178
vn -0.9576 -0.2229 0.1825
vn -0.9057 -0.4240 0.0009
vn -0.9811 -0.1935 0.0004
vn -0.5060 -0.8093 -0.2983
vn -0.2206 -0.9480 -0.2294
vn -0.4297 -0.9030 0.0019
vn -0.5059 -0.8082 0.3015
vn -0.4930 -0.6568 0.5706
vn -0.5057 -0.5107 0.6953
vn -0.2212 -0.9752 0.0021
vn -0.2206 -0.9471 0.2333
vn -0.2164 -0.8273 0.5184
vn -0.2049 -0.6408 0.7398
vn -0.2013 -0.4855 0.8508
vn -0.5063 -0.4056 0.7610
vn -0.2071 -0.3415 0.9168
vn -0.8944 -0.2480 0.3722
vn -0.5070 -0.3469 0.7891
vn -0.8686 -0.3711 0.3283
vn -0.4881 -0.3884 0.7816
vn -0.7474 -0.5933 0.2991
vn -0.5525 -0.1830 0.8132
vn -0.8288 -0.5085 0.2336
vn -0.9179 -0.3955 0.0318
vn -0.8113 -0.5842 0.0212
vn -0.9424 -0.2939 0.1596
vn -0.9584 -0.1746 0.2257
vn -0.5072 0.6434 0.5734
vn -0.2141 0.8246 0.5237
vn -0.4883 0.6235 0.6107
vn -0.2396 0.9109 0.3358
vn -0.5526 0.7170 0.4249
vn -0.2671 0.9471 -0.1780
vn -0.2447 0.7720 -0.5867
vn -0.1861 0.4493 -0.8738
vn -0.8288 0.0646 0.5557
vn -0.7475 0.1007 0.6566
vn -0.8688 0.1973 0.4542
vn -0.8945 0.2772 0.3507
vn -0.9584 0.1607 0.2358
vn -0.9424 0.0608 0.3288
vn -0.8113 -0.1608 0.5621
vn -0.9179 -0.0923 0.3860
vn -0.9996 0.0004 -0.0287
vn -0.9995 -0.0257 -0.0203
vn -0.9979 0.0639 -0.0139
vn -0.9973 0.0729 -0.0123
vn -0.9972 0.0754 -0.0002
vn -0.9970 0.0774 -0.0040
vn -0.9970 0.0774 0.0035
vn -0.9973 0.0730 0.0119
vn -0.9975 0.0359 0.0616
vn -0.9972 0.0275 0.0700
vn -0.9970 0.0241 0.0736
vn -0.9972 0.0192 0.0727
vn -0.9977 0.0094 0.0678
vn -0.9975 0.0075 0.0709
vn -0.9996 -0.0271 0.0093
vn -0.9995 -0.0273 -0.0182
vn -0.2142 -0.2438 0.9459
vn -0.2398 -0.0385 0.9701
vn -0.2674 0.4614 0.8459
vn -0.2451 0.7964 0.5529
vn -0.1862 0.9700 0.1566
vn -0.9805 -0.1552 0.1207
vn -0.9805 -0.1387 0.1391
vn -0.9804 -0.1692 0.1005
vn -0.9912 0.1047 -0.0816
vn -0.9912 0.0937 -0.0940
vn -0.9805 -0.1203 0.1555
vn -0.9912 0.0812 -0.1050
vn -0.9911 0.1142 -0.0678
vn -0.9805 -0.1803 0.0784
vn -0.9702 -0.1912 0.1487
vn -0.9701 -0.1713 0.1718
vn -0.9702 -0.1481 0.1917
vn -0.9804 -0.0999 0.1695
vn -0.9911 0.0674 -0.1144
vn -0.9702 -0.1230 0.2087
vn -0.9912 0.1217 -0.0529
vn -0.9702 -0.2083 0.1237
vn -0.9805 -0.1885 0.0551
vn -0.9806 -0.1937 0.0310
vn -0.5078 -0.6798 0.5292
vn -0.5075 -0.6083 0.6103
vn -0.5078 -0.5269 0.6816
vn -0.5074 -0.4374 0.7424
vn -0.9805 -0.0777 0.1804
vn -0.9912 0.0525 -0.1219
vn -0.9701 -0.0960 0.2228
vn -0.5077 -0.3407 0.7913
vn -0.9911 0.1275 -0.0373
vn -0.9703 -0.2220 0.0965
vn -0.5074 -0.7410 0.4399
vn -0.9912 0.1310 -0.0209
vn -0.9805 -0.1964 0.0065
vn -0.9805 -0.0545 0.1887
vn -0.9911 0.0368 -0.1276
vn -0.9702 -0.0671 0.2327
vn -0.5073 -0.2391 0.8279
vn -0.9702 -0.2325 0.0679
vn -0.5078 -0.7900 0.3435
vn -0.9912 0.1326 -0.0044
vn -0.9701 -0.2395 0.0383
vn -0.9805 -0.1958 -0.0183
vn -0.9806 -0.0304 0.1938
vn -0.9912 0.0205 -0.1309
vn -0.9701 -0.0376 0.2399
vn -0.5069 -0.1335 0.8516
vn -0.5073 -0.8272 0.2418
vn -0.9912 0.1321 0.0122
vn -0.9701 -0.2425 0.0080
vn -0.5072 -0.8510 0.1363
vn -0.9805 -0.1918 -0.0425
vn -0.9805 -0.0059 0.1964
vn -0.9912 0.0040 -0.1326
vn -0.9703 -0.0072 0.2419
vn -0.5073 -0.0257 0.8614
vn -0.9911 0.1297 0.0288
vn -0.9699 -0.2424 -0.0226
vn -0.5072 -0.8614 0.0285
vn -0.9805 -0.1850 -0.0662
vn -0.9805 0.0188 0.1957
vn -0.9912 -0.0127 -0.1321
vn -0.9701 0.0232 0.2417
vn -0.5073 0.0826 0.8578
vn -0.9912 0.1248 0.0446
vn -0.9703 -0.2363 -0.0524
vn -0.5072 -0.8581 -0.0796
vn -0.9805 -0.1752 -0.0889
vn -0.9804 0.0432 0.1921
vn -0.9911 -0.0291 -0.1296
vn -0.9703 0.0532 0.2360
vn -0.5077 0.1893 0.8405
vn -0.9911 0.1185 0.0602
vn -0.9700 -0.2289 -0.0820
vn -0.5073 -0.8413 -0.1866
vn -0.9805 -0.1625 -0.1100
vn -0.9805 0.0668 0.1847
vn -0.9912 -0.0452 -0.1247
vn -0.9702 0.0825 0.2280
vn -0.5071 0.2933 0.8105
vn -0.9911 0.1099 0.0744
vn -0.9805 -0.1476 -0.1297
vn -0.9911 -0.0605 -0.1183
vn -0.9805 0.0895 0.1751
vn -0.9702 0.1104 0.2158
vn -0.5077 0.3924 0.7670
vn -0.9912 0.0996 0.0876
vn -0.9703 -0.2004 -0.1356
vn -0.9702 -0.2161 -0.1097
vn -0.5069 -0.8115 -0.2907
vn -0.9805 -0.1302 -0.1471
vn -0.9911 -0.0748 -0.1097
vn -0.5075 0.4855 0.7119
vn -0.9703 0.1364 0.1999
vn -0.9912 0.0879 0.0993
vn -0.5071 -0.7686 -0.3900
vn -0.9805 -0.1108 -0.1624
vn -0.9805 0.1108 0.1624
vn -0.9911 0.0748 0.1097
vn -0.9701 -0.1607 -0.1818
vn -0.9701 -0.1822 -0.1601
vn -0.5075 -0.7135 -0.4831
vn -0.9805 -0.0895 -0.1751
vn -0.9805 0.1302 0.1471
vn -0.9912 -0.0879 -0.0993
vn -0.9701 0.1607 0.1817
vn -0.5075 0.5709 0.6454
vn -0.9911 0.0605 0.1183
vn -0.9703 -0.1364 -0.1999
vn -0.5075 -0.5709 -0.6454
vn -0.5075 -0.6473 -0.5688
vn -0.9805 -0.0668 -0.1847
vn -0.9804 0.1478 0.1299
vn -0.9911 -0.0998 -0.0878
vn -0.9912 0.0452 0.1247
vn -0.9805 -0.0432 -0.1918
vn -0.9805 0.1627 0.1103
vn -0.9911 -0.1099 -0.0744
vn -0.9703 0.2004 0.1356
vn -0.9702 0.1821 0.1600
vn -0.5075 0.6473 0.5688
vn -0.5075 0.7134 0.4832
vn -0.9911 0.0291 0.1296
vn -0.9700 -0.0827 -0.2287
vn -0.9702 -0.1104 -0.2158
vn -0.5075 -0.4855 -0.7119
vn -0.9804 -0.0188 -0.1960
vn -0.9805 0.1754 0.0889
vn -0.9911 -0.1185 -0.0602
vn -0.9702 0.2161 0.1097
vn -0.5077 0.7683 0.3898
vn -0.9912 0.0127 0.1321
vn -0.5071 -0.3925 -0.7673
vn -0.9805 0.1849 0.0662
vn -0.9702 0.2280 0.0817
vn -0.5070 0.8114 0.2908
vn -0.9703 -0.0532 -0.2360
vn -0.9699 -0.0232 -0.2423
vn -0.9912 -0.0040 0.1326
vn -0.9805 0.0059 -0.1964
vn -0.5069 -0.2934 -0.8106
vn -0.9805 0.1919 0.0426
vn -0.9911 -0.1297 -0.0287
vn -0.9911 -0.1250 -0.0448
vn -0.5078 0.8411 0.1864
vn -0.5077 -0.1893 -0.8405
vn -0.5072 -0.0824 -0.8579
vn -0.9701 0.0072 -0.2425
vn -0.9805 0.0304 -0.1939
vn -0.9911 -0.0206 0.1313
vn -0.9805 0.1958 0.0182
vn -0.9703 0.2362 0.0523
vn -0.5072 0.0257 -0.8614
vn -0.9805 0.1965 -0.0065
vn -0.9912 -0.1326 0.0044
vn -0.5073 0.8581 0.0798
vn -0.9702 0.0375 -0.2395
vn -0.5073 0.1334 -0.8514
vn -0.9805 0.0545 -0.1887
vn -0.9805 0.1938 -0.0310
vn -0.9806 0.0776 -0.1802
vn -0.9911 -0.0368 0.1276
vn -0.9805 0.1885 -0.0551
vn -0.9805 0.0999 -0.1695
vn -0.9805 0.1804 -0.0784
vn -0.9912 -0.1217 0.0529
vn -0.9805 0.1691 -0.1004
vn -0.9805 0.1552 -0.1207
vn -0.9912 -0.1047 0.0816
vn -0.9911 -0.1142 0.0679
vn -0.9805 0.1387 -0.1391
vn -0.9912 -0.0937 0.0940
vn -0.9702 0.1912 -0.1487
vn -0.9701 0.1713 -0.1718
vn -0.9702 0.2082 -0.1236
vn -0.9805 0.1202 -0.1556
vn -0.9912 -0.0812 0.1050
vn -0.9702 0.1481 -0.1917
vn -0.5077 0.7901 -0.3434
vn -0.9702 0.2325 -0.0679
vn -0.5072 0.8272 -0.2418
vn -0.9703 0.2218 -0.0965
vn -0.5078 0.5269 -0.6815
vn -0.5075 0.6083 -0.6103
vn -0.5080 0.4372 -0.7422
vn -0.9911 -0.0674 0.1144
vn -0.9702 0.1230 -0.2087
vn -0.9911 -0.1275 0.0373
vn -0.9911 -0.1312 0.0210
vn -0.9703 0.2388 -0.0383
vn -0.5080 0.7407 -0.4397
vn -0.5078 0.6798 -0.5292
vn -0.5076 0.3409 -0.7913
vn -0.9700 0.0962 -0.2231
vn -0.9912 -0.0525 0.1219
vn -0.5072 0.2392 -0.8280
vn -0.9702 0.0671 -0.2327
vn -0.9703 0.2418 -0.0080
vn -0.9912 -0.1321 -0.0122
vn -0.5074 0.8509 -0.1362
vn -0.5073 0.8613 -0.0284
vn -0.9701 0.2417 0.0225
vn -0.7571 0.2956 0.5826
vn -0.5480 0.5785 0.6042
vn -0.4672 0.7482 0.4710
vn -0.6006 0.0502 0.7980
vn -0.9176 -0.0205 0.3970
vn -0.8864 0.1214 -0.4466
vn -0.9650 -0.1004 0.2424
vn -0.8637 0.3810 -0.3300
vn -0.5748 0.8163 0.0571
vn -0.3097 0.9371 0.1612
vn -0.5000 0.8612 -0.0913
vn -0.6608 0.7093 -0.2452
vn -0.5390 0.8398 0.0653
vn -0.6954 0.6757 0.2445
vn -0.8186 0.4088 -0.4034
vn -0.8719 0.2114 -0.4418
vn -0.8387 0.3661 0.4031
vn -0.8639 0.3818 0.3285
vn -0.9175 -0.0214 -0.3971
vn -0.7568 0.2940 -0.5838
vn -0.5583 -0.1380 -0.8181
vn -0.8866 0.1225 0.4461
vn -0.8790 0.1803 0.4415
vn -0.8712 0.0562 -0.4878
vn -0.8457 -0.0037 -0.5337
vn -0.6543 -0.1125 -0.7478
vn -0.9650 -0.1010 -0.2421
vn -0.9601 -0.1884 -0.2069
vn -0.8457 -0.0024 0.5337
vn -0.8726 0.0283 0.4875
vn -0.5583 -0.1361 0.8184
vn -0.5338 -0.1482 0.8325
vn -0.6543 -0.1107 0.7481
vn -0.9600 -0.1879 0.2076
vn -0.7663 -0.1304 -0.6291
vn -0.8545 -0.0911 -0.5115
vn -0.9482 -0.3145 -0.0444
vn -0.7119 -0.0097 0.7022
vn -0.3510 0.0416 0.9354
vn -0.3166 -0.1149 0.9416
vn -0.2621 -0.2812 0.9232
vn -0.3012 -0.4052 0.8632
vn -0.1612 -0.1599 0.9739
vn -0.1522 -0.3047 0.9402
vn -0.0850 -0.4451 0.8915
vn -0.1349 -0.5676 0.8122
vn -0.1923 -0.6051 0.7726
vn -0.4366 -0.3217 0.8401
vn -0.9250 -0.2782 0.2589
vn -0.9337 -0.2795 0.2239
vn -0.8485 -0.0618 0.5256
vn -0.4108 0.2386 0.8800
vn -0.1755 0.2610 0.9493
vn -0.1670 0.0236 0.9857
vn -0.2052 0.5497 0.8098
vn -0.4990 0.4796 0.7218
vn -0.2332 0.7877 0.5702
vn -0.6560 0.6114 0.4425
vn -0.4989 0.8356 0.2301
vn -0.9451 0.0747 0.3180
vn -0.9587 -0.2291 0.1683
vn -0.9397 -0.2717 0.2075
vn -0.9758 -0.1904 0.1074
vn -0.9911 -0.1076 -0.0780
vn -0.9741 0.1832 0.1325
vn -0.9451 0.3256 -0.0284
vn -0.8484 0.4802 -0.2229
vn -0.4105 0.9106 -0.0482
vn -0.7117 0.6643 -0.2285
vn -0.3507 0.9018 -0.2525
vn -0.6541 0.6763 -0.3388
vn -0.9603 0.0904 -0.2641
vn -0.1519 0.7983 -0.5828
vn -0.2618 0.7894 -0.5553
vn -0.0846 0.7082 -0.7010
vn -0.1609 0.8754 -0.4558
vn -0.3163 0.8588 -0.4030
vn -0.1667 0.9439 -0.2852
vn -0.1752 0.9833 -0.0485
vn -0.2050 0.9410 0.2692
vn -0.5580 0.7353 -0.3848
vn -0.5335 0.7449 -0.4007
vn -0.7570 0.6459 0.0987
vn -0.5751 0.3091 0.7575
vn -0.6954 -0.0242 0.7182
vn -0.5391 0.1967 0.8189
vn -0.8638 -0.1947 0.4647
vn -0.4673 0.6812 0.5636
vn -0.5479 0.7547 0.3608
vn -0.6004 0.7740 -0.2014
vn -0.3009 0.6938 -0.6543
vn -0.3099 0.4458 0.8398
vn -0.4365 0.6980 -0.5677
vn -0.1920 0.5453 -0.8160
vn -0.1345 0.5947 -0.7926
vn -0.7569 0.6456 -0.1014
vn -0.5476 0.7535 -0.3638
vn -0.4668 0.6794 -0.5661
vn -0.6006 0.7746 0.1981
vn -0.5747 0.3071 -0.7585
vn -0.3095 0.4435 -0.8411
vn -0.4999 0.1801 -0.8471
vn -0.8638 -0.1959 -0.4641
vn -0.9176 0.3714 0.1419
vn -0.8866 -0.3871 -0.2531
vn -0.9650 0.1996 0.1702
vn -0.8458 -0.5087 -0.1609
vn -0.8721 -0.3547 -0.3372
vn -0.8713 -0.4464 -0.2038
vn -0.9600 0.1393 0.2427
vn -0.6544 0.6774 0.3359
vn -0.7663 -0.6386 -0.0698
vn -0.8545 -0.5146 -0.0710
vn -0.8726 0.4726 0.1234
vn -0.8511 0.4493 0.2716
vn -0.7663 0.5590 0.3166
vn -0.7617 0.5134 0.3953
vn -0.9482 -0.0539 0.3131
vn -0.9482 -0.1396 0.2855
vn -0.9968 -0.0281 -0.0752
vn -0.9937 0.0961 0.0572
vn -0.7616 -0.6477 0.0206
vn -0.9274 -0.3704 0.0518
vn -0.9012 0.3385 0.2708
vn -0.9774 -0.1626 -0.1353
vn -0.9939 0.0341 -0.1052
vn -0.9773 0.2112 -0.0147
vn -0.9968 0.0669 -0.0445
vn -0.9937 -0.1113 -0.0097
vn -0.9995 -0.0101 -0.0311
vn -0.9741 -0.0775 -0.2126
vn -0.9570 -0.0899 -0.2757
vn -0.9758 0.2172 0.0249
vn -0.9937 0.0842 -0.0737
vn -0.9397 -0.2806 0.1953
vn -0.9250 -0.3315 0.1858
vn -0.9587 -0.2303 0.1667
vn -0.9337 -0.2986 0.1977
vn -0.9758 -0.1604 0.1485
vn -0.9741 -0.0627 -0.2174
vn -0.8788 0.4758 -0.0354
vn -0.8457 0.5069 0.1668
vn -0.9600 -0.2551 0.1155
vn -0.8486 -0.5192 -0.1019
vn -0.9452 -0.2798 -0.1684
vn -0.9911 0.0413 0.1263
vn -0.9741 -0.0701 -0.2149
vn -0.9451 0.1266 -0.3013
vn -0.9587 0.2843 -0.0017
vn -0.6560 -0.2341 -0.7175
vn -0.4991 -0.5403 -0.6775
vn -0.4108 -0.7647 -0.4964
vn -0.7120 -0.6714 -0.2055
vn -0.3511 -0.8778 -0.3258
vn -0.6544 -0.7460 -0.1234
vn -0.2331 -0.3017 -0.9245
vn -0.4988 0.0366 -0.8660
vn -0.8484 0.3590 -0.3891
vn -0.9250 0.3772 -0.0461
vn -0.9397 0.3419 -0.0084
vn -0.9336 0.3578 -0.0171
vn -0.4104 0.3243 -0.8523
vn -0.2050 0.0316 -0.9783
vn -0.1752 0.3468 -0.9214
vn -0.9482 0.2283 0.2208
vn -0.9600 0.2740 -0.0576
vn -0.7116 0.4206 -0.5628
vn -0.3506 0.5160 -0.7815
vn -0.1666 0.5600 -0.8116
vn -0.9968 -0.0802 0.0036
vn -0.7616 -0.1810 0.6223
vn -0.9774 -0.1789 0.1129
vn -0.6540 0.5292 -0.5405
vn -0.3162 0.6462 -0.6946
vn -0.5579 0.5910 -0.5826
vn -0.2618 0.7699 -0.5820
vn -0.5335 0.6091 -0.5869
vn -0.3009 0.8350 -0.4607
vn -0.1609 0.7015 -0.6943
vn -0.1519 0.7989 -0.5820
vn -0.0846 0.8838 -0.4601
vn -0.1346 0.9364 -0.3240
vn -0.1920 0.9436 -0.2698
vn -0.4365 0.7538 -0.4912
vn -0.6003 0.4283 -0.6754
vn -0.7569 0.1036 -0.6453
vn -0.5478 -0.1125 -0.8290
vn -0.4672 -0.3281 -0.8211
vn -0.9175 0.2500 -0.3094
vn -0.9649 0.2238 -0.1373
vn -0.8456 -0.3106 0.4341
vn -0.7662 -0.2642 0.5858
vn -0.8712 -0.3319 0.3617
vn -0.9175 -0.2159 0.3339
vn -0.7569 -0.5807 0.2997
vn -0.5582 -0.3690 0.7431
vn -0.8638 -0.1156 -0.4904
vn -0.8864 0.1633 -0.4331
vn -0.8386 -0.0590 -0.5415
vn -0.8788 0.1138 -0.4634
vn -0.8720 -0.4304 0.2334
vn -0.8865 -0.3605 0.2901
vn -0.6543 -0.3483 0.6713
vn -0.9650 -0.0605 0.2552
vn -0.8725 0.2638 -0.4113
vn -0.8455 0.3157 -0.4306
vn -0.9600 0.0308 0.2782
vn -0.7118 -0.4033 0.5750
vn -0.3509 -0.5815 0.7340
vn -0.3166 -0.4583 0.8305
vn -0.2621 -0.3127 0.9130
vn -0.5337 -0.3675 0.7617
vn -0.1522 -0.3037 0.9405
vn -0.0850 -0.1613 0.9832
vn -0.1612 -0.4408 0.8830
vn -0.1669 -0.5963 0.7852
vn -0.1755 -0.7672 0.6169
vn -0.4106 -0.7085 0.5739
vn -0.8485 -0.2576 0.4623
vn -0.2052 -0.9195 0.3353
vn -0.4989 -0.8112 0.3049
vn -0.9451 -0.2467 0.2142
vn -0.9588 0.0872 0.2704
vn -0.9911 0.1330 -0.0003
vn -0.9741 -0.2260 0.0004
vn -0.9452 -0.2473 -0.2133
vn -0.6560 -0.7547 0.0016
vn -0.4991 -0.8124 -0.3017
vn -0.2333 -0.9724 0.0021
vn -0.8486 -0.2588 -0.4614
vn -0.4108 -0.7105 -0.5714
vn -0.2053 -0.9208 -0.3316
vn -0.1755 -0.7694 -0.6142
vn -0.3510 -0.5837 -0.7321
vn -0.1669 -0.5987 -0.7833
vn -0.3166 -0.4607 -0.8292
vn -0.1612 -0.4432 -0.8818
vn -0.2620 -0.3151 -0.9122
vn -0.1521 -0.3061 -0.9398
vn -0.9600 0.0302 -0.2784
vn -0.9250 0.0731 -0.3729
vn -0.7120 -0.4049 -0.5737
vn -0.6544 -0.3501 -0.6702
vn -0.5584 -0.3710 -0.7420
vn -0.5339 -0.3695 -0.7606
vn -0.3011 -0.1794 -0.9366
vn -0.0848 -0.1637 -0.9829
vn -0.1347 -0.0179 -0.9907
vn -0.1921 0.0358 -0.9807
vn -0.4365 -0.2333 -0.8689
vn -0.6006 -0.5097 -0.6160
vn -0.7571 -0.5816 -0.2974
vn -0.9176 -0.2167 -0.3332
vn -0.5479 -0.8232 -0.1484
vn -0.4672 -0.8822 0.0590
vn -0.8638 -0.1143 0.4907
vn -0.5749 -0.6940 0.4334
vn -0.3098 -0.8529 0.4203
vn -0.5001 -0.6433 0.5797
vn -0.6609 -0.4299 0.6151
vn -0.5390 -0.7179 0.4406
vn -0.6953 -0.6905 0.1994
vn -0.5749 -0.6248 0.5284
vn -0.3098 -0.6608 0.6837
vn -0.8188 -0.0937 0.5664
vn -0.8866 0.1643 0.4324
vn -0.8638 -0.5021 -0.0412
vn -0.7571 0.1052 0.6448
vn -0.8387 -0.5333 -0.1108
vn -0.8720 0.0887 0.4814
vn -0.8458 0.3168 0.4293
vn -0.9650 -0.0612 -0.2552
vn -0.8713 0.2413 0.4274
vn -0.8790 -0.4054 -0.2511
vn -0.8866 -0.3613 -0.2888
vn -0.9176 0.2509 0.3084
vn -0.5584 0.5928 0.5803
vn -0.5339 0.6109 0.5846
vn -0.2621 0.7719 0.5792
vn -0.6544 0.5308 0.5385
vn -0.9650 0.2241 0.1363
vn -0.9600 0.2742 0.0564
vn -0.8457 -0.3117 -0.4330
vn -0.8727 -0.3095 -0.3778
vn -0.7663 -0.2658 -0.5850
vn -0.9481 0.2277 -0.2219
vn -0.9250 0.3773 0.0444
vn -0.9337 0.3578 0.0155
vn -0.9937 0.0844 0.0732
vn -0.9741 -0.0769 0.2128
vn -0.9995 -0.0100 0.0310
vn -0.9570 -0.0893 0.2760
vn -0.9758 0.2171 -0.0259
vn -0.9398 0.3418 0.0068
vn -0.9587 0.2843 0.0004
vn -0.8486 0.3600 0.3876
vn -0.7120 0.4221 0.5611
vn -0.9911 0.0410 -0.1266
vn -0.9452 0.1274 0.3007
vn -0.9741 -0.0695 0.2151
vn -0.3166 0.6483 0.6924
vn -0.3510 0.5183 0.7799
vn -0.4108 0.3265 0.8513
vn -0.4990 0.0387 0.8657
vn -0.6560 -0.2323 0.7181
vn -0.9451 -0.2793 0.1694
vn -0.9588 -0.2307 -0.1658
vn -0.1612 0.7038 0.6919
vn -0.1670 0.5624 0.8098
vn -0.1755 0.3492 0.9205
vn -0.2052 0.0339 0.9781
vn -0.2332 -0.2993 0.9252
vn -0.4989 -0.5383 0.6793
vn -0.2051 -0.6002 0.7731
vn -0.4107 -0.7629 0.4993
vn -0.8485 -0.5188 0.1040
vn -0.1755 -0.8218 0.5420
vn -0.9251 -0.3320 -0.1844
vn -0.9377 -0.2868 -0.1961
vn -0.9347 -0.2987 -0.1926
vn -0.9431 -0.2778 -0.1828
vn -0.9759 -0.1662 -0.1416
vn -0.9741 -0.0622 0.2176
vn -0.9937 -0.1113 0.0101
vn -0.9482 -0.0547 -0.3130
vn -0.9601 -0.2553 -0.1145
vn -0.7118 -0.6707 0.2083
vn -0.3510 -0.8765 0.3294
vn -0.9968 0.0670 0.0441
vn -0.7614 0.5122 -0.3974
vn -0.9774 0.2112 0.0137
vn -0.7617 -0.6477 -0.0179
vn -0.9012 -0.4330 -0.0201
vn -0.8510 -0.5232 0.0444
vn -0.9774 -0.1622 0.1359
vn -0.9968 -0.0279 0.0752
vn -0.9274 0.2693 -0.2597
vn -0.9939 0.0342 0.1049
vn -0.8544 0.4582 -0.2451
vn -0.7661 0.5580 -0.3190
vn -0.8455 0.5065 -0.1690
vn -0.8712 0.4811 -0.0977
vn -0.8726 -0.4549 0.1779
vn -0.7663 -0.6384 0.0725
vn -0.9482 -0.1403 -0.2850
vn -0.9937 0.0959 -0.0577
vn -0.8457 -0.5082 0.1630
vn -0.9600 0.1387 -0.2434
vn -0.9278 0.1541 -0.3397
vn -0.9346 0.1276 -0.3321
vn -0.9649 0.1991 -0.1711
vn -0.8865 -0.3864 0.2546
vn -0.8789 -0.3642 0.3081
vn -0.9175 0.3710 -0.1435
vn -0.8386 -0.2704 0.4730
vn -0.8720 0.4854 0.0640
vn -0.8865 0.4622 -0.0230
vn -0.9650 -0.2615 -0.0204
vn -0.6612 0.4520 0.5988
vn -0.8639 0.4314 0.2600
vn -0.5751 0.1973 0.7939
vn -0.8189 0.5098 0.2637
vn -0.9176 -0.3839 0.1035
vn -0.7569 -0.4628 0.4613
vn -0.4671 -0.2172 0.8571
vn -0.3099 0.1354 0.9411
vn -0.5003 0.3522 0.7910
vn -0.5478 -0.3960 0.7370
vn -0.6004 -0.7433 0.2948
vn -0.4366 -0.8985 -0.0458
vn -0.3012 -0.9462 -0.1180
vn -0.1924 -0.9219 -0.3363
vn -0.5338 -0.8375 0.1171
vn -0.5583 -0.8203 0.1242
vn -0.6543 -0.7455 0.1265
vn -0.3166 -0.9308 0.1826
vn -0.2622 -0.9648 0.0186
vn -0.1670 -0.9298 0.3279
vn -0.1613 -0.9755 0.1498
vn -0.1523 -0.9883 0.0016
vn -0.0850 -0.9855 -0.1471
vn -0.1349 -0.9480 -0.2883
vn -0.1753 0.9835 0.0443
vn -0.4106 0.9107 0.0443
vn -0.2049 0.9399 -0.2731
vn -0.4988 0.8347 -0.2336
vn -0.8486 0.4808 0.2208
vn -0.2328 0.7857 -0.5731
vn -0.6558 0.6100 -0.4449
vn -0.4986 0.4776 -0.7234
vn -0.9451 0.3256 0.0270
vn -0.9588 0.0892 0.2698
vn -0.9251 0.1601 0.3444
vn -0.9398 0.1133 0.3224
vn -0.9337 0.1264 0.3349
vn -0.9758 0.0433 0.2142
vn -0.9911 -0.1074 0.0783
vn -0.9741 0.1828 -0.1333
vn -0.9451 0.0739 -0.3183
vn -0.8485 -0.0631 -0.5254
vn -0.4104 0.2364 -0.8807
vn -0.7118 -0.0114 -0.7023
vn -0.3508 0.0394 -0.9356
vn -0.9588 -0.2295 -0.1674
vn -0.1521 -0.3071 -0.9395
vn -0.2620 -0.2836 -0.9225
vn -0.0848 -0.4475 -0.8902
vn -0.1610 -0.1622 -0.9735
vn -0.3165 -0.1171 -0.9413
vn -0.1667 0.0213 -0.9858
vn -0.1752 0.2586 -0.9500
vn -0.2048 0.5473 -0.8115
vn -0.5337 -0.1502 -0.8322
vn -0.5748 0.8160 -0.0605
vn -0.4668 0.7467 -0.4739
vn -0.5475 0.5768 -0.6063
vn -0.6004 0.0482 -0.7983
vn -0.3011 -0.4076 -0.8621
vn -0.3096 0.9364 -0.1652
vn -0.4367 -0.3239 -0.8393
vn -0.1923 -0.6075 -0.7707
vn -0.1348 -0.5700 -0.8105
vn -0.9481 0.2808 -0.1490
vn -0.9968 -0.0213 0.0774
vn -0.9937 -0.0439 -0.1028
vn -0.7617 0.5360 0.3641
vn -0.9774 0.0521 0.2051
vn -0.9995 -0.0326 0.0001
vn -0.9741 -0.2261 0.0082
vn -0.9570 -0.2900 0.0006
vn -0.9758 0.0911 -0.1989
vn -0.9336 0.0947 -0.3455
vn -0.9587 0.0866 -0.2708
vn -0.9397 0.0981 -0.3276
vn -0.7614 0.5349 -0.3663
vn -0.9010 0.3624 -0.2383
vn -0.8509 0.3975 -0.3435
vn -0.9773 0.0515 -0.2053
vn -0.9968 -0.0215 -0.0774
vn -0.9275 -0.0653 0.3682
vn -0.9939 -0.0894 -0.0648
vn -0.8545 -0.2268 0.4674
vn -0.7660 0.4743 -0.4339
vn -0.9482 0.2812 0.1478
vn -0.9937 -0.0437 0.1029
vn -0.9251 0.0740 0.3725
vn -0.9337 0.0955 0.3450
vn -0.9758 0.0916 0.1984
vn -0.9741 -0.2261 -0.0073
vn -0.9398 0.0988 0.3271
vn -0.8865 0.4623 0.0210
vn -0.9176 -0.3842 -0.1019
vn -0.9650 -0.2615 0.0215
vn -0.8637 0.4307 -0.2618
vn -0.8384 0.4968 -0.2240
vn -0.6951 0.4418 -0.5671
vn -0.8189 -0.2570 -0.5132
vn -0.6609 -0.0134 -0.7503
vn -0.5584 -0.8207 -0.1208
vn -0.7571 -0.4642 -0.4597
vn -0.5748 0.1953 -0.7947
vn -0.5388 0.3223 -0.7784
vn -0.5339 -0.8379 -0.1135
vn -0.6007 -0.7443 -0.2919
vn -0.5479 -0.3980 -0.7358
vn -0.4671 -0.2194 -0.8565
vn -0.3096 0.1332 -0.9415
vn -0.3167 -0.9316 -0.1786
vn -0.2622 -0.9649 -0.0145
vn -0.3395 -0.9381 0.0684
vn -0.4368 -0.8982 0.0495
vn -0.2035 -0.9542 0.2194
vn -0.1268 -0.9810 0.1470
vn -0.1522 -0.9883 0.0026
vn -0.1613 -0.9761 -0.1456
vn -0.1670 -0.9312 -0.3241
vn -0.1755 -0.8238 -0.5390
vn -0.2051 -0.6026 -0.7712
vn -0.4366 -0.2312 0.8695
vn -0.3011 -0.1771 0.9370
vn -0.6004 -0.5079 0.6177
vn -0.1924 0.0382 0.9806
vn -0.1349 -0.0155 0.9907
vn -0.5751 -0.6955 -0.4308
vn -0.6955 -0.4026 -0.5952
vn -0.5392 -0.6407 -0.5466
vn -0.4672 -0.8824 -0.0553
vn -0.5479 -0.8227 0.1519
vn -0.3100 -0.8545 -0.4169
vn -0.8638 -0.5019 0.0433
vn -0.5751 -0.6265 -0.5261
vn -0.3099 -0.6630 -0.6815
vn -0.5003 -0.7501 -0.4325
vn -0.6612 -0.7177 -0.2184
vn -0.8188 -0.5675 0.0863
vn -0.4368 0.7556 0.4882
vn -0.3012 0.8367 0.4574
vn -0.6007 0.4302 0.6738
vn -0.1922 0.9446 0.2659
vn -0.1347 0.9377 0.3202
vn -0.0848 0.8856 0.4566
vn -0.4671 -0.3259 0.8220
vn -0.5478 -0.1105 0.8293
vn -0.1522 0.8009 0.5791
vn -0.7662 -0.1288 0.6295
vn -0.9482 -0.3144 0.0457
vn -0.9251 -0.2788 -0.2578
vn -0.9338 -0.2801 -0.2229
vn -0.9937 -0.0250 -0.1090
vn -0.9740 0.1875 -0.1271
vn -0.9995 0.0265 -0.0193
vn -0.9569 0.2345 -0.1710
vn -0.9758 -0.1907 -0.1067
vn -0.9398 -0.2722 -0.2065
vn -0.8510 -0.1199 0.5113
vn -0.7615 -0.2177 0.6105
vn -0.9968 0.0630 0.0498
vn -0.9011 -0.1532 0.4055
vn -0.9774 0.0791 0.1961
vn -0.7617 -0.2192 -0.6098
vn -0.9773 0.0786 -0.1966
vn -0.9968 0.0628 -0.0501
vn -0.9275 -0.1634 -0.3363
vn -0.9939 0.1105 -0.0004
vn -0.9937 -0.0248 0.1090
vn -0.9995 0.0265 0.0191
vn -0.9741 0.1878 0.1262
vn -0.9570 0.2350 0.1700
vn -0.9741 0.1786 0.1388
vn -0.9758 0.0507 -0.2126
vn -0.9430 0.1165 -0.3118
vn -0.9382 0.1108 -0.3278
vn -0.9394 0.1270 -0.3183
vn -0.9939 -0.0892 0.0650
vn -0.9011 -0.1144 -0.4183
vn -0.9774 -0.1793 -0.1123
vn -0.9275 0.3301 0.1757
vn -0.8510 -0.2035 -0.4841
vn -0.8545 0.3745 0.3599
vn -0.7616 -0.1826 -0.6218
vn -0.9968 -0.0802 -0.0034
vn -0.7663 0.4755 0.4320
vn -0.7119 0.6650 0.2257
vn -0.3509 0.9028 0.2487
vn -0.3166 0.8603 0.3995
vn -0.5584 0.7366 0.3817
vn -0.2621 0.7914 0.5523
vn -0.5339 0.7462 0.3976
vn -0.3013 0.6959 0.6518
vn -0.1669 0.9450 0.2813
vn -0.1611 0.8772 0.4524
vn -0.1521 0.8004 0.5799
vn -0.0849 0.7105 0.6986
vn -0.1348 0.5971 0.7908
vn -0.1923 0.5477 0.8143
vn -0.4368 0.6998 0.5652
vn -0.9740 0.1783 -0.1396
vn 0.3598 0.1606 0.9191
vn 0.2743 0.6068 0.7460
vn -0.3598 0.4765 0.8022
vn -0.2743 0.0252 0.9613
vn 0.3598 0.8763 0.3204
vn 0.2743 0.9495 -0.1525
vn -0.3598 0.9330 -0.0115
vn -0.2743 0.8451 0.4588
vn 0.3598 0.7157 -0.5987
vn 0.2743 0.3427 -0.8985
vn -0.3598 0.4565 -0.8137
vn -0.2743 0.8199 -0.5025
vn 0.3598 -0.1606 -0.9191
vn 0.2743 -0.6068 -0.7460
vn -0.3598 -0.4765 -0.8022
vn -0.2743 -0.0252 -0.9613
vn 0.3598 -0.8763 -0.3204
vn 0.2743 -0.9495 0.1525
vn -0.3598 -0.9330 0.0115
vn -0.2743 -0.8451 -0.4588
vn 0.3598 -0.7157 0.5987
vn 0.2743 -0.3427 0.8985
vn -0.3598 -0.4565 0.8137
vn -0.2743 -0.8199 0.5025
vn -0.9030 0.3637 0.2287
vn -0.8057 0.5237 -0.2766
vn -0.9030 0.0162 -0.4293
vn -0.8057 -0.5014 -0.3152
vn -0.9030 -0.3799 0.2007
vn -0.8057 -0.0223 0.5919
# 2335 vertex normals

o rueda_derA
g rueda_derA
s 1
f 1//1 2//2 3//3 
f 1//1 4//4 2//2 
f 5//5 4//4 1//1 
f 5//5 6//6 4//4 
f 5//5 7//7 6//6 
f 5//5 8//8 7//7 
f 5//5 9//9 8//8 
f 1//1 9//9 5//5 
f 1//1 10//10 9//9 
f 1//1 11//11 10//10 
f 12//12 11//11 1//1 
f 12//12 13//13 11//11 
f 12//12 14//14 13//13 
f 12//12 15//15 14//14 
f 12//12 3//3 15//15 
f 1//1 3//3 12//12 
f 16//16 17//17 18//18 
f 19//19 17//17 16//16 
f 20//20 17//17 19//19 
f 21//21 17//17 20//20 
f 22//22 17//17 21//21 
f 22//22 18//18 17//17 
f 23//23 18//18 22//22 
f 24//24 18//18 23//23 
f 24//24 25//25 18//18 
f 26//26 25//25 24//24 
f 27//27 25//25 26//26 
f 28//28 25//25 27//27 
f 29//29 25//25 28//28 
f 29//29 18//18 25//25 
f 30//30 18//18 29//29 
f 16//16 18//18 30//30 
f 31//31 32//32 33//33 
f 34//34 32//32 31//31 
f 35//35 32//32 34//34 
f 36//36 32//32 35//35 
f 37//37 32//32 36//36 
f 37//37 33//33 32//32 
f 38//38 33//33 37//37 
f 39//39 33//33 38//38 
f 39//39 40//40 33//33 
f 41//41 40//40 39//39 
f 42//42 40//40 41//41 
f 43//43 40//40 42//42 
f 44//44 40//40 43//43 
f 44//44 33//33 40//40 
f 45//45 33//33 44//44 
f 31//31 33//33 45//45 
f 46//46 47//47 48//48 
f 49//49 47//47 46//46 
f 50//50 47//47 49//49 
f 51//51 47//47 50//50 
f 52//52 47//47 51//51 
f 52//52 48//48 47//47 
f 53//53 48//48 52//52 
f 54//54 48//48 53//53 
f 54//54 55//55 48//48 
f 56//56 55//55 54//54 
f 57//57 55//55 56//56 
f 58//58 55//55 57//57 
f 59//59 55//55 58//58 
f 59//59 48//48 55//55 
f 60//60 48//48 59//59 
f 46//46 48//48 60//60 
f 61//61 62//62 63//63 
f 61//61 64//64 62//62 
f 65//65 64//64 61//61 
f 65//65 66//66 64//64 
f 65//65 67//67 66//66 
f 68//68 67//67 65//65 
f 65//65 69//69 68//68 
f 61//61 69//69 65//65 
f 61//61 70//70 69//69 
f 61//61 71//71 70//70 
f 72//72 71//71 61//61 
f 72//72 73//73 71//71 
f 72//72 74//74 73//73 
f 72//72 75//75 74//74 
f 72//72 63//63 75//75 
f 61//61 63//63 72//72 
f 76//76 77//77 78//78 
f 79//79 78//78 77//77 
f 77//77 80//80 79//79 
f 81//81 79//79 80//80 
f 80//80 82//82 81//81 
f 83//83 81//81 82//82 
f 82//82 84//84 83//83 
f 85//85 83//83 84//84 
f 78//78 79//79 86//86 
f 87//87 86//86 79//79 
f 79//79 81//81 87//87 
f 88//88 87//87 81//81 
f 81//81 83//83 88//88 
f 89//89 88//88 83//83 
f 83//83 85//85 89//89 
f 89//89 85//85 90//90 
f 91//91 90//90 85//85 
f 92//92 86//86 87//87 
f 87//87 88//88 92//92 
f 93//93 92//92 88//88 
f 88//88 89//89 93//93 
f 90//90 93//93 89//89 
f 93//93 90//90 94//94 
f 95//95 94//94 90//90 
f 90//90 91//91 95//95 
f 95//95 91//91 96//96 
f 97//97 96//96 91//91 
f 86//86 92//92 98//98 
f 99//99 98//98 92//92 
f 92//92 93//93 99//99 
f 94//94 99//99 93//93 
f 99//99 94//94 100//100 
f 101//101 100//100 94//94 
f 94//94 95//95 101//101 
f 96//96 101//101 95//95 
f 101//101 96//96 102//102 
f 103//103 102//102 96//96 
f 96//96 97//97 103//103 
f 103//103 97//97 104//104 
f 105//105 104//104 97//97 
f 98//98 99//99 106//106 
f 100//100 106//106 99//99 
f 107//107 106//106 100//100 
f 100//100 101//101 107//107 
f 102//102 107//107 101//101 
f 107//107 102//102 108//108 
f 109//109 108//108 102//102 
f 102//102 103//103 109//109 
f 104//104 109//109 103//103 
f 109//109 104//104 110//110 
f 111//111 110//110 104//104 
f 104//104 105//105 111//111 
f 111//111 105//105 112//112 
f 113//113 112//112 105//105 
f 106//106 107//107 114//114 
f 108//108 114//114 107//107 
f 114//114 108//108 115//115 
f 116//116 115//115 108//108 
f 108//108 109//109 116//116 
f 110//110 116//116 109//109 
f 116//116 110//110 117//117 
f 118//118 117//117 110//110 
f 110//110 111//111 118//118 
f 112//112 118//118 111//111 
f 118//118 112//112 119//119 
f 120//120 119//119 112//112 
f 112//112 113//113 120//120 
f 120//120 113//113 121//121 
f 122//122 121//121 113//113 
f 117//117 115//115 116//116 
f 115//115 117//117 123//123 
f 124//124 123//123 117//117 
f 117//117 118//118 124//124 
f 119//119 124//124 118//118 
f 124//124 119//119 125//125 
f 126//126 125//125 119//119 
f 119//119 120//120 126//126 
f 121//121 126//126 120//120 
f 126//126 121//121 127//127 
f 128//128 127//127 121//121 
f 121//121 122//122 128//128 
f 128//128 122//122 129//129 
f 130//130 129//129 122//122 
f 123//123 124//124 131//131 
f 125//125 131//131 124//124 
f 132//132 131//131 125//125 
f 125//125 126//126 132//132 
f 127//127 132//132 126//126 
f 132//132 127//127 133//133 
f 134//134 133//133 127//127 
f 127//127 128//128 134//134 
f 129//129 134//134 128//128 
f 134//134 129//129 135//135 
f 136//136 135//135 129//129 
f 129//129 130//130 136//136 
f 136//136 130//130 137//137 
f 138//138 137//137 130//130 
f 131//131 132//132 139//139 
f 133//133 139//139 132//132 
f 139//139 133//133 140//140 
f 141//141 140//140 133//133 
f 133//133 134//134 141//141 
f 135//135 141//141 134//134 
f 141//141 135//135 142//142 
f 143//143 142//142 135//135 
f 135//135 136//136 143//143 
f 137//137 143//143 136//136 
f 143//143 137//137 144//144 
f 145//145 144//144 137//137 
f 137//137 138//138 145//145 
f 145//145 138//138 146//146 
f 147//147 146//146 138//138 
f 142//142 140//140 141//141 
f 140//140 142//142 148//148 
f 149//149 148//148 142//142 
f 142//142 143//143 149//149 
f 144//144 149//149 143//143 
f 149//149 144//144 150//150 
f 151//151 150//150 144//144 
f 144//144 145//145 151//151 
f 146//146 151//151 145//145 
f 151//151 146//146 152//152 
f 153//153 152//152 146//146 
f 146//146 147//147 153//153 
f 153//153 147//147 154//154 
f 155//155 154//154 147//147 
f 148//148 149//149 156//156 
f 150//150 156//156 149//149 
f 157//157 156//156 150//150 
f 150//150 151//151 157//157 
f 152//152 157//157 151//151 
f 157//157 152//152 158//158 
f 159//159 158//158 152//152 
f 152//152 153//153 159//159 
f 154//154 159//159 153//153 
f 159//159 154//154 160//160 
f 161//161 160//160 154//154 
f 154//154 155//155 161//161 
f 161//161 155//155 162//162 
f 163//163 162//162 155//155 
f 156//156 157//157 164//164 
f 158//158 164//164 157//157 
f 164//164 158//158 165//165 
f 166//166 165//165 158//158 
f 158//158 159//159 166//166 
f 160//160 166//166 159//159 
f 166//166 160//160 167//167 
f 168//168 167//167 160//160 
f 160//160 161//161 168//168 
f 162//162 168//168 161//161 
f 168//168 162//162 169//169 
f 170//170 169//169 162//162 
f 162//162 163//163 170//170 
f 170//170 163//163 171//171 
f 172//172 171//171 163//163 
f 167//167 165//165 166//166 
f 165//165 167//167 173//173 
f 174//174 173//173 167//167 
f 167//167 168//168 174//174 
f 169//169 174//174 168//168 
f 174//174 169//169 175//175 
f 176//176 175//175 169//169 
f 169//169 170//170 176//176 
f 171//171 176//176 170//170 
f 176//176 171//171 177//177 
f 178//178 177//177 171//171 
f 171//171 172//172 178//178 
f 178//178 172//172 179//179 
f 180//180 179//179 172//172 
f 173//173 174//174 181//181 
f 175//175 181//181 174//174 
f 182//182 181//181 175//175 
f 175//175 176//176 182//182 
f 177//177 182//182 176//176 
f 182//182 177//177 183//183 
f 184//184 183//183 177//177 
f 177//177 178//178 184//184 
f 179//179 184//184 178//178 
f 184//184 179//179 185//185 
f 186//186 185//185 179//179 
f 179//179 180//180 186//186 
f 186//186 180//180 187//187 
f 188//188 187//187 180//180 
f 181//181 182//182 189//189 
f 183//183 189//189 182//182 
f 189//189 183//183 190//190 
f 191//191 190//190 183//183 
f 183//183 184//184 191//191 
f 185//185 191//191 184//184 
f 191//191 185//185 192//192 
f 193//193 192//192 185//185 
f 185//185 186//186 193//193 
f 187//187 193//193 186//186 
f 193//193 187//187 194//194 
f 195//195 194//194 187//187 
f 187//187 188//188 195//195 
f 195//195 188//188 196//196 
f 197//197 196//196 188//188 
f 192//192 190//190 191//191 
f 190//190 192//192 198//198 
f 199//199 198//198 192//192 
f 192//192 193//193 199//199 
f 194//194 199//199 193//193 
f 199//199 194//194 200//200 
f 201//201 200//200 194//194 
f 194//194 195//195 201//201 
f 196//196 201//201 195//195 
f 201//201 196//196 202//202 
f 203//203 202//202 196//196 
f 196//196 197//197 203//203 
f 203//203 197//197 204//204 
f 205//205 204//204 197//197 
f 198//198 199//199 206//206 
f 200//200 206//206 199//199 
f 207//207 206//206 200//200 
f 200//200 201//201 207//207 
f 202//202 207//207 201//201 
f 207//207 202//202 208//208 
f 209//209 208//208 202//202 
f 202//202 203//203 209//209 
f 204//204 209//209 203//203 
f 209//209 204//204 210//210 
f 211//211 210//210 204//204 
f 204//204 205//205 211//211 
f 211//211 205//205 212//212 
f 213//213 212//212 205//205 
f 206//206 207//207 214//214 
f 208//208 214//214 207//207 
f 214//214 208//208 215//215 
f 216//216 215//215 208//208 
f 208//208 209//209 216//216 
f 210//210 216//216 209//209 
f 216//216 210//210 217//217 
f 218//218 217//217 210//210 
f 210//210 211//211 218//218 
f 212//212 218//218 211//211 
f 218//218 212//212 219//219 
f 220//220 219//219 212//212 
f 212//212 213//213 220//220 
f 220//220 213//213 221//221 
f 222//222 221//221 213//213 
f 217//217 215//215 216//216 
f 215//215 217//217 223//223 
f 224//224 223//223 217//217 
f 217//217 218//218 224//224 
f 219//219 224//224 218//218 
f 224//224 219//219 225//225 
f 226//226 225//225 219//219 
f 219//219 220//220 226//226 
f 221//221 226//226 220//220 
f 226//226 221//221 227//227 
f 228//228 227//227 221//221 
f 221//221 222//222 228//228 
f 228//228 222//222 229//229 
f 230//230 229//229 222//222 
f 223//223 224//224 231//231 
f 225//225 231//231 224//224 
f 232//232 231//231 225//225 
f 225//225 226//226 232//232 
f 227//227 232//232 226//226 
f 232//232 227//227 233//233 
f 234//234 233//233 227//227 
f 227//227 228//228 234//234 
f 229//229 234//234 228//228 
f 234//234 229//229 235//235 
f 236//236 235//235 229//229 
f 229//229 230//230 236//236 
f 236//236 230//230 237//237 
f 238//238 237//237 230//230 
f 231//231 232//232 239//239 
f 233//233 239//239 232//232 
f 239//239 233//233 240//240 
f 241//241 240//240 233//233 
f 233//233 234//234 241//241 
f 235//235 241//241 234//234 
f 241//241 235//235 242//242 
f 243//243 242//242 235//235 
f 235//235 236//236 243//243 
f 237//237 243//243 236//236 
f 243//243 237//237 244//244 
f 245//245 244//244 237//237 
f 237//237 238//238 245//245 
f 245//245 238//238 246//246 
f 247//247 246//246 238//238 
f 242//242 240//240 241//241 
f 240//240 242//242 248//248 
f 249//249 248//248 242//242 
f 242//242 243//243 249//249 
f 244//244 249//249 243//243 
f 249//249 244//244 250//250 
f 251//251 250//250 244//244 
f 244//244 245//245 251//251 
f 246//246 251//251 245//245 
f 251//251 246//246 252//252 
f 253//253 252//252 246//246 
f 246//246 247//247 253//253 
f 253//253 247//247 254//254 
f 255//255 254//254 247//247 
f 248//248 249//249 256//256 
f 250//250 256//256 249//249 
f 257//257 256//256 250//250 
f 250//250 251//251 257//257 
f 252//252 257//257 251//251 
f 257//257 252//252 258//258 
f 259//259 258//258 252//252 
f 252//252 253//253 259//259 
f 254//254 259//259 253//253 
f 259//259 254//254 260//260 
f 261//261 260//260 254//254 
f 254//254 255//255 261//261 
f 261//261 255//255 262//262 
f 263//263 262//262 255//255 
f 256//256 257//257 264//264 
f 258//258 264//264 257//257 
f 264//264 258//258 265//265 
f 266//266 265//265 258//258 
f 258//258 259//259 266//266 
f 260//260 266//266 259//259 
f 266//266 260//260 267//267 
f 268//268 267//267 260//260 
f 260//260 261//261 268//268 
f 262//262 268//268 261//261 
f 268//268 262//262 269//269 
f 270//270 269//269 262//262 
f 262//262 263//263 270//270 
f 270//270 263//263 271//271 
f 272//272 271//271 263//263 
f 267//267 265//265 266//266 
f 265//265 267//267 273//273 
f 274//274 273//273 267//267 
f 267//267 268//268 274//274 
f 269//269 274//274 268//268 
f 274//274 269//269 275//275 
f 276//276 275//275 269//269 
f 269//269 270//270 276//276 
f 271//271 276//276 270//270 
f 276//276 271//271 277//277 
f 278//278 277//277 271//271 
f 271//271 272//272 278//278 
f 278//278 272//272 279//279 
f 280//280 279//279 272//272 
f 273//273 274//274 281//281 
f 275//275 281//281 274//274 
f 282//282 281//281 275//275 
f 275//275 276//276 282//282 
f 277//277 282//282 276//276 
f 282//282 277//277 283//283 
f 284//284 283//283 277//277 
f 277//277 278//278 284//284 
f 279//279 284//284 278//278 
f 284//284 279//279 285//285 
f 286//286 285//285 279//279 
f 279//279 280//280 286//286 
f 286//286 280//280 287//287 
f 288//288 287//287 280//280 
f 281//281 282//282 289//289 
f 283//283 289//289 282//282 
f 289//289 283//283 290//290 
f 291//291 290//290 283//283 
f 283//283 284//284 291//291 
f 285//285 291//291 284//284 
f 291//291 285//285 292//292 
f 293//293 292//292 285//285 
f 285//285 286//286 293//293 
f 287//287 293//293 286//286 
f 293//293 287//287 294//294 
f 295//295 294//294 287//287 
f 287//287 288//288 295//295 
f 295//295 288//288 296//296 
f 297//297 296//296 288//288 
f 292//292 290//290 291//291 
f 290//290 292//292 298//298 
f 299//299 298//298 292//292 
f 292//292 293//293 299//299 
f 294//294 299//299 293//293 
f 299//299 294//294 300//300 
f 301//301 300//300 294//294 
f 294//294 295//295 301//301 
f 296//296 301//301 295//295 
f 301//301 296//296 302//302 
f 303//303 302//302 296//296 
f 296//296 297//297 303//303 
f 303//303 297//297 304//304 
f 305//305 304//304 297//297 
f 298//298 299//299 306//306 
f 300//300 306//306 299//299 
f 307//307 306//306 300//300 
f 300//300 301//301 307//307 
f 302//302 307//307 301//301 
f 307//307 302//302 308//308 
f 309//309 308//308 302//302 
f 302//302 303//303 309//309 
f 304//304 309//309 303//303 
f 309//309 304//304 310//310 
f 311//311 310//310 304//304 
f 304//304 305//305 311//311 
f 311//311 305//305 312//312 
f 313//313 312//312 305//305 
f 306//306 307//307 314//314 
f 308//308 314//314 307//307 
f 314//314 308//308 315//315 
f 316//316 315//315 308//308 
f 308//308 309//309 316//316 
f 310//310 316//316 309//309 
f 316//316 310//310 317//317 
f 318//318 317//317 310//310 
f 310//310 311//311 318//318 
f 312//312 318//318 311//311 
f 318//318 312//312 319//319 
f 320//320 319//319 312//312 
f 312//312 313//313 320//320 
f 320//320 313//313 321//321 
f 84//84 321//321 313//313 
f 317//317 315//315 316//316 
f 315//315 317//317 322//322 
f 323//323 322//322 317//317 
f 317//317 318//318 323//323 
f 319//319 323//323 318//318 
f 323//323 319//319 324//324 
f 325//325 324//324 319//319 
f 319//319 320//320 325//325 
f 321//321 325//325 320//320 
f 325//325 321//321 80//80 
f 82//82 80//80 321//321 
f 321//321 84//84 82//82 
f 322//322 323//323 76//76 
f 324//324 76//76 323//323 
f 77//77 76//76 324//324 
f 324//324 325//325 77//77 
f 80//80 77//77 325//325 
f 140//140 326//326 139//139 
f 326//326 140//140 327//327 
f 148//148 327//327 140//140 
f 327//327 148//148 328//328 
f 156//156 328//328 148//148 
f 328//328 156//156 329//329 
f 164//164 329//329 156//156 
f 330//330 139//139 326//326 
f 326//326 331//331 330//330 
f 331//331 326//326 332//332 
f 327//327 332//332 326//326 
f 332//332 327//327 333//333 
f 328//328 333//333 327//327 
f 333//333 328//328 334//334 
f 329//329 334//334 328//328 
f 139//139 330//330 131//131 
f 335//335 131//131 330//330 
f 330//330 336//336 335//335 
f 336//336 330//330 331//331 
f 131//131 335//335 123//123 
f 337//337 123//123 335//335 
f 335//335 338//338 337//337 
f 338//338 335//335 336//336 
f 123//123 337//337 115//115 
f 339//339 115//115 337//337 
f 337//337 340//340 339//339 
f 340//340 337//337 338//338 
f 115//115 339//339 114//114 
f 341//341 114//114 339//339 
f 339//339 342//342 341//341 
f 342//342 339//339 340//340 
f 114//114 341//341 106//106 
f 343//343 106//106 341//341 
f 341//341 344//344 343//343 
f 344//344 341//341 342//342 
f 106//106 343//343 98//98 
f 345//345 98//98 343//343 
f 343//343 346//346 345//345 
f 346//346 343//343 344//344 
f 98//98 345//345 86//86 
f 347//347 86//86 345//345 
f 345//345 348//348 347//347 
f 348//348 345//345 346//346 
f 86//86 347//347 78//78 
f 349//349 78//78 347//347 
f 347//347 350//350 349//349 
f 350//350 347//347 348//348 
f 78//78 349//349 76//76 
f 351//351 76//76 349//349 
f 349//349 352//352 351//351 
f 352//352 349//349 350//350 
f 76//76 351//351 322//322 
f 353//353 322//322 351//351 
f 351//351 354//354 353//353 
f 354//354 351//351 352//352 
f 322//322 353//353 315//315 
f 355//355 315//315 353//353 
f 353//353 356//356 355//355 
f 356//356 353//353 354//354 
f 315//315 355//355 314//314 
f 357//357 314//314 355//355 
f 355//355 358//358 357//357 
f 358//358 355//355 356//356 
f 314//314 357//357 306//306 
f 359//359 306//306 357//357 
f 357//357 360//360 359//359 
f 360//360 357//357 358//358 
f 306//306 359//359 298//298 
f 361//361 298//298 359//359 
f 359//359 362//362 361//361 
f 362//362 359//359 360//360 
f 298//298 361//361 290//290 
f 363//363 290//290 361//361 
f 361//361 364//364 363//363 
f 364//364 361//361 362//362 
f 290//290 363//363 289//289 
f 365//365 289//289 363//363 
f 363//363 366//366 365//365 
f 366//366 363//363 364//364 
f 289//289 365//365 281//281 
f 367//367 281//281 365//365 
f 365//365 368//368 367//367 
f 368//368 365//365 366//366 
f 281//281 367//367 273//273 
f 369//369 273//273 367//367 
f 367//367 370//370 369//369 
f 370//370 367//367 368//368 
f 273//273 369//369 265//265 
f 371//371 265//265 369//369 
f 369//369 372//372 371//371 
f 372//372 369//369 370//370 
f 265//265 371//371 264//264 
f 373//373 264//264 371//371 
f 371//371 374//374 373//373 
f 374//374 371//371 372//372 
f 264//264 373//373 256//256 
f 375//375 256//256 373//373 
f 373//373 376//376 375//375 
f 376//376 373//373 374//374 
f 256//256 375//375 248//248 
f 377//377 248//248 375//375 
f 375//375 378//378 377//377 
f 378//378 375//375 376//376 
f 248//248 377//377 240//240 
f 379//379 240//240 377//377 
f 377//377 380//380 379//379 
f 380//380 377//377 378//378 
f 240//240 379//379 239//239 
f 381//381 239//239 379//379 
f 379//379 382//382 381//381 
f 382//382 379//379 380//380 
f 239//239 381//381 231//231 
f 383//383 231//231 381//381 
f 381//381 384//384 383//383 
f 384//384 381//381 382//382 
f 231//231 383//383 223//223 
f 385//385 223//223 383//383 
f 383//383 386//386 385//385 
f 386//386 383//383 384//384 
f 223//223 385//385 215//215 
f 387//387 215//215 385//385 
f 385//385 388//388 387//387 
f 388//388 385//385 386//386 
f 215//215 387//387 214//214 
f 389//389 214//214 387//387 
f 387//387 390//390 389//389 
f 390//390 387//387 388//388 
f 214//214 389//389 206//206 
f 391//391 206//206 389//389 
f 389//389 392//392 391//391 
f 392//392 389//389 390//390 
f 206//206 391//391 198//198 
f 393//393 198//198 391//391 
f 391//391 394//394 393//393 
f 394//394 391//391 392//392 
f 198//198 393//393 190//190 
f 395//395 190//190 393//393 
f 393//393 396//396 395//395 
f 396//396 393//393 394//394 
f 190//190 395//395 189//189 
f 397//397 189//189 395//395 
f 395//395 398//398 397//397 
f 398//398 395//395 396//396 
f 189//189 397//397 181//181 
f 399//399 181//181 397//397 
f 397//397 400//400 399//399 
f 400//400 397//397 398//398 
f 181//181 399//399 173//173 
f 401//401 173//173 399//399 
f 399//399 402//402 401//401 
f 402//402 399//399 400//400 
f 173//173 401//401 165//165 
f 403//403 165//165 401//401 
f 401//401 404//404 403//403 
f 404//404 401//401 402//402 
f 165//165 403//403 164//164 
f 329//329 164//164 403//403 
f 403//403 405//405 329//329 
f 405//405 403//403 404//404 
f 334//334 329//329 405//405 
f 406//406 407//407 408//408 
f 406//406 409//409 407//407 
f 410//410 409//409 406//406 
f 408//408 407//407 411//411 
f 408//408 411//411 412//412 
f 412//412 411//411 413//413 
f 412//412 413//413 414//414 
f 414//414 413//413 415//415 
f 414//414 415//415 416//416 
f 416//416 415//415 417//417 
f 416//416 417//417 418//418 
f 410//410 419//419 409//409 
f 420//420 419//419 410//410 
f 409//409 421//421 407//407 
f 407//407 421//421 422//422 
f 407//407 422//422 411//411 
f 419//419 423//423 409//409 
f 409//409 423//423 421//421 
f 411//411 422//422 424//424 
f 411//411 424//424 413//413 
f 413//413 424//424 425//425 
f 413//413 425//425 415//415 
f 415//415 425//425 426//426 
f 415//415 426//426 417//417 
f 418//418 417//417 427//427 
f 418//418 427//427 428//428 
f 417//417 426//426 429//429 
f 417//417 429//429 427//427 
f 420//420 430//430 419//419 
f 431//431 430//430 420//420 
f 430//430 432//432 419//419 
f 419//419 432//432 423//423 
f 433//433 421//421 423//423 
f 434//433 422//422 421//421 
f 434//433 421//421 433//433 
f 435//433 424//424 422//422 
f 435//433 422//422 434//433 
f 436//433 423//423 432//432 
f 433//433 423//423 436//433 
f 437//433 425//425 424//424 
f 437//433 424//424 435//433 
f 438//433 426//426 425//425 
f 438//433 425//425 437//433 
f 439//433 429//429 426//426 
f 439//433 426//426 438//433 
f 428//428 427//427 440//434 
f 428//428 440//434 441//435 
f 427//427 429//429 442//436 
f 427//427 442//436 440//434 
f 443//433 442//436 429//429 
f 443//433 429//429 439//433 
f 431//431 444//437 430//430 
f 445//438 444//437 431//431 
f 444//437 446//439 430//430 
f 430//430 446//439 432//432 
f 447//433 432//432 446//439 
f 436//433 432//432 447//433 
f 445//438 448//440 444//437 
f 449//441 448//440 445//438 
f 450//433 433//433 436//433 
f 451//433 434//433 433//433 
f 451//433 433//433 450//433 
f 452//433 435//433 434//433 
f 452//433 434//433 451//433 
f 453//433 437//433 435//433 
f 453//433 435//433 452//433 
f 454//433 436//433 447//433 
f 450//433 436//433 454//433 
f 455//433 438//433 437//433 
f 455//433 437//433 453//433 
f 456//433 439//433 438//433 
f 456//433 438//433 455//433 
f 457//433 443//433 439//433 
f 457//433 439//433 456//433 
f 441//435 440//434 458//442 
f 441//435 458//442 459//443 
f 440//434 442//436 460//444 
f 440//434 460//444 458//442 
f 461//433 460//444 442//436 
f 461//433 442//436 443//433 
f 462//433 461//433 443//433 
f 462//433 443//433 457//433 
f 448//440 463//445 444//437 
f 444//437 463//445 446//439 
f 464//433 446//439 463//445 
f 447//433 446//439 464//433 
f 465//433 447//433 464//433 
f 454//433 447//433 465//433 
f 449//441 466//446 448//440 
f 467//447 466//446 449//441 
f 466//446 468//448 448//440 
f 448//440 468//448 463//445 
f 469//449 450//433 454//433 
f 470//450 451//433 450//433 
f 470//450 450//433 469//449 
f 471//451 452//433 451//433 
f 471//451 451//433 470//450 
f 472//452 453//433 452//433 
f 472//452 452//433 471//451 
f 473//453 455//433 453//433 
f 473//453 453//433 472//452 
f 474//454 454//433 465//433 
f 469//449 454//433 474//454 
f 475//455 456//433 455//433 
f 475//455 455//433 473//453 
f 476//456 457//433 456//433 
f 476//456 456//433 475//455 
f 477//457 462//433 457//433 
f 477//457 457//433 476//456 
f 459//443 458//442 478//458 
f 459//443 478//458 479//459 
f 458//442 460//444 480//460 
f 458//442 480//460 478//458 
f 481//433 480//460 460//444 
f 481//433 460//444 461//433 
f 482//433 481//433 461//433 
f 482//433 461//433 462//433 
f 483//461 482//433 462//433 
f 483//461 462//433 477//457 
f 484//433 463//445 468//448 
f 464//433 463//445 484//433 
f 485//433 464//433 484//433 
f 465//433 464//433 485//433 
f 486//462 465//433 485//433 
f 474//454 465//433 486//462 
f 467//447 487//463 466//446 
f 488//464 487//463 467//447 
f 487//463 489//465 466//446 
f 466//446 489//465 468//448 
f 490//433 468//448 489//465 
f 484//433 468//448 490//433 
f 491//466 469//449 474//454 
f 492//467 470//450 469//449 
f 492//467 469//449 491//466 
f 493//468 471//451 470//450 
f 493//468 470//450 492//467 
f 494//469 472//452 471//451 
f 494//469 471//451 493//468 
f 495//470 473//453 472//452 
f 495//470 472//452 494//469 
f 496//471 475//455 473//453 
f 496//471 473//453 495//470 
f 497//472 474//454 486//462 
f 491//466 474//454 497//472 
f 498//473 476//456 475//455 
f 498//473 475//455 496//471 
f 499//474 477//457 476//456 
f 499//474 476//456 498//473 
f 500//475 483//461 477//457 
f 500//475 477//457 499//474 
f 479//459 478//458 501//476 
f 479//459 501//476 502//477 
f 478//458 480//460 503//478 
f 478//458 503//478 501//476 
f 504//433 503//478 480//460 
f 504//433 480//460 481//433 
f 505//433 504//433 481//433 
f 505//433 481//433 482//433 
f 506//479 505//433 482//433 
f 506//479 482//433 483//461 
f 507//480 506//479 483//461 
f 507//480 483//461 500//475 
f 508//433 484//433 490//433 
f 485//433 484//433 508//433 
f 488//464 509//481 487//463 
f 490//433 489//465 510//433 
f 511//433 490//433 510//433 
f 502//477 501//476 512//482 
f 502//477 512//482 513//483 
f 501//476 503//478 514//484 
f 501//476 514//484 512//482 
f 515//433 514//484 503//478 
f 515//433 503//478 504//433 
f 516//433 515//433 504//433 
f 516//433 504//433 505//433 
f 517//485 516//433 505//433 
f 517//485 505//433 506//479 
f 518//486 517//485 506//479 
f 518//486 506//479 507//480 
f 508//433 490//433 511//433 
f 519//487 508//433 511//433 
f 520//488 509//481 488//464 
f 511//433 510//433 521//433 
f 521//433 510//433 522//433 
f 523//489 511//433 521//433 
f 512//482 514//484 524//490 
f 525//433 515//433 516//433 
f 526//491 525//433 516//433 
f 527//492 517//485 518//486 
f 519//487 511//433 523//489 
f 528//493 519//487 523//489 
f 529//494 519//487 528//493 
f 530//495 531//496 520//488 
f 520//488 531//496 509//481 
f 528//493 523//489 532//497 
f 532//497 523//489 533//498 
f 512//482 524//490 534//499 
f 513//483 512//482 534//499 
f 535//500 525//433 526//491 
f 527//492 526//491 517//485 
f 530//495 536//501 531//496 
f 537//502 536//501 530//495 
f 536//501 538//503 531//496 
f 531//496 538//503 539//504 
f 531//496 539//504 509//481 
f 509//481 539//504 540//505 
f 509//481 540//505 487//463 
f 532//497 533//498 541//506 
f 541//506 533//498 542//507 
f 533//498 543//433 542//507 
f 533//498 521//433 543//433 
f 523//489 521//433 533//498 
f 513//483 534//499 544//508 
f 544//508 534//499 545//509 
f 544//508 545//509 546//510 
f 534//499 547//511 545//509 
f 534//499 524//490 547//511 
f 537//502 548//512 536//501 
f 549//513 548//512 537//502 
f 548//512 550//514 536//501 
f 536//501 550//514 538//503 
f 551//433 538//503 550//514 
f 552//433 539//504 538//503 
f 552//433 538//503 551//433 
f 522//433 540//505 539//504 
f 522//433 539//504 552//433 
f 543//433 522//433 552//433 
f 521//433 522//433 543//433 
f 510//433 540//505 522//433 
f 510//433 489//465 540//505 
f 541//506 542//507 553//515 
f 543//433 552//433 554//433 
f 554//433 552//433 551//433 
f 546//510 545//509 555//516 
f 546//510 555//516 556//517 
f 545//509 547//511 557//518 
f 545//509 557//518 555//516 
f 548//512 558//519 550//514 
f 554//433 551//433 559//433 
f 487//463 540//505 489//465 
f 560//520 554//433 559//433 
f 553//515 542//507 560//520 
f 542//507 543//433 554//433 
f 542//507 554//433 560//520 
f 553//515 560//520 561//521 
f 555//516 557//518 562//522 
f 555//516 562//522 563//523 
f 556//517 555//516 563//523 
f 556//517 563//523 564//524 
f 565//433 562//522 557//518 
f 565//433 557//518 566//433 
f 566//433 557//518 547//511 
f 567//525 568//526 549//513 
f 568//526 558//519 548//512 
f 568//526 569//527 558//519 
f 560//520 559//433 570//528 
f 561//521 560//520 570//528 
f 561//521 570//528 571//529 
f 572//433 562//522 565//433 
f 572//433 573//530 562//522 
f 563//523 562//522 573//530 
f 563//523 573//530 574//531 
f 564//524 563//523 574//531 
f 564//524 574//531 575//532 
f 576//433 565//433 566//433 
f 577//433 572//433 565//433 
f 577//433 565//433 576//433 
f 566//433 547//511 578//433 
f 579//433 566//433 578//433 
f 576//433 566//433 579//433 
f 578//433 547//511 524//490 
f 580//533 581//534 567//525 
f 581//534 569//527 568//526 
f 567//525 581//534 568//526 
f 580//533 582//535 581//534 
f 583//536 582//535 580//533 
f 584//433 558//519 569//527 
f 584//433 569//527 585//433 
f 586//433 558//519 584//433 
f 571//529 570//528 587//537 
f 571//529 587//537 588//218 
f 574//531 573//530 589//538 
f 574//531 589//538 590//539 
f 575//532 590//539 591//540 
f 575//532 574//531 590//539 
f 578//433 524//490 592//433 
f 579//433 578//433 593//433 
f 594//541 579//433 593//433 
f 592//433 524//490 514//484 
f 583//536 595//542 582//535 
f 596//543 595//542 583//536 
f 597//433 584//433 585//433 
f 597//433 585//433 598//433 
f 588//218 587//537 599//544 
f 587//537 597//433 599//544 
f 599//544 597//433 598//433 
f 587//537 600//433 597//433 
f 591//540 590//539 601//545 
f 591//540 601//545 602//546 
f 590//539 589//538 603//547 
f 590//539 603//547 601//545 
f 604//433 603//547 589//538 
f 592//433 514//484 515//433 
f 525//433 592//433 515//433 
f 593//433 592//433 525//433 
f 593//433 578//433 592//433 
f 596//543 605//548 595//542 
f 606//549 605//548 596//543 
f 605//548 607//550 595//542 
f 595//542 607//550 608//551 
f 595//542 608//551 582//535 
f 582//535 608//551 609//552 
f 582//535 609//552 581//534 
f 600//433 584//433 597//433 
f 599//544 598//433 610//553 
f 610//553 598//433 611//433 
f 598//433 612//433 611//433 
f 612//433 609//552 608//551 
f 598//433 585//433 612//433 
f 585//433 609//552 612//433 
f 613//554 599//544 610//553 
f 588//218 599//544 613//554 
f 600//433 586//433 584//433 
f 559//433 586//433 600//433 
f 614//433 603//547 604//433 
f 614//433 615//555 603//547 
f 535//500 593//433 525//433 
f 594//541 593//433 535//500 
f 606//549 616//556 605//548 
f 617//557 616//556 606//549 
f 617//557 618//558 616//556 
f 619//559 618//558 617//557 
f 616//556 620//560 605//548 
f 612//433 608//551 621//433 
f 611//433 612//433 621//433 
f 585//433 569//527 609//552 
f 613//554 610//553 622//561 
f 622//561 610//553 623//562 
f 611//433 621//433 624//433 
f 623//562 611//433 624//433 
f 559//433 551//433 586//433 
f 551//433 550//514 586//433 
f 586//433 550//514 558//519 
f 625//563 602//546 601//545 
f 626//433 615//555 614//433 
f 627//433 626//433 614//433 
f 627//433 614//433 628//433 
f 628//433 614//433 604//433 
f 626//433 629//564 615//555 
f 630//565 594//541 535//500 
f 631//566 594//541 630//565 
f 618//558 632//567 616//556 
f 616//556 632//567 620//560 
f 619//559 633//568 618//558 
f 634//569 633//568 619//559 
f 635//433 620//560 632//567 
f 636//433 620//560 635//433 
f 624//433 621//433 636//433 
f 636//433 607//550 620//560 
f 621//433 607//550 636//433 
f 621//433 608//551 607//550 
f 622//561 623//562 637//570 
f 637//570 623//562 638//571 
f 623//562 624//433 638//571 
f 610//553 611//433 623//562 
f 624//433 636//433 639//433 
f 639//433 636//433 635//433 
f 638//571 624//433 639//433 
f 625//563 601//545 640//572 
f 640//572 615//555 629//564 
f 625//563 640//572 641//573 
f 640//572 629//564 641//573 
f 642//433 629//564 626//433 
f 643//574 627//433 628//433 
f 628//433 604//433 644//433 
f 642//433 645//575 629//564 
f 641//573 629//564 645//575 
f 635//433 632//567 646//433 
f 634//569 647//576 633//568 
f 648//433 635//433 646//433 
f 639//433 635//433 648//433 
f 605//548 620//560 607//550 
f 637//570 638//571 649//577 
f 649//577 638//571 650//578 
f 638//571 639//433 650//578 
f 650//578 639//433 648//433 
f 641//573 645//575 651//579 
f 652//580 641//573 651//579 
f 625//563 641//573 652//580 
f 643//574 628//433 653//581 
f 653//581 628//433 644//433 
f 651//579 645//575 654//582 
f 648//433 646//433 655//433 
f 655//433 646//433 656//433 
f 647//576 657//583 633//568 
f 658//584 647//576 634//569 
f 659//585 648//433 655//433 
f 650//578 648//433 659//585 
f 649//577 650//578 660//586 
f 660//586 650//578 659//585 
f 651//579 654//582 661//587 
f 662//588 643//574 653//581 
f 662//588 653//581 663//589 
f 663//589 653//581 664//590 
f 665//118 643//574 662//588 
f 653//581 644//433 664//590 
f 661//587 654//582 666//591 
f 655//433 656//433 667//433 
f 668//592 655//433 667//433 
f 667//433 656//433 669//433 
f 656//433 657//583 669//433 
f 658//584 670//593 647//576 
f 660//586 659//585 671//594 
f 671//594 659//585 668//592 
f 659//585 655//433 668//592 
f 661//587 666//591 672//595 
f 673//596 661//587 672//595 
f 663//589 664//590 674//597 
f 674//597 664//590 675//598 
f 664//590 676//433 675//598 
f 664//590 644//433 676//433 
f 672//595 666//591 677//599 
f 678//433 677//599 666//591 
f 667//433 669//433 679//433 
f 680//600 667//433 679//433 
f 671//594 668//592 681//601 
f 679//433 669//433 682//433 
f 670//593 683//602 647//576 
f 670//593 684//603 683//602 
f 682//433 683//602 684//603 
f 685//604 670//593 658//584 
f 672//595 677//599 686//605 
f 674//597 675//598 687//606 
f 644//433 688//433 676//433 
f 689//433 677//599 678//433 
f 690//433 689//433 678//433 
f 681//601 668//592 680//600 
f 691//607 684//603 670//593 
f 685//604 691//607 670//593 
f 691//607 692//608 684//603 
f 693//609 691//607 685//604 
f 694//610 672//595 686//605 
f 673//596 672//595 694//610 
f 676//433 688//433 572//433 
f 688//433 573//530 572//433 
f 688//433 589//538 573//530 
f 644//433 604//433 688//433 
f 604//433 589//538 688//433 
f 668//592 667//433 680//600 
f 681//601 680//600 695//611 
f 695//611 680//600 696//612 
f 697//613 692//608 691//607 
f 693//609 697//613 691//607 
f 698//433 684//603 692//608 
f 698//433 692//608 699//433 
f 682//433 684//603 698//433 
f 700//614 697//613 693//609 
f 695//611 696//612 701//615 
f 701//615 696//612 702//616 
f 696//612 703//433 702//616 
f 703//433 682//433 698//433 
f 696//612 679//433 703//433 
f 679//433 682//433 703//433 
f 680//600 679//433 696//612 
f 700//614 704//617 697//613 
f 704//617 705//618 697//613 
f 697//613 705//618 692//608 
f 699//433 692//608 705//618 
f 706//433 698//433 699//433 
f 703//433 698//433 706//433 
f 702//616 703//433 706//433 
f 699//433 705//618 707//433 
f 708//433 699//433 707//433 
f 706//433 699//433 708//433 
f 709//619 704//617 700//614 
f 701//615 702//616 710//620 
f 710//620 702//616 711//621 
f 702//616 706//433 711//621 
f 711//621 706//433 708//433 
f 704//617 712//622 705//618 
f 707//433 705//618 712//622 
f 713//623 712//622 704//617 
f 709//619 713//623 704//617 
f 707//433 712//622 714//433 
f 715//433 707//433 714//433 
f 708//433 707//433 715//433 
f 716//624 708//433 715//433 
f 711//621 708//433 716//624 
f 717//625 713//623 709//619 
f 718//626 719//627 717//625 
f 717//625 719//627 713//623 
f 718//626 686//605 719//627 
f 710//620 711//621 720//628 
f 720//628 711//621 716//624 
f 714//433 712//622 721//629 
f 713//623 721//629 712//622 
f 719//627 721//629 713//623 
f 714//433 721//629 722//433 
f 723//433 714//433 722//433 
f 715//433 714//433 723//433 
f 724//630 715//433 723//433 
f 716//624 715//433 724//630 
f 725//631 716//624 724//630 
f 720//628 716//624 725//631 
f 686//605 726//632 719//627 
f 719//627 726//632 721//629 
f 722//433 721//629 726//632 
f 686//605 677//599 726//632 
f 694//610 686//605 718//626 
f 722//433 726//632 689//433 
f 689//433 726//632 677//599 
f 727//433 722//433 689//433 
f 723//433 722//433 727//433 
f 728//633 723//433 727//433 
f 724//630 723//433 728//633 
f 729//634 724//630 728//633 
f 725//631 724//630 729//634 
f 727//433 689//433 690//433 
f 730//635 727//433 690//433 
f 728//633 727//433 730//635 
f 731//636 728//633 730//635 
f 729//634 728//633 731//636 
f 732//637 661//587 673//596 
f 732//637 651//579 661//587 
f 652//580 651//579 732//637 
f 730//635 690//433 733//638 
f 733//638 690//433 734//433 
f 690//433 678//433 734//433 
f 735//143 730//635 733//638 
f 731//636 730//635 735//143 
f 735//143 733//638 736//639 
f 736//639 733//638 737//640 
f 733//638 734//433 737//640 
f 734//433 678//433 738//433 
f 734//433 738//433 739//433 
f 737//640 734//433 739//433 
f 678//433 666//591 738//433 
f 736//639 737//640 740//641 
f 740//641 737//640 741//642 
f 737//640 739//433 741//642 
f 738//433 666//591 654//582 
f 738//433 654//582 742//433 
f 739//433 738//433 742//433 
f 739//433 742//433 743//433 
f 741//642 739//433 743//433 
f 740//641 741//642 744//643 
f 744//643 741//642 745//644 
f 741//642 743//433 745//644 
f 742//433 654//582 645//575 
f 742//433 645//575 642//433 
f 743//433 742//433 642//433 
f 743//433 642//433 746//433 
f 745//644 743//433 746//433 
f 744//643 745//644 747//645 
f 747//645 745//644 748//646 
f 745//644 746//433 748//646 
f 746//433 642//433 626//433 
f 746//433 626//433 627//433 
f 748//646 746//433 627//433 
f 747//645 748//646 665//118 
f 665//118 748//646 643//574 
f 748//646 627//433 643//574 
f 529//494 749//647 519//487 
f 750//648 749//647 529//494 
f 750//648 486//462 749//647 
f 749//647 508//433 519//487 
f 749//647 485//433 508//433 
f 486//462 485//433 749//647 
f 497//472 486//462 750//648 
f 751//649 535//500 526//491 
f 630//565 535//500 751//649 
f 751//649 526//491 527//492 
f 526//491 516//433 517//485 
f 631//566 752//650 594//541 
f 753//651 752//650 631//566 
f 753//651 754//652 752//650 
f 752//650 579//433 594//541 
f 752//650 576//433 579//433 
f 754//652 576//433 752//650 
f 687//606 754//652 753//651 
f 687//606 675//598 754//652 
f 754//652 577//433 576//433 
f 675//598 577//433 754//652 
f 675//598 676//433 577//433 
f 676//433 572//433 577//433 
f 669//433 657//583 683//602 
f 647//576 683//602 657//583 
f 669//433 683//602 682//433 
f 656//433 755//653 657//583 
f 633//568 657//583 755//653 
f 646//433 755//653 656//433 
f 646//433 632//567 755//653 
f 633//568 755//653 618//558 
f 618//558 755//653 632//567 
f 640//572 601//545 603//547 
f 640//572 603//547 615//555 
f 581//534 609//552 569//527 
f 570//528 559//433 600//433 
f 570//528 600//433 587//537 
f 549//513 568//526 548//512 
f 756//654 757//655 758//656 
f 756//654 759//657 757//655 
f 760//658 759//657 756//654 
f 758//656 757//655 761//659 
f 758//656 761//659 762//660 
f 760//658 763//661 759//657 
f 764//662 763//661 760//658 
f 765//663 761//659 757//655 
f 765//663 757//655 766//664 
f 766//664 757//655 759//657 
f 766//664 759//657 767//665 
f 767//665 759//657 763//661 
f 762//660 761//659 768//666 
f 762//660 768//666 769//667 
f 770//668 768//666 761//659 
f 770//668 761//659 765//663 
f 764//662 771//669 763//661 
f 772//670 771//669 764//662 
f 773//671 763//661 771//669 
f 767//665 763//661 773//671 
f 774//672 765//663 766//664 
f 775//673 770//668 765//663 
f 775//673 765//663 774//672 
f 776//674 766//664 767//665 
f 774//672 766//664 776//674 
f 777//675 767//665 773//671 
f 776//674 767//665 777//675 
f 778//676 769//667 768//666 
f 778//676 768//666 779//677 
f 780//678 779//677 768//666 
f 780//678 768//666 770//668 
f 781//679 780//678 770//668 
f 781//679 770//668 775//673 
f 772//670 782//680 771//669 
f 783//681 782//680 772//670 
f 773//671 771//669 784//682 
f 784//682 771//669 782//680 
f 785//683 773//671 784//682 
f 777//675 773//671 785//683 
f 786//684 774//672 776//674 
f 786//684 787//685 774//672 
f 787//685 775//673 774//672 
f 787//685 788//686 775//673 
f 788//686 781//679 775//673 
f 789//687 786//684 776//674 
f 789//687 776//674 777//675 
f 790//688 789//687 777//675 
f 790//688 777//675 785//683 
f 778//676 779//677 791//689 
f 778//676 791//689 792//690 
f 793//691 791//689 779//677 
f 793//691 779//677 780//678 
f 794//692 793//691 780//678 
f 794//692 780//678 781//679 
f 788//686 795//693 781//679 
f 795//693 794//692 781//679 
f 783//681 796//694 782//680 
f 784//682 782//680 797//695 
f 797//695 782//680 796//694 
f 798//696 796//694 783//681 
f 799//697 784//682 797//695 
f 785//683 784//682 799//697 
f 800//698 790//688 785//683 
f 800//698 785//683 799//697 
f 787//685 786//684 801//699 
f 786//684 789//687 802//700 
f 786//684 802//700 801//699 
f 788//686 787//685 803//701 
f 787//685 801//699 803//701 
f 795//693 788//686 804//702 
f 788//686 803//701 804//702 
f 789//687 790//688 805//703 
f 789//687 805//703 802//700 
f 790//688 800//698 806//704 
f 790//688 806//704 805//703 
f 792//690 791//689 807//705 
f 792//690 807//705 808//706 
f 809//707 807//705 791//689 
f 809//707 791//689 793//691 
f 810//708 809//707 793//691 
f 810//708 793//691 794//692 
f 795//693 811//709 794//692 
f 811//709 810//708 794//692 
f 811//709 795//693 812//710 
f 795//693 804//702 812//710 
f 798//696 813//711 796//694 
f 797//695 796//694 814//712 
f 814//712 796//694 813//711 
f 815//713 797//695 814//712 
f 799//697 797//695 815//713 
f 816//714 813//711 798//696 
f 817//715 800//698 799//697 
f 817//715 799//697 815//713 
f 800//698 817//715 818//716 
f 800//698 818//716 806//704 
f 819//717 803//701 801//699 
f 819//717 801//699 820//718 
f 820//718 801//699 802//700 
f 820//718 802//700 821//719 
f 821//719 802//700 805//703 
f 822//720 804//702 803//701 
f 822//720 803//701 819//717 
f 823//721 812//710 804//702 
f 823//721 804//702 822//720 
f 821//719 805//703 824//722 
f 824//722 805//703 806//704 
f 824//722 806//704 825//723 
f 825//723 806//704 818//716 
f 808//706 807//705 826//724 
f 808//706 826//724 827//725 
f 828//726 826//724 807//705 
f 828//726 807//705 809//707 
f 829//727 828//726 809//707 
f 829//727 809//707 810//708 
f 811//709 830//728 810//708 
f 830//728 829//727 810//708 
f 830//728 811//709 831//729 
f 811//709 812//710 831//729 
f 832//730 831//729 812//710 
f 832//730 812//710 823//721 
f 816//714 833//731 813//711 
f 814//712 813//711 834//732 
f 834//732 813//711 833//731 
f 835//733 814//712 834//732 
f 815//713 814//712 835//733 
f 836//734 817//715 815//713 
f 836//734 815//713 835//733 
f 837//735 833//731 816//714 
f 817//715 836//734 838//736 
f 817//715 838//736 818//716 
f 825//723 818//716 839//737 
f 839//737 818//716 838//736 
f 827//725 826//724 840//738 
f 827//725 840//738 841//739 
f 842//740 840//738 826//724 
f 842//740 826//724 828//726 
f 843//741 842//740 828//726 
f 843//741 828//726 829//727 
f 830//728 844//742 829//727 
f 844//742 843//741 829//727 
f 844//742 830//728 845//743 
f 830//728 831//729 845//743 
f 846//744 845//743 831//729 
f 846//744 831//729 832//730 
f 837//735 847//745 833//731 
f 834//732 833//731 848//746 
f 848//746 833//731 847//745 
f 849//747 834//732 848//746 
f 835//733 834//732 849//747 
f 850//748 836//734 835//733 
f 850//748 835//733 849//747 
f 836//734 850//748 851//749 
f 836//734 851//749 838//736 
f 852//750 847//745 837//735 
f 839//737 838//736 853//751 
f 853//751 838//736 851//749 
f 841//739 840//738 854//752 
f 841//739 854//752 855//753 
f 856//754 854//752 840//738 
f 856//754 840//738 842//740 
f 857//755 856//754 842//740 
f 857//755 842//740 843//741 
f 844//742 858//756 843//741 
f 858//756 857//755 843//741 
f 858//756 844//742 859//757 
f 844//742 845//743 859//757 
f 860//758 859//757 845//743 
f 860//758 845//743 846//744 
f 852//750 861//759 847//745 
f 848//746 847//745 862//760 
f 862//760 847//745 861//759 
f 863//761 848//746 862//760 
f 849//747 848//746 863//761 
f 864//762 850//748 849//747 
f 864//762 849//747 863//761 
f 850//748 864//762 865//763 
f 850//748 865//763 851//749 
f 853//751 851//749 866//764 
f 866//764 851//749 865//763 
f 867//765 861//759 852//750 
f 855//753 854//752 868//766 
f 855//753 868//766 869//767 
f 870//768 868//766 854//752 
f 870//768 854//752 856//754 
f 871//769 870//768 856//754 
f 871//769 856//754 857//755 
f 872//770 871//769 857//755 
f 858//756 872//770 857//755 
f 872//770 858//756 873//771 
f 858//756 859//757 873//771 
f 874//772 873//771 859//757 
f 874//772 859//757 860//758 
f 867//765 875//773 861//759 
f 862//760 861//759 876//774 
f 877//775 862//760 876//774 
f 863//761 862//760 877//775 
f 866//764 865//763 878//776 
f 879//777 868//766 870//768 
f 880//778 879//777 870//768 
f 880//778 870//768 871//769 
f 881//779 873//771 874//772 
f 882//780 875//773 867//765 
f 882//780 883//781 875//773 
f 876//774 861//759 875//773 
f 876//774 875//773 884//782 
f 884//782 875//773 883//781 
f 885//783 876//774 884//782 
f 877//775 876//774 885//783 
f 886//784 877//775 885//783 
f 886//784 887//785 877//775 
f 887//785 863//761 877//775 
f 887//785 864//762 863//761 
f 878//776 888//786 889//787 
f 864//762 887//785 888//786 
f 878//776 865//763 888//786 
f 864//762 888//786 865//763 
f 890//788 879//777 880//778 
f 891//789 880//778 871//769 
f 872//770 891//789 871//769 
f 892//790 883//781 882//780 
f 892//790 893//791 883//781 
f 884//782 883//781 894//792 
f 894//792 883//781 893//791 
f 887//785 886//784 895//793 
f 887//785 895//793 888//786 
f 889//787 888//786 895//793 
f 889//787 895//793 896//794 
f 891//789 872//770 897//795 
f 891//789 897//795 898//796 
f 899//797 893//791 892//790 
f 899//797 900//798 893//791 
f 894//792 893//791 901//799 
f 902//800 894//792 901//799 
f 903//801 884//782 894//792 
f 885//783 884//782 903//801 
f 896//794 895//793 904//802 
f 905//803 906//804 907//805 
f 905//803 908//806 906//804 
f 909//807 908//806 905//803 
f 910//808 898//796 897//795 
f 910//808 897//795 881//779 
f 881//779 897//795 873//771 
f 911//809 898//796 910//808 
f 912//810 900//798 899//797 
f 912//810 913//811 900//798 
f 901//799 893//791 900//798 
f 901//799 900//798 914//812 
f 915//813 901//799 914//812 
f 902//800 901//799 915//813 
f 896//794 904//802 916//814 
f 916//814 904//802 917//815 
f 907//805 906//804 918//816 
f 907//805 918//816 919//817 
f 909//807 920//818 908//806 
f 921//819 913//811 912//810 
f 921//819 922//820 913//811 
f 914//812 900//798 913//811 
f 914//812 913//811 923//821 
f 924//822 914//812 923//821 
f 915//813 914//812 924//822 
f 925//823 915//813 924//822 
f 925//823 926//824 915//813 
f 926//824 902//800 915//813 
f 926//824 927//825 902//800 
f 916//814 917//815 928//826 
f 919//817 918//816 929//827 
f 919//817 929//827 930//828 
f 931//829 929//827 918//816 
f 931//829 918//816 932//830 
f 932//830 918//816 906//804 
f 933//831 920//818 909//807 
f 933//831 934//832 920//818 
f 935//833 908//806 920//818 
f 935//833 920//818 936//834 
f 937//835 906//804 908//806 
f 932//830 906//804 937//835 
f 938//836 922//820 921//819 
f 938//836 939//837 922//820 
f 923//821 913//811 922//820 
f 923//821 922//820 940//838 
f 941//839 923//821 940//838 
f 924//822 923//821 941//839 
f 942//840 925//823 924//822 
f 942//840 924//822 941//839 
f 926//824 925//823 943//841 
f 925//823 942//840 944//842 
f 925//823 944//842 943//841 
f 927//825 903//801 902//800 
f 927//825 945//843 903//801 
f 930//828 929//827 946//844 
f 930//828 946//844 947//845 
f 948//846 946//844 929//827 
f 948//846 929//827 931//829 
f 949//847 931//829 932//830 
f 950//848 948//846 931//829 
f 950//848 931//829 949//847 
f 951//849 932//830 937//835 
f 949//847 932//830 951//849 
f 869//767 934//832 933//831 
f 869//767 868//766 934//832 
f 936//834 920//818 934//832 
f 936//834 934//832 879//777 
f 937//835 908//806 935//833 
f 952//850 937//835 935//833 
f 953//851 939//837 938//836 
f 953//851 954//852 939//837 
f 940//838 922//820 939//837 
f 940//838 939//837 955//853 
f 955//853 939//837 954//852 
f 956//854 940//838 955//853 
f 941//839 940//838 956//854 
f 957//855 942//840 941//839 
f 957//855 941//839 956//854 
f 942//840 957//855 958//856 
f 942//840 958//856 944//842 
f 959//857 943//841 944//842 
f 960//858 943//841 959//857 
f 960//858 961//859 943//841 
f 926//824 943//841 961//859 
f 927//825 926//824 961//859 
f 959//857 944//842 962//860 
f 945//843 885//783 903//801 
f 945//843 927//825 917//815 
f 927//825 961//859 917//815 
f 945//843 917//815 904//802 
f 963//861 946//844 948//846 
f 964//862 963//861 948//846 
f 965//863 949//847 951//849 
f 964//862 948//846 950//848 
f 879//777 934//832 868//766 
f 952//850 935//833 966//864 
f 966//864 935//833 936//834 
f 890//788 936//834 879//777 
f 966//864 936//834 890//788 
f 967//865 952//850 966//864 
f 967//865 968//866 952//850 
f 968//866 951//849 952//850 
f 968//866 965//863 951//849 
f 956//854 955//853 969//867 
f 969//867 955//853 970//868 
f 971//869 957//855 956//854 
f 957//855 971//869 972//870 
f 928//826 961//859 960//858 
f 928//826 917//815 961//859 
f 962//860 958//856 973//871 
f 973//871 958//856 972//870 
f 957//855 972//870 958//856 
f 962//860 944//842 958//856 
f 886//784 945//843 904//802 
f 886//784 904//802 895//793 
f 945//843 886//784 885//783 
f 974//872 963//861 964//862 
f 974//872 975//873 963//861 
f 965//863 968//866 976//874 
f 977//875 967//865 966//864 
f 977//875 966//864 890//788 
f 978//876 977//875 890//788 
f 978//876 890//788 880//778 
f 968//866 967//865 979//877 
f 968//866 979//877 976//874 
f 967//865 977//875 980//878 
f 967//865 980//878 979//877 
f 951//849 937//835 952//850 
f 981//879 954//852 953//851 
f 969//867 970//868 982//880 
f 971//869 983//881 972//870 
f 984//882 975//873 974//872 
f 985//883 984//882 974//872 
f 975//873 986//884 963//861 
f 947//845 986//884 987//885 
f 988//886 976//874 979//877 
f 977//875 978//876 989//887 
f 977//875 989//887 980//878 
f 978//876 898//796 989//887 
f 978//876 891//789 898//796 
f 988//886 979//877 990//888 
f 990//888 979//877 980//878 
f 991//889 992//890 981//879 
f 981//879 992//890 954//852 
f 991//889 993//891 992//890 
f 994//892 993//891 991//889 
f 992//890 970//868 954//852 
f 955//853 954//852 970//868 
f 995//893 982//880 970//868 
f 996//894 982//880 995//893 
f 971//869 956//854 969//867 
f 997//895 971//869 969//867 
f 998//896 999//897 1000//898 
f 947//845 946//844 986//884 
f 984//882 1001//899 975//873 
f 1002//900 1001//899 984//882 
f 985//883 1003//901 984//882 
f 1003//901 1002//900 984//882 
f 1001//899 1004//902 975//873 
f 998//896 1004//902 999//897 
f 1001//899 999//897 1004//902 
f 1005//903 980//878 989//887 
f 990//888 980//878 1005//903 
f 891//789 978//876 880//778 
f 994//892 1006//904 993//891 
f 1007//905 1006//904 994//892 
f 1008//906 996//894 995//893 
f 1008//906 995//893 1009//907 
f 996//894 1008//906 1010//908 
f 997//895 969//867 982//880 
f 996//894 997//895 982//880 
f 997//895 996//894 1011//909 
f 996//894 1010//908 1011//909 
f 1012//910 999//897 1001//899 
f 1002//900 1012//910 1001//899 
f 987//885 1004//902 998//896 
f 1013//911 1012//910 1002//900 
f 1003//901 1014//912 1002//900 
f 1014//912 1013//911 1002//900 
f 1014//912 1003//901 1015//913 
f 1003//901 985//883 1016//914 
f 1003//901 1016//914 1015//913 
f 985//883 1017//915 1016//914 
f 985//883 1018//916 1017//915 
f 1018//916 985//883 974//872 
f 987//885 986//884 1004//902 
f 975//873 1004//902 986//884 
f 1005//903 989//887 911//809 
f 1007//905 1019//917 1006//904 
f 1020//918 1019//917 1007//905 
f 1021//919 993//891 1006//904 
f 1021//919 1006//904 1022//920 
f 1022//920 1006//904 1019//917 
f 1009//907 1021//919 1022//920 
f 1023//921 993//891 1021//919 
f 1023//921 992//890 993//891 
f 1009//907 1022//920 1024//922 
f 997//895 1011//909 983//881 
f 1025//923 983//881 1011//909 
f 1025//923 1011//909 1026//924 
f 971//869 997//895 983//881 
f 1014//912 1027//925 1013//911 
f 1027//925 1028//926 1013//911 
f 1028//926 1029//927 1013//911 
f 1013//911 1029//927 1012//910 
f 1027//925 1014//912 1030//928 
f 1014//912 1015//913 1030//928 
f 1031//929 1030//928 1015//913 
f 1031//929 1015//913 1032//930 
f 1032//930 1015//913 1016//914 
f 1032//930 1016//914 1033//931 
f 1033//931 1016//914 1017//915 
f 1033//931 1017//915 1034//932 
f 1034//932 1017//915 1035//933 
f 1018//916 1035//933 1017//915 
f 1018//916 1036//934 1035//933 
f 1036//934 1018//916 964//862 
f 1018//916 974//872 964//862 
f 911//809 989//887 898//796 
f 1020//918 1037//935 1019//917 
f 1038//936 1037//935 1020//918 
f 995//893 1023//921 1021//919 
f 1024//922 1022//920 1039//937 
f 992//890 1023//921 970//868 
f 1024//922 1039//937 1040//938 
f 1041//939 1024//922 1040//938 
f 1041//939 1042//940 1024//922 
f 1043//941 983//881 1025//923 
f 1027//925 1030//928 1044//942 
f 1045//943 1027//925 1044//942 
f 1027//925 1045//943 1028//926 
f 1028//926 1046//944 1029//927 
f 1047//945 1046//944 1028//926 
f 1045//943 1047//945 1028//926 
f 1046//944 1048//946 1029//927 
f 1029//927 1048//946 1049//947 
f 1029//927 1049//947 1012//910 
f 1012//910 1049//947 999//897 
f 1050//948 1044//942 1030//928 
f 1050//948 1030//928 1031//929 
f 1036//934 964//862 950//848 
f 995//893 970//868 1023//921 
f 1040//938 1039//937 1051//949 
f 1039//937 1037//935 1051//949 
f 1040//938 1051//949 1052//950 
f 1042//940 1009//907 1024//922 
f 1053//951 1044//942 1050//948 
f 1053//951 1054//952 1044//942 
f 1045//943 1044//942 1054//952 
f 1055//953 1045//943 1054//952 
f 1045//943 1055//953 1047//945 
f 1046//944 1056//954 1048//946 
f 1057//955 1056//954 1046//944 
f 1047//945 1057//955 1046//944 
f 1000//898 999//897 1049//947 
f 1058//956 1036//934 950//848 
f 1036//934 1058//956 1059//957 
f 1060//958 1059//957 1061//959 
f 1051//949 1037//935 1062//960 
f 1051//949 1062//960 1063//961 
f 1052//950 1051//949 1063//961 
f 1052//950 1063//961 1064//962 
f 1065//963 1052//950 1064//962 
f 1042//940 1008//906 1009//907 
f 1008//906 1042//940 1066//964 
f 1042//940 1067//965 1066//964 
f 1068//966 1054//952 1053//951 
f 1068//966 1069//967 1054//952 
f 1055//953 1054//952 1069//967 
f 1070//968 1055//953 1069//967 
f 1055//953 1070//968 1071//969 
f 1071//969 1057//955 1047//945 
f 1055//953 1071//969 1047//945 
f 1071//969 1072//970 1057//955 
f 1060//958 1035//933 1059//957 
f 1036//934 1059//957 1035//933 
f 1034//932 1035//933 1060//958 
f 1058//956 1073//971 1059//957 
f 1061//959 1059//957 1073//971 
f 1061//959 1073//971 1074//972 
f 1063//961 1062//960 1075//973 
f 1063//961 1075//973 1076//974 
f 1064//962 1063//961 1076//974 
f 1064//962 1076//974 1077//975 
f 1008//906 1066//964 1010//908 
f 1042//940 1041//939 1067//965 
f 1070//968 1078//976 1071//969 
f 1072//970 1079//977 1057//955 
f 1072//970 1080//978 1079//977 
f 1074//972 1073//971 976//874 
f 1058//956 965//863 1073//971 
f 965//863 976//874 1073//971 
f 1074//972 976//874 988//886 
f 1081//979 1080//978 1082//980 
f 1081//979 1079//977 1080//978 
f 1082//980 1080//978 1083//981 
f 1076//974 1075//973 1083//981 
f 1084//982 1083//981 1075//973 
f 1082//980 1083//981 1084//982 
f 1076//974 1083//981 1085//983 
f 1077//975 1076//974 1085//983 
f 1077//975 1085//983 1078//976 
f 1078//976 1085//983 1072//970 
f 1085//983 1083//981 1080//978 
f 1085//983 1080//978 1072//970 
f 1086//984 1077//975 1078//976 
f 1070//968 1086//984 1078//976 
f 1041//939 1087//985 1067//965 
f 1041//939 1088//986 1087//985 
f 1088//986 1041//939 1040//938 
f 1089//987 1067//965 1087//985 
f 1090//988 1067//965 1089//987 
f 1078//976 1072//970 1071//969 
f 1091//989 1079//977 1081//979 
f 965//863 1058//956 949//847 
f 1058//956 950//848 949//847 
f 1089//987 1087//985 1092//990 
f 1092//990 1087//985 1093//991 
f 1088//986 1093//991 1087//985 
f 1088//986 1065//963 1093//991 
f 1065//963 1088//986 1052//950 
f 1088//986 1040//938 1052//950 
f 1094//992 1066//964 1090//988 
f 1090//988 1066//964 1067//965 
f 1095//993 1096//994 1097//995 
f 1098//996 1099//997 1095//993 
f 1095//993 1099//997 1096//994 
f 1097//995 1096//994 1100//998 
f 1101//999 1096//994 1099//997 
f 1097//995 1100//998 1102//1000 
f 1092//990 1093//991 1098//996 
f 1098//996 1093//991 1099//997 
f 1065//963 1101//999 1099//997 
f 1065//963 1099//997 1093//991 
f 1102//1000 1100//998 1069//967 
f 1070//968 1069//967 1100//998 
f 1086//984 1070//968 1100//998 
f 1086//984 1100//998 1096//994 
f 1101//999 1086//984 1096//994 
f 1086//984 1101//999 1077//975 
f 1101//999 1065//963 1064//962 
f 1101//999 1064//962 1077//975 
f 1102//1000 1069//967 1068//966 
f 973//871 972//870 1043//941 
f 1043//941 972//870 983//881 
f 1038//936 1062//960 1037//935 
f 1103//1001 1062//960 1038//936 
f 1103//1001 1075//973 1062//960 
f 1084//982 1075//973 1103//1001 
f 1039//937 1019//917 1037//935 
f 1022//920 1019//917 1039//937 
f 1091//989 1056//954 1079//977 
f 1104//1002 1056//954 1091//989 
f 1104//1002 1048//946 1056//954 
f 1057//955 1079//977 1056//954 
f 1105//1003 1048//946 1104//1002 
f 1105//1003 1049//947 1048//946 
f 1000//898 1049//947 1105//1003 
f 963//861 986//884 946//844 
f 903//801 894//792 902//800 
f 995//893 1021//919 1009//907 
f 1026//924 1011//909 1010//908 
f 1026//924 1010//908 1094//992 
f 1094//992 1010//908 1066//964 
f 872//770 873//771 897//795 
f 1106//1004 1107//1005 1108//1006 
f 1109//1007 1107//1005 1106//1004 
f 1109//1007 1110//1008 1107//1005 
f 1111//1009 1112//1010 1113//1011 
f 1111//1009 1114//1012 1112//1010 
f 1108//1006 1114//1012 1111//1009 
f 1107//1005 1114//1012 1108//1006 
f 1107//1005 73//1013 1114//1012 
f 1107//1005 1115//1014 73//1013 
f 1110//1008 1115//1014 1107//1005 
f 1110//1008 1116//1015 1115//1014 
f 1117//1016 1116//1015 1110//1008 
f 1117//1016 1118//1017 1116//1015 
f 73//1013 1115//1014 71//1018 
f 1115//1014 1119//1019 1120//1020 
f 1116//1015 1119//1019 1115//1014 
f 1118//1017 1119//1019 1116//1015 
f 1118//1017 1121//1021 1119//1019 
f 1122//1022 1121//1021 1118//1017 
f 1122//1022 1123//1023 1121//1021 
f 71//1018 1124//1024 70//1025 
f 1115//1014 1124//1024 71//1018 
f 1115//1014 1125//1026 1124//1024 
f 1120//1020 1125//1026 1115//1014 
f 1120//1020 1126//1027 1125//1026 
f 1120//1020 1127//1028 1126//1027 
f 1119//1019 1127//1028 1120//1020 
f 1119//1019 1128//1029 1127//1028 
f 1121//1021 1128//1029 1119//1019 
f 1121//1021 1129//1030 1128//1029 
f 1126//1027 1130//1031 1125//1026 
f 1131//1032 1132//1033 1133//1034 
f 1134//1035 1132//1033 1131//1032 
f 1134//1035 1135//1036 1132//1033 
f 1136//1037 1135//1036 1134//1035 
f 1136//1037 1130//1031 1135//1036 
f 1137//1038 1130//1031 1136//1037 
f 1137//1038 1125//1026 1130//1031 
f 1137//1038 1124//1024 1125//1026 
f 1138//1039 1124//1024 1137//1038 
f 1138//1039 70//1025 1124//1024 
f 1139//1040 1134//1035 1131//1032 
f 1139//1040 1136//1037 1134//1035 
f 1140//1041 1136//1037 1139//1040 
f 1140//1041 1137//1038 1136//1037 
f 1138//1039 1137//1038 1140//1041 
f 1140//1041 70//1025 1138//1039 
f 1140//1041 69//1042 70//1025 
f 1139//1040 69//1042 1140//1041 
f 1139//1040 68//1043 69//1042 
f 1141//1044 68//1043 1139//1040 
f 1141//1044 1142//1045 68//1043 
f 1143//1046 1142//1045 1141//1044 
f 1144//1047 1142//1045 1143//1046 
f 1144//1047 1145//1048 1142//1045 
f 1144//1047 1146//1049 1145//1048 
f 1147//1050 1131//1032 1148//1051 
f 1147//1050 1139//1040 1131//1032 
f 1149//1052 1139//1040 1147//1050 
f 1149//1052 1141//1044 1139//1040 
f 1150//1053 1141//1044 1149//1052 
f 1151//1054 1141//1044 1150//1053 
f 1151//1054 1143//1046 1141//1044 
f 1147//1050 1152//1055 1149//1052 
f 1148//1051 1152//1055 1147//1050 
f 1148//1051 1153//1056 1152//1055 
f 1154//1057 1153//1056 1148//1051 
f 1155//1058 1153//1056 1154//1057 
f 1155//1058 1156//1059 1153//1056 
f 1157//1060 1156//1059 1155//1058 
f 1157//1060 1158//1061 1156//1059 
f 1157//1060 1159//1062 1158//1061 
f 1160//1063 1159//1062 1157//1060 
f 1160//1063 1161//1064 1162//1065 
f 1160//1063 1163//1066 1161//1064 
f 1157//1060 1163//1066 1160//1063 
f 1157//1060 1164//1067 1163//1066 
f 1155//1058 1164//1067 1157//1060 
f 1155//1058 1165//1068 1164//1067 
f 1154//1057 1165//1068 1155//1058 
f 1154//1057 1166//1069 1165//1068 
f 1148//1051 1166//1069 1154//1057 
f 1148//1051 1131//1032 1166//1069 
f 1161//1064 1167//1070 1168//1071 
f 1163//1066 1167//1070 1161//1064 
f 1163//1066 1169//1072 1167//1070 
f 1164//1067 1169//1072 1163//1066 
f 1164//1067 1170//1073 1169//1072 
f 1165//1068 1170//1073 1164//1067 
f 1165//1068 1171//1074 1170//1073 
f 1166//1069 1171//1074 1165//1068 
f 1166//1069 1133//1034 1171//1074 
f 1131//1032 1133//1034 1166//1069 
f 1172//1075 1173//1076 1174//1077 
f 1175//1078 1173//1076 1172//1075 
f 1175//1078 1176//1079 1173//1076 
f 1177//1080 1176//1079 1175//1078 
f 1177//1080 1178//1081 1176//1079 
f 1177//1080 1179//1082 1178//1081 
f 1180//1083 1179//1082 1177//1080 
f 1180//1083 1181//1084 1179//1082 
f 1162//1065 1181//1084 1180//1083 
f 1162//1065 1161//1064 1181//1084 
f 1176//1079 1182//1085 1173//1076 
f 1176//1079 1183//1086 1182//1085 
f 1178//1081 1183//1086 1176//1079 
f 1178//1081 1184//1087 1183//1086 
f 1178//1081 1185//1088 1184//1087 
f 1179//1082 1185//1088 1178//1081 
f 1179//1082 1186//1089 1185//1088 
f 1181//1084 1186//1089 1179//1082 
f 1181//1084 1168//1071 1186//1089 
f 1161//1064 1168//1071 1181//1084 
f 1187//1090 1188//1091 1189//1092 
f 1190//1093 1188//1091 1191//1094 
f 1190//1093 1189//1092 1188//1091 
f 1192//1095 1189//1092 1190//1093 
f 1193//1096 1189//1092 1192//1095 
f 1193//1096 1187//1090 1189//1092 
f 1193//1096 1194//1097 1187//1090 
f 1195//1098 1194//1097 1193//1096 
f 1195//1098 1196//1099 1194//1097 
f 1197//1100 1196//1099 1195//1098 
f 1197//1100 1198//1101 1196//1099 
f 1199//1102 1192//1095 1200//1103 
f 1199//1102 1193//1096 1192//1095 
f 1201//1104 1193//1096 1199//1102 
f 1201//1104 1195//1098 1193//1096 
f 1202//1105 1195//1098 1201//1104 
f 1202//1105 1197//1100 1195//1098 
f 1203//1106 1197//1100 1202//1105 
f 1203//1106 1204//1107 1197//1100 
f 1205//1108 1204//1107 1203//1106 
f 1205//1108 1206//1109 1204//1107 
f 1207//1110 1199//1102 1200//1103 
f 1207//1110 1201//1104 1199//1102 
f 1208//1111 1201//1104 1207//1110 
f 1208//1111 1202//1105 1201//1104 
f 1208//1111 1203//1106 1202//1105 
f 1209//1112 1203//1106 1208//1111 
f 1209//1112 1205//1108 1203//1106 
f 1210//1113 1205//1108 1209//1112 
f 1211//1114 1205//1108 1210//1113 
f 1211//1114 1212//1115 1205//1108 
f 1212//1115 1206//1109 1205//1108 
f 1212//1115 1213//1116 1206//1109 
f 1214//1117 1213//1116 1212//1115 
f 1214//1117 1215//1118 1213//1116 
f 1216//1119 1215//1118 1214//1117 
f 1216//1119 1217//1120 1215//1118 
f 1218//1121 1217//1120 1216//1119 
f 1218//1121 1219//1122 1217//1120 
f 1220//1123 1219//1122 1218//1121 
f 1220//1123 1221//1124 1219//1122 
f 1222//1125 1212//1115 1211//1114 
f 1222//1125 1214//1117 1212//1115 
f 1222//1125 1216//1119 1214//1117 
f 1223//1126 1216//1119 1222//1125 
f 1223//1126 1218//1121 1216//1119 
f 1224//1127 1218//1121 1223//1126 
f 1225//1128 1218//1121 1224//1127 
f 1226//1129 1218//1121 1225//1128 
f 1226//1129 1220//1123 1218//1121 
f 1226//1129 1227//1130 1220//1123 
f 1228//1131 1229//1132 1230//1133 
f 1231//1134 1229//1132 1228//1131 
f 1226//1129 1229//1132 1231//1134 
f 1226//1129 1225//1128 1229//1132 
f 1231//1134 1227//1130 1226//1129 
f 1231//1134 1232//1135 1227//1130 
f 1228//1131 1232//1135 1231//1134 
f 1228//1131 1233//1136 1232//1135 
f 1234//1137 1233//1136 1228//1131 
f 1234//1137 1235//1138 1233//1136 
f 1236//1139 1235//1138 1234//1137 
f 1236//1139 1237//1140 1235//1138 
f 1238//1141 1237//1140 1236//1139 
f 1238//1141 1239//1142 1237//1140 
f 1240//1143 1241//1144 1242//1145 
f 1243//1146 1241//1144 1240//1143 
f 1243//1146 1244//1147 1241//1144 
f 1238//1141 1244//1147 1243//1146 
f 1236//1139 1244//1147 1238//1141 
f 1236//1139 1245//1148 1244//1147 
f 1234//1137 1245//1148 1236//1139 
f 1234//1137 1246//1149 1245//1148 
f 1234//1137 1230//1133 1246//1149 
f 1228//1131 1230//1133 1234//1137 
f 1243//1146 1239//1142 1238//1141 
f 1243//1146 1247//1150 1239//1142 
f 1240//1143 1247//1150 1243//1146 
f 1240//1143 1248//1151 1247//1150 
f 1242//1145 1248//1151 1240//1143 
f 1242//1145 1249//1152 1248//1151 
f 1250//1153 1249//1152 1242//1145 
f 1251//1154 1249//1152 1250//1153 
f 1252//1155 1249//1152 1251//1154 
f 1252//1155 1253//1156 1249//1152 
f 19//1157 1249//1152 1253//1156 
f 19//1157 1248//1151 1249//1152 
f 16//1158 1248//1151 19//1157 
f 16//1158 1254//1159 1248//1151 
f 30//1160 1254//1159 16//1158 
f 1255//1161 1254//1159 30//1160 
f 1248//1151 1256//1162 1247//1150 
f 1248//1151 1257//1163 1256//1162 
f 1254//1159 1257//1163 1248//1151 
f 1254//1159 1258//1164 1257//1163 
f 1255//1161 1258//1164 1254//1159 
f 1255//1161 1259//1165 1258//1164 
f 30//1160 1259//1165 1255//1161 
f 30//1160 29//1166 1259//1165 
f 1237//1140 1260//1167 1261//1168 
f 1239//1142 1260//1167 1237//1140 
f 1239//1142 1262//1169 1260//1167 
f 1247//1150 1262//1169 1239//1142 
f 1247//1150 1263//1170 1262//1169 
f 1256//1162 1263//1170 1247//1150 
f 1256//1162 1264//1171 1263//1170 
f 1257//1163 1264//1171 1256//1162 
f 1257//1163 1191//1094 1264//1171 
f 1258//1164 1191//1094 1257//1163 
f 1258//1164 1190//1093 1191//1094 
f 1259//1165 1190//1093 1258//1164 
f 1259//1165 1192//1095 1190//1093 
f 29//1166 1192//1095 1259//1165 
f 28//1172 1192//1095 29//1166 
f 28//1172 1265//1173 1192//1095 
f 1266//1174 1265//1173 28//1172 
f 1267//1175 1265//1173 1266//1174 
f 1267//1175 1192//1095 1265//1173 
f 1268//1176 1269//1177 1270//1178 
f 1271//1179 1269//1177 1268//1176 
f 1271//1179 1272//1180 1269//1177 
f 1271//1179 1266//1174 1272//1180 
f 1273//1181 1266//1174 1271//1179 
f 1273//1181 1267//1175 1266//1174 
f 1274//1182 1267//1175 1273//1181 
f 1275//1183 1267//1175 1274//1182 
f 1200//1103 1267//1175 1275//1183 
f 1200//1103 1192//1095 1267//1175 
f 1276//1184 1277//1185 8//1186 
f 1278//1187 1277//1185 1276//1184 
f 1279//1188 1277//1185 1278//1187 
f 1279//1188 1280//1189 1277//1185 
f 1279//1188 1281//1190 1280//1189 
f 1282//1191 1281//1190 1279//1188 
f 1283//1192 1281//1190 1282//1191 
f 1283//1192 1284//1193 1281//1190 
f 1270//1178 1284//1193 1283//1192 
f 1270//1178 1269//1177 1284//1193 
f 1285//1194 1286//1195 1287//1196 
f 1285//1194 1276//1184 1286//1195 
f 1288//1197 1276//1184 1285//1194 
f 1289//1198 1276//1184 1288//1197 
f 1289//1198 1278//1187 1276//1184 
f 1286//1195 1290//1199 1287//1196 
f 1286//1195 1291//1200 1290//1199 
f 1286//1195 1292//1201 1291//1200 
f 1293//1202 1292//1201 1286//1195 
f 1294//1203 1292//1201 1293//1202 
f 1294//1203 1295//1204 1292//1201 
f 1296//1205 1295//1204 1294//1203 
f 1296//1205 1297//1206 1295//1204 
f 1298//1207 1297//1206 1296//1205 
f 1299//1208 1297//1206 1298//1207 
f 1296//1205 1300//1209 1298//1207 
f 1296//1205 1301//1210 1300//1209 
f 1294//1203 1301//1210 1296//1205 
f 1294//1203 1302//1211 1301//1210 
f 1293//1202 1302//1211 1294//1203 
f 1293//1202 10//1212 1302//1211 
f 1293//1202 9//1213 10//1212 
f 1286//1195 9//1213 1293//1202 
f 1286//1195 8//1186 9//1213 
f 1276//1184 8//1186 1286//1195 
f 10//1212 1301//1210 1302//1211 
f 11//1214 1301//1210 10//1212 
f 11//1214 1300//1209 1301//1210 
f 13//1215 1300//1209 11//1214 
f 13//1215 1303//1216 1300//1209 
f 1304//1217 1303//1216 13//1215 
f 1305//1218 1303//1216 1304//1217 
f 1306//1219 1303//1216 1305//1218 
f 1307//1220 1303//1216 1306//1219 
f 1308//1221 1303//1216 1307//1220 
f 1308//1221 1300//1209 1303//1216 
f 1309//1222 1300//1209 1308//1221 
f 1309//1222 1310//1223 1300//1209 
f 1311//1224 1310//1223 1309//1222 
f 1311//1224 1312//1225 1310//1223 
f 1313//1226 1312//1225 1311//1224 
f 1314//1227 1315//1228 1316//1229 
f 1317//1230 1315//1228 1314//1227 
f 1317//1230 1318//1231 1315//1228 
f 1319//1232 1318//1231 1317//1230 
f 1319//1232 1312//1225 1318//1231 
f 1320//1233 1312//1225 1319//1232 
f 1320//1233 1310//1223 1312//1225 
f 1299//1208 1310//1223 1320//1233 
f 1298//1207 1310//1223 1299//1208 
f 1298//1207 1300//1209 1310//1223 
f 1313//1226 1318//1231 1312//1225 
f 1321//1234 1318//1231 1313//1226 
f 1321//1234 1315//1228 1318//1231 
f 1322//1235 1315//1228 1321//1234 
f 1322//1235 1316//1229 1315//1228 
f 1323//1236 1316//1229 1322//1235 
f 1323//1236 1324//1237 1316//1229 
f 1325//1238 1324//1237 1323//1236 
f 1325//1238 1326//1239 1324//1237 
f 1327//1240 1326//1239 1325//1238 
f 1328//1241 1309//1222 1308//1221 
f 1328//1241 1311//1224 1309//1222 
f 1329//1242 1311//1224 1328//1241 
f 1329//1242 1313//1226 1311//1224 
f 1329//1242 1321//1234 1313//1226 
f 1330//1243 1321//1234 1329//1242 
f 1330//1243 1322//1235 1321//1234 
f 1331//1244 1322//1235 1330//1243 
f 1332//1245 1322//1235 1331//1244 
f 1332//1245 1323//1236 1322//1235 
f 1333//1246 1323//1236 1332//1245 
f 1333//1246 1325//1238 1323//1236 
f 1333//1246 1327//1240 1325//1238 
f 1334//1247 1327//1240 1333//1246 
f 1334//1247 1335//1248 1327//1240 
f 1336//1249 1335//1248 1334//1247 
f 1337//1250 1335//1248 1336//1249 
f 1337//1250 1338//1251 1335//1248 
f 1339//1252 1338//1251 1337//1250 
f 1339//1252 1340//1253 1338//1251 
f 1327//1240 1341//1254 1326//1239 
f 1335//1248 1341//1254 1327//1240 
f 1335//1248 1342//1255 1341//1254 
f 1335//1248 1343//1256 1342//1255 
f 1338//1251 1343//1256 1335//1248 
f 1338//1251 1344//1257 1343//1256 
f 1340//1253 1344//1257 1338//1251 
f 1340//1253 1345//1258 1344//1257 
f 1346//1259 1345//1258 1340//1253 
f 1346//1259 1347//1260 1345//1258 
f 1348//1261 1349//1262 1350//1263 
f 1348//1261 1347//1260 1349//1262 
f 1351//1264 1347//1260 1348//1261 
f 1351//1264 1345//1258 1347//1260 
f 1352//1265 1345//1258 1351//1264 
f 1352//1265 1344//1257 1345//1258 
f 1353//1266 1344//1257 1352//1265 
f 1353//1266 1343//1256 1344//1257 
f 1354//1267 1343//1256 1353//1266 
f 1354//1267 1342//1255 1343//1256 
f 1355//1268 1342//1255 1354//1267 
f 1356//1269 1342//1255 1355//1268 
f 1356//1269 1341//1254 1342//1255 
f 1357//1270 1341//1254 1356//1269 
f 1357//1270 1326//1239 1341//1254 
f 1358//1271 1326//1239 1357//1270 
f 1358//1271 1324//1237 1326//1239 
f 1359//1272 1324//1237 1358//1271 
f 1359//1272 1316//1229 1324//1237 
f 1314//1227 1316//1229 1359//1272 
f 1204//1107 1198//1101 1197//1100 
f 1204//1107 1360//1273 1198//1101 
f 1206//1109 1360//1273 1204//1107 
f 1206//1109 1361//1274 1360//1273 
f 1213//1116 1361//1274 1206//1109 
f 1213//1116 1362//1275 1361//1274 
f 1215//1118 1362//1275 1213//1116 
f 1215//1118 1363//1276 1362//1275 
f 1217//1120 1363//1276 1215//1118 
f 1217//1120 1364//1277 1363//1276 
f 1219//1122 1364//1277 1217//1120 
f 1219//1122 1365//1278 1364//1277 
f 1221//1124 1365//1278 1219//1122 
f 1220//1123 1366//1279 1221//1124 
f 1227//1130 1366//1279 1220//1123 
f 1227//1130 1367//1280 1366//1279 
f 1232//1135 1367//1280 1227//1130 
f 1232//1135 1368//1281 1367//1280 
f 1233//1136 1368//1281 1232//1135 
f 1233//1136 1369//1282 1368//1281 
f 1235//1138 1369//1282 1233//1136 
f 1235//1138 1261//1168 1369//1282 
f 1237//1140 1261//1168 1235//1138 
f 45//1283 1370//1284 1371//1285 
f 44//1286 1370//1284 45//1283 
f 44//1286 1372//1287 1370//1284 
f 43//1288 1372//1287 44//1286 
f 43//1288 1373//1289 1372//1287 
f 1374//1290 1373//1289 43//1288 
f 1375//1291 1376//1292 1377//1293 
f 1378//1294 1376//1292 1375//1291 
f 1378//1294 1379//1295 1376//1292 
f 1372//1287 1379//1295 1378//1294 
f 1372//1287 1380//1296 1379//1295 
f 1373//1289 1380//1296 1372//1287 
f 1373//1289 1381//1297 1380//1296 
f 1373//1289 1382//1298 1381//1297 
f 1373//1289 1383//1299 1382//1298 
f 1374//1290 1383//1299 1373//1289 
f 1384//1300 1379//1295 1380//1296 
f 1384//1300 1376//1292 1379//1295 
f 1385//1301 1376//1292 1384//1300 
f 1385//1301 1377//1293 1376//1292 
f 1385//1301 1386//1302 1377//1293 
f 1387//1303 1386//1302 1385//1301 
f 1387//1303 1388//1304 1386//1302 
f 1389//1305 1388//1304 1387//1303 
f 1390//1306 1388//1304 1389//1305 
f 1390//1306 1391//1307 1388//1304 
f 1392//1308 1393//1309 1394//1310 
f 1395//1311 1393//1309 1392//1308 
f 1395//1311 1391//1307 1393//1309 
f 1396//1312 1391//1307 1395//1311 
f 1396//1312 1388//1304 1391//1307 
f 1397//1313 1388//1304 1396//1312 
f 1397//1313 1386//1302 1388//1304 
f 1398//1314 1386//1302 1397//1313 
f 1398//1314 1377//1293 1386//1302 
f 1375//1291 1377//1293 1398//1314 
f 1398//1314 1399//1315 1375//1291 
f 1398//1314 1400//1316 1399//1315 
f 1397//1313 1400//1316 1398//1314 
f 1397//1313 1401//1317 1400//1316 
f 1396//1312 1401//1317 1397//1313 
f 1396//1312 1402//1318 1401//1317 
f 1395//1311 1402//1318 1396//1312 
f 1395//1311 1403//1319 1402//1318 
f 1392//1308 1403//1319 1395//1311 
f 1392//1308 1404//1320 1403//1319 
f 1405//1321 1406//1322 1407//1323 
f 1405//1321 1408//1324 1406//1322 
f 1409//1325 1408//1324 1405//1321 
f 1409//1325 1410//1326 1408//1324 
f 1411//1327 1410//1326 1409//1325 
f 1411//1327 1412//1328 1410//1326 
f 1378//1294 1412//1328 1411//1327 
f 1378//1294 1413//1329 1412//1328 
f 1375//1291 1413//1329 1378//1294 
f 1375//1291 1399//1315 1413//1329 
f 1414//1330 1415//1331 1416//1332 
f 1414//1330 1406//1322 1415//1331 
f 1407//1323 1406//1322 1414//1330 
f 1411//1327 1372//1287 1378//1294 
f 1409//1325 1372//1287 1411//1327 
f 1409//1325 1370//1284 1372//1287 
f 1405//1321 1370//1284 1409//1325 
f 1405//1321 1371//1285 1370//1284 
f 1407//1323 1371//1285 1405//1321 
f 1407//1323 45//1283 1371//1285 
f 1407//1323 31//1333 45//1283 
f 1414//1330 31//1333 1407//1323 
f 1414//1330 34//1334 31//1333 
f 1417//1335 34//1334 1414//1330 
f 1417//1335 1418//1336 34//1334 
f 1419//1337 1414//1330 1416//1332 
f 1420//1338 1414//1330 1419//1337 
f 1420//1338 1417//1335 1414//1330 
f 1421//1339 1417//1335 1420//1338 
f 1422//1340 1417//1335 1421//1339 
f 1423//1341 1417//1335 1422//1340 
f 1423//1341 1418//1336 1417//1335 
f 1424//1342 1418//1336 1423//1341 
f 1424//1342 1425//1343 1418//1336 
f 1424//1342 1426//1344 1425//1343 
f 1427//1345 1426//1344 1424//1342 
f 1428//1346 1426//1344 1427//1345 
f 1428//1346 1429//1347 1426//1344 
f 1430//1348 1429//1347 1428//1346 
f 1430//1348 1431//1349 1429//1347 
f 1432//1350 1431//1349 1430//1348 
f 1433//1351 1431//1349 1432//1350 
f 1433//1351 1434//1352 1431//1349 
f 1433//1351 1304//1217 1434//1352 
f 1305//1218 1304//1217 1433//1351 
f 1435//1353 1436//1354 1290//1199 
f 1435//1353 1437//1355 1436//1354 
f 1438//1356 1437//1355 1435//1353 
f 1439//1357 1347//1260 1346//1259 
f 1439//1357 1349//1262 1347//1260 
f 1440//1358 1349//1262 1439//1357 
f 1440//1358 1438//1356 1349//1262 
f 1440//1358 1437//1355 1438//1356 
f 1441//1359 1437//1355 1440//1358 
f 1441//1359 1436//1354 1437//1355 
f 1285//1194 1436//1354 1441//1359 
f 1287//1196 1436//1354 1285//1194 
f 1287//1196 1290//1199 1436//1354 
f 1339//1252 1346//1259 1340//1253 
f 1442//1360 1346//1259 1339//1252 
f 1442//1360 1439//1357 1346//1259 
f 1443//1361 1439//1357 1442//1360 
f 1444//1362 1439//1357 1443//1361 
f 1444//1362 1440//1358 1439//1357 
f 1441//1359 1440//1358 1444//1362 
f 1445//1363 1292//1201 1295//1204 
f 1445//1363 1291//1200 1292//1201 
f 1446//1364 1291//1200 1445//1363 
f 1446//1364 1290//1199 1291//1200 
f 1447//1365 1290//1199 1446//1364 
f 1447//1365 1435//1353 1290//1199 
f 1448//1366 1435//1353 1447//1365 
f 1448//1366 1438//1356 1435//1353 
f 1350//1263 1438//1356 1448//1366 
f 1350//1263 1349//1262 1438//1356 
f 60//1367 1449//1368 1450//1369 
f 59//1370 1449//1368 60//1367 
f 59//1370 1451//1371 1449//1368 
f 58//1372 1451//1371 59//1370 
f 58//1372 1452//1373 1451//1371 
f 1453//1374 1452//1373 58//1372 
f 1454//1375 1451//1371 1455//1376 
f 1456//1377 1451//1371 1454//1375 
f 1456//1377 1449//1368 1451//1371 
f 1457//1378 1449//1368 1456//1377 
f 1457//1378 1450//1369 1449//1368 
f 1458//1379 1450//1369 1457//1378 
f 1458//1379 60//1367 1450//1369 
f 46//1380 60//1367 1458//1379 
f 1459//1381 1460//1382 1461//1383 
f 1459//1381 1455//1376 1460//1382 
f 1462//1384 1455//1376 1459//1381 
f 1462//1384 1454//1375 1455//1376 
f 1463//1385 1454//1375 1462//1384 
f 1463//1385 1456//1377 1454//1375 
f 1464//1386 1456//1377 1463//1385 
f 1464//1386 1457//1378 1456//1377 
f 1465//1387 1457//1378 1464//1386 
f 1465//1387 1458//1379 1457//1378 
f 1466//1388 1467//1389 1468//1390 
f 1465//1387 1467//1389 1466//1388 
f 1466//1388 1458//1379 1465//1387 
f 1466//1388 46//1380 1458//1379 
f 1466//1388 49//1391 46//1380 
f 1469//1392 49//1391 1466//1388 
f 1469//1392 1470//1393 49//1391 
f 1471//1394 1472//1395 1473//1396 
f 1470//1393 1472//1395 1471//1394 
f 1470//1393 1474//1397 1472//1395 
f 1469//1392 1474//1397 1470//1393 
f 1469//1392 1475//1398 1474//1397 
f 1469//1392 1476//1399 1475//1398 
f 1469//1392 1477//1400 1476//1399 
f 1466//1388 1477//1400 1469//1392 
f 1466//1388 1478//1401 1477//1400 
f 1468//1390 1478//1401 1466//1388 
f 1374//1290 1479//1402 1383//1299 
f 1480//1403 1479//1402 1374//1290 
f 1481//1404 1479//1402 1480//1403 
f 1481//1404 1482//1405 1479//1402 
f 1481//1404 1483//1406 1482//1405 
f 1484//1407 1483//1406 1481//1404 
f 1484//1407 1485//1408 1483//1406 
f 1473//1396 1485//1408 1484//1407 
f 1473//1396 1486//1409 1485//1408 
f 1473//1396 1472//1395 1486//1409 
f 1160//1063 1487//1410 1159//1062 
f 1162//1065 1487//1410 1160//1063 
f 1180//1083 1487//1410 1162//1065 
f 1180//1083 1488//1411 1487//1410 
f 1177//1080 1488//1411 1180//1083 
f 1177//1080 1489//1412 1488//1411 
f 1177//1080 1490//1413 1489//1412 
f 1175//1078 1490//1413 1177//1080 
f 1175//1078 1491//1414 1490//1413 
f 1172//1075 1491//1414 1175//1078 
f 1492//1415 1491//1414 1172//1075 
f 1492//1415 1493//1416 1491//1414 
f 1494//1417 1493//1416 1492//1415 
f 1494//1417 1495//1418 1493//1416 
f 1494//1417 1496//1419 1495//1418 
f 1497//1420 1496//1419 1494//1417 
f 1497//1420 1498//1421 1496//1419 
f 1498//1421 1118//1017 1117//1016 
f 1498//1421 1122//1022 1118//1017 
f 1497//1420 1122//1022 1498//1421 
f 1497//1420 1123//1023 1122//1022 
f 1497//1420 1499//1422 1123//1023 
f 1494//1417 1499//1422 1497//1420 
f 1494//1417 1500//1423 1499//1422 
f 1492//1415 1500//1423 1494//1417 
f 1492//1415 1174//1077 1500//1423 
f 1172//1075 1174//1077 1492//1415 
f 1123//1023 1129//1030 1121//1021 
f 1123//1023 1501//1424 1129//1030 
f 1499//1422 1501//1424 1123//1023 
f 1499//1422 1502//1425 1501//1424 
f 1500//1423 1502//1425 1499//1422 
f 1500//1423 1503//1426 1502//1425 
f 1174//1077 1503//1426 1500//1423 
f 1174//1077 1504//1427 1503//1426 
f 1173//1076 1504//1427 1174//1077 
f 1173//1076 1182//1085 1504//1427 
f 1505//1428 1506//1429 1507//1430 
f 1505//1428 1508//1431 1506//1429 
f 1509//1432 1508//1431 1505//1428 
f 1509//1432 1510//1433 1508//1431 
f 1511//1434 1510//1433 1509//1432 
f 1511//1434 1512//1435 1510//1433 
f 1513//1436 1512//1435 1511//1434 
f 1513//1436 1514//1437 1512//1435 
f 1515//1438 1514//1437 1513//1436 
f 1515//1438 1516//1439 1514//1437 
f 1513//1436 1517//1440 1518//1441 
f 1511//1434 1517//1440 1513//1436 
f 1511//1434 1519//1442 1517//1440 
f 1509//1432 1519//1442 1511//1434 
f 1509//1432 1520//1443 1519//1442 
f 1505//1428 1520//1443 1509//1432 
f 1505//1428 1521//1444 1520//1443 
f 1507//1430 1521//1444 1505//1428 
f 1522//1445 1521//1444 1507//1430 
f 1522//1445 1523//1446 1521//1444 
f 1524//1447 1521//1444 1523//1446 
f 1524//1447 1520//1443 1521//1444 
f 1525//1448 1520//1443 1524//1447 
f 1526//1449 1520//1443 1525//1448 
f 1527//1450 1520//1443 1526//1449 
f 1527//1450 1519//1442 1520//1443 
f 1528//1451 1519//1442 1527//1450 
f 1528//1451 1517//1440 1519//1442 
f 1528//1451 1518//1441 1517//1440 
f 1529//1452 1518//1441 1528//1451 
f 1530//1453 1531//1454 1532//1455 
f 1530//1453 1533//1456 1531//1454 
f 1530//1453 1524//1447 1533//1456 
f 1525//1448 1524//1447 1530//1453 
f 1534//1457 1535//1458 1460//1382 
f 1536//1459 1535//1458 1534//1457 
f 1536//1459 1537//1460 1535//1458 
f 1538//1461 1537//1460 1536//1459 
f 1538//1461 1539//1462 1537//1460 
f 1531//1454 1539//1462 1538//1461 
f 1531//1454 1540//1463 1539//1462 
f 1533//1456 1540//1463 1531//1454 
f 1533//1456 1523//1446 1540//1463 
f 1524//1447 1523//1446 1533//1456 
f 1541//1464 1523//1446 1522//1445 
f 1541//1464 1540//1463 1523//1446 
f 1542//1465 1540//1463 1541//1464 
f 1542//1465 1539//1462 1540//1463 
f 1543//1466 1539//1462 1542//1465 
f 1543//1466 1537//1460 1539//1462 
f 1544//1467 1537//1460 1543//1466 
f 1544//1467 1535//1458 1537//1460 
f 1461//1383 1535//1458 1544//1467 
f 1461//1383 1460//1382 1535//1458 
f 1545//1468 1452//1373 1453//1374 
f 1546//1469 1452//1373 1545//1468 
f 1547//1470 1452//1373 1546//1469 
f 1548//1471 1452//1373 1547//1470 
f 1548//1471 1451//1371 1452//1373 
f 1549//1472 1451//1371 1548//1471 
f 1549//1472 1455//1376 1451//1371 
f 1550//1473 1455//1376 1549//1472 
f 1550//1473 1460//1382 1455//1376 
f 1534//1457 1460//1382 1550//1473 
f 1551//1474 1549//1472 1548//1471 
f 1551//1474 1550//1473 1549//1472 
f 1552//1475 1550//1473 1551//1474 
f 1552//1475 1534//1457 1550//1473 
f 1552//1475 1536//1459 1534//1457 
f 1553//1476 1536//1459 1552//1475 
f 1553//1476 1538//1461 1536//1459 
f 1554//1477 1538//1461 1553//1476 
f 1532//1455 1538//1461 1554//1477 
f 1532//1455 1531//1454 1538//1461 
f 1555//1478 1391//1307 1390//1306 
f 1555//1478 1393//1309 1391//1307 
f 1555//1478 1394//1310 1393//1309 
f 1556//1479 1394//1310 1555//1478 
f 1557//1480 1558//1481 1559//1482 
f 1560//1483 1558//1481 1557//1480 
f 1561//1484 1558//1481 1560//1483 
f 1561//1484 1562//1485 1558//1481 
f 1563//1486 1562//1485 1561//1484 
f 1563//1486 1564//1487 1562//1485 
f 1563//1486 1556//1479 1564//1487 
f 1563//1486 1394//1310 1556//1479 
f 1565//1488 1394//1310 1563//1486 
f 1392//1308 1394//1310 1565//1488 
f 1565//1488 1404//1320 1392//1308 
f 1565//1488 1566//1489 1404//1320 
f 1565//1488 1567//1490 1566//1489 
f 1563//1486 1567//1490 1565//1488 
f 1563//1486 1568//1491 1567//1490 
f 1561//1484 1568//1491 1563//1486 
f 1561//1484 1569//1492 1568//1491 
f 1560//1483 1569//1492 1561//1484 
f 1560//1483 1570//1493 1569//1492 
f 1557//1480 1570//1493 1560//1483 
f 1567//1490 1571//1494 1566//1489 
f 1567//1490 1572//1495 1571//1494 
f 1568//1491 1572//1495 1567//1490 
f 1568//1491 1573//1496 1572//1495 
f 1569//1492 1573//1496 1568//1491 
f 1569//1492 1574//1497 1573//1496 
f 1570//1493 1574//1497 1569//1492 
f 1570//1493 1575//1498 1574//1497 
f 1576//1499 1575//1498 1570//1493 
f 1576//1499 1577//1500 1575//1498 
f 1557//1480 1576//1499 1570//1493 
f 1578//1501 1576//1499 1557//1480 
f 1578//1501 1579//1502 1576//1499 
f 1580//1503 1579//1502 1578//1501 
f 1580//1503 1581//1504 1579//1502 
f 1582//1505 1581//1504 1580//1503 
f 1582//1505 1583//1506 1581//1504 
f 1584//1507 1583//1506 1582//1505 
f 1584//1507 1416//1332 1583//1506 
f 1419//1337 1416//1332 1584//1507 
f 1419//1337 1585//1508 1420//1338 
f 1584//1507 1585//1508 1419//1337 
f 1584//1507 1586//1509 1585//1508 
f 1582//1505 1586//1509 1584//1507 
f 1580//1503 1586//1509 1582//1505 
f 1580//1503 1587//1510 1586//1509 
f 1578//1501 1587//1510 1580//1503 
f 1578//1501 1588//1511 1587//1510 
f 1578//1501 1559//1482 1588//1511 
f 1557//1480 1559//1482 1578//1501 
f 1589//1512 1516//1439 1515//1438 
f 1589//1512 1590//1513 1516//1439 
f 1591//1514 1590//1513 1589//1512 
f 1591//1514 1592//1515 1590//1513 
f 1593//1516 1592//1515 1591//1514 
f 1593//1516 1594//1517 1592//1515 
f 1468//1390 1594//1517 1593//1516 
f 1468//1390 1595//1518 1594//1517 
f 1467//1389 1595//1518 1468//1390 
f 1467//1389 1596//1519 1595//1518 
f 1465//1387 1596//1519 1467//1389 
f 1465//1387 1464//1386 1596//1519 
f 1468//1390 1597//1520 1478//1401 
f 1593//1516 1597//1520 1468//1390 
f 1593//1516 1598//1521 1597//1520 
f 1591//1514 1598//1521 1593//1516 
f 1591//1514 1599//1522 1598//1521 
f 1589//1512 1599//1522 1591//1514 
f 1589//1512 1600//1523 1599//1522 
f 1515//1438 1600//1523 1589//1512 
f 1515//1438 1518//1441 1600//1523 
f 1513//1436 1518//1441 1515//1438 
f 1529//1452 1600//1523 1518//1441 
f 1601//1524 1600//1523 1529//1452 
f 1602//1525 1600//1523 1601//1524 
f 1602//1525 1599//1522 1600//1523 
f 1603//1526 1599//1522 1602//1525 
f 1603//1526 1598//1521 1599//1522 
f 1603//1526 1597//1520 1598//1521 
f 1604//1527 1597//1520 1603//1526 
f 1604//1527 1478//1401 1597//1520 
f 1477//1400 1478//1401 1604//1527 
f 1605//1528 1253//1156 1252//1155 
f 1605//1528 1606//1529 1253//1156 
f 1605//1528 1607//1530 1606//1529 
f 1608//1531 1607//1530 1605//1528 
f 1608//1531 1609//1532 1607//1530 
f 1610//1533 1609//1532 1608//1531 
f 1611//1534 1609//1532 1610//1533 
f 1612//1535 1609//1532 1611//1534 
f 1612//1535 1113//1011 1609//1532 
f 1111//1009 1113//1011 1612//1535 
f 1613//1536 1146//1049 1144//1047 
f 1614//1537 1146//1049 1613//1536 
f 1614//1537 1615//1538 1146//1049 
f 1616//1539 1615//1538 1614//1537 
f 1616//1539 1617//1540 1615//1538 
f 1618//1541 1617//1540 1616//1539 
f 1619//1542 1617//1540 1618//1541 
f 1619//1542 1620//1543 1617//1540 
f 1619//1542 1453//1374 1620//1543 
f 1545//1468 1453//1374 1619//1542 
f 1579//1502 1577//1500 1576//1499 
f 1579//1502 1621//1544 1577//1500 
f 1581//1504 1621//1544 1579//1502 
f 1581//1504 1622//1545 1621//1544 
f 1583//1506 1622//1545 1581//1504 
f 1583//1506 1623//1546 1622//1545 
f 1416//1332 1623//1546 1583//1506 
f 1416//1332 1624//1547 1623//1546 
f 1415//1331 1624//1547 1416//1332 
f 1415//1331 1625//1548 1624//1547 
f 1406//1322 1625//1548 1415//1331 
f 1406//1322 1408//1324 1625//1548 
f 1626//1549 756//654 758//656 
f 1627//1550 756//654 1626//1549 
f 1627//1550 760//658 756//654 
f 1626//1549 758//656 1628//1551 
f 1628//1551 758//656 762//660 
f 1629//1552 1626//1549 1628//1551 
f 1630//1553 1627//1550 1626//1549 
f 1630//1553 1626//1549 1629//1552 
f 1631//1554 760//658 1627//1550 
f 1632//1555 1631//1554 1627//1550 
f 1632//1555 1627//1550 1630//1553 
f 1631//1554 764//662 760//658 
f 1629//1552 1628//1551 1633//1556 
f 1628//1551 762//660 1634//1557 
f 1633//1556 1628//1551 1634//1557 
f 1634//1557 762//660 769//667 
f 1635//1558 1629//1552 1633//1556 
f 1636//1559 1630//1553 1629//1552 
f 1636//1559 1629//1552 1635//1558 
f 1637//1560 1632//1555 1630//1553 
f 1637//1560 1630//1553 1636//1559 
f 1638//1561 764//662 1631//1554 
f 1639//1562 1638//1561 1631//1554 
f 1639//1562 1631//1554 1632//1555 
f 1640//1563 1639//1562 1632//1555 
f 1640//1563 1632//1555 1637//1560 
f 1638//1561 772//670 764//662 
f 1633//1556 1634//1557 1641//1564 
f 1642//1565 1633//1556 1641//1564 
f 1635//1558 1633//1556 1642//1565 
f 1634//1557 769//667 1643//1566 
f 1641//1564 1634//1557 1643//1566 
f 1644//1567 1643//1566 769//667 
f 1644//1567 769//667 778//676 
f 1645//1568 1635//1558 1642//1565 
f 1646//1569 1636//1559 1635//1558 
f 1646//1569 1635//1558 1645//1568 
f 1647//1570 1637//1560 1636//1559 
f 1647//1570 1636//1559 1646//1569 
f 1648//1571 1640//1563 1637//1560 
f 1648//1571 1637//1560 1647//1570 
f 1649//1572 772//670 1638//1561 
f 1650//1573 1649//1572 1638//1561 
f 1650//1573 1638//1561 1639//1562 
f 1651//1574 1650//1573 1639//1562 
f 1651//1574 1639//1562 1640//1563 
f 1652//1575 1651//1574 1640//1563 
f 1652//1575 1640//1563 1648//1571 
f 1649//1572 783//681 772//670 
f 1641//1564 1643//1566 1653//1576 
f 1654//1577 1641//1564 1653//1576 
f 1642//1565 1641//1564 1654//1577 
f 1655//1578 1642//1565 1654//1577 
f 1645//1568 1642//1565 1655//1578 
f 1656//1579 1653//1576 1643//1566 
f 1656//1579 1643//1566 1644//1567 
f 1644//1567 778//676 792//690 
f 1644//1567 792//690 1657//1580 
f 1656//1579 1644//1567 1657//1580 
f 1658//1581 783//681 1649//1572 
f 1659//1582 1658//1581 1649//1572 
f 1659//1582 1649//1572 1650//1573 
f 1660//1583 1659//1582 1650//1573 
f 1660//1583 1650//1573 1651//1574 
f 1661//1584 1660//1583 1651//1574 
f 1661//1584 1651//1574 1652//1575 
f 1658//1581 798//696 783//681 
f 1662//1585 1653//1576 1656//1579 
f 1654//1577 1653//1576 1662//1585 
f 1663//1586 1654//1577 1662//1585 
f 1655//1578 1654//1577 1663//1586 
f 1656//1579 1657//1580 1664//1587 
f 1665//1588 1656//1579 1664//1587 
f 1662//1585 1656//1579 1665//1588 
f 1657//1580 792//690 808//706 
f 1657//1580 808//706 1666//1589 
f 1664//1587 1657//1580 1666//1589 
f 1667//1590 798//696 1658//1581 
f 1668//1591 1667//1590 1658//1581 
f 1668//1591 1658//1581 1659//1582 
f 1669//1592 1668//1591 1659//1582 
f 1669//1592 1659//1582 1660//1583 
f 1670//1593 1669//1592 1660//1583 
f 1670//1593 1660//1583 1661//1584 
f 1667//1590 816//714 798//696 
f 1671//1594 1662//1585 1665//1588 
f 1663//1586 1662//1585 1671//1594 
f 1664//1587 1666//1589 1672//1595 
f 1673//1596 1664//1587 1672//1595 
f 1665//1588 1664//1587 1673//1596 
f 1674//1597 1665//1588 1673//1596 
f 1671//1594 1665//1588 1674//1597 
f 1666//1589 808//706 827//725 
f 1666//1589 827//725 1675//1598 
f 1672//1595 1666//1589 1675//1598 
f 1676//1599 816//714 1667//1590 
f 1677//1600 1676//1599 1667//1590 
f 1677//1600 1667//1590 1668//1591 
f 1678//1601 1677//1600 1668//1591 
f 1678//1601 1668//1591 1669//1592 
f 1679//1602 1678//1601 1669//1592 
f 1679//1602 1669//1592 1670//1593 
f 1676//1599 837//735 816//714 
f 1672//1595 1675//1598 1680//1603 
f 1681//1604 1672//1595 1680//1603 
f 1673//1596 1672//1595 1681//1604 
f 1682//1605 1673//1596 1681//1604 
f 1674//1597 1673//1596 1682//1605 
f 1675//1598 827//725 841//739 
f 1675//1598 841//739 1683//1606 
f 1680//1603 1675//1598 1683//1606 
f 1684//1607 837//735 1676//1599 
f 1685//1608 1684//1607 1676//1599 
f 1685//1608 1676//1599 1677//1600 
f 1686//1609 1685//1608 1677//1600 
f 1686//1609 1677//1600 1678//1601 
f 1687//1610 1686//1609 1678//1601 
f 1687//1610 1678//1601 1679//1602 
f 1684//1607 852//750 837//735 
f 1680//1603 1683//1606 1688//1611 
f 1689//1612 1680//1603 1688//1611 
f 1681//1604 1680//1603 1689//1612 
f 1690//1613 1681//1604 1689//1612 
f 1682//1605 1681//1604 1690//1613 
f 1683//1606 841//739 855//753 
f 1683//1606 855//753 1691//1614 
f 1688//1611 1683//1606 1691//1614 
f 1692//1615 852//750 1684//1607 
f 1693//1616 1692//1615 1684//1607 
f 1693//1616 1684//1607 1685//1608 
f 1694//1617 1693//1616 1685//1608 
f 1694//1617 1685//1608 1686//1609 
f 1695//1618 1694//1617 1686//1609 
f 1695//1618 1686//1609 1687//1610 
f 1692//1615 867//765 852//750 
f 1688//1611 1691//1614 1696//1619 
f 1697//1620 1688//1611 1696//1619 
f 1689//1612 1688//1611 1697//1620 
f 1698//1621 1689//1612 1697//1620 
f 1690//1613 1689//1612 1698//1621 
f 1691//1614 855//753 869//767 
f 1691//1614 869//767 1699//1622 
f 1696//1619 1691//1614 1699//1622 
f 1700//1623 867//765 1692//1615 
f 1701//1624 1700//1623 1692//1615 
f 1701//1624 1692//1615 1693//1616 
f 1702//1625 1701//1624 1693//1616 
f 1702//1625 1693//1616 1694//1617 
f 1703//1626 1702//1625 1694//1617 
f 1703//1626 1694//1617 1695//1618 
f 1696//1619 1699//1622 1704//1627 
f 1699//1622 869//767 933//831 
f 1699//1622 933//831 1705//1628 
f 1704//1627 1699//1622 1705//1628 
f 1706//1629 1700//1623 1701//1624 
f 1706//1629 1707//1630 1700//1623 
f 1707//1630 882//780 1700//1623 
f 1700//1623 882//780 867//765 
f 1708//1631 1706//1629 1701//1624 
f 1708//1631 1701//1624 1702//1625 
f 1709//1632 1708//1631 1702//1625 
f 1709//1632 1702//1625 1703//1626 
f 1704//1627 1705//1628 1710//1633 
f 1711//1634 1704//1627 1710//1633 
f 1712//1635 1696//1619 1704//1627 
f 1697//1620 1696//1619 1712//1635 
f 1698//1621 1697//1620 1713//1636 
f 1713//1636 1697//1620 1712//1635 
f 1705//1628 933//831 909//807 
f 1705//1628 909//807 1714//1637 
f 1710//1633 1705//1628 1714//1637 
f 1715//1638 1707//1630 1706//1629 
f 1707//1630 892//790 882//780 
f 1716//1639 1708//1631 1709//1632 
f 1716//1639 1717//1640 1708//1631 
f 1710//1633 1714//1637 1718//1641 
f 1713//1636 1712//1635 1719//1642 
f 1714//1637 909//807 905//803 
f 1714//1637 905//803 1720//1643 
f 1718//1641 1714//1637 1720//1643 
f 1715//1638 1721//1644 1707//1630 
f 1721//1644 892//790 1707//1630 
f 1717//1640 1715//1638 1706//1629 
f 1721//1644 899//797 892//790 
f 1718//1641 1720//1643 1722//1645 
f 1723//1646 1718//1641 1722//1645 
f 1724//1647 1710//1633 1718//1641 
f 1724//1647 1718//1641 1723//1646 
f 1711//1634 1710//1633 1724//1647 
f 1719//1642 1712//1635 1711//1634 
f 1719//1642 1711//1634 1725//1648 
f 1725//1648 1711//1634 1724//1647 
f 1720//1643 905//803 907//805 
f 1720//1643 907//805 1726//1649 
f 1722//1645 1720//1643 1726//1649 
f 1727//1650 899//797 1721//1644 
f 1728//1651 1727//1650 1721//1644 
f 1728//1651 1721//1644 1715//1638 
f 1729//1652 1728//1651 1715//1638 
f 1729//1652 1715//1638 1717//1640 
f 1717//1640 1706//1629 1708//1631 
f 1730//1653 1729//1652 1717//1640 
f 1730//1653 1717//1640 1716//1639 
f 1727//1650 912//810 899//797 
f 1722//1645 1726//1649 1731//1654 
f 1732//1655 1722//1645 1731//1654 
f 1723//1646 1722//1645 1732//1655 
f 1733//1656 1723//1646 1732//1655 
f 1734//1657 1724//1647 1723//1646 
f 1725//1648 1724//1647 1734//1657 
f 1712//1635 1704//1627 1711//1634 
f 1726//1649 907//805 919//817 
f 1726//1649 919//817 1735//1658 
f 1731//1654 1726//1649 1735//1658 
f 1736//1659 912//810 1727//1650 
f 1737//1660 1736//1659 1727//1650 
f 1729//1652 1737//1660 1728//1651 
f 1737//1660 1727//1650 1728//1651 
f 1736//1659 921//819 912//810 
f 1731//1654 1735//1658 1738//1661 
f 1734//1657 1723//1646 1733//1656 
f 1735//1658 919//817 930//828 
f 1735//1658 930//828 1739//1662 
f 1738//1661 1735//1658 1739//1662 
f 1740//1663 921//819 1736//1659 
f 1741//1664 1740//1663 1736//1659 
f 1741//1664 1736//1659 1737//1660 
f 1742//1665 1741//1664 1737//1660 
f 1742//1665 1737//1660 1743//1666 
f 1729//1652 1743//1666 1737//1660 
f 1744//1667 1743//1666 1729//1652 
f 1744//1667 1729//1652 1730//1653 
f 1745//1668 1743//1666 1744//1667 
f 1745//1668 1742//1665 1743//1666 
f 1740//1663 938//836 921//819 
f 1738//1661 1739//1662 1746//1669 
f 1747//1670 1738//1661 1746//1669 
f 1748//1671 1731//1654 1738//1661 
f 1732//1655 1731//1654 1748//1671 
f 1733//1656 1732//1655 1749//1672 
f 1749//1672 1732//1655 1748//1671 
f 1739//1662 930//828 947//845 
f 1739//1662 947//845 1750//1673 
f 1746//1669 1739//1662 1750//1673 
f 1751//1674 938//836 1740//1663 
f 1752//1675 1751//1674 1740//1663 
f 1752//1675 1740//1663 1741//1664 
f 1753//1676 1752//1675 1741//1664 
f 1753//1676 1741//1664 1742//1665 
f 1754//1677 1753//1676 1742//1665 
f 1754//1677 1742//1665 1745//1668 
f 1751//1674 953//851 938//836 
f 1746//1669 1750//1673 1755//1678 
f 1749//1672 1748//1671 1756//1679 
f 1757//1680 953//851 1751//1674 
f 1758//1681 1752//1675 1753//1676 
f 1759//1682 1758//1681 1753//1676 
f 1759//1682 1753//1676 1754//1677 
f 1757//1680 981//879 953//851 
f 1760//1683 1746//1669 1755//1678 
f 1760//1683 1755//1678 1761//1684 
f 1761//1684 1755//1678 1762//1685 
f 1755//1678 1763//1686 1762//1685 
f 1755//1678 1750//1673 1763//1686 
f 1747//1670 1746//1669 1760//1683 
f 1756//1679 1748//1671 1747//1670 
f 1756//1679 1747//1670 1764//1687 
f 1764//1687 1747//1670 1760//1683 
f 1765//1688 981//879 1757//1680 
f 1766//1689 1765//1688 1757//1680 
f 1766//1689 1757//1680 1767//1690 
f 1767//1690 1757//1680 1751//1674 
f 1768//1691 1758//1681 1759//1682 
f 1765//1688 991//889 981//879 
f 1769//1692 1760//1683 1761//1684 
f 1764//1687 1760//1683 1769//1692 
f 1769//1692 1761//1684 1770//1693 
f 1770//1693 1761//1684 1771//1694 
f 1761//1684 1762//1685 1771//1694 
f 1762//1685 1763//1686 1772//1695 
f 1762//1685 1772//1695 1773//1696 
f 1771//1694 1762//1685 1773//1696 
f 1763//1686 998//896 1772//1695 
f 1763//1686 987//885 998//896 
f 1750//1673 987//885 1763//1686 
f 1750//1673 947//845 987//885 
f 1748//1671 1738//1661 1747//1670 
f 1774//1697 991//889 1765//1688 
f 1775//1698 1766//1689 1767//1690 
f 1767//1690 1751//1674 1752//1675 
f 1768//1691 1775//1698 1758//1681 
f 1775//1698 1767//1690 1758//1681 
f 1758//1681 1767//1690 1752//1675 
f 1774//1697 994//892 991//889 
f 1770//1693 1771//1694 1776//1699 
f 1772//1695 998//896 1000//898 
f 1777//1700 994//892 1774//1697 
f 1778//1701 1777//1700 1774//1697 
f 1779//1702 1775//1698 1768//1691 
f 1777//1700 1007//905 994//892 
f 1776//1699 1780//1703 1781//1704 
f 1772//1695 1000//898 1782//1705 
f 1782//1705 1000//898 1105//1003 
f 1773//1696 1772//1695 1782//1705 
f 1783//1706 1007//905 1777//1700 
f 1783//1706 1020//918 1007//905 
f 1782//1705 1105//1003 1784//1707 
f 1785//1708 1782//1705 1784//1707 
f 1784//1707 1105//1003 1104//1002 
f 1773//1696 1782//1705 1785//1708 
f 1786//1709 1020//918 1783//1706 
f 1786//1709 1038//936 1020//918 
f 1784//1707 1104//1002 1787//1710 
f 1787//1710 1104//1002 1091//989 
f 1788//1711 1038//936 1786//1709 
f 1789//1712 1788//1711 1786//1709 
f 1788//1711 1103//1001 1038//936 
f 1790//1713 1103//1001 1788//1711 
f 1790//1713 1084//982 1103//1001 
f 1791//1714 1084//982 1790//1713 
f 1792//1715 1791//1714 1790//1713 
f 1792//1715 1790//1713 1793//1716 
f 1791//1714 1082//980 1084//982 
f 1794//1717 1082//980 1791//1714 
f 1795//1718 1794//1717 1791//1714 
f 1795//1718 1791//1714 1792//1715 
f 1796//1719 1792//1715 1793//1716 
f 1797//1720 1795//1718 1792//1715 
f 1796//1719 1793//1716 1798//1721 
f 1794//1717 1081//979 1082//980 
f 1799//1722 1081//979 1794//1717 
f 1799//1722 1091//989 1081//979 
f 1800//1723 1799//1722 1794//1717 
f 1800//1723 1794//1717 1795//1718 
f 1801//1724 1795//1718 1797//1720 
f 1801//1724 1800//1723 1795//1718 
f 1802//1725 1803//1726 1804//1727 
f 1802//1725 1805//1728 1803//1726 
f 1806//1729 1801//1724 1797//1720 
f 1806//1729 1797//1720 1807//1730 
f 1808//1731 1801//1724 1806//1729 
f 1787//1710 1091//989 1799//1722 
f 1809//1732 1787//1710 1799//1722 
f 1809//1732 1799//1722 1800//1723 
f 1810//1733 1809//1732 1800//1723 
f 1810//1733 1800//1723 1801//1724 
f 1808//1731 1810//1733 1801//1724 
f 1805//1728 1811//1734 1803//1726 
f 1803//1726 1811//1734 1812//1735 
f 1803//1726 1812//1735 1813//1736 
f 1804//1727 1803//1726 1813//1736 
f 1814//1737 1805//1728 1802//1725 
f 1814//1737 1798//1721 1805//1728 
f 1807//1730 1797//1720 1796//1719 
f 1797//1720 1792//1715 1796//1719 
f 1807//1730 1796//1719 1815//1738 
f 1815//1738 1798//1721 1814//1737 
f 1815//1738 1796//1719 1798//1721 
f 1816//1739 1810//1733 1808//1731 
f 1817//1740 1809//1732 1810//1733 
f 1816//1739 1817//1740 1810//1733 
f 1817//1740 1818//1741 1809//1732 
f 1818//1741 1787//1710 1809//1732 
f 1811//1734 1783//1706 1812//1735 
f 1811//1734 1786//1709 1783//1706 
f 1789//1712 1786//1709 1811//1734 
f 1805//1728 1789//1712 1811//1734 
f 1798//1721 1789//1712 1805//1728 
f 1812//1735 1783//1706 1777//1700 
f 1812//1735 1777//1700 1778//1701 
f 1819//1742 1817//1740 1816//1739 
f 1819//1742 1820//1743 1817//1740 
f 1820//1743 1818//1741 1817//1740 
f 1818//1741 1784//1707 1787//1710 
f 1785//1708 1784//1707 1818//1741 
f 1820//1743 1785//1708 1818//1741 
f 1813//1736 1812//1735 1778//1701 
f 1813//1736 1778//1701 1821//1744 
f 1821//1744 1778//1701 1822//1745 
f 1778//1701 1774//1697 1822//1745 
f 1781//1704 1820//1743 1819//1742 
f 1781//1704 1780//1703 1820//1743 
f 1780//1703 1785//1708 1820//1743 
f 1780//1703 1773//1696 1785//1708 
f 1823//1746 1813//1736 1821//1744 
f 1804//1727 1813//1736 1823//1746 
f 1823//1746 1821//1744 1824//1747 
f 1824//1747 1821//1744 1825//1748 
f 1821//1744 1822//1745 1825//1748 
f 1822//1745 1774//1697 1765//1688 
f 1822//1745 1765//1688 1766//1689 
f 1825//1748 1822//1745 1766//1689 
f 1771//1694 1773//1696 1780//1703 
f 1776//1699 1771//1694 1780//1703 
f 1824//1747 1825//1748 1779//1702 
f 1779//1702 1825//1748 1775//1698 
f 1825//1748 1766//1689 1775//1698 
f 1793//1716 1790//1713 1788//1711 
f 1793//1716 1788//1711 1789//1712 
f 1798//1721 1793//1716 1789//1712 
f 1826//1749 1108//1750 1111//1751 
f 1106//1752 1108//1750 1826//1749 
f 1827//1753 1828//1754 1829//1755 
f 1827//1753 1830//1756 1828//1754 
f 1826//1749 1830//1756 1827//1753 
f 1826//1749 1831//1757 1830//1756 
f 1111//1751 1831//1757 1826//1749 
f 1612//1758 1831//1757 1111//1751 
f 1611//1759 1831//1757 1612//1758 
f 1611//1759 1832//1760 1831//1757 
f 1610//1761 1832//1760 1611//1759 
f 1610//1761 1833//1762 1832//1760 
f 1832//1760 1833//1762 1834//1763 
f 1832//1760 1830//1756 1831//1757 
f 1834//1763 1830//1756 1832//1760 
f 1834//1763 1828//1754 1830//1756 
f 1834//1763 1835//1764 1828//1754 
f 1834//1763 1836//1765 1835//1764 
f 1833//1762 1836//1765 1834//1763 
f 1833//1762 1837//1766 1836//1765 
f 1838//1767 1839//1768 1840//1769 
f 1838//1767 1837//1766 1839//1768 
f 1841//1770 1837//1766 1838//1767 
f 1841//1770 1836//1765 1837//1766 
f 1842//1771 1836//1765 1841//1770 
f 1842//1771 1835//1764 1836//1765 
f 1843//1772 1835//1764 1842//1771 
f 1844//1773 1835//1764 1843//1772 
f 1844//1773 1828//1754 1835//1764 
f 1829//1755 1828//1754 1844//1773 
f 1845//1774 1838//1767 1840//1769 
f 1846//1775 1838//1767 1845//1774 
f 1846//1775 1841//1770 1838//1767 
f 1847//1776 1846//1775 1845//1774 
f 1848//1777 1846//1775 1847//1776 
f 1848//1777 1841//1770 1846//1775 
f 1848//1777 1842//1771 1841//1770 
f 1849//1778 1842//1771 1848//1777 
f 1849//1778 1843//1772 1842//1771 
f 1826//1749 1850//1779 1851//1780 
f 1827//1753 1850//1779 1826//1749 
f 1827//1753 1852//1781 1850//1779 
f 1829//1755 1852//1781 1827//1753 
f 1829//1755 1853//1782 1852//1781 
f 1844//1773 1853//1782 1829//1755 
f 1844//1773 1854//1783 1853//1782 
f 1843//1772 1854//1783 1844//1773 
f 1843//1772 1855//1784 1854//1783 
f 1849//1778 1855//1784 1843//1772 
f 1853//1782 1854//1783 1856//1785 
f 1857//1786 1852//1781 1853//1782 
f 1858//1787 1852//1781 1857//1786 
f 1859//1788 1852//1781 1858//1787 
f 1859//1788 1850//1779 1852//1781 
f 1860//1789 1850//1779 1859//1788 
f 1860//1789 1851//1780 1850//1779 
f 1861//1790 1851//1780 1860//1789 
f 1495//1791 1860//1789 1859//1788 
f 1496//1792 1860//1789 1495//1791 
f 1498//1793 1860//1789 1496//1792 
f 1498//1793 1861//1790 1860//1789 
f 1117//1794 1861//1790 1498//1793 
f 1110//1795 1861//1790 1117//1794 
f 1109//1796 1861//1790 1110//1795 
f 1106//1752 1861//1790 1109//1796 
f 1106//1752 1851//1780 1861//1790 
f 1826//1749 1851//1780 1106//1752 
f 1862//1797 1856//1785 1863//1798 
f 1862//1797 1853//1782 1856//1785 
f 1864//1799 1853//1782 1862//1797 
f 1864//1799 1857//1786 1853//1782 
f 1865//1800 1857//1786 1864//1799 
f 1865//1800 1858//1787 1857//1786 
f 1491//1801 1858//1787 1865//1800 
f 1493//1802 1858//1787 1491//1801 
f 1493//1802 1859//1788 1858//1787 
f 1495//1791 1859//1788 1493//1802 
f 1491//1801 1865//1800 1490//1803 
f 1866//1804 1865//1800 1864//1799 
f 1866//1804 1490//1803 1865//1800 
f 1489//1805 1490//1803 1866//1804 
f 1489//1805 1867//1806 1868//1807 
f 1866//1804 1867//1806 1489//1805 
f 1866//1804 1869//1808 1867//1806 
f 1864//1799 1869//1808 1866//1804 
f 1864//1799 1870//1809 1869//1808 
f 1862//1797 1870//1809 1864//1799 
f 1862//1797 1871//1810 1870//1809 
f 1863//1798 1871//1810 1862//1797 
f 1863//1798 1872//1811 1871//1810 
f 1873//1812 1869//1808 1870//1809 
f 1874//1813 1869//1808 1873//1812 
f 1874//1813 1867//1806 1869//1808 
f 1875//1814 1867//1806 1874//1813 
f 1875//1814 1868//1807 1867//1806 
f 1876//1815 1868//1807 1875//1814 
f 1876//1815 1877//1816 1868//1807 
f 1878//1817 1877//1816 1876//1815 
f 1878//1817 1879//1818 1877//1816 
f 1880//1819 1879//1818 1878//1817 
f 1873//1812 1875//1814 1874//1813 
f 1881//1820 1875//1814 1873//1812 
f 1876//1815 1875//1814 1881//1820 
f 1156//1821 1882//1822 1153//1823 
f 1158//1824 1882//1822 1156//1821 
f 1158//1824 1883//1825 1882//1822 
f 1159//1826 1883//1825 1158//1824 
f 1159//1826 1879//1818 1883//1825 
f 1487//1827 1879//1818 1159//1826 
f 1487//1827 1877//1816 1879//1818 
f 1488//1828 1877//1816 1487//1827 
f 1488//1828 1868//1807 1877//1816 
f 1489//1805 1868//1807 1488//1828 
f 1880//1819 1883//1825 1879//1818 
f 1884//1829 1883//1825 1880//1819 
f 1884//1829 1882//1822 1883//1825 
f 1884//1829 1885//1830 1882//1822 
f 1886//1831 1885//1830 1884//1829 
f 1887//1832 1888//1833 1614//1834 
f 1887//1832 1889//1835 1888//1833 
f 1887//1832 1886//1831 1889//1835 
f 1144//1836 1886//1831 1887//1832 
f 1143//1837 1886//1831 1144//1836 
f 1151//1838 1886//1831 1143//1837 
f 1151//1838 1885//1830 1886//1831 
f 1890//1839 1885//1830 1151//1838 
f 1890//1839 1882//1822 1885//1830 
f 1153//1823 1882//1822 1890//1839 
f 1887//1832 1613//1840 1144//1836 
f 1614//1834 1613//1840 1887//1832 
f 1150//1841 1890//1839 1151//1838 
f 1149//1842 1890//1839 1150//1841 
f 1152//1843 1890//1839 1149//1842 
f 1152//1843 1153//1823 1890//1839 
f 1891//1844 1273//1845 1271//1846 
f 1274//1847 1273//1845 1891//1844 
f 1892//1848 1268//1849 1270//1850 
f 1892//1848 1271//1846 1268//1849 
f 1892//1848 1891//1844 1271//1846 
f 1893//1851 1891//1844 1892//1848 
f 1893//1851 1894//1852 1891//1844 
f 1895//1853 1894//1852 1893//1851 
f 1895//1853 1896//1854 1894//1852 
f 1895//1853 1897//1855 1896//1854 
f 1898//1856 1897//1855 1895//1853 
f 1898//1856 1899//1857 1897//1855 
f 1896//1854 1900//1858 1901//1859 
f 1897//1855 1900//1858 1896//1854 
f 1897//1855 1902//1860 1900//1858 
f 1899//1857 1902//1860 1897//1855 
f 1899//1857 1903//1861 1902//1860 
f 1904//1862 1903//1861 1899//1857 
f 1904//1862 1905//1863 1903//1861 
f 1906//1864 1905//1863 1904//1862 
f 1906//1864 1907//1865 1905//1863 
f 1908//1866 1907//1865 1906//1864 
f 1900//1858 1902//1860 1909//1867 
f 1909//1867 1910//1868 1911//1869 
f 1909//1867 1912//1870 1910//1868 
f 1902//1860 1912//1870 1909//1867 
f 1903//1861 1912//1870 1902//1860 
f 1903//1861 1913//1871 1912//1870 
f 1905//1863 1913//1871 1903//1861 
f 1905//1863 1914//1872 1913//1871 
f 1912//1870 1915//1873 1910//1868 
f 1913//1871 1915//1873 1912//1870 
f 1913//1871 1916//1874 1915//1873 
f 1914//1872 1916//1874 1913//1871 
f 1917//1875 1916//1874 1914//1872 
f 1907//1865 1914//1872 1905//1863 
f 1907//1865 1917//1875 1914//1872 
f 1918//1876 1917//1875 1907//1865 
f 1908//1866 1918//1876 1907//1865 
f 1919//1877 1918//1876 1908//1866 
f 1920//1878 1921//1879 1922//1880 
f 1923//1881 1921//1879 1920//1878 
f 1923//1881 1924//1882 1921//1879 
f 1925//1883 1926//1884 1927//1885 
f 1928//1886 1926//1884 1925//1883 
f 1928//1886 1908//1866 1926//1884 
f 1928//1886 1919//1877 1908//1866 
f 1929//1887 1919//1877 1928//1886 
f 1929//1887 1930//1888 1919//1877 
f 1920//1878 1930//1888 1929//1887 
f 1920//1878 1922//1880 1930//1888 
f 1929//1887 1928//1886 1925//1883 
f 1931//1889 1899//1857 1898//1856 
f 1931//1889 1904//1862 1899//1857 
f 1932//1890 1904//1862 1931//1889 
f 1932//1890 1906//1864 1904//1862 
f 1933//1891 1906//1864 1932//1890 
f 1933//1891 1908//1866 1906//1864 
f 1933//1891 1926//1884 1908//1866 
f 1934//1892 1926//1884 1933//1891 
f 1934//1892 1927//1885 1926//1884 
f 1935//1893 1927//1885 1934//1892 
f 1935//1893 1936//1894 1927//1885 
f 1935//1893 1937//1895 1936//1894 
f 1936//1894 1938//1896 1939//1897 
f 1937//1895 1938//1896 1936//1894 
f 1937//1895 1940//1898 1938//1896 
f 1935//1893 1940//1898 1937//1895 
f 1935//1893 1941//1899 1940//1898 
f 1934//1892 1941//1899 1935//1893 
f 1934//1892 1942//1900 1941//1899 
f 1943//1901 1942//1900 1934//1892 
f 1943//1901 1944//1902 1942//1900 
f 1945//1903 1944//1902 1943//1901 
f 1336//1904 1940//1898 1941//1899 
f 1946//1905 1940//1898 1336//1904 
f 1946//1905 1938//1896 1940//1898 
f 1947//1906 1938//1896 1946//1905 
f 1947//1906 1939//1897 1938//1896 
f 1948//1907 1939//1897 1947//1906 
f 1948//1907 1949//1908 1939//1897 
f 1950//1909 1949//1908 1948//1907 
f 1950//1909 1923//1881 1949//1908 
f 1946//1905 1951//1910 1947//1906 
f 1946//1905 1334//1911 1951//1910 
f 1336//1904 1334//1911 1946//1905 
f 1333//1912 1951//1910 1334//1911 
f 1950//1909 1924//1882 1923//1881 
f 1950//1909 1952//1913 1924//1882 
f 1948//1907 1952//1913 1950//1909 
f 1948//1907 1953//1914 1952//1913 
f 1947//1906 1953//1914 1948//1907 
f 1947//1906 1954//1915 1953//1914 
f 1951//1910 1954//1915 1947//1906 
f 1951//1910 1955//1916 1954//1915 
f 1333//1912 1955//1916 1951//1910 
f 1332//1917 1955//1916 1333//1912 
f 1952//1913 1956//1918 1924//1882 
f 1957//1919 1956//1918 1952//1913 
f 1957//1919 1958//1920 1956//1918 
f 1954//1915 1959//1921 1953//1914 
f 1955//1916 1959//1921 1954//1915 
f 1960//1922 1959//1921 1955//1916 
f 1960//1922 1961//1923 1959//1921 
f 1962//1924 1961//1923 1960//1922 
f 1962//1924 1963//1925 1961//1923 
f 1964//1926 1963//1925 1962//1924 
f 1332//1917 1960//1922 1955//1916 
f 1331//1927 1960//1922 1332//1917 
f 1331//1927 1962//1924 1960//1922 
f 1330//1928 1962//1924 1331//1927 
f 1329//1929 1962//1924 1330//1928 
f 1329//1929 1964//1926 1962//1924 
f 1328//1930 1964//1926 1329//1929 
f 1308//1931 1964//1926 1328//1930 
f 1307//1932 1964//1926 1308//1931 
f 1306//1933 1964//1926 1307//1932 
f 1965//1934 1305//1935 1433//1936 
f 1306//1933 1305//1935 1965//1934 
f 1306//1933 1963//1925 1964//1926 
f 1965//1934 1963//1925 1306//1933 
f 1965//1934 1961//1923 1963//1925 
f 1966//1937 1961//1923 1965//1934 
f 1966//1937 1959//1921 1961//1923 
f 1967//1938 1959//1921 1966//1937 
f 1967//1938 1953//1914 1959//1921 
f 1968//1939 1953//1914 1967//1938 
f 1968//1939 1969//1940 1953//1914 
f 1970//1941 1969//1940 1968//1939 
f 1971//1942 1972//1943 1973//1944 
f 1971//1942 1974//1945 1972//1943 
f 1975//1946 1974//1945 1971//1942 
f 1975//1946 1976//1947 1974//1945 
f 1977//1948 1976//1947 1975//1946 
f 1977//1948 1978//1949 1976//1947 
f 1970//1941 1978//1949 1977//1948 
f 1968//1939 1978//1949 1970//1941 
f 1968//1939 1979//1950 1978//1949 
f 1967//1938 1979//1950 1968//1939 
f 1980//1951 1971//1942 1973//1944 
f 1981//1952 1971//1942 1980//1951 
f 1981//1952 1975//1946 1971//1942 
f 1977//1948 1982//1953 1970//1941 
f 1977//1948 1983//1954 1982//1953 
f 1975//1946 1983//1954 1977//1948 
f 1981//1952 1983//1954 1975//1946 
f 1981//1952 1984//1955 1983//1954 
f 1980//1951 1984//1955 1981//1952 
f 1980//1951 1985//1956 1984//1955 
f 1980//1951 1986//1957 1985//1956 
f 1980//1951 1987//1958 1986//1957 
f 1973//1944 1987//1958 1980//1951 
f 1973//1944 1988//1959 1987//1958 
f 1973//1944 1989//1960 1988//1959 
f 1972//1943 1989//1960 1973//1944 
f 1587//1961 1988//1959 1586//1962 
f 1588//1963 1988//1959 1587//1961 
f 1588//1963 1987//1958 1988//1959 
f 1559//1964 1987//1958 1588//1963 
f 1559//1964 1986//1957 1987//1958 
f 1558//1965 1986//1957 1559//1964 
f 1990//1966 1986//1957 1558//1965 
f 1990//1966 1985//1956 1986//1957 
f 1991//1967 1985//1956 1990//1966 
f 1991//1967 1984//1955 1985//1956 
f 1562//1968 1990//1966 1558//1965 
f 1992//1969 1990//1966 1562//1968 
f 1992//1969 1991//1967 1990//1966 
f 1993//1970 1991//1967 1992//1969 
f 1993//1970 1994//1971 1991//1967 
f 1993//1970 1995//1972 1994//1971 
f 1996//1973 1995//1972 1993//1970 
f 1996//1973 1997//1974 1995//1972 
f 1998//1975 1997//1974 1996//1973 
f 1998//1975 1999//1976 1997//1974 
f 1993//1970 1998//1975 1996//1973 
f 1992//1969 1998//1975 1993//1970 
f 1992//1969 1564//1977 1998//1975 
f 1562//1968 1564//1977 1992//1969 
f 1999//1976 2000//1978 1997//1974 
f 2001//1979 2000//1978 1999//1976 
f 1564//1977 1999//1976 1998//1975 
f 1556//1980 1999//1976 1564//1977 
f 1556//1980 2001//1979 1999//1976 
f 1555//1981 2001//1979 1556//1980 
f 1555//1981 2002//1982 2001//1979 
f 1390//1983 2002//1982 1555//1981 
f 1390//1983 2003//1984 2002//1982 
f 1389//1985 2003//1984 1390//1983 
f 1389//1985 2004//1986 2003//1984 
f 1387//1987 2004//1986 1389//1985 
f 2000//1978 2005//1988 2006//1989 
f 2000//1978 2007//1990 2005//1988 
f 2001//1979 2007//1990 2000//1978 
f 2002//1982 2007//1990 2001//1979 
f 2002//1982 2008//1991 2007//1990 
f 2003//1984 2008//1991 2002//1982 
f 2003//1984 2009//1992 2008//1991 
f 2004//1986 2009//1992 2003//1984 
f 2004//1986 2010//1993 2009//1992 
f 2011//1994 2010//1993 2004//1986 
f 2007//1990 2008//1991 2005//1988 
f 1385//1995 2004//1986 1387//1987 
f 1385//1995 2011//1994 2004//1986 
f 1384//1996 2011//1994 1385//1995 
f 1380//1997 2011//1994 1384//1996 
f 1381//1998 2011//1994 1380//1997 
f 1382//1999 2011//1994 1381//1998 
f 1382//1999 2010//1993 2011//1994 
f 2012//2000 2010//1993 1382//1999 
f 2012//2000 2009//1992 2010//1993 
f 2013//2001 2009//1992 2012//2000 
f 2012//2000 1383//2002 1479//2003 
f 1382//1999 1383//2002 2012//2000 
f 2012//2000 2014//2004 2013//2001 
f 2012//2000 2015//2005 2014//2004 
f 1479//2003 2015//2005 2012//2000 
f 1482//2006 2015//2005 1479//2003 
f 1483//2007 2015//2005 1482//2006 
f 1483//2007 2016//2008 2015//2005 
f 1485//2009 2016//2008 1483//2007 
f 1485//2009 2017//2010 2016//2008 
f 1485//2009 2018//2011 2017//2010 
f 1486//2012 2018//2011 1485//2009 
f 2019//2013 2016//2008 2017//2010 
f 2014//2004 2016//2008 2019//2013 
f 2014//2004 2015//2005 2016//2008 
f 2014//2004 2019//2013 2020//2014 
f 2021//2015 2018//2011 2022//2016 
f 2021//2015 2017//2010 2018//2011 
f 2023//2017 2017//2010 2021//2015 
f 2023//2017 2019//2013 2017//2010 
f 2024//2018 2019//2013 2023//2017 
f 2024//2018 2020//2014 2019//2013 
f 2025//2019 2020//2014 2024//2018 
f 2026//2020 2020//2014 2025//2019 
f 2013//2001 2020//2014 2026//2020 
f 2013//2001 2014//2004 2020//2014 
f 2024//2018 2027//2021 2025//2019 
f 2024//2018 2028//2022 2027//2021 
f 2023//2017 2028//2022 2024//2018 
f 2023//2017 2029//2023 2028//2022 
f 2021//2015 2029//2023 2023//2017 
f 2021//2015 2030//2024 2029//2023 
f 2022//2016 2030//2024 2021//2015 
f 2022//2016 2031//2025 2030//2024 
f 2032//2026 2031//2025 2022//2016 
f 2033//2027 2031//2025 2032//2026 
f 2034//2028 2030//2024 2031//2025 
f 2035//2029 2030//2024 2034//2028 
f 2035//2029 2029//2023 2030//2024 
f 2036//2030 2035//2029 2034//2028 
f 2037//2031 2035//2029 2036//2030 
f 2037//2031 2029//2023 2035//2029 
f 2037//2031 2028//2022 2029//2023 
f 2038//2032 2028//2022 2037//2031 
f 2038//2032 2027//2021 2028//2022 
f 2037//2031 2039//2033 2038//2032 
f 2036//2030 2039//2033 2037//2031 
f 2036//2030 2040//2034 2039//2033 
f 2041//2035 2040//2034 2036//2030 
f 2042//2036 2040//2034 2041//2035 
f 2042//2036 2043//2037 2040//2034 
f 2044//2038 2045//2039 2046//2040 
f 2044//2038 2047//2041 2045//2039 
f 2043//2037 2047//2041 2044//2038 
f 2042//2036 2047//2041 2043//2037 
f 2042//2036 2048//2042 2047//2041 
f 2041//2035 2048//2042 2042//2036 
f 2041//2035 2049//2043 2048//2042 
f 2041//2035 2050//2044 2049//2043 
f 2036//2030 2050//2044 2041//2035 
f 2036//2030 2051//2045 2050//2044 
f 2034//2028 2051//2045 2036//2030 
f 2052//2046 2053//2047 2054//2048 
f 2049//2043 2053//2047 2052//2046 
f 2050//2044 2053//2047 2049//2043 
f 2055//2049 2031//2025 2033//2027 
f 2055//2049 2034//2028 2031//2025 
f 2056//2050 2034//2028 2055//2049 
f 2056//2050 2051//2045 2034//2028 
f 2057//2051 2051//2045 2056//2050 
f 2057//2051 2050//2044 2051//2045 
f 2058//2052 2050//2044 2057//2051 
f 2058//2052 2053//2047 2050//2044 
f 2059//2053 2053//2047 2058//2052 
f 2059//2053 2054//2048 2053//2047 
f 2060//2054 2054//2048 2059//2053 
f 2060//2054 2052//2046 2054//2048 
f 2061//2055 2052//2046 2060//2054 
f 1601//2056 2055//2049 2033//2027 
f 1529//2057 2055//2049 1601//2056 
f 1529//2057 2056//2050 2055//2049 
f 1528//2058 2056//2050 1529//2057 
f 1528//2058 2057//2051 2056//2050 
f 1527//2059 2057//2051 1528//2058 
f 1527//2059 2058//2052 2057//2051 
f 1526//2060 2058//2052 1527//2059 
f 1526//2060 2059//2053 2058//2052 
f 2062//2061 2059//2053 1526//2060 
f 1525//2062 2062//2061 1526//2060 
f 2062//2061 2063//2063 2064//2064 
f 1525//2062 2063//2063 2062//2061 
f 1525//2062 1530//2065 2063//2063 
f 2062//2061 2060//2054 2059//2053 
f 2064//2064 2060//2054 2062//2061 
f 2064//2064 2061//2055 2060//2054 
f 2065//2066 2061//2055 2064//2064 
f 2065//2066 2066//2067 2061//2055 
f 2067//2068 2066//2067 2065//2066 
f 2067//2068 2068//2069 2066//2067 
f 2069//2070 2068//2069 2067//2068 
f 2069//2070 2070//2071 2045//2039 
f 2069//2070 2071//2072 2070//2071 
f 2067//2068 2071//2072 2069//2070 
f 2067//2068 2072//2073 2071//2072 
f 2065//2066 2072//2073 2067//2068 
f 2065//2066 2073//2074 2072//2073 
f 2064//2064 2073//2074 2065//2066 
f 2064//2064 2074//2075 2073//2074 
f 2063//2063 2074//2075 2064//2064 
f 2063//2063 2075//2076 2074//2075 
f 2072//2073 2076//2077 2071//2072 
f 2077//2078 2076//2077 2072//2073 
f 2078//2079 2076//2077 2077//2078 
f 2079//2080 2080//2081 2081//2082 
f 2079//2080 2082//2083 2080//2081 
f 2083//2084 2082//2083 2079//2080 
f 2078//2079 2084//2085 2085//2086 
f 2077//2078 2084//2085 2078//2079 
f 2077//2078 2086//2087 2084//2085 
f 2077//2078 2087//2088 2086//2087 
f 2072//2073 2087//2088 2077//2078 
f 2072//2073 2073//2074 2087//2088 
f 2085//2086 2080//2081 2082//2083 
f 2084//2085 2080//2081 2085//2086 
f 2084//2085 2081//2082 2080//2081 
f 2086//2087 2081//2082 2084//2085 
f 2088//2089 2087//2088 2073//2074 
f 2089//2090 2087//2088 2088//2089 
f 2089//2090 2086//2087 2087//2088 
f 2090//2091 2086//2087 2089//2090 
f 2090//2091 2081//2082 2086//2087 
f 2091//2092 2081//2082 2090//2091 
f 2091//2092 2079//2080 2081//2082 
f 2092//2093 2079//2080 2091//2092 
f 2092//2093 2083//2084 2079//2080 
f 2093//2094 2083//2084 2092//2093 
f 2094//2095 2091//2092 2090//2091 
f 2095//2096 2091//2092 2094//2095 
f 2095//2096 2092//2093 2091//2092 
f 2096//2097 2092//2093 2095//2096 
f 2097//2098 2092//2093 2096//2097 
f 2097//2098 2093//2094 2092//2093 
f 2095//2096 2098//2099 1880//1819 
f 2094//2095 2098//2099 2095//2096 
f 2094//2095 2099//2100 2098//2099 
f 2094//2095 2100//2101 2099//2100 
f 2090//2091 2100//2101 2094//2095 
f 2090//2091 2089//2090 2100//2101 
f 1880//1819 2101//2102 1884//1829 
f 2098//2099 2101//2102 1880//1819 
f 2098//2099 2099//2100 2101//2102 
f 2101//2102 1886//1831 1884//1829 
f 2101//2102 1889//1835 1886//1831 
f 2099//2100 1889//1835 2101//2102 
f 2099//2100 2102//2103 1889//1835 
f 2100//2101 2102//2103 2099//2100 
f 2100//2101 2103//2104 2102//2103 
f 2089//2090 2103//2104 2100//2101 
f 2088//2089 2103//2104 2089//2090 
f 2088//2089 2104//2105 2103//2104 
f 2105//2106 2104//2105 2088//2089 
f 2106//2107 2107//2108 2108//2109 
f 2109//2110 2107//2108 2106//2107 
f 2109//2110 2104//2105 2107//2108 
f 2109//2110 2103//2104 2104//2105 
f 2109//2110 2102//2103 2103//2104 
f 1888//1833 2102//2103 2109//2110 
f 1888//1833 1889//1835 2102//2103 
f 2106//2107 1888//1833 2109//2110 
f 2110//2111 2104//2105 2105//2106 
f 2110//2111 2107//2108 2104//2105 
f 2111//2112 2107//2108 2110//2111 
f 2111//2112 2108//2109 2107//2108 
f 1619//2113 2108//2109 2111//2112 
f 1618//2114 2108//2109 1619//2113 
f 1616//2115 2108//2109 1618//2114 
f 1616//2115 2106//2107 2108//2109 
f 1614//1834 2106//2107 1616//2115 
f 1614//1834 1888//1833 2106//2107 
f 2111//2112 1545//2116 1619//2113 
f 1546//2117 1545//2116 2111//2112 
f 1547//2118 2112//2119 1548//2120 
f 1546//2117 2112//2119 1547//2118 
f 1546//2117 2113//2121 2112//2119 
f 2111//2112 2113//2121 1546//2117 
f 2111//2112 2114//2122 2113//2121 
f 2110//2111 2114//2122 2111//2112 
f 2110//2111 2115//2123 2114//2122 
f 2105//2106 2115//2123 2110//2111 
f 2105//2106 2073//2074 2115//2123 
f 2088//2089 2073//2074 2105//2106 
f 2074//2075 2115//2123 2073//2074 
f 2075//2076 2115//2123 2074//2075 
f 2116//2124 2115//2123 2075//2076 
f 2116//2124 2114//2122 2115//2123 
f 2117//2125 2114//2122 2116//2124 
f 2117//2125 2113//2121 2114//2122 
f 2112//2119 2113//2121 2117//2125 
f 1530//2065 2075//2076 2063//2063 
f 1532//2126 2075//2076 1530//2065 
f 1532//2126 2116//2124 2075//2076 
f 1554//2127 2116//2124 1532//2126 
f 1554//2127 2117//2125 2116//2124 
f 1553//2128 2117//2125 1554//2127 
f 1552//2129 2117//2125 1553//2128 
f 1552//2129 2112//2119 2117//2125 
f 1551//2130 2112//2119 1552//2129 
f 1548//2120 2112//2119 1551//2130 
f 1222//2131 2118//2132 1223//2133 
f 2119//2134 2118//2132 2120//2135 
f 2119//2134 1223//2133 2118//2132 
f 1224//2136 1223//2133 2119//2134 
f 1224//2136 2121//2137 2122//2138 
f 2119//2134 2121//2137 1224//2136 
f 2119//2134 2123//2139 2121//2137 
f 2120//2135 2123//2139 2119//2134 
f 2120//2135 2124//2140 2123//2139 
f 2125//2141 2124//2140 2120//2135 
f 2125//2141 2126//2142 2124//2140 
f 2127//2143 2126//2142 2125//2141 
f 2127//2143 2128//2144 2126//2142 
f 2129//2145 2123//2139 2124//2140 
f 2130//2146 2123//2139 2129//2145 
f 2130//2146 2121//2137 2123//2139 
f 2131//2147 2121//2137 2130//2146 
f 2131//2147 2122//2138 2121//2137 
f 2132//2148 2122//2138 2131//2147 
f 2132//2148 2133//2149 2122//2138 
f 2134//2150 2133//2149 2132//2148 
f 2134//2150 2135//2151 2133//2149 
f 1845//1774 2135//2151 2134//2150 
f 2129//2145 2131//2147 2130//2146 
f 2136//2152 2131//2147 2129//2145 
f 2132//2148 2131//2147 2136//2152 
f 1245//2153 2137//2154 1244//2155 
f 1246//2156 2137//2154 1245//2153 
f 1246//2156 2138//2157 2137//2154 
f 1230//2158 2138//2157 1246//2156 
f 1230//2158 2135//2151 2138//2157 
f 1229//2159 2135//2151 1230//2158 
f 1229//2159 2133//2149 2135//2151 
f 1225//2160 2133//2149 1229//2159 
f 1225//2160 2122//2138 2133//2149 
f 1224//2136 2122//2138 1225//2160 
f 1845//1774 2138//2157 2135//2151 
f 1840//1769 2138//2157 1845//1774 
f 1840//1769 2137//2154 2138//2157 
f 1840//1769 2139//2161 2137//2154 
f 1839//1768 2139//2161 1840//1769 
f 2140//2162 1833//1762 1610//1761 
f 2140//2162 1837//1766 1833//1762 
f 2140//2162 1839//1768 1837//1766 
f 1605//2163 1839//1768 2140//2162 
f 1252//2164 1839//1768 1605//2163 
f 1251//2165 1839//1768 1252//2164 
f 1251//2165 2139//2161 1839//1768 
f 2141//2166 2139//2161 1251//2165 
f 2141//2166 2137//2154 2139//2161 
f 1244//2155 2137//2154 2141//2166 
f 2140//2162 1608//2167 1605//2163 
f 1610//1761 1608//2167 2140//2162 
f 1250//2168 2141//2166 1251//2165 
f 1242//2169 2141//2166 1250//2168 
f 1241//2170 2141//2166 1242//2169 
f 1241//2170 1244//2155 2141//2166 
f 2142//2171 2143//2172 2144//2173 
f 2145//2174 2143//2172 2142//2171 
f 2145//2174 2146//2175 2143//2172 
f 2147//2176 2148//2177 2149//2178 
f 2150//2179 2148//2177 2147//2176 
f 2150//2179 2144//2173 2148//2177 
f 2151//2180 2144//2173 2150//2179 
f 2151//2180 2142//2171 2144//2173 
f 2006//1989 2142//2171 2151//2180 
f 2006//1989 2005//1988 2142//2171 
f 1997//1974 2152//2181 1995//1972 
f 2000//1978 2152//2181 1997//1974 
f 2006//1989 2152//2181 2000//1978 
f 2006//1989 2153//2182 2152//2181 
f 2151//2180 2153//2182 2006//1989 
f 2151//2180 2150//2179 2153//2182 
f 2154//2183 2155//2184 2156//2185 
f 2154//2183 2157//2186 2155//2184 
f 2158//2187 2157//2186 2154//2183 
f 1958//1920 2159//2188 2160//2189 
f 1957//1919 2159//2188 1958//1920 
f 1957//1919 2161//2190 2159//2188 
f 1957//1919 1969//1940 2161//2190 
f 1952//1913 1969//1940 1957//1919 
f 1952//1913 1953//1914 1969//1940 
f 2160//2189 2155//2184 2157//2186 
f 2159//2188 2155//2184 2160//2189 
f 2159//2188 2156//2185 2155//2184 
f 2161//2190 2156//2185 2159//2188 
f 1970//1941 2161//2190 1969//1940 
f 1982//1953 2161//2190 1970//1941 
f 1982//1953 2156//2185 2161//2190 
f 2162//2191 2156//2185 1982//1953 
f 2162//2191 2154//2183 2156//2185 
f 2163//2192 2154//2183 2162//2191 
f 2163//2192 2158//2187 2154//2183 
f 2164//2193 2158//2187 2163//2192 
f 1983//1954 2162//2191 1982//1953 
f 1984//1955 2162//2191 1983//1954 
f 1984//1955 2163//2192 2162//2191 
f 2165//2194 1984//1955 1991//1967 
f 2165//2194 2163//2192 1984//1955 
f 2166//2195 2163//2192 2165//2194 
f 2166//2195 2164//2193 2163//2192 
f 2167//2196 2164//2193 2166//2195 
f 2167//2196 2168//2197 2164//2193 
f 2147//2176 2168//2197 2167//2196 
f 2147//2176 2149//2178 2168//2197 
f 1994//1971 2165//2194 1991//1967 
f 2169//2198 2165//2194 1994//1971 
f 2169//2198 2166//2195 2165//2194 
f 2167//2196 2166//2195 2169//2198 
f 2170//2199 2171//2200 2172//2201 
f 2170//2199 2173//2202 2171//2200 
f 2174//2203 2173//2202 2170//2199 
f 2174//2203 2175//2204 2173//2202 
f 2176//2205 2175//2204 2174//2203 
f 2176//2205 2177//2206 2175//2204 
f 2171//2200 1945//1903 2172//2201 
f 2171//2200 2178//2207 1945//1903 
f 2171//2200 2179//2208 2178//2207 
f 2173//2202 2179//2208 2171//2200 
f 2173//2202 2180//2209 2179//2208 
f 2175//2204 2180//2209 2173//2202 
f 2175//2204 1283//2210 2180//2209 
f 2177//2206 1283//2210 2175//2204 
f 2177//2206 1270//1850 1283//2210 
f 1892//1848 1270//1850 2177//2206 
f 2179//2208 2181//2211 2178//2207 
f 2179//2208 1289//2212 2181//2211 
f 2179//2208 1278//2213 1289//2212 
f 2179//2208 1279//2214 1278//2213 
f 2180//2209 1279//2214 2179//2208 
f 2180//2209 1282//2215 1279//2214 
f 1283//2210 1282//2215 2180//2209 
f 1945//1903 2182//2216 1944//1902 
f 2178//2207 2182//2216 1945//1903 
f 2178//2207 2183//2217 2182//2216 
f 2181//2211 2183//2217 2178//2207 
f 2181//2211 2184//2218 2183//2217 
f 1289//2212 2184//2218 2181//2211 
f 1288//2219 2184//2218 1289//2212 
f 1285//2220 2184//2218 1288//2219 
f 1441//2221 2184//2218 1285//2220 
f 1441//2221 2183//2217 2184//2218 
f 1444//2222 2183//2217 1441//2221 
f 1443//2223 2183//2217 1444//2222 
f 1443//2223 2182//2216 2183//2217 
f 1442//2224 2182//2216 1443//2223 
f 1442//2224 1944//1902 2182//2216 
f 1339//2225 1944//1902 1442//2224 
f 1339//2225 1942//1900 1944//1902 
f 1337//2226 1942//1900 1339//2225 
f 1337//2226 1941//1899 1942//1900 
f 1336//1904 1941//1899 1337//2226 
f 1421//2227 2185//2228 1422//2229 
f 1420//2230 2185//2228 1421//2227 
f 1585//2231 2185//2228 1420//2230 
f 1585//2231 1586//1962 2185//2228 
f 2186//2232 2187//2233 1428//2234 
f 2186//2232 1974//1945 2187//2233 
f 2186//2232 1972//1943 1974//1945 
f 1424//2235 1972//1943 2186//2232 
f 1423//2236 1972//1943 1424//2235 
f 1422//2229 1972//1943 1423//2236 
f 1422//2229 1989//1960 1972//1943 
f 2185//2228 1989//1960 1422//2229 
f 2185//2228 1988//1959 1989//1960 
f 1586//1962 1988//1959 2185//2228 
f 2186//2232 1427//2237 1424//2235 
f 1428//2234 1427//2237 2186//2232 
f 1966//1937 1979//1950 1967//1938 
f 1966//1937 2188//2238 1979//1950 
f 1965//1934 2188//2238 1966//1937 
f 1965//1934 2189//2239 2188//2238 
f 1433//1936 2189//2239 1965//1934 
f 1432//2240 2189//2239 1433//1936 
f 1430//2241 2189//2239 1432//2240 
f 1430//2241 2190//2242 2189//2239 
f 1428//2234 2190//2242 1430//2241 
f 1428//2234 2187//2233 2190//2242 
f 2190//2242 2187//2233 2191//2243 
f 2190//2242 2188//2238 2189//2239 
f 2191//2243 2188//2238 2190//2242 
f 2191//2243 1979//1950 2188//2238 
f 2191//2243 1978//1949 1979//1950 
f 2191//2243 1976//1947 1978//1949 
f 2187//2233 1976//1947 2191//2243 
f 2187//2233 1974//1945 1976//1947 
f 1476//2244 2192//2245 1475//2246 
f 1477//2247 2192//2245 1476//2244 
f 1604//2248 2192//2245 1477//2247 
f 1604//2248 1603//2249 2192//2245 
f 1472//2250 2018//2011 1486//2012 
f 1472//2250 2022//2016 2018//2011 
f 1474//2251 2022//2016 1472//2250 
f 1475//2246 2022//2016 1474//2251 
f 1475//2246 2032//2026 2022//2016 
f 2192//2245 2032//2026 1475//2246 
f 2192//2245 2033//2027 2032//2026 
f 1603//2249 2033//2027 2192//2245 
f 1602//2252 2033//2027 1603//2249 
f 1601//2056 2033//2027 1602//2252 
f 1848//1777 2193//2253 1849//1778 
f 1847//1776 2193//2253 1848//1777 
f 1847//1776 2194//2254 2193//2253 
f 2195//2255 2194//2254 1847//1776 
f 2196//2256 2194//2254 2195//2255 
f 2196//2256 2197//2257 2194//2254 
f 2198//2258 2199//2259 2200//2260 
f 2198//2258 2201//2261 2199//2259 
f 2197//2257 2201//2261 2198//2258 
f 2196//2256 2201//2261 2197//2257 
f 2196//2256 2202//2262 2201//2261 
f 2195//2255 2202//2262 2196//2256 
f 2195//2255 2136//2152 2202//2262 
f 2195//2255 2132//2148 2136//2152 
f 1847//1776 2132//2148 2195//2255 
f 1847//1776 2134//2150 2132//2148 
f 1845//1774 2134//2150 1847//1776 
f 1849//1778 2203//2263 1855//1784 
f 2193//2253 2203//2263 1849//1778 
f 2193//2253 2204//2264 2203//2263 
f 2194//2254 2204//2264 2193//2253 
f 2194//2254 2205//2265 2204//2264 
f 2197//2257 2205//2265 2194//2254 
f 2204//2264 2206//2266 2203//2263 
f 2204//2264 2207//2267 2206//2266 
f 2205//2265 2207//2267 2204//2264 
f 2208//2268 2209//2269 2210//2270 
f 2211//2271 2209//2269 2208//2268 
f 2211//2271 2212//2272 2209//2269 
f 2206//2266 2212//2272 2211//2271 
f 2207//2267 2212//2272 2206//2266 
f 1856//1785 2210//2270 2213//2273 
f 1856//1785 2208//2268 2210//2270 
f 1854//1783 2208//2268 1856//1785 
f 1855//1784 2208//2268 1854//1783 
f 1855//1784 2211//2271 2208//2268 
f 2203//2263 2211//2271 1855//1784 
f 2203//2263 2206//2266 2211//2271 
f 2214//2274 2215//2275 2216//2276 
f 1872//1811 2215//2275 2214//2274 
f 1872//1811 2213//2273 2215//2275 
f 1863//1798 2213//2273 1872//1811 
f 1863//1798 1856//1785 2213//2273 
f 2217//2277 2214//2274 2216//2276 
f 2217//2277 2218//2278 2214//2274 
f 2093//2094 2218//2278 2217//2277 
f 2097//2098 2218//2278 2093//2094 
f 2097//2098 2219//2279 2218//2278 
f 2097//2098 2220//2280 2219//2279 
f 2096//2097 2220//2280 2097//2098 
f 2096//2097 2221//2281 2220//2280 
f 2096//2097 1881//1820 2221//2281 
f 2096//2097 1876//1815 1881//1820 
f 2095//2096 1876//1815 2096//2097 
f 2095//2096 1878//1817 1876//1815 
f 1880//1819 1878//1817 2095//2096 
f 2177//2206 1893//1851 1892//1848 
f 2176//2205 1893//1851 2177//2206 
f 2176//2205 1895//1853 1893//1851 
f 2176//2205 1898//1856 1895//1853 
f 2174//2203 1898//1856 2176//2205 
f 2174//2203 1931//1889 1898//1856 
f 2170//2199 1931//1889 2174//2203 
f 2170//2199 1932//1890 1931//1889 
f 2172//2201 1932//1890 2170//2199 
f 2172//2201 1933//1891 1932//1890 
f 1945//1903 1933//1891 2172//2201 
f 1943//1901 1933//1891 1945//1903 
f 1943//1901 1934//1892 1933//1891 
f 2222//2282 2223//2283 2224//2284 
f 2225//2285 2223//2283 2222//2282 
f 2225//2285 2226//2286 2223//2283 
f 2227//2287 2226//2286 2225//2285 
f 2228//2288 2223//2283 2226//2286 
f 2228//2288 2224//2284 2223//2283 
f 2229//2289 2224//2284 2228//2288 
f 2146//2175 2225//2285 2222//2282 
f 2145//2174 2225//2285 2146//2175 
f 2145//2174 2227//2287 2225//2285 
f 2145//2174 2230//2290 2227//2287 
f 2142//2171 2230//2290 2145//2174 
f 2142//2171 2005//1988 2230//2290 
f 2013//2001 2008//1991 2009//1992 
f 2026//2020 2008//1991 2013//2001 
f 2026//2020 2005//1988 2008//1991 
f 2025//2019 2005//1988 2026//2020 
f 2025//2019 2230//2290 2005//1988 
f 2027//2021 2230//2290 2025//2019 
f 2027//2021 2227//2287 2230//2290 
f 2038//2032 2227//2287 2027//2021 
f 2038//2032 2226//2286 2227//2287 
f 2039//2033 2226//2286 2038//2032 
f 2039//2033 2228//2288 2226//2286 
f 2040//2034 2228//2288 2039//2033 
f 2040//2034 2229//2289 2228//2288 
f 2043//2037 2229//2289 2040//2034 
f 2045//2039 2070//2071 2046//2040 
f 2231//2291 1901//1859 1900//1858 
f 2232//2292 1901//1859 2231//2291 
f 2233//2293 1901//1859 2232//2292 
f 2233//2293 2234//2294 1901//1859 
f 2235//2295 2234//2294 2233//2293 
f 2235//2295 2236//2296 2234//2294 
f 2237//2297 2236//2296 2235//2295 
f 2118//2132 2231//2291 2120//2135 
f 2118//2132 2232//2292 2231//2291 
f 1222//2131 2232//2292 2118//2132 
f 1211//2298 2232//2292 1222//2131 
f 1211//2298 2233//2293 2232//2292 
f 1210//2299 2233//2293 1211//2298 
f 1210//2299 2235//2295 2233//2293 
f 1209//2300 2235//2295 1210//2299 
f 1208//2301 2235//2295 1209//2300 
f 1208//2301 2237//2297 2235//2295 
f 1207//2302 2237//2297 1208//2301 
f 1200//2303 2237//2297 1207//2302 
f 1275//2304 2237//2297 1200//2303 
f 1274//1847 2237//2297 1275//2304 
f 1274//1847 2236//2296 2237//2297 
f 1891//1844 2236//2296 1274//1847 
f 1891//1844 2234//2294 2236//2296 
f 1894//1852 2234//2294 1891//1844 
f 1894//1852 1901//1859 2234//2294 
f 1896//1854 1901//1859 1894//1852 
f 2199//2259 2238//2305 2200//2260 
f 2128//2144 2238//2305 2199//2259 
f 2128//2144 1911//1869 2238//2305 
f 2127//2143 1911//1869 2128//2144 
f 2127//2143 1909//1867 1911//1869 
f 2125//2141 1909//1867 2127//2143 
f 2125//2141 1900//1858 1909//1867 
f 2120//2135 1900//1858 2125//2141 
f 2120//2135 2231//2291 1900//1858 
f 2239//2306 2240//2307 2241//2308 
f 2241//2308 2242//2309 2239//2306 
f 2243//2310 2244//2311 2245//2312 
f 2245//2312 2246//2313 2243//2310 
f 2247//2314 2248//2315 2249//2316 
f 2249//2316 2250//2317 2247//2314 
f 2251//2318 2252//2319 2253//2320 
f 2253//2320 2254//2321 2251//2318 
f 2255//2322 2256//2323 2257//2324 
f 2257//2324 2258//2325 2255//2322 
f 2259//2326 2260//2327 2261//2328 
f 2261//2328 2262//2329 2259//2326 
f 2263//2330 2264//2331 2265//2332 
f 2265//2332 2266//2333 2267//2334 
f 2263//2330 2265//2332 2267//2334 
f 2268//2335 2263//2330 2267//2334 
f 2242//2309 2268//2335 2261//2328 
f 2246//2313 2263//2330 2241//2308 
f 2250//2317 2264//2331 2245//2312 
f 2254//2321 2265//2332 2249//2316 
f 2258//2325 2266//2333 2253//2320 
f 2262//2329 2267//2334 2257//2324 
f 2240//2307 2243//2310 2246//2313 
f 2246//2313 2241//2308 2240//2307 
f 2241//2308 2263//2330 2268//2335 
f 2268//2335 2242//2309 2241//2308 
f 2242//2309 2261//2328 2260//2327 
f 2260//2327 2239//2306 2242//2309 
f 2244//2311 2247//2314 2250//2317 
f 2250//2317 2245//2312 2244//2311 
f 2245//2312 2264//2331 2263//2330 
f 2263//2330 2246//2313 2245//2312 
f 2248//2315 2251//2318 2254//2321 
f 2254//2321 2249//2316 2248//2315 
f 2249//2316 2265//2332 2264//2331 
f 2264//2331 2250//2317 2249//2316 
f 2252//2319 2255//2322 2258//2325 
f 2258//2325 2253//2320 2252//2319 
f 2253//2320 2266//2333 2265//2332 
f 2265//2332 2254//2321 2253//2320 
f 2256//2323 2259//2326 2262//2329 
f 2262//2329 2257//2324 2256//2323 
f 2257//2324 2267//2334 2266//2333 
f 2266//2333 2258//2325 2257//2324 
f 2261//2328 2268//2335 2267//2334 
f 2267//2334 2262//2329 2261//2328 
f 2269//2306 2270//2307 2271//2308 
f 2271//2308 2272//2309 2269//2306 
f 2273//2310 2274//2311 2275//2312 
f 2275//2312 2276//2313 2273//2310 
f 2277//2314 2278//2315 2279//2316 
f 2279//2316 2280//2317 2277//2314 
f 2281//2318 2282//2319 2283//2320 
f 2283//2320 2284//2321 2281//2318 
f 2285//2322 2286//2323 2287//2324 
f 2287//2324 2288//2325 2285//2322 
f 2289//2326 2290//2327 2291//2328 
f 2291//2328 2292//2329 2289//2326 
f 2293//2330 2294//2331 2295//2332 
f 2295//2332 2296//2333 2297//2334 
f 2293//2330 2295//2332 2297//2334 
f 2298//2335 2293//2330 2297//2334 
f 2272//2309 2298//2335 2291//2328 
f 2276//2313 2293//2330 2271//2308 
f 2280//2317 2294//2331 2275//2312 
f 2284//2321 2295//2332 2279//2316 
f 2288//2325 2296//2333 2283//2320 
f 2292//2329 2297//2334 2287//2324 
f 2270//2307 2273//2310 2276//2313 
f 2276//2313 2271//2308 2270//2307 
f 2271//2308 2293//2330 2298//2335 
f 2298//2335 2272//2309 2271//2308 
f 2272//2309 2291//2328 2290//2327 
f 2290//2327 2269//2306 2272//2309 
f 2274//2311 2277//2314 2280//2317 
f 2280//2317 2275//2312 2274//2311 
f 2275//2312 2294//2331 2293//2330 
f 2293//2330 2276//2313 2275//2312 
f 2278//2315 2281//2318 2284//2321 
f 2284//2321 2279//2316 2278//2315 
f 2279//2316 2295//2332 2294//2331 
f 2294//2331 2280//2317 2279//2316 
f 2282//2319 2285//2322 2288//2325 
f 2288//2325 2283//2320 2282//2319 
f 2283//2320 2296//2333 2295//2332 
f 2295//2332 2284//2321 2283//2320 
f 2286//2323 2289//2326 2292//2329 
f 2292//2329 2287//2324 2286//2323 
f 2287//2324 2297//2334 2296//2333 
f 2296//2333 2288//2325 2287//2324 
f 2291//2328 2298//2335 2297//2334 
f 2297//2334 2292//2329 2291//2328 
f 2299//2306 2300//2307 2301//2308 
f 2301//2308 2302//2309 2299//2306 
f 2303//2310 2304//2311 2305//2312 
f 2305//2312 2306//2313 2303//2310 
f 2307//2314 2308//2315 2309//2316 
f 2309//2316 2310//2317 2307//2314 
f 2311//2318 2312//2319 2313//2320 
f 2313//2320 2314//2321 2311//2318 
f 2315//2322 2316//2323 2317//2324 
f 2317//2324 2318//2325 2315//2322 
f 2319//2326 2320//2327 2321//2328 
f 2321//2328 2322//2329 2319//2326 
f 2323//2330 2324//2331 2325//2332 
f 2325//2332 2326//2333 2327//2334 
f 2323//2330 2325//2332 2327//2334 
f 2328//2335 2323//2330 2327//2334 
f 2302//2309 2328//2335 2321//2328 
f 2306//2313 2323//2330 2301//2308 
f 2310//2317 2324//2331 2305//2312 
f 2314//2321 2325//2332 2309//2316 
f 2318//2325 2326//2333 2313//2320 
f 2322//2329 2327//2334 2317//2324 
f 2300//2307 2303//2310 2306//2313 
f 2306//2313 2301//2308 2300//2307 
f 2301//2308 2323//2330 2328//2335 
f 2328//2335 2302//2309 2301//2308 
f 2302//2309 2321//2328 2320//2327 
f 2320//2327 2299//2306 2302//2309 
f 2304//2311 2307//2314 2310//2317 
f 2310//2317 2305//2312 2304//2311 
f 2305//2312 2324//2331 2323//2330 
f 2323//2330 2306//2313 2305//2312 
f 2308//2315 2311//2318 2314//2321 
f 2314//2321 2309//2316 2308//2315 
f 2309//2316 2325//2332 2324//2331 
f 2324//2331 2310//2317 2309//2316 
f 2312//2319 2315//2322 2318//2325 
f 2318//2325 2313//2320 2312//2319 
f 2313//2320 2326//2333 2325//2332 
f 2325//2332 2314//2321 2313//2320 
f 2316//2323 2319//2326 2322//2329 
f 2322//2329 2317//2324 2316//2323 
f 2317//2324 2327//2334 2326//2333 
f 2326//2333 2318//2325 2317//2324 
f 2321//2328 2328//2335 2327//2334 
f 2327//2334 2322//2329 2321//2328 
f 2329//2306 2330//2307 2331//2308 
f 2331//2308 2332//2309 2329//2306 
f 2333//2310 2334//2311 2335//2312 
f 2335//2312 2336//2313 2333//2310 
f 2337//2314 2338//2315 2339//2316 
f 2339//2316 2340//2317 2337//2314 
f 2341//2318 2342//2319 2343//2320 
f 2343//2320 2344//2321 2341//2318 
f 2345//2322 2346//2323 2347//2324 
f 2347//2324 2348//2325 2345//2322 
f 2349//2326 2350//2327 2351//2328 
f 2351//2328 2352//2329 2349//2326 
f 2353//2330 2354//2331 2355//2332 
f 2355//2332 2356//2333 2357//2334 
f 2353//2330 2355//2332 2357//2334 
f 2358//2335 2353//2330 2357//2334 
f 2332//2309 2358//2335 2351//2328 
f 2336//2313 2353//2330 2331//2308 
f 2340//2317 2354//2331 2335//2312 
f 2344//2321 2355//2332 2339//2316 
f 2348//2325 2356//2333 2343//2320 
f 2352//2329 2357//2334 2347//2324 
f 2330//2307 2333//2310 2336//2313 
f 2336//2313 2331//2308 2330//2307 
f 2331//2308 2353//2330 2358//2335 
f 2358//2335 2332//2309 2331//2308 
f 2332//2309 2351//2328 2350//2327 
f 2350//2327 2329//2306 2332//2309 
f 2334//2311 2337//2314 2340//2317 
f 2340//2317 2335//2312 2334//2311 
f 2335//2312 2354//2331 2353//2330 
f 2353//2330 2336//2313 2335//2312 
f 2338//2315 2341//2318 2344//2321 
f 2344//2321 2339//2316 2338//2315 
f 2339//2316 2355//2332 2354//2331 
f 2354//2331 2340//2317 2339//2316 
f 2342//2319 2345//2322 2348//2325 
f 2348//2325 2343//2320 2342//2319 
f 2343//2320 2356//2333 2355//2332 
f 2355//2332 2344//2321 2343//2320 
f 2346//2323 2349//2326 2352//2329 
f 2352//2329 2347//2324 2346//2323 
f 2347//2324 2357//2334 2356//2333 
f 2356//2333 2348//2325 2347//2324 
f 2351//2328 2358//2335 2357//2334 
f 2357//2334 2352//2329 2351//2328 
f 2359//2306 2360//2307 2361//2308 
f 2361//2308 2362//2309 2359//2306 
f 2363//2310 2364//2311 2365//2312 
f 2365//2312 2366//2313 2363//2310 
f 2367//2314 2368//2315 2369//2316 
f 2369//2316 2370//2317 2367//2314 
f 2371//2318 2372//2319 2373//2320 
f 2373//2320 2374//2321 2371//2318 
f 2375//2322 2376//2323 2377//2324 
f 2377//2324 2378//2325 2375//2322 
f 2379//2326 2380//2327 2381//2328 
f 2381//2328 2382//2329 2379//2326 
f 2383//2330 2384//2331 2385//2332 
f 2385//2332 2386//2333 2387//2334 
f 2383//2330 2385//2332 2387//2334 
f 2388//2335 2383//2330 2387//2334 
f 2362//2309 2388//2335 2381//2328 
f 2366//2313 2383//2330 2361//2308 
f 2370//2317 2384//2331 2365//2312 
f 2374//2321 2385//2332 2369//2316 
f 2378//2325 2386//2333 2373//2320 
f 2382//2329 2387//2334 2377//2324 
f 2360//2307 2363//2310 2366//2313 
f 2366//2313 2361//2308 2360//2307 
f 2361//2308 2383//2330 2388//2335 
f 2388//2335 2362//2309 2361//2308 
f 2362//2309 2381//2328 2380//2327 
f 2380//2327 2359//2306 2362//2309 
f 2364//2311 2367//2314 2370//2317 
f 2370//2317 2365//2312 2364//2311 
f 2365//2312 2384//2331 2383//2330 
f 2383//2330 2366//2313 2365//2312 
f 2368//2315 2371//2318 2374//2321 
f 2374//2321 2369//2316 2368//2315 
f 2369//2316 2385//2332 2384//2331 
f 2384//2331 2370//2317 2369//2316 
f 2372//2319 2375//2322 2378//2325 
f 2378//2325 2373//2320 2372//2319 
f 2373//2320 2386//2333 2385//2332 
f 2385//2332 2374//2321 2373//2320 
f 2376//2323 2379//2326 2382//2329 
f 2382//2329 2377//2324 2376//2323 
f 2377//2324 2387//2334 2386//2333 
f 2386//2333 2378//2325 2377//2324 
f 2381//2328 2388//2335 2387//2334 
f 2387//2334 2382//2329 2381//2328 
# 0 polygons - 4173 triangles

