# Blender 3.6.21
# www.blender.org
mtllib rueda_izqF.mtl
o rueda_izqF.005
v 0.037500 0.041400 0.045000
v 0.034300 0.049900 0.044900
v 0.038600 0.041400 0.005600
v 0.037100 0.039100 0.045000
v 0.035400 0.049900 0.005500
v 0.033700 0.051300 0.005500
v 0.034000 0.050000 0.003100
v 0.037600 0.040400 0.003200
v 0.038200 0.039100 0.005600
v 0.031000 0.032500 0.003000
v 0.032400 0.032100 0.005400
v 0.030300 0.031300 0.005400
v 0.017400 0.043800 0.002600
v 0.021000 0.034200 0.002700
v 0.019500 0.034300 0.005100
v 0.021300 0.032900 0.005100
v 0.018400 0.034300 0.044500
v 0.020200 0.032900 0.044500
v 0.029200 0.031300 0.044800
v 0.031300 0.032100 0.044800
v 0.015300 0.042800 0.044400
v 0.016400 0.042800 0.005000
v 0.015700 0.045100 0.044400
v 0.021500 0.052100 0.044600
v 0.016800 0.045100 0.005000
v 0.023900 0.051700 0.002800
v 0.022600 0.052100 0.005200
v 0.024700 0.052900 0.005200
v 0.023600 0.052900 0.044600
v 0.032600 0.051300 0.044900
v -0.212200 -0.073200 0.016100
v -0.205800 -0.107600 0.017600
v -0.219100 -0.075400 0.017300
v -0.227300 -0.041600 0.017000
v -0.220600 -0.040600 0.015800
v -0.230000 -0.007400 0.017000
v -0.224000 -0.007400 0.015700
v -0.219400 -0.009700 0.014600
v -0.216500 -0.039900 0.014600
v -0.208300 -0.071900 0.014900
v -0.196000 -0.102600 0.015200
v -0.199700 -0.104500 0.016400
v -0.180500 -0.128700 0.015600
v -0.182900 -0.133300 0.016900
v -0.187800 -0.136800 0.018100
v -0.104100 0.181400 0.017800
v -0.134600 0.166900 0.018200
v -0.106100 0.185100 0.019000
v -0.076300 0.193500 0.018500
v -0.075600 0.198600 0.019800
v -0.077500 0.204200 0.021100
v -0.109200 0.191000 0.020300
v -0.138800 0.172800 0.019500
v -0.165300 0.150100 0.018700
v -0.160400 0.145400 0.017500
v -0.187500 0.124000 0.018100
v -0.182600 0.120500 0.016900
v -0.177500 0.119600 0.015700
v -0.157500 0.142500 0.016400
v -0.132100 0.163700 0.016900
v -0.041000 -0.214900 0.019400
v -0.008000 -0.221100 0.021600
v -0.041600 -0.219000 0.020700
v -0.070500 -0.208400 0.018600
v -0.074200 -0.212100 0.019800
v -0.076000 -0.217700 0.021200
v -0.042700 -0.225600 0.022100
v -0.007900 -0.228300 0.023000
v 0.026700 -0.225500 0.024000
v 0.025700 -0.218900 0.022600
v 0.060000 -0.217400 0.024900
v 0.058300 -0.211800 0.023400
v 0.054600 -0.208100 0.022100
v 0.025000 -0.214800 0.021200
v -0.008000 -0.217000 0.020300
v 0.179900 -0.101800 0.025500
v 0.195900 -0.072300 0.027200
v 0.183500 -0.103700 0.026900
v 0.164500 -0.128000 0.025100
v 0.166800 -0.132600 0.026400
v 0.171600 -0.136000 0.028000
v 0.189500 -0.106700 0.028400
v 0.202800 -0.074500 0.028800
v 0.210900 -0.040700 0.029000
v 0.204200 -0.039600 0.027400
v 0.213500 -0.006400 0.029100
v 0.207600 -0.006500 0.027500
v 0.203100 -0.008800 0.026100
v 0.200200 -0.039000 0.026000
v 0.192100 -0.071100 0.025800
v 0.117700 0.167500 0.025100
v 0.092200 0.191500 0.025800
v 0.121900 0.173300 0.026600
v 0.148400 0.150800 0.027300
v 0.143600 0.146000 0.025800
v 0.170700 0.124700 0.027900
v 0.165900 0.121200 0.026400
v 0.160900 0.120400 0.025000
v 0.140800 0.143100 0.024400
v 0.115400 0.164200 0.023700
v 0.087400 0.181800 0.023000
v 0.089200 0.185500 0.024300
v 0.059500 0.193800 0.022200
v 0.058700 0.198900 0.023500
v 0.060400 0.204500 0.024900
v 0.046700 0.197600 0.020900
v 0.044100 0.201700 0.020500
v 0.056600 0.194900 0.022100
v 0.046600 0.196800 0.020800
v 0.043400 0.191900 0.021200
v 0.041500 0.203400 0.020300
v 0.026400 0.213200 0.020200
v 0.059800 0.205300 0.021100
v 0.057800 0.199200 0.021700
v 0.055500 0.190800 0.022600
v 0.047800 0.188800 0.022700
v 0.041400 0.189700 0.021500
v 0.044400 0.187100 0.021000
v 0.055400 0.189600 0.023700
v 0.049500 0.188500 0.023800
v 0.045100 0.186200 0.021600
v 0.041200 0.182600 0.013900
v 0.042300 0.182100 0.015100
v 0.085300 0.177600 0.023400
v 0.084800 0.176600 0.024600
v 0.084400 0.174900 0.033900
v 0.055900 0.187600 0.033100
v 0.050200 0.186500 0.033100
v 0.046000 0.184300 0.030900
v 0.110900 0.158400 0.034500
v 0.158900 0.109200 0.026800
v 0.156500 0.109500 0.036000
v 0.155800 0.115300 0.035800
v 0.158200 0.115200 0.026500
v 0.134800 0.138500 0.035200
v 0.136600 0.139100 0.026000
v 0.111900 0.159600 0.025200
v 0.112700 0.160500 0.024000
v 0.159300 0.115700 0.025300
v 0.137500 0.139800 0.024800
v 0.162900 0.118000 0.025000
v 0.166600 0.120500 0.024700
v 0.173300 0.108100 0.024000
v 0.175700 0.106200 0.024000
v 0.171800 0.124200 0.024200
v 0.189800 0.094900 0.024600
v 0.159900 0.107700 0.025700
v 0.159300 0.103900 0.024100
v 0.164200 0.104500 0.024500
v 0.167800 0.109100 0.024100
v 0.168600 0.109400 0.024300
v 0.162600 0.101900 0.024800
v 0.159300 0.097500 0.017300
v 0.156300 0.099300 0.017000
v 0.145200 0.088300 0.009500
v 0.147500 0.085300 0.008500
v 0.115200 0.068900 0.002300
v 0.117000 0.066100 0.001300
v 0.088100 0.055200 0.002300
v 0.086300 0.058100 0.003300
v 0.070400 0.055900 0.005100
v 0.085800 0.059200 0.004400
v 0.114500 0.069900 0.003400
v 0.144400 0.089200 0.010500
v 0.155500 0.100200 0.018200
v 0.158200 0.104300 0.024700
v 0.085500 0.060900 0.013700
v 0.113400 0.071300 0.012800
v 0.142300 0.090000 0.019800
v 0.153100 0.100700 0.027400
v 0.155700 0.104800 0.033900
v 0.027200 0.087200 0.003900
v 0.025400 0.102900 0.002700
v 0.028300 0.087700 0.005000
v 0.034200 0.076400 0.008800
v 0.034800 0.077400 0.009900
v 0.044800 0.066400 0.010100
v 0.045500 0.067300 0.011100
v 0.058400 0.060300 0.010600
v 0.057700 0.059300 0.009400
v 0.070500 0.057100 0.006200
v 0.029600 0.088600 0.014500
v 0.035900 0.078600 0.019300
v 0.046400 0.068800 0.020400
v 0.058900 0.062000 0.020000
v 0.070500 0.058900 0.015600
v -0.173000 0.114600 0.026800
v -0.174900 0.114500 0.017400
v -0.152000 0.137800 0.027400
v -0.153400 0.138400 0.018100
v -0.128200 0.157900 0.028000
v -0.175900 0.115000 0.016300
v -0.175700 0.108500 0.017700
v -0.173700 0.108800 0.027000
v -0.174800 0.103600 0.015600
v -0.172900 0.104000 0.024900
v -0.171600 0.099500 0.009300
v -0.169800 0.100000 0.018600
v -0.176500 0.107000 0.016500
v -0.180800 0.103800 0.015100
v -0.175900 0.103200 0.015000
v -0.172500 0.098600 0.008100
v -0.161000 0.087700 0.001200
v -0.160200 0.088500 0.002300
v -0.130500 0.068400 -0.004400
v -0.130000 0.069400 -0.003300
v -0.179200 0.101200 0.015500
v -0.175400 0.096700 0.008200
v -0.163200 0.084600 -0.000000
v -0.132300 0.065500 -0.005600
v -0.103400 0.054800 -0.003000
v -0.101800 0.057700 -0.001800
v -0.101300 0.058800 -0.000700
v -0.086000 0.055600 0.000800
v -0.086000 0.056800 0.001900
v -0.073500 0.059100 0.005800
v -0.074300 0.060000 0.006900
v -0.060700 0.066100 0.007200
v -0.061500 0.067100 0.008200
v -0.050700 0.077200 0.007600
v -0.052400 0.078400 0.016900
v -0.085800 0.052600 -0.000300
v -0.070300 0.055900 0.004800
v -0.058600 0.063300 0.006500
v -0.048000 0.072200 0.005400
v -0.050000 0.076200 0.006500
v -0.043900 0.087500 0.003100
v -0.039900 0.102900 -0.000100
v -0.036600 0.103600 -0.001100
v -0.039900 0.086100 0.001000
v -0.042800 0.087100 0.002000
v -0.041000 0.102700 0.000900
v -0.042300 0.133400 -0.000900
v -0.041200 0.133600 -0.002000
v -0.051600 0.167800 0.005200
v -0.050400 0.168300 0.004200
v -0.058700 0.181900 0.012400
v -0.057500 0.182400 0.011300
v -0.061900 0.186000 0.018700
v -0.064700 0.188600 0.019600
v -0.060200 0.191700 0.018400
v -0.058200 0.189400 0.018800
v -0.061200 0.186900 0.018100
v -0.054900 0.184700 0.011500
v -0.046800 0.169500 0.003200
v -0.037800 0.134400 -0.003000
v -0.066400 0.188200 0.020600
v -0.072400 0.190500 0.019100
v -0.073400 0.194600 0.018600
v -0.063400 0.196600 0.017800
v -0.063500 0.197400 0.017900
v -0.060800 0.201500 0.017700
v -0.074600 0.198900 0.018100
v -0.102000 0.177200 0.018300
v -0.129400 0.160000 0.017400
v -0.072300 0.189400 0.020200
v -0.101700 0.176200 0.019500
v -0.128900 0.159100 0.018600
v -0.154200 0.139200 0.016800
v -0.060100 0.180000 0.021600
v -0.063200 0.184000 0.027900
v -0.067500 0.186200 0.029900
v -0.073300 0.187300 0.029600
v -0.101800 0.174500 0.028800
v -0.179500 0.117300 0.015700
v -0.183200 0.119700 0.015200
v -0.184400 0.110200 0.015500
v -0.201300 0.091300 0.013600
v -0.213400 0.062300 0.013200
v -0.206300 0.094100 0.013800
v -0.192300 0.105400 0.013900
v -0.188400 0.123500 0.014400
v -0.189900 0.107300 0.014200
v -0.185100 0.108700 0.014600
v -0.184400 0.108400 0.014500
v -0.219500 -0.006600 0.014600
v -0.224000 -0.006400 0.014000
v -0.222100 0.007500 0.013200
v -0.222900 0.010400 0.013100
v -0.230400 -0.006400 0.013200
v -0.227700 0.027900 0.013200
v -0.222000 0.027200 0.013000
v -0.214900 0.057800 0.013200
v -0.219600 0.061800 0.013500
v -0.212700 0.005100 0.014200
v -0.211100 0.000000 0.015600
v -0.215300 -0.006800 0.015100
v -0.218400 0.003500 0.013600
v -0.219100 0.003600 0.013700
v -0.211300 -0.001800 0.016700
v -0.214200 -0.007000 0.016300
v -0.210700 -0.039100 0.016500
v -0.211900 -0.039200 0.015300
v -0.202900 -0.070200 0.016600
v -0.201800 -0.069700 0.025900
v -0.190900 -0.099900 0.017000
v -0.190100 -0.098600 0.026400
v -0.174800 -0.127800 0.017400
v -0.174500 -0.125700 0.026800
v -0.175600 -0.128600 0.016200
v -0.191900 -0.100500 0.015800
v -0.204000 -0.070500 0.015400
v -0.178900 -0.131300 0.015700
v -0.182400 -0.134100 0.015200
v -0.172600 -0.144300 0.014500
v -0.172500 -0.139300 0.014900
v -0.171900 -0.138800 0.014900
v -0.166400 -0.136700 0.015500
v -0.168100 -0.131600 0.016800
v -0.169400 -0.130300 0.017800
v -0.164400 -0.132200 0.015300
v -0.164400 -0.131100 0.015900
v -0.158800 -0.130600 0.008400
v -0.145800 -0.120200 0.012000
v -0.117700 -0.099500 -0.003000
v -0.145300 -0.122200 0.002600
v -0.159500 -0.127300 0.018900
v -0.159400 -0.129500 0.009600
v -0.164500 -0.128900 0.025200
v -0.169200 -0.128100 0.027100
v -0.144700 -0.123200 0.001600
v -0.116800 -0.100400 -0.004000
v -0.097800 -0.076200 -0.001700
v -0.098700 -0.075500 -0.000600
v -0.091000 -0.061800 0.000700
v -0.092100 -0.061500 0.001700
v -0.090500 -0.048800 0.005400
v -0.163500 -0.136000 0.015900
v -0.158000 -0.134000 0.008600
v -0.142500 -0.126200 0.000600
v -0.114600 -0.102900 -0.005100
v -0.095600 -0.078700 -0.002900
v -0.088000 -0.062600 -0.000400
v -0.086400 -0.046700 0.004400
v -0.093200 -0.034400 0.006300
v -0.089800 -0.033300 0.005600
v -0.095000 -0.020400 0.004200
v -0.099500 -0.021200 0.005100
v -0.105600 -0.008600 -0.000800
v -0.107500 -0.011000 0.000200
v -0.091600 -0.049200 0.006500
v -0.094400 -0.034800 0.007300
v -0.100600 -0.021400 0.006200
v -0.108300 -0.011900 0.001300
v -0.121800 -0.004600 -0.001300
v -0.121600 -0.003400 -0.002400
v -0.151300 0.003600 -0.003900
v -0.186300 0.003900 0.010900
v -0.201600 0.001700 0.017700
v -0.187000 0.005600 0.001500
v -0.151600 0.001900 0.005500
v -0.123000 -0.006000 0.008000
v -0.109800 -0.013200 0.010700
v -0.102500 -0.022400 0.015600
v -0.096400 -0.035300 0.016500
v -0.093700 -0.049400 0.015800
v -0.094100 -0.061200 0.011100
v -0.100600 -0.074800 0.008600
v -0.118900 -0.098200 0.006400
v -0.158700 0.089400 0.011600
v -0.129300 0.070800 0.006100
v -0.101500 0.060500 0.008600
v -0.086600 0.058600 0.011300
v -0.075300 0.061700 0.016300
v -0.062800 0.068600 0.017400
v -0.045800 0.088400 0.012400
v -0.043000 0.103200 0.010200
v -0.044300 0.132900 0.008400
v -0.053100 0.166400 0.014500
v -0.008000 -0.212500 0.020700
v 0.024300 -0.210200 0.021700
v 0.056100 -0.203400 0.022500
v 0.057600 -0.207300 0.022100
v 0.059200 -0.211500 0.021800
v 0.061900 -0.193500 0.022100
v 0.063300 -0.188200 0.014500
v 0.063000 -0.193800 0.021500
v 0.059600 -0.198000 0.024000
v 0.061200 -0.197200 0.023000
v 0.066600 -0.197100 0.021900
v 0.066900 -0.203000 0.021400
v 0.067200 -0.203700 0.021400
v 0.071900 -0.205400 0.021200
v 0.066900 -0.194100 0.022200
v 0.066800 -0.188400 0.014800
v 0.060800 -0.172700 0.007200
v 0.064400 -0.171600 0.006200
v 0.047900 -0.139300 0.000500
v 0.051000 -0.138000 -0.000600
v 0.033800 -0.112300 0.000700
v 0.030800 -0.113700 0.001800
v 0.018500 -0.103700 0.004800
v 0.006800 -0.098100 0.008000
v 0.019100 -0.102700 0.003700
v 0.029700 -0.114300 0.002900
v 0.046800 -0.139800 0.001500
v 0.059600 -0.172900 0.008200
v 0.062100 -0.188400 0.015700
v 0.059600 -0.192600 0.031300
v 0.059800 -0.187600 0.024800
v 0.057400 -0.172600 0.017500
v 0.044900 -0.140400 0.010900
v 0.028400 -0.115700 0.012100
v 0.017400 -0.105300 0.014000
v -0.008000 -0.211400 0.021900
v -0.040300 -0.210300 0.020000
v -0.040000 -0.209200 0.021200
v -0.008300 -0.209900 0.031200
v 0.024000 -0.209100 0.022900
v 0.022800 -0.207700 0.032200
v 0.055500 -0.202300 0.023700
v 0.053400 -0.201100 0.033000
v 0.057400 -0.196900 0.033300
v -0.072100 -0.203700 0.019000
v -0.075600 -0.198200 0.020400
v -0.071500 -0.202600 0.020200
v -0.073500 -0.207600 0.018500
v -0.075000 -0.211800 0.018100
v -0.077200 -0.197500 0.019300
v -0.082500 -0.197500 0.017800
v -0.082700 -0.203300 0.017300
v -0.083100 -0.204000 0.017300
v -0.087700 -0.205700 0.016900
v -0.090800 -0.205600 0.016700
v -0.077000 -0.217900 0.017400
v -0.108800 -0.204800 0.016500
v -0.106400 -0.199600 0.016200
v -0.133300 -0.183400 0.015300
v -0.138600 -0.186600 0.015700
v -0.137200 -0.180600 0.015200
v -0.165100 -0.164000 0.014900
v -0.161000 -0.160100 0.014700
v -0.171600 -0.147100 0.014500
v -0.187500 -0.137900 0.014300
v -0.207800 0.001700 0.014700
v -0.208400 0.002700 0.014100
v -0.202900 0.004500 0.007200
v -0.202700 0.003300 0.008400
v -0.151100 0.004800 -0.005000
v -0.187100 0.006800 0.000400
v -0.204200 0.007800 0.007400
v -0.121200 -0.000100 -0.003500
v -0.150900 0.008100 -0.006100
v -0.187200 0.010600 -0.000700
v -0.209400 -0.039500 0.025800
v -0.212700 -0.008400 0.025700
v -0.209900 -0.003300 0.026000
v -0.206400 0.000100 0.024000
v 0.187800 -0.069700 0.026100
v 0.195500 -0.038300 0.026400
v 0.198900 -0.005900 0.026400
v 0.203200 -0.005700 0.026100
v 0.207700 -0.005500 0.025800
v 0.197800 -0.006200 0.027600
v 0.194900 -0.000900 0.027800
v 0.194400 -0.038200 0.027600
v 0.186700 -0.069300 0.027300
v 0.175800 -0.099700 0.025900
v 0.193000 -0.002500 0.037000
v 0.189600 0.000900 0.034800
v 0.191400 0.002600 0.025600
v 0.195800 -0.007500 0.036900
v 0.192600 -0.038600 0.036800
v 0.185100 -0.068900 0.036500
v 0.174700 -0.099100 0.027000
v 0.159600 -0.127900 0.025300
v 0.153200 -0.129600 0.026600
v 0.158600 -0.127100 0.026500
v 0.162800 -0.130600 0.025000
v 0.166300 -0.133400 0.024700
v 0.171500 -0.137100 0.024100
v 0.149200 -0.163300 0.023500
v 0.155600 -0.146400 0.023300
v 0.156600 -0.143600 0.023500
v 0.156500 -0.138600 0.023800
v 0.155900 -0.138100 0.023800
v 0.150400 -0.136000 0.024200
v 0.152100 -0.130900 0.025500
v 0.074900 -0.205300 0.021100
v 0.061200 -0.217600 0.021100
v 0.093000 -0.204300 0.022000
v 0.090500 -0.199200 0.021500
v 0.117400 -0.182900 0.022200
v 0.122700 -0.186000 0.022800
v 0.121300 -0.180100 0.022300
v 0.145000 -0.159400 0.023000
v 0.070400 0.053000 0.004000
v 0.054600 0.056100 0.008200
v 0.042800 0.063500 0.009200
v 0.032200 0.072300 0.007600
v 0.024300 0.086200 0.002700
v 0.024400 0.103000 0.001600
v 0.021100 0.103700 0.000400
v 0.025600 0.133800 -0.000100
v 0.022400 0.134500 -0.001300
v 0.031000 0.169700 0.005300
v 0.034400 0.168500 0.006500
v 0.038500 0.184900 0.014000
v 0.035500 0.168000 0.007600
v 0.026800 0.133500 0.001000
v 0.043100 0.180300 0.024400
v 0.036600 0.166600 0.017000
v 0.028100 0.133100 0.010400
v 0.026900 0.103300 0.012100
v 0.078700 -0.034400 0.012000
v 0.086300 -0.022000 0.020700
v 0.080200 -0.034900 0.021400
v 0.077600 -0.049000 0.020500
v 0.076000 -0.048900 0.011000
v 0.078300 -0.060900 0.015700
v 0.076700 -0.061100 0.006400
v 0.084900 -0.074400 0.013700
v 0.083500 -0.075100 0.004300
v 0.103400 -0.097700 0.012500
v 0.102600 -0.099000 0.003100
v 0.130000 -0.119600 0.019500
v 0.082700 -0.075900 0.003200
v 0.075700 -0.061400 0.005200
v 0.074900 -0.048400 0.009900
v 0.077600 -0.034000 0.011000
v 0.085000 -0.021000 0.011300
v 0.093900 -0.012700 0.016100
v 0.092800 -0.011500 0.006800
v 0.083800 -0.020800 0.010100
v 0.079400 -0.020100 0.008900
v 0.074200 -0.032900 0.010100
v 0.070900 -0.046400 0.008700
v 0.072800 -0.062300 0.004000
v 0.080500 -0.078300 0.002000
v 0.090300 -0.008200 0.004500
v 0.106000 0.000400 0.002600
v 0.106200 -0.002900 0.003900
v 0.092100 -0.010600 0.005700
v 0.186900 0.005400 0.017900
v 0.186700 0.004200 0.019100
v 0.171600 0.007600 0.010200
v 0.171400 0.006400 0.011200
v 0.136000 0.005400 0.002900
v 0.136000 0.004200 0.004000
v 0.106500 -0.004100 0.005000
v 0.107100 -0.005500 0.014300
v 0.135900 0.002500 0.013400
v 0.170200 0.004700 0.020600
v 0.185100 0.002500 0.028200
v 0.205800 0.008500 0.024900
v 0.202800 0.004600 0.025200
v 0.202000 0.004400 0.025100
v 0.196300 0.005900 0.025400
v 0.194600 0.000800 0.026700
v 0.192000 0.003500 0.025000
v 0.193600 0.007100 0.025700
v 0.188300 0.008600 0.018100
v 0.171600 0.011300 0.009100
v 0.135700 0.008700 0.001800
v 0.020800 -0.100200 0.002600
v 0.006100 -0.093600 0.006900
v -0.045800 -0.113900 -0.000300
v -0.048800 -0.112500 -0.001600
v -0.035900 -0.100300 0.001100
v -0.034300 -0.102800 0.002200
v -0.022200 -0.098100 0.007200
v -0.021500 -0.093700 0.006200
v -0.007700 -0.096300 0.008600
v -0.007700 -0.092700 0.007800
v 0.006800 -0.099300 0.009100
v 0.006200 -0.101100 0.018500
v -0.007800 -0.097500 0.009600
v -0.022300 -0.099300 0.008300
v -0.033600 -0.103800 0.003300
v -0.044800 -0.114500 0.000800
v -0.008000 -0.099300 0.018900
v -0.022200 -0.101100 0.017800
v -0.033200 -0.105400 0.012700
v -0.044000 -0.115800 0.010200
v -0.060300 -0.140600 0.008000
v -0.061700 -0.140000 -0.001400
v -0.073100 -0.172900 0.014000
v -0.062800 -0.139600 -0.002600
v -0.074900 -0.173200 0.004500
v -0.075900 -0.173000 0.003500
v -0.077700 -0.188700 0.011800
v -0.078800 -0.188500 0.010600
v -0.077700 -0.193800 0.018200
v -0.078800 -0.194100 0.017600
v -0.082700 -0.194500 0.018100
v -0.082300 -0.188800 0.010700
v -0.079500 -0.171900 0.002300
v -0.065800 -0.138300 -0.003700
v 0.130000 -0.121600 0.010100
v 0.143300 -0.126700 0.027100
v 0.143700 -0.128900 0.017900
v 0.147800 -0.128200 0.033700
v 0.148400 -0.130400 0.024400
v 0.152600 -0.127400 0.035900
v 0.157900 -0.124900 0.035900
v 0.173400 -0.097800 0.036300
v 0.148400 -0.131500 0.023800
v 0.143200 -0.129900 0.016700
v 0.129400 -0.122600 0.009100
v 0.101900 -0.099900 0.001900
v 0.099700 -0.102500 0.000800
v 0.127300 -0.125700 0.007900
v 0.142300 -0.133300 0.016800
v 0.147500 -0.135300 0.024400
v -0.058300 0.203200 0.017600
v -0.076600 0.205000 0.017500
v -0.043100 0.213100 0.018400
v -0.042100 0.207500 0.017900
v -0.008400 0.215900 0.019200
v -0.010700 0.210200 0.018800
v -0.006000 0.210300 0.018900
v 0.025300 0.207600 0.019800
v 0.184800 0.092200 0.024100
v 0.197000 0.063200 0.024300
v 0.203200 0.062700 0.025000
v 0.198500 0.058700 0.024400
v 0.211300 0.028800 0.025200
v 0.205700 0.028100 0.024700
v 0.206600 0.011400 0.024800
v 0.214100 -0.005500 0.025300
v -0.075900 -0.187900 0.021100
v -0.076000 -0.192900 0.027600
v -0.073800 -0.197200 0.029700
v -0.069900 -0.201400 0.029700
v -0.039400 -0.207800 0.030500
v 0.019000 0.196100 -0.020200
v 0.013600 0.172400 -0.023400
v 0.007400 0.136900 -0.023100
v 0.011100 0.172700 -0.023500
v 0.016000 0.196500 -0.020300
v 0.017900 0.197900 -0.019500
v -0.006800 0.208300 0.016200
v -0.009700 0.208300 0.016100
v -0.006800 0.198800 0.009000
v -0.006600 0.174000 -0.000200
v -0.009500 0.198800 0.008900
v -0.030500 0.196400 -0.021600
v -0.028000 0.172300 -0.024500
v -0.044900 0.169900 -0.004100
v -0.033500 0.196000 -0.021700
v -0.025500 0.172600 -0.024500
v -0.009100 0.174000 -0.000300
v -0.006600 0.138100 -0.005600
v 0.004800 0.137200 -0.022800
v -0.035900 0.134800 -0.009500
v -0.021800 0.136800 -0.023900
v -0.016900 0.097400 -0.017000
v -0.019200 0.137100 -0.023500
v -0.008800 0.138100 -0.005700
v 0.041100 0.192400 0.011700
v 0.029400 0.170100 -0.002000
v 0.020700 0.134900 -0.008000
v 0.002300 0.097400 -0.016500
v -0.000400 0.097700 -0.015700
v -0.006600 0.098100 -0.004200
v -0.000900 0.052500 -0.000500
v 0.019300 0.104000 -0.005900
v 0.020700 0.103800 -0.003300
v 0.021900 0.134700 -0.005100
v 0.030600 0.169900 0.001000
v 0.042400 0.192100 0.014900
v 0.012700 0.056700 0.002900
v 0.008500 0.043900 0.006200
v 0.022800 0.085200 -0.002500
v 0.023900 0.086100 -0.000600
v 0.032100 0.072000 0.005700
v 0.054300 0.055900 0.006300
v 0.042600 0.063200 0.007300
v 0.031300 0.070300 0.004300
v 0.024500 0.057600 0.006300
v 0.014200 0.051000 0.005300
v 0.011500 0.039100 0.008500
v 0.036600 0.054900 0.007300
v 0.041500 0.061700 0.005900
v 0.053100 0.054600 0.004900
v 0.070100 0.050900 -0.001200
v 0.070400 0.052400 0.000700
v 0.089100 0.053400 -0.004000
v 0.088400 0.054800 -0.001400
v 0.118100 0.064400 -0.005300
v 0.043000 0.044200 0.006800
v 0.147900 0.084900 0.004200
v 0.117400 0.065600 -0.002500
v 0.148600 0.083800 0.001200
v 0.165700 0.102200 0.015100
v 0.177200 0.081500 -0.015900
v 0.179200 0.081100 -0.015100
v 0.195600 0.061700 0.021700
v 0.178500 0.078800 -0.015900
v 0.164900 0.103400 0.018300
v -0.191600 0.080700 -0.026000
v -0.193600 0.080300 -0.025200
v -0.192900 0.078000 -0.026000
v -0.170600 0.068300 -0.028400
v -0.171700 0.066000 -0.028500
v -0.138800 0.051400 -0.027100
v -0.139800 0.049100 -0.026800
v -0.178800 0.050200 -0.004900
v -0.144500 0.039000 -0.009400
v -0.133000 0.063900 -0.012200
v -0.102900 0.034600 -0.019400
v -0.104000 0.032200 -0.018500
v -0.106700 0.026600 -0.007000
v -0.145200 0.036800 -0.009400
v -0.107300 0.024700 -0.007000
v -0.108300 0.018900 -0.018600
v -0.065200 0.008000 -0.001000
v -0.065700 0.005100 -0.002200
v -0.061500 0.018100 -0.002100
v -0.038400 0.015600 0.008600
v -0.041600 0.010000 0.008400
v -0.062800 0.015500 -0.001000
v -0.064100 0.012800 0.004400
v -0.064700 0.010900 0.004400
v -0.042900 0.007000 0.008400
v -0.043700 0.005100 0.008500
v -0.044100 0.003100 0.008300
v -0.044700 -0.000100 0.008300
v -0.045600 -0.006500 0.008400
v -0.049400 -0.020000 0.009000
v -0.043700 -0.018100 0.008500
v -0.041400 -0.023600 0.008500
v -0.050100 -0.031900 0.006800
v -0.038400 -0.028600 0.008600
v -0.069100 -0.009800 0.003100
v -0.078500 -0.017600 0.003500
v -0.073900 -0.006600 0.000500
v -0.060600 -0.006500 0.004300
v -0.057000 -0.010900 0.006600
v -0.045100 -0.012400 0.008400
v -0.179600 0.047800 -0.005000
v -0.147200 0.026200 -0.027000
v -0.108900 0.016200 -0.019500
v -0.104000 -0.007300 -0.006000
v -0.092700 -0.020100 0.000900
v -0.079600 -0.030000 0.004100
v -0.087700 -0.032600 0.002400
v -0.071500 -0.039300 0.003700
v -0.084400 -0.045700 0.001100
v -0.089400 -0.033200 0.003700
v -0.094500 -0.020400 0.002300
v -0.105200 -0.008200 -0.004100
v -0.120700 0.001900 -0.009700
v -0.121000 0.000400 -0.007200
v -0.150400 0.010000 -0.012700
v -0.086000 -0.046500 0.002500
v -0.085800 -0.062800 -0.005500
v -0.061300 -0.045500 0.000900
v -0.059200 -0.040000 0.003300
v -0.050500 -0.037600 0.004600
v -0.087400 -0.062800 -0.003600
v -0.047700 -0.050100 -0.001800
v -0.075900 -0.084900 -0.018700
v -0.093900 -0.080100 -0.009000
v -0.095100 -0.079100 -0.006400
v -0.034000 -0.033400 0.008600
v -0.045600 -0.052200 -0.000500
v -0.031600 -0.035500 0.008700
v -0.113100 -0.104300 -0.011600
v -0.114100 -0.103400 -0.008900
v -0.141100 -0.127600 -0.006700
v -0.142100 -0.126700 -0.003700
v -0.164300 -0.138600 0.006100
v -0.165400 -0.137600 0.009200
v -0.147000 -0.155100 -0.024800
v -0.128700 -0.139100 -0.027400
v -0.102800 -0.114000 -0.026100
v -0.100900 -0.115700 -0.025700
v -0.073800 -0.086700 -0.017800
v -0.093100 -0.122800 -0.008000
v -0.094900 -0.163500 -0.026500
v -0.081000 -0.171200 -0.005100
v -0.104600 -0.185800 -0.023600
v -0.107200 -0.184500 -0.023700
v -0.097200 -0.162300 -0.026400
v -0.127200 -0.173500 0.005700
v -0.112500 -0.153400 -0.003100
v -0.114500 -0.151900 -0.003200
v -0.126800 -0.140800 -0.027200
v -0.067300 -0.137500 -0.010400
v -0.079200 -0.131100 -0.025400
v -0.091300 -0.124200 -0.007900
v -0.081500 -0.129800 -0.025200
v -0.060200 -0.096200 -0.018300
v -0.050400 -0.111600 -0.007800
v -0.049200 -0.112300 -0.005200
v -0.066200 -0.138100 -0.007600
v -0.079900 -0.171700 -0.002000
v -0.084700 -0.196300 0.008200
v -0.036200 -0.099900 -0.002200
v -0.036600 -0.098400 -0.004100
v -0.021400 -0.093300 0.004300
v -0.021100 -0.091500 0.002900
v -0.019100 -0.077200 0.005100
v -0.007700 -0.082100 0.006000
v -0.007600 -0.090500 0.004500
v 0.005900 -0.091400 0.003600
v -0.007700 -0.092300 0.005900
v 0.006100 -0.093200 0.005000
v 0.021800 -0.098300 -0.002600
v 0.021200 -0.099800 -0.000700
v 0.034400 -0.112100 -0.002900
v 0.051600 -0.137800 -0.004300
v 0.065100 -0.171400 0.001900
v 0.012900 -0.069500 0.002900
v 0.046100 -0.096000 -0.015400
v 0.035900 -0.111400 -0.005500
v 0.052900 -0.137200 -0.007100
v 0.066200 -0.170800 -0.001000
v 0.069300 -0.196000 0.012500
v 0.067900 -0.196600 0.015600
v 0.090900 -0.185400 -0.018300
v 0.081400 -0.163200 -0.021600
v 0.093500 -0.184000 -0.018200
v 0.092700 -0.186300 -0.017400
v 0.117200 -0.180700 0.019600
v 0.119500 -0.179100 0.019600
v 0.133600 -0.156500 -0.016300
v 0.111900 -0.173000 0.012200
v 0.083600 -0.161900 -0.021500
v 0.131100 -0.156600 -0.017200
v 0.133300 -0.154500 -0.017100
v 0.114000 -0.171500 0.012300
v 0.097600 -0.152900 0.002600
v 0.067800 -0.129500 -0.021100
v 0.065600 -0.130800 -0.021500
v 0.076600 -0.123800 -0.003400
v 0.099600 -0.151400 0.002700
v 0.113200 -0.140300 -0.020700
v 0.115100 -0.138600 -0.020700
v 0.126300 -0.127000 0.000600
v 0.148900 -0.137900 0.014600
v 0.127000 -0.126100 0.003600
v 0.098600 -0.103800 -0.005900
v 0.089100 -0.113600 -0.020800
v 0.061700 -0.084600 -0.015000
v 0.087200 -0.115300 -0.020600
v 0.078500 -0.122500 -0.003300
v 0.059700 -0.086400 -0.014100
v 0.032600 -0.050000 0.000400
v 0.046000 -0.045300 0.003800
v 0.035000 -0.037400 0.006800
v 0.022600 -0.028500 0.010200
v 0.025700 -0.023500 0.010300
v 0.027900 -0.018000 0.010400
v 0.033600 -0.019800 0.011300
v 0.034600 -0.031800 0.009100
v 0.043800 -0.039800 0.006200
v 0.056000 -0.039000 0.007200
v 0.071000 -0.062500 -0.001200
v 0.079200 -0.079800 -0.004300
v 0.064200 -0.029700 0.008000
v 0.072200 -0.032300 0.006700
v 0.069000 -0.045300 0.005300
v 0.099400 -0.102900 -0.003000
v 0.080200 -0.078700 -0.001700
v 0.072400 -0.062400 0.000700
v 0.070600 -0.046200 0.006800
v 0.073900 -0.032800 0.008200
v 0.077300 -0.019700 0.005600
v 0.063000 -0.017300 0.007400
v 0.079000 -0.020000 0.007000
v 0.088800 -0.006800 -0.000700
v 0.090100 -0.007800 0.001200
v 0.058600 -0.006300 0.004200
v 0.053600 -0.009500 0.006400
v 0.045100 -0.006300 0.007100
v 0.044800 -0.010300 0.008600
v 0.041400 -0.010700 0.009300
v 0.029300 -0.012200 0.010500
v 0.029800 -0.006400 0.010500
v 0.050500 0.005400 0.000900
v 0.094500 0.016700 -0.014100
v 0.105700 0.002400 -0.003600
v 0.106000 0.000900 -0.001000
v 0.029000 0.000100 0.010300
v 0.050000 0.008300 0.002100
v 0.028300 0.003200 0.010300
v 0.047600 0.015700 0.002100
v 0.091600 0.027000 -0.001500
v 0.048500 0.013000 0.007500
v 0.027000 0.007200 0.010300
v 0.025700 0.010100 0.010300
v 0.027900 0.005300 0.010400
v 0.049100 0.011200 0.007500
v 0.092200 0.025100 -0.001500
v 0.093900 0.019300 -0.013200
v 0.133200 0.026800 -0.019300
v 0.130200 0.037400 -0.001900
v 0.129500 0.039600 -0.001900
v 0.089600 0.032600 -0.013200
v 0.046200 0.018400 0.000800
v 0.022500 0.015800 0.010300
v 0.125800 0.049700 -0.019500
v 0.088500 0.035100 -0.014200
v 0.045900 0.032700 0.003800
v 0.035000 0.024800 0.006900
v 0.124700 0.052000 -0.019800
v 0.157600 0.066700 -0.019400
v 0.163400 0.050900 0.004400
v 0.156500 0.069000 -0.019600
v 0.186800 0.058700 0.014300
v 0.164200 0.048500 0.004400
v 0.168900 0.031900 -0.019100
v 0.133700 0.024300 -0.019600
v 0.196500 0.059000 0.021700
v 0.194900 0.033100 -0.014600
v 0.193000 0.034500 -0.015500
v 0.187600 0.056200 0.014300
v 0.169400 0.029400 -0.019200
v 0.193500 0.031600 -0.015500
v 0.196300 0.007200 0.019100
v 0.196200 0.008600 0.015900
v 0.171600 0.013100 0.001800
v 0.135600 0.010600 -0.004800
v 0.135700 0.009300 -0.002000
v 0.171700 0.011900 0.004800
v -0.085700 0.052100 -0.003600
v -0.069900 0.055600 0.002900
v -0.085300 0.050600 -0.005500
v -0.047700 0.071800 0.003500
v -0.058400 0.062900 0.004600
v -0.068600 0.054300 0.001600
v -0.058600 0.044000 0.004100
v -0.061400 0.032400 0.000900
v -0.055600 0.032200 0.003400
v -0.050600 0.024600 0.004600
v -0.045100 0.025900 0.006900
v -0.052300 0.054700 0.004800
v -0.057200 0.061500 0.003200
v -0.046900 0.070200 0.002200
v -0.038000 0.085100 -0.004200
v -0.039400 0.085900 -0.002300
v -0.034400 0.103900 -0.007400
v -0.036000 0.103700 -0.004800
v -0.040200 0.057500 0.004600
v -0.046200 0.169700 -0.001100
v -0.037200 0.134500 -0.006800
v -0.057400 0.192200 0.009000
v -0.032500 0.197800 -0.020800
v -0.058900 0.191900 0.012100
v 0.021500 -0.058000 0.000100
v 0.003800 -0.042200 0.009700
v 0.009600 -0.039500 0.009800
v 0.024100 -0.056600 0.001400
v 0.012400 -0.037900 0.009900
v -0.007900 -0.050100 0.010100
v -0.007900 -0.044100 0.009300
v -0.002000 -0.043600 0.009500
v 0.003300 -0.054500 0.008200
v 0.008600 -0.056700 0.006100
v 0.003700 -0.077200 0.005800
v 0.008300 -0.065800 0.005200
v -0.039200 -0.056800 -0.000300
v -0.068100 -0.091700 -0.005900
v -0.042000 -0.055200 0.005000
v -0.028200 -0.038000 0.008800
v -0.025400 -0.039600 0.008900
v -0.030000 -0.037000 0.008800
v -0.043500 -0.054100 0.005000
v -0.069700 -0.090600 -0.006000
v -0.062700 -0.094900 -0.017500
v -0.036600 -0.058100 -0.001400
v -0.019500 -0.042300 0.009100
v -0.028100 -0.069500 0.001800
v -0.024100 -0.056800 0.005200
v -0.018800 -0.054600 0.007600
v -0.013800 -0.043600 0.009200
v -0.023600 -0.065900 0.004300
v -0.182900 0.031100 -0.028800
v -0.147700 0.023700 -0.027300
v -0.183400 0.028600 -0.028800
v -0.207200 0.033700 -0.026400
v -0.203500 0.055300 0.003600
v -0.212800 0.058100 0.010500
v -0.202700 0.057800 0.003600
v -0.211900 0.060800 0.010600
v -0.186800 0.012400 -0.008000
v -0.207700 0.030800 -0.026400
v -0.209100 0.032200 -0.025700
v -0.212000 0.007700 0.004800
v -0.150700 0.008700 -0.009900
v -0.187000 0.011100 -0.005000
v -0.212300 0.006300 0.008000
v -0.083500 -0.196900 0.011500
v -0.106400 -0.186700 -0.022900
v -0.132900 -0.181300 0.012700
v -0.144900 -0.157200 -0.024700
v -0.147300 -0.157100 -0.024000
v -0.135200 -0.179600 0.012700
v -0.129300 -0.172000 0.005600
v 0.149800 -0.136900 0.017900
v -0.014300 0.097700 -0.016000
v -0.014500 0.052400 -0.000800
v -0.028300 0.056600 0.001800
v -0.024200 0.043900 0.005300
v -0.019600 0.029400 0.009100
v -0.025000 0.027100 0.009000
v -0.030100 0.024000 0.008800
v -0.033600 0.028800 0.009400
v -0.027200 0.039000 0.007400
v -0.029800 0.050900 0.004100
v -0.008600 0.098100 -0.004300
v -0.011600 0.052900 0.000400
v -0.013200 0.030600 0.009200
v -0.008800 0.053100 0.005900
v -0.010000 0.031000 0.009300
v -0.003800 0.052900 0.000600
v -0.002700 0.030700 0.009500
v -0.005900 0.031000 0.009400
v -0.006900 0.053100 0.006000
v -0.008000 0.031200 0.009400
v 0.003700 0.029400 0.009800
v 0.017700 0.028900 0.010800
v 0.014200 0.024100 0.010000
v 0.009100 0.027200 0.009900
v 0.018700 0.020300 0.010200
v 0.029400 0.026100 0.009000
v 0.032400 0.027800 0.008200
v 0.039900 0.032400 0.006000
v 0.041400 0.037800 0.006300
v 0.014300 -0.036900 0.009900
v 0.015800 -0.035400 0.010000
v 0.028000 -0.054000 0.006900
v 0.026500 -0.055100 0.006900
v 0.054800 -0.090300 -0.002600
v 0.053200 -0.091500 -0.002600
v 0.030500 -0.052000 0.001600
v 0.018200 -0.033300 0.010100
v 0.048500 -0.094600 -0.014400
v -0.104200 0.053000 -0.009300
v -0.103600 0.054300 -0.006700
v -0.132500 0.065000 -0.009400
v -0.163900 0.083100 -0.007300
v -0.163300 0.084200 -0.004300
v -0.181700 0.101400 0.005600
v -0.181100 0.102700 0.008800
v -0.034600 0.020100 0.008700
v -0.329500 0.010500 -0.093500
v -0.323300 0.061000 -0.093300
v -0.343500 0.065200 -0.072000
v -0.349100 0.029600 -0.072100
v -0.298300 -0.037300 -0.101800
v -0.299100 0.009000 -0.101900
v -0.328600 -0.040400 -0.093500
v -0.351000 -0.006400 -0.072200
v -0.358500 0.030200 0.047700
v -0.349100 -0.042500 -0.072100
v -0.360400 -0.006400 0.047600
v -0.355600 0.029600 0.167700
v -0.358500 -0.043100 0.047700
v -0.357500 -0.006400 0.167600
v -0.355600 -0.042500 0.167700
v -0.337200 0.010500 0.190200
v -0.326600 0.077300 0.190500
v -0.333700 -0.057200 0.190300
v -0.350000 -0.078100 0.167800
v -0.340600 -0.112900 0.168100
v -0.316100 -0.122600 0.190800
v -0.327600 -0.146600 0.168500
v -0.311400 -0.178600 0.168900
v -0.285300 -0.183000 0.191600
v -0.291700 -0.209000 0.169400
v -0.269100 -0.236900 0.170100
v -0.242800 -0.235500 0.192800
v -0.243600 -0.262400 0.170800
v -0.215600 -0.285200 0.171500
v -0.190200 -0.278200 0.194200
v -0.185400 -0.304800 0.172300
v -0.153200 -0.321100 0.173200
v -0.129900 -0.309000 0.195900
v -0.119600 -0.334100 0.174100
v -0.084700 -0.343400 0.175100
v -0.064400 -0.326400 0.197700
v -0.049100 -0.349000 0.176100
v -0.013100 -0.350900 0.177100
v 0.003100 -0.330000 0.199500
v 0.022700 -0.349000 0.178000
v 0.058300 -0.343400 0.179000
v 0.070000 -0.319400 0.201300
v 0.093200 -0.334100 0.180000
v 0.126800 -0.321100 0.180900
v 0.133300 -0.295100 0.203100
v 0.159000 -0.304800 0.181800
v 0.189200 -0.285200 0.182600
v 0.190000 -0.258300 0.204600
v 0.217200 -0.262400 0.183400
v 0.242700 -0.236900 0.184100
v 0.237900 -0.210400 0.205900
v 0.265300 -0.209000 0.184700
v 0.285000 -0.178600 0.185200
v 0.274600 -0.153500 0.206900
v 0.301200 -0.146600 0.185700
v 0.314200 -0.112900 0.186000
v 0.299000 -0.090300 0.207600
v 0.323600 -0.078100 0.186300
v 0.329200 -0.042500 0.186400
v 0.309600 -0.023400 0.207900
v 0.331100 -0.006400 0.186500
v 0.329200 0.029600 0.186400
v 0.306100 0.044300 0.207800
v 0.323600 0.065200 0.186300
v 0.314200 0.100000 0.186000
v 0.288500 0.109600 0.207300
v 0.301200 0.133700 0.185700
v 0.285000 0.165700 0.185200
v 0.257700 0.170000 0.206500
v 0.265300 0.196000 0.184700
v 0.242700 0.224000 0.184100
v 0.215200 0.222600 0.205300
v 0.217200 0.249500 0.183400
v 0.189200 0.272300 0.182600
v 0.162600 0.265300 0.203900
v 0.159000 0.291800 0.181800
v 0.126800 0.308200 0.180900
v 0.102300 0.296000 0.202200
v 0.093200 0.321200 0.180000
v 0.058300 0.330500 0.179000
v 0.036800 0.313500 0.200400
v 0.022700 0.336100 0.178000
v -0.013100 0.338000 0.177100
v -0.030700 0.317100 0.198600
v -0.049100 0.336100 0.176100
v -0.084700 0.330500 0.175100
v -0.097600 0.306400 0.196800
v -0.119600 0.321200 0.174100
v -0.153200 0.308200 0.173200
v -0.160900 0.282200 0.195000
v -0.185400 0.291800 0.172300
v -0.215600 0.272300 0.171500
v -0.217600 0.245400 0.193500
v -0.243600 0.249500 0.170800
v -0.269100 0.224000 0.170100
v -0.265500 0.197500 0.192200
v -0.291700 0.196000 0.169400
v -0.311400 0.165700 0.168900
v -0.302200 0.140600 0.191200
v -0.327600 0.133700 0.168500
v -0.340600 0.100000 0.168100
v -0.343200 0.101900 0.048100
v -0.352800 0.066500 0.047800
v -0.350000 0.065200 0.167800
v -0.334100 0.100000 -0.071700
v -0.330200 0.136200 0.048400
v -0.313600 0.168900 0.048900
v -0.321100 0.133700 -0.071400
v -0.308400 0.109600 -0.092900
v -0.304900 0.165700 -0.070900
v -0.285200 0.196000 -0.070400
v -0.286900 0.155800 -0.092300
v -0.293600 0.199700 0.049400
v -0.270500 0.228200 0.050100
v -0.262500 0.224000 -0.069700
v -0.244500 0.254200 0.050800
v -0.216000 0.277200 0.051600
v -0.237000 0.249500 -0.069100
v -0.223000 0.234700 -0.090600
v -0.257700 0.197500 -0.091500
v -0.209000 0.272300 -0.068300
v -0.182400 0.265300 -0.089500
v -0.178800 0.291800 -0.067500
v -0.185200 0.297300 0.052400
v -0.152500 0.314000 0.053300
v -0.146600 0.308200 -0.066600
v -0.118200 0.327100 0.054200
v -0.082700 0.336600 0.055200
v -0.113100 0.321200 -0.065700
v -0.089900 0.306400 -0.086900
v -0.137900 0.290000 -0.088300
v -0.078200 0.330500 -0.064700
v -0.042600 0.336100 -0.063700
v -0.046600 0.342400 0.056200
v -0.009900 0.344300 0.057200
v -0.006600 0.338000 -0.062800
v 0.026700 0.342400 0.058200
v 0.063000 0.336600 0.059200
v 0.029300 0.336100 -0.061800
v 0.010900 0.317100 -0.084200
v 0.064900 0.330500 -0.060800
v 0.099800 0.321200 -0.059800
v 0.061400 0.310900 -0.082800
v 0.098500 0.327100 0.060200
v 0.132700 0.314000 0.061100
v 0.133400 0.308200 -0.058900
v 0.165400 0.297300 0.062000
v 0.196200 0.277200 0.062800
v 0.165500 0.291800 -0.058000
v 0.110100 0.296000 -0.081500
v 0.195700 0.272300 -0.057200
v 0.156000 0.274500 -0.080200
v 0.099500 0.268000 -0.091000
v 0.141300 0.248400 -0.089800
v 0.197700 0.245400 -0.079100
v 0.249200 0.224000 -0.055800
v 0.234900 0.210600 -0.078100
v 0.179100 0.221900 -0.088800
v 0.223700 0.249500 -0.056500
v 0.250600 0.228200 0.064300
v 0.224600 0.254200 0.063600
v 0.273700 0.199700 0.065000
v 0.293700 0.168900 0.065500
v 0.271900 0.196000 -0.055100
v 0.291600 0.165700 -0.054600
v 0.265500 0.170000 -0.077200
v 0.212800 0.190500 -0.087900
v 0.240600 0.153600 -0.087100
v 0.290200 0.125500 -0.076500
v 0.307800 0.133700 -0.054200
v 0.320800 0.100000 -0.053800
v 0.323500 0.101900 0.066300
v 0.310300 0.136200 0.066000
v 0.333000 0.066500 0.066600
v 0.338700 0.030200 0.066700
v 0.330200 0.065200 -0.053500
v 0.306800 0.077300 -0.076100
v 0.335800 0.029600 -0.053400
v 0.340600 -0.006400 0.066800
v 0.337700 -0.006400 -0.053300
v 0.316500 0.027500 -0.075800
v 0.278000 0.069600 -0.086100
v 0.286700 0.024400 -0.085800
v 0.317400 -0.023400 -0.075800
v 0.311200 -0.073900 -0.076000
v 0.287500 -0.021900 -0.085800
v 0.330200 -0.078100 -0.053500
v 0.335800 -0.042500 -0.053400
v 0.333000 -0.079400 0.066600
v 0.338700 -0.043100 0.066700
v 0.323500 -0.114800 0.066300
v 0.310300 -0.149100 0.066000
v 0.320800 -0.112900 -0.053800
v 0.296300 -0.122600 -0.076400
v 0.307800 -0.146600 -0.054200
v 0.291600 -0.178600 -0.054600
v 0.293700 -0.181800 0.065500
v 0.273700 -0.212600 0.065000
v 0.271900 -0.209000 -0.055100
v 0.250600 -0.241100 0.064300
v 0.224600 -0.267100 0.063600
v 0.249200 -0.236900 -0.055800
v 0.223700 -0.262400 -0.056500
v 0.245600 -0.210400 -0.077800
v 0.274800 -0.168700 -0.077000
v 0.249000 -0.153600 -0.086900
v 0.222600 -0.191400 -0.087600
v 0.210900 -0.247600 -0.078700
v 0.170300 -0.278200 -0.079800
v 0.191100 -0.225100 -0.088500
v 0.195700 -0.285200 -0.057200
v 0.165500 -0.304800 -0.058000
v 0.196200 -0.290100 0.062800
v 0.165400 -0.310200 0.062000
v 0.132700 -0.326900 0.061100
v 0.133400 -0.321100 -0.058900
v 0.098500 -0.340000 0.060200
v 0.063000 -0.349600 0.059200
v 0.099800 -0.334100 -0.059800
v 0.077800 -0.319400 -0.082400
v 0.125900 -0.302900 -0.081000
v 0.064900 -0.343400 -0.060800
v 0.029300 -0.349000 -0.061800
v 0.026700 -0.355300 0.058200
v -0.009900 -0.357200 0.057200
v -0.006600 -0.350900 -0.062800
v -0.046600 -0.355300 0.056200
v -0.082700 -0.349600 0.055200
v -0.042600 -0.349000 -0.063700
v -0.023000 -0.330000 -0.085100
v -0.078200 -0.343400 -0.064700
v -0.113100 -0.334100 -0.065700
v -0.073500 -0.323800 -0.086500
v -0.118200 -0.340000 0.054200
v -0.152500 -0.326900 0.053300
v -0.146600 -0.321100 -0.066600
v -0.185200 -0.310200 0.052400
v -0.216000 -0.290100 0.051600
v -0.178800 -0.304800 -0.067500
v -0.168100 -0.287400 -0.089100
v -0.122200 -0.309000 -0.087800
v -0.209000 -0.285200 -0.068300
v -0.209800 -0.258300 -0.090200
v -0.237000 -0.262400 -0.069100
v -0.244500 -0.267100 0.050800
v -0.270500 -0.241100 0.050100
v -0.262500 -0.236900 -0.069700
v -0.293600 -0.212600 0.049400
v -0.313600 -0.181800 0.048900
v -0.285200 -0.209000 -0.070400
v -0.277600 -0.183000 -0.092100
v -0.247000 -0.223600 -0.091200
v -0.304900 -0.178600 -0.070900
v -0.321100 -0.146600 -0.071400
v -0.330200 -0.149100 0.048400
v -0.343200 -0.114800 0.048100
v -0.334100 -0.112900 -0.071700
v -0.352800 -0.079400 0.047800
v -0.343500 -0.078100 -0.072000
v -0.318900 -0.090300 -0.093200
v -0.274400 -0.126200 -0.101200
v -0.289500 -0.082500 -0.101600
v -0.302300 -0.138400 -0.092700
v -0.252200 -0.166500 -0.100600
v -0.224400 -0.203400 -0.099800
v -0.195100 -0.176600 -0.087200
v -0.219100 -0.144800 -0.087900
v -0.238300 -0.109900 -0.088400
v -0.251400 -0.072200 -0.088800
v -0.259000 -0.033100 -0.089000
v -0.259700 0.006900 -0.089000
v -0.293500 0.054800 -0.101700
v -0.254800 0.046500 -0.088800
v -0.280000 0.098900 -0.101300
v -0.243200 0.084500 -0.088500
v -0.260500 0.140700 -0.100800
v -0.226300 0.120700 -0.088100
v -0.234200 0.178500 -0.100100
v -0.203400 0.153300 -0.087400
v -0.202600 0.212200 -0.099200
v -0.176200 0.182500 -0.086700
v -0.165800 0.240000 -0.098200
v -0.144400 0.206600 -0.085800
v -0.125400 0.262400 -0.097100
v -0.109500 0.225900 -0.084900
v -0.081800 0.277500 -0.095900
v -0.071800 0.238900 -0.083800
v -0.036500 0.286200 -0.094700
v -0.032700 0.246500 -0.082800
v 0.009600 0.287000 -0.093400
v 0.007100 0.247200 -0.081700
v 0.055300 0.281400 -0.092200
v 0.046700 0.242300 -0.080600
v 0.084900 0.230700 -0.079600
v 0.121100 0.213900 -0.078600
v 0.153700 0.191000 -0.077700
v 0.182900 0.163700 -0.076900
v 0.206900 0.131900 -0.076200
v 0.263000 0.113300 -0.086500
v 0.226000 0.097000 -0.075700
v 0.239100 0.059300 -0.075300
v 0.246700 0.020200 -0.075100
v 0.247400 -0.019800 -0.075100
v 0.282000 -0.067700 -0.086000
v 0.242500 -0.059400 -0.075200
v 0.268500 -0.111800 -0.086300
v 0.230900 -0.097400 -0.075600
v 0.214100 -0.133600 -0.076000
v 0.191200 -0.166200 -0.076700
v 0.164000 -0.195500 -0.077400
v 0.154200 -0.252900 -0.089500
v 0.132200 -0.219500 -0.078300
v 0.113800 -0.275300 -0.090600
v 0.097300 -0.238800 -0.079200
v 0.059600 -0.251800 -0.080200
v 0.070300 -0.290400 -0.091800
v 0.027900 -0.329100 -0.083700
v 0.024900 -0.299100 -0.093000
v -0.021100 -0.299900 -0.094300
v 0.020400 -0.259400 -0.081300
v -0.019400 -0.260100 -0.082400
v -0.066900 -0.294400 -0.095500
v -0.058900 -0.255200 -0.083500
v -0.111100 -0.280900 -0.096700
v -0.097100 -0.243600 -0.084500
v -0.152900 -0.261300 -0.097900
v -0.133300 -0.226800 -0.085500
v -0.190700 -0.234800 -0.098900
v -0.165900 -0.203900 -0.086400
v -0.040000 0.316200 -0.085600
v 0.026200 0.244000 -0.076900
v -0.005500 0.246000 -0.077700
v -0.005200 0.247100 -0.086600
v 0.026500 0.245100 -0.085800
v 0.057300 0.238100 -0.076000
v 0.057700 0.239100 -0.084900
v 0.087400 0.228200 -0.075200
v 0.088000 0.229200 -0.084100
v 0.116000 0.214700 -0.074400
v 0.116800 0.215700 -0.083300
v 0.142900 0.197800 -0.073700
v 0.143600 0.198600 -0.082600
v 0.167200 0.177600 -0.073000
v 0.168200 0.178400 -0.081900
v 0.188800 0.154500 -0.072400
v 0.190000 0.155100 -0.081300
v 0.207400 0.128800 -0.071900
v 0.222800 0.101100 -0.071500
v 0.208700 0.129400 -0.080800
v 0.224100 0.101500 -0.080400
v 0.208800 0.129500 -0.082000
v 0.190100 0.155200 -0.082500
v 0.168300 0.178500 -0.083100
v 0.190600 0.155700 -0.082500
v 0.168800 0.179000 -0.083100
v 0.144200 0.199400 -0.083700
v 0.146200 0.202100 -0.083700
v 0.171100 0.181500 -0.083000
v 0.146600 0.202700 -0.083700
v 0.171600 0.182000 -0.083000
v 0.193300 0.157900 -0.082400
v 0.193800 0.158300 -0.082400
v 0.209400 0.129900 -0.082000
v 0.212300 0.131700 -0.081900
v 0.227900 0.103300 -0.081400
v 0.212900 0.132100 -0.081900
v 0.224800 0.101900 -0.081500
v 0.224200 0.101500 -0.081500
v 0.235900 0.071900 -0.081200
v 0.236600 0.072200 -0.081200
v 0.239900 0.073300 -0.081100
v 0.243800 0.041100 -0.081000
v 0.244600 0.041200 -0.081000
v 0.247900 0.009500 -0.080900
v 0.248500 0.009600 -0.080900
v 0.247900 0.041900 -0.080900
v 0.240500 0.073500 -0.081100
v 0.251900 0.009800 -0.080800
v 0.248600 0.042000 -0.080900
v 0.240400 0.073500 -0.076500
v 0.252700 0.009800 -0.080800
v 0.248500 0.042000 -0.076300
v 0.252600 0.009800 -0.076200
v 0.252700 -0.022600 -0.080800
v 0.252600 -0.022600 -0.076200
v 0.248600 -0.054900 -0.080900
v 0.248500 -0.054900 -0.076300
v 0.240500 -0.086300 -0.081100
v 0.240400 -0.086300 -0.076500
v 0.228600 -0.116500 -0.081400
v 0.228500 -0.116500 -0.076800
v 0.212900 -0.145000 -0.081900
v 0.212800 -0.145000 -0.077300
v 0.193700 -0.171200 -0.077800
v 0.193800 -0.171200 -0.082400
v 0.193300 -0.170700 -0.082400
v 0.171100 -0.194400 -0.083000
v 0.171600 -0.194800 -0.083000
v 0.171500 -0.194800 -0.078400
v 0.146600 -0.215500 -0.083700
v 0.146200 -0.215000 -0.083700
v 0.117200 -0.229400 -0.084500
v 0.144200 -0.212300 -0.083700
v 0.118900 -0.232300 -0.084400
v 0.089700 -0.246100 -0.085200
v 0.119200 -0.233000 -0.084400
v 0.088400 -0.242900 -0.085300
v 0.057900 -0.252100 -0.086100
v 0.058000 -0.252800 -0.086100
v 0.088200 -0.242300 -0.085300
v 0.088000 -0.242100 -0.084100
v 0.057700 -0.251900 -0.084900
v 0.116900 -0.228700 -0.084500
v 0.143700 -0.211700 -0.083700
v 0.116800 -0.228600 -0.083300
v 0.116000 -0.227600 -0.074400
v 0.087400 -0.241100 -0.075200
v 0.143600 -0.211500 -0.082600
v 0.168200 -0.191200 -0.081900
v 0.142900 -0.210600 -0.073700
v 0.168300 -0.191300 -0.083100
v 0.168800 -0.191900 -0.083100
v 0.190100 -0.168100 -0.082500
v 0.190600 -0.168500 -0.082500
v 0.209500 -0.142800 -0.082000
v 0.212300 -0.144500 -0.081900
v 0.227900 -0.116100 -0.081400
v 0.224800 -0.114700 -0.081500
v 0.239900 -0.086100 -0.081100
v 0.236600 -0.085000 -0.081200
v 0.247900 -0.054800 -0.080900
v 0.251900 -0.022600 -0.080800
v 0.244600 -0.054100 -0.081000
v 0.248500 -0.022400 -0.080900
v 0.235900 -0.084800 -0.081200
v 0.243800 -0.054000 -0.081000
v 0.235700 -0.084800 -0.080000
v 0.243700 -0.053900 -0.079800
v 0.247900 -0.022300 -0.080900
v 0.247600 -0.022300 -0.079700
v 0.242300 -0.053800 -0.071000
v 0.246200 -0.022300 -0.070800
v 0.247600 0.009500 -0.079700
v 0.243700 0.041000 -0.079800
v 0.246200 0.009500 -0.070800
v 0.242300 0.040800 -0.071000
v 0.234400 0.071600 -0.071200
v 0.235700 0.071900 -0.080000
v 0.234400 -0.084500 -0.071200
v 0.222800 -0.113900 -0.071500
v 0.224100 -0.114400 -0.080400
v 0.207400 -0.141700 -0.071900
v 0.208700 -0.142200 -0.080800
v 0.188800 -0.167300 -0.072400
v 0.190000 -0.168000 -0.081300
v 0.167200 -0.190400 -0.073000
v 0.208800 -0.142300 -0.082000
v 0.224200 -0.114400 -0.081500
v 0.057300 -0.250900 -0.076000
v 0.026200 -0.256900 -0.076900
v 0.026500 -0.258000 -0.085800
v -0.005500 -0.258800 -0.077700
v -0.005200 -0.259900 -0.086600
v -0.037200 -0.256900 -0.078600
v -0.068300 -0.250900 -0.079400
v -0.037000 -0.258000 -0.087500
v -0.068200 -0.251900 -0.088300
v -0.005200 -0.260200 -0.087800
v -0.037000 -0.258100 -0.088700
v -0.037100 -0.258800 -0.088700
v -0.005200 -0.260800 -0.087800
v -0.068300 -0.252100 -0.089500
v -0.098600 -0.242300 -0.090400
v -0.068500 -0.252800 -0.089600
v -0.098500 -0.242100 -0.089200
v -0.127300 -0.228600 -0.090000
v -0.127000 -0.227600 -0.081100
v -0.098400 -0.241100 -0.080300
v -0.153800 -0.210600 -0.081800
v -0.154200 -0.211500 -0.090700
v -0.178300 -0.190400 -0.082500
v -0.200000 -0.167300 -0.083000
v -0.178700 -0.191200 -0.091400
v -0.154300 -0.211700 -0.091900
v -0.178700 -0.191300 -0.092600
v -0.200500 -0.168000 -0.092000
v -0.219300 -0.142200 -0.092500
v -0.219300 -0.142300 -0.093700
v -0.200500 -0.168100 -0.093200
v -0.201100 -0.168500 -0.093200
v -0.179300 -0.191900 -0.092600
v -0.181600 -0.194400 -0.092600
v -0.154700 -0.212300 -0.091900
v -0.156700 -0.215000 -0.092000
v -0.129700 -0.233000 -0.091200
v -0.157000 -0.215500 -0.092000
v -0.129400 -0.232300 -0.091200
v -0.100100 -0.246100 -0.090400
v -0.100300 -0.246800 -0.090400
v -0.127700 -0.229400 -0.091200
v -0.098800 -0.242900 -0.090400
v -0.127400 -0.228700 -0.091200
v -0.069300 -0.256100 -0.089600
v -0.037500 -0.262200 -0.088700
v -0.037700 -0.262900 -0.088700
v -0.069600 -0.256800 -0.089600
v -0.069700 -0.256800 -0.085000
v -0.037800 -0.262900 -0.084100
v -0.005300 -0.265000 -0.083200
v -0.005200 -0.265000 -0.087800
v 0.027100 -0.262900 -0.082300
v 0.058800 -0.256800 -0.081500
v 0.027200 -0.262900 -0.086900
v 0.027100 -0.262200 -0.086900
v 0.059000 -0.256800 -0.086100
v -0.005200 -0.264200 -0.087800
v 0.058900 -0.256100 -0.086100
v 0.089700 -0.246800 -0.080600
v 0.089900 -0.246800 -0.085200
v 0.119100 -0.233000 -0.079800
v 0.146500 -0.215500 -0.079100
v 0.026700 -0.258800 -0.087000
v 0.026600 -0.258100 -0.087000
v -0.100400 -0.246800 -0.085800
v -0.129800 -0.233000 -0.086600
v -0.157200 -0.215500 -0.085200
v -0.182100 -0.194800 -0.092700
v -0.182300 -0.194800 -0.088100
v -0.204300 -0.171200 -0.093300
v -0.204500 -0.171200 -0.088700
v -0.223300 -0.145000 -0.093800
v -0.223500 -0.145000 -0.089200
v -0.239000 -0.116500 -0.094200
v -0.239100 -0.116500 -0.090500
v -0.251000 -0.086300 -0.089900
v -0.250900 -0.086300 -0.094500
v -0.250300 -0.086100 -0.094500
v -0.258300 -0.054800 -0.094700
v -0.259100 -0.054900 -0.094800
v -0.263100 -0.022600 -0.094900
v -0.262300 -0.022600 -0.094900
v -0.259200 -0.054900 -0.090200
v -0.263200 -0.022600 -0.090300
v -0.263200 0.009800 -0.090300
v -0.263100 0.009800 -0.094900
v -0.258300 0.041900 -0.094700
v -0.259100 0.042000 -0.094800
v -0.262300 0.009800 -0.094900
v -0.259000 0.009600 -0.094800
v -0.255000 0.041200 -0.094700
v -0.246300 0.071900 -0.094400
v -0.247000 0.072200 -0.094400
v -0.254300 0.041100 -0.094600
v -0.254100 0.041000 -0.093400
v -0.258300 0.009500 -0.094700
v -0.246200 0.071900 -0.093200
v -0.234600 0.101500 -0.092900
v -0.233800 0.101100 -0.084000
v -0.245400 0.071600 -0.084300
v -0.253300 0.040800 -0.084500
v -0.258100 0.009500 -0.093500
v -0.257300 0.009500 -0.084600
v -0.258100 -0.022300 -0.093500
v -0.257300 -0.022300 -0.084600
v -0.254100 -0.053900 -0.093400
v -0.253300 -0.053800 -0.084500
v -0.246200 -0.084800 -0.093200
v -0.245400 -0.084500 -0.084300
v -0.234600 -0.114400 -0.092900
v -0.233800 -0.113900 -0.084000
v -0.218500 -0.141700 -0.083600
v -0.234600 -0.114400 -0.094100
v -0.235300 -0.114700 -0.094100
v -0.246300 -0.084800 -0.094400
v -0.219900 -0.142800 -0.093700
v -0.203700 -0.170700 -0.093300
v -0.222800 -0.144500 -0.093800
v -0.238300 -0.116100 -0.094200
v -0.247000 -0.085000 -0.094400
v -0.254300 -0.054000 -0.094600
v -0.255000 -0.054100 -0.094700
v -0.259000 -0.022400 -0.094800
v -0.258300 -0.022300 -0.094700
v -0.218500 0.128800 -0.083600
v -0.200000 0.154500 -0.083000
v -0.219300 0.129400 -0.092500
v -0.200500 0.155100 -0.092000
v -0.219300 0.129500 -0.093700
v -0.234600 0.101500 -0.094100
v -0.235300 0.101900 -0.094100
v -0.219900 0.129900 -0.093700
v -0.250300 0.073300 -0.094500
v -0.238300 0.103300 -0.094200
v -0.239000 0.103600 -0.094200
v -0.250900 0.073500 -0.094500
v -0.222800 0.131700 -0.093800
v -0.223300 0.132100 -0.093800
v -0.201100 0.155700 -0.093200
v -0.203700 0.157900 -0.093300
v -0.181600 0.181500 -0.092600
v -0.179300 0.179000 -0.092600
v -0.204300 0.158300 -0.093300
v -0.182100 0.182000 -0.092700
v -0.204500 0.158300 -0.088700
v -0.223500 0.132100 -0.089200
v -0.239100 0.103600 -0.089600
v -0.251000 0.073500 -0.089900
v -0.259200 0.042000 -0.090200
v -0.182300 0.182000 -0.088100
v -0.157000 0.202700 -0.092000
v -0.157200 0.202700 -0.087400
v -0.129700 0.220100 -0.091200
v -0.129800 0.220100 -0.086600
v -0.100400 0.233900 -0.085800
v -0.100300 0.233900 -0.090400
v -0.069300 0.243200 -0.089600
v -0.100100 0.233300 -0.090400
v -0.069600 0.243900 -0.089600
v -0.037500 0.249300 -0.088700
v -0.037700 0.250000 -0.088700
v -0.069700 0.243900 -0.085000
v -0.037800 0.250000 -0.084100
v -0.005300 0.252000 -0.083200
v -0.005200 0.252000 -0.087800
v -0.005200 0.251400 -0.087800
v 0.027200 0.250000 -0.086900
v 0.027100 0.249300 -0.086900
v 0.026700 0.246000 -0.087000
v 0.058900 0.243200 -0.086100
v 0.058000 0.240000 -0.086100
v 0.088200 0.229400 -0.085300
v 0.088400 0.230100 -0.085300
v 0.057900 0.239300 -0.086100
v 0.026600 0.245200 -0.087000
v -0.005200 0.247200 -0.087800
v -0.005200 0.248000 -0.087800
v -0.037100 0.246000 -0.088700
v -0.068500 0.240000 -0.089600
v -0.037000 0.245200 -0.088700
v -0.037000 0.245100 -0.087500
v -0.068300 0.239300 -0.089500
v -0.068200 0.239100 -0.088300
v -0.098600 0.229400 -0.090400
v -0.098800 0.230100 -0.090400
v -0.127700 0.216500 -0.091200
v -0.129400 0.219500 -0.091200
v -0.156700 0.202100 -0.092000
v -0.154700 0.199400 -0.091900
v -0.127400 0.215800 -0.091200
v -0.154300 0.198700 -0.091900
v -0.127300 0.215700 -0.090000
v -0.154200 0.198600 -0.090700
v -0.178700 0.178500 -0.092600
v -0.200500 0.155200 -0.093200
v -0.178700 0.178400 -0.091400
v -0.153800 0.197800 -0.081800
v -0.178300 0.177600 -0.082500
v -0.127000 0.214700 -0.081100
v -0.098400 0.228200 -0.080300
v -0.068300 0.238100 -0.079400
v -0.098500 0.229200 -0.089200
v -0.037200 0.244000 -0.078600
v 0.116900 0.215800 -0.084500
v 0.117200 0.216500 -0.084500
v 0.089700 0.233300 -0.085200
v 0.059000 0.243900 -0.086100
v 0.118900 0.219500 -0.084400
v 0.089900 0.233900 -0.085200
v 0.089700 0.233900 -0.080600
v 0.058800 0.243900 -0.081500
v 0.119200 0.220100 -0.084400
v 0.119100 0.220100 -0.079800
v 0.146500 0.202700 -0.079100
v 0.171500 0.182000 -0.078400
v 0.193700 0.158300 -0.077800
v 0.212800 0.132100 -0.077300
v 0.228600 0.103600 -0.081400
v 0.228500 0.103600 -0.076800
v 0.027100 0.250000 -0.082300
v 0.143700 0.198700 -0.083700
v -0.152600 0.182500 -0.076800
v -0.127900 0.199400 -0.076200
v -0.126300 0.196400 -0.068900
v -0.150700 0.179800 -0.069600
v -0.175200 0.162600 -0.077500
v -0.155200 0.185900 -0.080100
v -0.178200 0.165600 -0.080700
v -0.180600 0.168000 -0.080600
v -0.198300 0.142600 -0.081300
v -0.201100 0.144700 -0.081200
v -0.203400 0.146500 -0.080200
v -0.218500 0.119000 -0.081600
v -0.220900 0.120500 -0.080700
v -0.222900 0.121700 -0.083700
v -0.235200 0.092500 -0.081100
v -0.237200 0.093400 -0.084100
v -0.247900 0.063600 -0.084400
v -0.245700 0.062900 -0.081400
v -0.254800 0.032600 -0.084500
v -0.252600 0.032300 -0.081600
v -0.257800 0.001100 -0.084600
v -0.255500 0.001000 -0.081700
v -0.256700 -0.030600 -0.084600
v -0.254400 -0.030400 -0.081600
v -0.251600 -0.061900 -0.084500
v -0.249500 -0.061400 -0.081500
v -0.242800 -0.092300 -0.084200
v -0.240700 -0.091500 -0.081300
v -0.230100 -0.121300 -0.083900
v -0.228100 -0.120300 -0.080900
v -0.213900 -0.148700 -0.083400
v -0.212100 -0.147300 -0.080500
v -0.194500 -0.173600 -0.082900
v -0.192800 -0.172100 -0.079900
v -0.172000 -0.196000 -0.082300
v -0.170600 -0.194200 -0.079300
v -0.146900 -0.215400 -0.081600
v -0.119600 -0.231500 -0.080800
v -0.145700 -0.213500 -0.078700
v -0.168700 -0.192200 -0.080300
v -0.144100 -0.211100 -0.079600
v -0.118700 -0.229400 -0.077900
v -0.089800 -0.241900 -0.077100
v -0.090600 -0.244100 -0.080100
v -0.117400 -0.226900 -0.078900
v -0.142100 -0.208200 -0.079800
v -0.115800 -0.223800 -0.079000
v -0.088900 -0.239100 -0.078100
v -0.087700 -0.235900 -0.078300
v -0.059100 -0.247700 -0.077300
v -0.059700 -0.250600 -0.076300
v -0.028900 -0.257800 -0.078400
v -0.028800 -0.255400 -0.075500
v -0.060100 -0.252800 -0.079200
v 0.002600 -0.256300 -0.074600
v -0.028400 -0.252600 -0.076500
v 0.002800 -0.258800 -0.077500
v 0.034300 -0.255700 -0.076600
v 0.065300 -0.248600 -0.075800
v 0.033900 -0.253400 -0.073700
v 0.002600 -0.253500 -0.075600
v 0.033600 -0.250600 -0.074800
v 0.064600 -0.246500 -0.072900
v 0.095100 -0.237900 -0.075000
v 0.094100 -0.235800 -0.072100
v 0.063700 -0.243600 -0.073900
v 0.062800 -0.240400 -0.074200
v 0.092900 -0.233100 -0.073100
v 0.033000 -0.247100 -0.075000
v 0.002600 -0.250000 -0.075800
v 0.032200 -0.242800 -0.071800
v 0.002300 -0.245700 -0.072600
v -0.027800 -0.244800 -0.073400
v -0.027600 -0.241400 -0.066200
v 0.002000 -0.242300 -0.065400
v -0.027800 -0.241100 -0.059000
v 0.031500 -0.239500 -0.064600
v 0.001700 -0.241900 -0.058200
v 0.000200 -0.242300 -0.000200
v 0.031300 -0.239200 -0.057400
v -0.029400 -0.241400 -0.001100
v -0.058700 -0.236800 -0.001900
v -0.000200 -0.241500 0.009100
v -0.029500 -0.240600 0.008200
v -0.029300 -0.237000 0.011000
v -0.000300 -0.237800 0.011700
v -0.058700 -0.236100 0.007500
v -0.087200 -0.228600 -0.002600
v -0.087000 -0.227800 0.006700
v -0.058100 -0.232500 0.010200
v -0.086000 -0.224500 0.009400
v -0.082600 -0.214100 0.020200
v -0.056000 -0.221700 0.020900
v -0.028500 -0.226000 0.021700
v -0.000900 -0.226800 0.022400
v 0.026600 -0.224200 0.023200
v 0.028700 -0.235100 0.012500
v 0.029300 -0.238600 0.009900
v 0.057100 -0.228700 0.013300
v 0.058100 -0.232200 0.010600
v 0.053700 -0.218100 0.023900
v 0.084300 -0.218900 0.014100
v 0.110300 -0.205600 0.014800
v 0.085800 -0.222100 0.011400
v 0.079700 -0.208700 0.024600
v 0.104300 -0.196000 0.025300
v 0.134200 -0.189200 0.015400
v 0.127100 -0.180400 0.025900
v 0.147900 -0.162100 0.026500
v 0.156000 -0.169900 0.016000
v 0.136500 -0.192000 0.012800
v 0.175200 -0.148000 0.016500
v 0.158700 -0.172500 0.013400
v 0.178200 -0.150300 0.013900
v 0.159400 -0.173000 0.004100
v 0.137300 -0.192600 0.003500
v 0.160800 -0.172800 -0.053900
v 0.138600 -0.192400 -0.054500
v 0.112900 -0.209400 0.002800
v 0.086400 -0.222900 0.002100
v 0.114200 -0.209100 -0.055100
v 0.112200 -0.208700 0.012100
v 0.114600 -0.209400 -0.062300
v 0.087900 -0.222600 -0.055900
v 0.139000 -0.192600 -0.061700
v 0.161200 -0.173000 -0.061100
v 0.163800 -0.175400 -0.068200
v 0.141300 -0.195400 -0.068800
v 0.116500 -0.212300 -0.069500
v 0.167000 -0.178500 -0.071300
v 0.144000 -0.198800 -0.071900
v 0.118800 -0.216000 -0.072600
v 0.146100 -0.201500 -0.071700
v 0.169400 -0.180900 -0.071000
v 0.171500 -0.183000 -0.070000
v 0.189900 -0.157500 -0.070500
v 0.192300 -0.159400 -0.069400
v 0.194100 -0.160800 -0.072300
v 0.211900 -0.134600 -0.071800
v 0.209800 -0.133400 -0.068900
v 0.207300 -0.131900 -0.070000
v 0.226200 -0.106300 -0.071400
v 0.224100 -0.105400 -0.068500
v 0.221400 -0.104200 -0.069600
v 0.236800 -0.076500 -0.071100
v 0.234600 -0.075900 -0.068300
v 0.231800 -0.075000 -0.069300
v 0.243800 -0.045500 -0.070900
v 0.241300 -0.045200 -0.068100
v 0.244200 -0.013800 -0.068000
v 0.238600 -0.044700 -0.069200
v 0.246700 -0.014000 -0.070800
v 0.245600 0.017700 -0.070900
v 0.243200 0.017500 -0.068000
v 0.240600 0.049000 -0.071000
v 0.231800 0.079400 -0.071200
v 0.238300 0.048500 -0.068200
v 0.235500 0.047900 -0.069200
v 0.229600 0.078700 -0.068400
v 0.240500 0.017200 -0.069100
v 0.241500 -0.013800 -0.069100
v 0.238000 -0.013700 -0.069400
v 0.236900 0.016900 -0.069400
v 0.232600 0.016400 -0.066300
v 0.232200 0.047100 -0.069500
v 0.233500 -0.013600 -0.066300
v 0.230000 -0.013500 -0.059200
v 0.230800 -0.043500 -0.066400
v 0.227200 -0.043000 -0.059300
v 0.220300 -0.071800 -0.052200
v 0.226800 -0.042900 -0.052100
v 0.220800 -0.071900 -0.059400
v 0.224300 -0.072900 -0.066500
v 0.210300 -0.099600 -0.052500
v 0.210800 -0.099800 -0.059700
v 0.214100 -0.101200 -0.066800
v 0.197000 -0.126100 -0.052900
v 0.197300 -0.126200 -0.060100
v 0.180300 -0.150600 -0.053300
v 0.180800 -0.150700 -0.060500
v 0.200600 -0.128000 -0.067200
v 0.183700 -0.152800 -0.067700
v 0.218300 -0.102900 -0.069900
v 0.204400 -0.130200 -0.070300
v 0.187200 -0.155400 -0.070800
v 0.228500 -0.074100 -0.069600
v 0.235200 -0.044200 -0.069400
v 0.179000 -0.150700 0.004600
v 0.194800 -0.125800 0.014400
v 0.195600 -0.126300 0.005100
v 0.209000 -0.099800 0.005500
v 0.208100 -0.099500 0.014700
v 0.218100 -0.071700 0.015000
v 0.204700 -0.098100 0.017400
v 0.214500 -0.070700 0.017600
v 0.194300 -0.093700 0.027800
v 0.220800 -0.042300 0.017800
v 0.203500 -0.067600 0.028000
v 0.209600 -0.040600 0.028200
v 0.223400 -0.013300 0.017900
v 0.212100 -0.013000 0.028300
v 0.222500 0.015700 0.017800
v 0.211200 0.014600 0.028200
v 0.217900 0.044500 0.017700
v 0.206800 0.042100 0.028100
v 0.209800 0.072400 0.017500
v 0.199000 0.068500 0.027900
v 0.188100 0.094000 0.027600
v 0.198100 0.099000 0.017200
v 0.213200 0.073500 0.014900
v 0.201500 0.100700 0.014600
v 0.183300 0.124000 0.016800
v 0.165500 0.147000 0.016300
v 0.173800 0.117800 0.027200
v 0.186400 0.126100 0.014200
v 0.187300 0.126500 0.004900
v 0.168200 0.149300 0.013700
v 0.202400 0.101000 0.005300
v 0.203700 0.100900 -0.052700
v 0.188600 0.126300 -0.053100
v 0.214200 0.073800 0.005600
v 0.215500 0.073700 -0.052400
v 0.222500 0.045400 0.005800
v 0.223700 0.045300 -0.052200
v 0.227200 0.016100 0.006000
v 0.221600 0.045300 0.015100
v 0.226200 0.016000 0.015200
v 0.227100 -0.013400 0.015300
v 0.228200 -0.013500 0.006000
v 0.229400 -0.013400 -0.052000
v 0.228500 0.016100 -0.052000
v 0.225500 -0.042900 0.005900
v 0.219000 -0.071900 0.005700
v 0.224400 -0.042900 0.015200
v 0.224300 0.045400 -0.059300
v 0.228900 0.016200 -0.059200
v 0.227900 0.046100 -0.066400
v 0.223600 0.076500 -0.069800
v 0.219400 0.075100 -0.066700
v 0.207500 0.102700 -0.067000
v 0.216000 0.073800 -0.059600
v 0.211400 0.104600 -0.070100
v 0.198600 0.132800 -0.070200
v 0.214500 0.106200 -0.069800
v 0.195700 0.130800 -0.070500
v 0.192100 0.128500 -0.067400
v 0.176900 0.155000 -0.071000
v 0.179600 0.157300 -0.070800
v 0.181700 0.159300 -0.069700
v 0.159500 0.181400 -0.070300
v 0.157500 0.179300 -0.071400
v 0.155200 0.176700 -0.071600
v 0.134500 0.200600 -0.071000
v 0.132900 0.198200 -0.072000
v 0.131000 0.195400 -0.072300
v 0.107600 0.216600 -0.071700
v 0.106200 0.214000 -0.072800
v 0.104700 0.210900 -0.073000
v 0.077800 0.226300 -0.073500
v 0.078700 0.229100 -0.072500
v 0.049100 0.240000 -0.076200
v 0.079600 0.231200 -0.075400
v 0.048500 0.237800 -0.073300
v 0.017500 0.242500 -0.074200
v 0.017800 0.244900 -0.077100
v 0.047900 0.234800 -0.074400
v 0.047300 0.231500 -0.074600
v 0.017400 0.239700 -0.075200
v 0.076500 0.223000 -0.073800
v 0.075200 0.219000 -0.070600
v 0.102700 0.207100 -0.069900
v 0.100900 0.204000 -0.062700
v 0.126400 0.188900 -0.062000
v 0.128600 0.191800 -0.069200
v 0.149900 0.170800 -0.061400
v 0.152300 0.173400 -0.068500
v 0.173600 0.152200 -0.067900
v 0.170800 0.149900 -0.060800
v 0.189000 0.126600 -0.060300
v 0.170400 0.149700 -0.053600
v 0.169000 0.149900 0.004400
v 0.149400 0.170600 -0.054200
v 0.126000 0.188700 -0.054800
v 0.148100 0.170800 0.003800
v 0.124700 0.188900 0.003200
v 0.124000 0.188300 0.012400
v 0.147300 0.170100 0.013100
v 0.121900 0.185200 0.015100
v 0.144900 0.167500 0.015700
v 0.156900 0.139600 0.026800
v 0.137300 0.159200 0.026200
v 0.115300 0.176100 0.025600
v 0.096700 0.200000 0.014400
v 0.091500 0.190300 0.025000
v 0.070100 0.211600 0.013700
v 0.066200 0.201200 0.024300
v 0.042200 0.219600 0.012900
v 0.039600 0.208900 0.023500
v 0.013600 0.224100 0.012100
v 0.012200 0.213100 0.022800
v -0.015600 0.225000 0.011300
v -0.015600 0.214000 0.022000
v -0.044500 0.222200 0.010500
v -0.043100 0.211400 0.021300
v -0.072800 0.215800 0.009800
v -0.070100 0.205200 0.020500
v -0.100200 0.205900 0.009000
v -0.096100 0.195900 0.019800
v -0.126100 0.192600 0.008300
v -0.120800 0.183200 0.019200
v -0.150100 0.176300 0.007700
v -0.143700 0.167600 0.018500
v -0.171900 0.157100 0.007100
v -0.164400 0.149200 0.018000
v -0.191100 0.135200 0.006500
v -0.182700 0.128400 0.017500
v -0.198100 0.105600 0.017000
v -0.207300 0.111100 0.006100
v -0.210400 0.112900 0.003300
v -0.220500 0.085100 0.005700
v -0.193800 0.137300 0.003600
v -0.174600 0.160200 -0.005000
v -0.174300 0.159500 0.004100
v -0.194200 0.137900 -0.005600
v -0.209000 0.113200 -0.064000
v -0.210800 0.113400 -0.006000
v -0.192400 0.137600 -0.063500
v -0.192400 0.137900 -0.070700
v -0.172800 0.159900 -0.063000
v -0.209000 0.113400 -0.071200
v -0.211800 0.115100 -0.078500
v -0.225400 0.088300 -0.078800
v -0.222500 0.086900 -0.071600
v -0.235500 0.060000 -0.079100
v -0.232400 0.059100 -0.071800
v -0.222400 0.086800 -0.064400
v -0.232300 0.058900 -0.064600
v -0.224300 0.086900 -0.006400
v -0.223800 0.086600 0.002900
v -0.234200 0.059100 -0.006700
v -0.233800 0.058800 0.002700
v -0.230300 0.057800 0.005500
v -0.240100 0.030000 0.002500
v -0.236600 0.029400 0.005300
v -0.219900 0.054800 0.016400
v -0.226000 0.027700 0.016300
v -0.239200 0.000500 0.005200
v -0.238300 -0.028700 0.005200
v -0.242900 0.000500 0.002400
v -0.228500 0.000200 0.016200
v -0.227600 -0.027600 0.016200
v -0.233700 -0.057300 0.005400
v -0.223300 -0.054900 0.016400
v -0.225500 -0.085300 0.005600
v -0.215500 -0.081600 0.016600
v -0.213900 -0.111900 0.005900
v -0.204500 -0.106900 0.016900
v -0.190300 -0.130700 0.017300
v -0.199100 -0.136900 0.006300
v -0.202100 -0.139000 0.003500
v -0.217200 -0.113600 0.003100
v -0.181300 -0.159900 0.006800
v -0.183900 -0.162300 0.004000
v -0.160800 -0.180400 0.007400
v -0.173400 -0.152600 0.017700
v -0.153700 -0.172100 0.018300
v -0.137700 -0.198100 0.008000
v -0.131800 -0.189000 0.018900
v -0.108000 -0.203100 0.019500
v -0.112700 -0.212900 0.008700
v -0.139700 -0.201200 0.005200
v -0.114300 -0.216200 0.005900
v -0.139800 -0.201900 -0.004100
v -0.114400 -0.216900 -0.003400
v -0.112600 -0.216600 -0.061300
v -0.085400 -0.228600 -0.067800
v -0.112700 -0.216900 -0.068600
v -0.085500 -0.228400 -0.060600
v -0.138100 -0.201600 -0.062000
v -0.138200 -0.201800 -0.069200
v -0.163300 -0.183700 -0.004700
v -0.161600 -0.183500 -0.062700
v -0.161600 -0.183700 -0.069900
v -0.182400 -0.162600 -0.063300
v -0.184300 -0.162800 -0.005300
v -0.202400 -0.139400 -0.005800
v -0.163000 -0.183100 0.004600
v -0.200600 -0.139200 -0.063800
v -0.217600 -0.114000 -0.006200
v -0.215700 -0.113800 -0.064200
v -0.229400 -0.086700 -0.006500
v -0.237800 -0.058300 -0.006800
v -0.228900 -0.086500 0.002800
v -0.227500 -0.086700 -0.064500
v -0.227600 -0.086700 -0.071700
v -0.235800 -0.058300 -0.064700
v -0.215800 -0.114000 -0.071400
v -0.218700 -0.115500 -0.078700
v -0.203300 -0.141400 -0.078200
v -0.200600 -0.139400 -0.071000
v -0.184800 -0.165100 -0.077700
v -0.182500 -0.162800 -0.070500
v -0.163700 -0.186300 -0.077100
v -0.139900 -0.204700 -0.076500
v -0.166300 -0.189500 -0.080400
v -0.188100 -0.167800 -0.081000
v -0.206900 -0.143700 -0.081500
v -0.190700 -0.170200 -0.080900
v -0.209700 -0.145600 -0.081400
v -0.225600 -0.119000 -0.081800
v -0.222400 -0.117500 -0.082000
v -0.230700 -0.087900 -0.079000
v -0.234600 -0.089300 -0.082300
v -0.239000 -0.059000 -0.079200
v -0.237900 -0.090600 -0.082200
v -0.243200 -0.060100 -0.082500
v -0.248000 -0.029800 -0.082700
v -0.243800 -0.029400 -0.079300
v -0.246500 -0.060800 -0.082400
v -0.251400 -0.030200 -0.082600
v -0.249000 0.000800 -0.082700
v -0.252500 0.000900 -0.082600
v -0.246200 0.031300 -0.082600
v -0.249600 0.031800 -0.082500
v -0.239600 0.061200 -0.082400
v -0.242800 0.062200 -0.082300
v -0.229300 0.090000 -0.082100
v -0.232400 0.091400 -0.082000
v -0.215500 0.117300 -0.081800
v -0.194900 0.140000 -0.078000
v -0.172900 0.160200 -0.070200
v -0.150800 0.179500 -0.062400
v -0.126300 0.196300 -0.061700
v -0.128000 0.196500 -0.003700
v -0.152400 0.179800 -0.004400
v -0.152200 0.179100 0.004700
v -0.127800 0.195800 0.005600
v -0.101600 0.209300 0.006300
v -0.101700 0.210000 -0.003000
v -0.099900 0.209700 -0.061000
v -0.073900 0.220100 -0.002300
v -0.072100 0.219800 -0.060200
v -0.044900 0.226600 -0.001500
v -0.073800 0.219300 0.007000
v -0.045000 0.225800 0.007800
v -0.015400 0.229400 -0.000700
v -0.015600 0.228600 0.008600
v 0.014200 0.228500 0.000100
v 0.013900 0.227700 0.009400
v 0.043500 0.224000 0.000900
v 0.043100 0.223100 0.010200
v 0.071900 0.215700 0.001700
v 0.071500 0.215000 0.011000
v 0.099200 0.204000 0.002500
v 0.098500 0.203300 0.011700
v 0.073500 0.215400 -0.056300
v 0.100700 0.203700 -0.055500
v 0.073700 0.215700 -0.063500
v 0.045300 0.224000 -0.064200
v 0.046200 0.227200 -0.071400
v 0.017000 0.236200 -0.075400
v 0.016500 0.231900 -0.072200
v 0.016000 0.228500 -0.065000
v -0.013600 0.237100 -0.076200
v -0.013500 0.232800 -0.073000
v -0.043400 0.230000 -0.073900
v -0.013600 0.229500 -0.065800
v -0.044000 0.234200 -0.077100
v -0.072800 0.223300 -0.074700
v -0.073900 0.227500 -0.077900
v -0.044500 0.237600 -0.076900
v -0.074900 0.230800 -0.077700
v -0.075700 0.233600 -0.076700
v -0.013700 0.240600 -0.076100
v -0.045100 0.240500 -0.075900
v -0.076400 0.235800 -0.079700
v -0.013900 0.243500 -0.075100
v -0.045400 0.242800 -0.078800
v -0.013900 0.245800 -0.078000
v -0.106000 0.225100 -0.080500
v -0.105200 0.222900 -0.077600
v -0.134300 0.210700 -0.081200
v -0.133200 0.208600 -0.078300
v -0.160400 0.192800 -0.082000
v -0.159100 0.190900 -0.079000
v -0.184200 0.171800 -0.082600
v -0.182700 0.170100 -0.079700
v -0.205200 0.147900 -0.083200
v -0.157300 0.188600 -0.080000
v -0.129900 0.203200 -0.079400
v -0.131600 0.206100 -0.079300
v -0.102700 0.217200 -0.078700
v -0.104100 0.220300 -0.078500
v -0.101100 0.213100 -0.075400
v -0.099900 0.210000 -0.068200
v -0.072100 0.220100 -0.067400
v -0.043200 0.226600 -0.066700
v -0.043300 0.226300 -0.059500
v -0.013800 0.229100 -0.058600
v 0.015800 0.228300 -0.057800
v 0.045000 0.223600 -0.057000
v -0.242000 0.030600 -0.079300
v -0.238900 0.030100 -0.072000
v -0.244800 0.000700 -0.079400
v -0.241600 0.000500 -0.072100
v -0.238800 0.030100 -0.064800
v -0.240600 -0.029100 -0.072100
v -0.241400 0.000500 -0.064900
v -0.240700 0.030100 -0.006800
v -0.240500 -0.029000 -0.064800
v -0.243400 0.000500 -0.006900
v -0.242400 -0.029100 -0.006900
v -0.241800 -0.029000 0.002400
v -0.237200 -0.058200 0.002600
v -0.236000 -0.058300 -0.071900
v -0.114000 -0.220000 -0.075800
v -0.086400 -0.231800 -0.075000
v -0.058300 -0.244400 -0.077500
v -0.057400 -0.240200 -0.074200
v -0.028100 -0.249000 -0.076600
v -0.056900 -0.236800 -0.067000
v -0.057100 -0.236500 -0.059800
v -0.210700 0.080800 0.016700
v 0.204200 0.101100 -0.059900
v 0.108700 0.218700 -0.074600
v 0.136000 0.202500 -0.073900
v 0.161000 0.183200 -0.073200
v 0.183400 0.160700 -0.072600
v 0.201000 0.134400 -0.069200
v 0.202900 0.135700 -0.072000
v 0.217000 0.107500 -0.068700
v 0.219100 0.108500 -0.071600
v 0.226800 0.077700 -0.069500
v 0.181700 -0.118400 0.027400
v 0.166100 -0.141300 0.027000
v 0.191500 -0.124100 0.017000
v 0.173300 -0.184600 -0.072800
v 0.148000 -0.203800 -0.070600
v 0.149500 -0.205700 -0.073500
v 0.122100 -0.221400 -0.071300
v 0.123300 -0.223500 -0.074200
v 0.120500 -0.219000 -0.072400
v 0.091500 -0.230000 -0.073400
v 0.061600 -0.236200 -0.071000
v 0.089700 -0.226000 -0.070200
v 0.088200 -0.222900 -0.063100
v 0.060400 -0.232900 -0.063800
v 0.060100 -0.232600 -0.056600
v 0.029700 -0.239500 0.000600
v 0.058600 -0.232900 0.001400
v -0.032600 0.041100 0.043100
v -0.034700 0.049700 0.003600
v -0.035800 0.049700 0.043000
v -0.031500 0.041100 0.003700
v -0.033000 0.038900 0.043100
v -0.038800 0.031900 0.042900
v -0.031900 0.038900 0.003700
v -0.037700 0.031900 0.003500
v -0.039000 0.032300 0.001100
v -0.032600 0.040100 0.001300
v -0.036100 0.049700 0.001200
v -0.045400 0.052600 0.003300
v -0.036400 0.051100 0.003600
v -0.052600 0.043600 0.000700
v -0.046100 0.051400 0.000900
v -0.047500 0.051800 0.003300
v -0.053400 0.044800 0.003100
v -0.048600 0.051800 0.042600
v -0.054500 0.044800 0.042500
v -0.053700 0.042600 0.003100
v -0.054800 0.042600 0.042500
v -0.050600 0.034100 0.003200
v -0.051700 0.034100 0.042600
v -0.048800 0.032600 0.003200
v -0.049100 0.034000 0.000800
v -0.039800 0.031100 0.003500
v -0.049900 0.032600 0.042600
v -0.040900 0.031100 0.042900
v -0.046500 0.052600 0.042700
v -0.037500 0.051100 0.042900
v 0.058900 -0.025300 0.045600
v 0.056700 -0.016800 0.006100
v 0.055700 -0.016800 0.045500
v 0.059900 -0.025300 0.006200
v 0.058500 -0.027600 0.045600
v 0.052700 -0.034600 0.045400
v 0.059500 -0.027600 0.006200
v 0.053800 -0.034600 0.006000
v 0.052400 -0.034200 0.003600
v 0.058900 -0.026300 0.003800
v 0.055400 -0.016700 0.003700
v 0.055000 -0.015300 0.006100
v 0.038800 -0.022900 0.003200
v 0.045300 -0.015000 0.003400
v 0.046100 -0.013800 0.005800
v 0.054000 -0.015300 0.045400
v 0.045000 -0.013800 0.045200
v 0.043900 -0.014600 0.005800
v 0.042800 -0.014600 0.045100
v 0.038100 -0.021600 0.005600
v 0.037000 -0.021600 0.045000
v 0.037700 -0.023800 0.005600
v 0.036600 -0.023800 0.045000
v 0.040900 -0.032400 0.005700
v 0.039800 -0.032400 0.045100
v 0.042700 -0.033800 0.005700
v 0.042300 -0.032400 0.003300
v 0.051600 -0.035400 0.006000
v 0.041600 -0.033800 0.045100
v 0.050500 -0.035400 0.045300
v -0.054100 -0.025400 0.042500
v -0.056200 -0.016900 0.003000
v -0.057300 -0.016900 0.042400
v -0.053000 -0.025400 0.003100
v -0.054500 -0.027700 0.042500
v -0.060300 -0.034700 0.042300
v -0.053400 -0.027700 0.003100
v -0.059200 -0.034700 0.002900
v -0.060500 -0.034300 0.000500
v -0.054000 -0.026400 0.000700
v -0.057500 -0.016800 0.000600
v -0.074100 -0.023000 0.000100
v -0.067600 -0.015100 0.000300
v -0.066900 -0.013900 0.002700
v -0.057900 -0.015400 0.003000
v -0.059000 -0.015400 0.042400
v -0.068000 -0.013900 0.042100
v -0.070100 -0.014700 0.042100
v -0.069000 -0.014700 0.002700
v -0.074900 -0.021700 0.002500
v -0.076000 -0.021700 0.041900
v -0.075200 -0.023900 0.002500
v -0.076300 -0.023900 0.041900
v -0.072100 -0.032500 0.002600
v -0.070600 -0.032500 0.000200
v -0.073200 -0.032500 0.042000
v -0.070300 -0.033900 0.002600
v -0.071400 -0.033900 0.042000
v -0.061400 -0.035500 0.002900
v -0.062500 -0.035500 0.042300
v 0.002600 -0.066500 0.044000
v 0.000500 -0.058000 0.004600
v -0.000600 -0.058000 0.044000
v 0.003700 -0.066500 0.004700
v 0.002200 -0.068800 0.044000
v -0.003600 -0.075800 0.043900
v 0.003300 -0.068800 0.004600
v -0.002500 -0.075800 0.004500
v -0.003900 -0.075400 0.002000
v 0.002700 -0.067500 0.002200
v -0.000900 -0.057900 0.002100
v -0.010200 -0.055000 0.004300
v -0.001200 -0.056500 0.004500
v -0.017500 -0.064100 0.001700
v -0.010900 -0.056200 0.001900
v -0.012300 -0.055800 0.004200
v -0.018100 -0.062800 0.004100
v -0.013400 -0.055800 0.043600
v -0.019200 -0.062800 0.043400
v -0.018500 -0.065000 0.004000
v -0.019600 -0.065000 0.043400
v -0.015300 -0.073600 0.004100
v -0.016400 -0.073600 0.043500
v -0.013600 -0.075000 0.004200
v -0.013900 -0.073600 0.001800
v -0.004600 -0.076600 0.004400
v -0.014700 -0.075000 0.043600
v -0.005700 -0.076600 0.043800
v -0.011300 -0.055000 0.043700
v -0.002300 -0.056500 0.043900
vn -0.3598 0.1606 0.9191
vn 0.3598 0.4765 0.8022
vn -0.2743 0.6068 0.7460
vn -0.2743 -0.3427 0.8985
vn 0.2732 0.0350 0.9613
vn 0.2743 0.8451 0.4588
vn 0.8057 -0.0223 0.5919
vn 0.9030 0.3638 0.2287
vn 0.3598 -0.4565 0.8137
vn 0.9030 -0.3800 0.2007
vn 0.2743 -0.8199 0.5025
vn 0.3598 -0.9330 0.0115
vn 0.9030 0.0162 -0.4293
vn 0.8057 -0.5014 -0.3152
vn 0.3598 -0.4765 -0.8022
vn 0.2743 -0.8452 -0.4587
vn -0.2743 -0.6068 -0.7460
vn -0.3598 -0.8763 -0.3204
vn -0.2743 -0.9495 0.1525
vn -0.3598 -0.7156 0.5987
vn -0.3598 -0.1606 -0.9191
vn 0.2743 -0.0253 -0.9613
vn -0.2743 0.3427 -0.8985
vn -0.3598 0.7157 -0.5986
vn 0.3598 0.4566 -0.8137
vn 0.2743 0.8199 -0.5025
vn 0.8057 0.5237 -0.2766
vn -0.2743 0.9495 -0.1525
vn 0.3598 0.9330 -0.0115
vn -0.3598 0.8763 0.3204
vn 0.9863 -0.0513 -0.1571
vn 0.9914 -0.0556 -0.1183
vn 0.9924 -0.0382 -0.1174
vn 0.9914 -0.0247 -0.1282
vn 0.9862 -0.0248 -0.1637
vn 0.9895 -0.0136 -0.1436
vn 0.9857 -0.0178 -0.1674
vn 0.9820 -0.0190 -0.1877
vn 0.9820 -0.0190 -0.1878
vn 0.9800 -0.0395 -0.1949
vn 0.9782 -0.0644 -0.1976
vn 0.9800 -0.0830 -0.1807
vn 0.9862 -0.0765 -0.1468
vn 0.9821 -0.0953 -0.1627
vn 0.9858 -0.0840 -0.1456
vn 0.9895 -0.0737 -0.1240
vn 0.9800 0.1732 -0.0980
vn 0.9862 0.1336 -0.0975
vn 0.9862 0.1481 -0.0743
vn 0.9820 0.1727 -0.0763
vn 0.9857 0.1536 -0.0688
vn 0.9895 0.1323 -0.0575
vn 0.9914 0.1144 -0.0633
vn 0.9923 0.0999 -0.0728
vn 0.9914 0.0953 -0.0896
vn 0.9862 0.1159 -0.1183
vn 0.9895 0.0952 -0.1084
vn 0.9857 0.1125 -0.1253
vn 0.9820 0.1255 -0.1411
vn 0.9800 0.1463 -0.1350
vn 0.9781 0.1680 -0.1225
vn 0.9800 -0.1976 -0.0225
vn 0.9862 -0.1653 0.0003
vn 0.9862 -0.1633 -0.0269
vn 0.9821 -0.1843 -0.0397
vn 0.9858 -0.1645 -0.0346
vn 0.9896 -0.1407 -0.0312
vn 0.9914 -0.1297 -0.0160
vn 0.9924 -0.1234 0.0002
vn 0.9914 -0.1296 0.0165
vn 0.9862 -0.1633 0.0275
vn 0.9895 -0.1407 0.0318
vn 0.9858 -0.1645 0.0353
vn 0.9821 -0.1842 0.0405
vn 0.9800 -0.1975 0.0232
vn 0.9782 -0.2078 0.0004
vn 0.9800 -0.0826 0.1811
vn 0.9862 -0.0509 0.1573
vn 0.9862 -0.0761 0.1471
vn 0.9820 -0.0950 0.1631
vn 0.9857 -0.0838 0.1459
vn 0.9820 -0.0949 0.1631
vn 0.9896 -0.0733 0.1242
vn 0.9914 -0.0553 0.1183
vn 0.9924 -0.0380 0.1174
vn 0.9914 -0.0244 0.1284
vn 0.9862 -0.0243 0.1638
vn 0.9896 -0.0133 0.1435
vn 0.9858 -0.0174 0.1673
vn 0.9820 -0.0186 0.1878
vn 0.9800 -0.0391 0.1951
vn 0.9782 -0.0640 0.1978
vn 0.9863 0.1339 0.0968
vn 0.9914 0.1146 0.0628
vn 0.9924 0.1000 0.0723
vn 0.9914 0.0955 0.0892
vn 0.9862 0.1164 0.1177
vn 0.9895 0.0955 0.1080
vn 0.9858 0.1129 0.1247
vn 0.9821 0.1257 0.1405
vn 0.9821 0.1258 0.1405
vn 0.9800 0.1466 0.1343
vn 0.9782 0.1683 0.1218
vn 0.9800 0.1734 0.0973
vn 0.9862 0.1484 0.0736
vn 0.9821 0.1728 0.0755
vn 0.9858 0.1538 0.0681
vn 0.9895 0.1325 0.0569
vn 0.9953 0.0283 0.0927
vn 0.9976 -0.0418 0.0561
vn 0.9973 -0.0624 0.0396
vn 0.9959 -0.0329 0.0841
vn 0.9807 -0.1838 0.0662
vn 0.9996 0.0004 0.0287
vn 0.9979 0.0639 0.0136
vn 0.9995 -0.0257 0.0204
vn 0.9971 -0.0736 0.0207
vn 0.9964 -0.0783 -0.0325
vn 0.9164 -0.3990 -0.0328
vn 0.9505 -0.2319 0.2069
vn 0.9179 0.3023 0.2570
vn 0.8288 0.2760 0.4867
vn 0.9963 -0.0768 -0.0379
vn 0.4513 -0.8754 -0.1732
vn 0.6092 -0.7240 0.3235
vn 0.5525 -0.3276 0.7664
vn 0.7476 0.3060 0.5895
vn 0.4882 -0.1429 0.8610
vn 0.9967 -0.0653 -0.0474
vn 0.9135 -0.3543 -0.1998
vn 0.4776 -0.7740 -0.4157
vn 0.1865 -0.8785 -0.4399
vn 0.2451 -0.9693 -0.0171
vn 0.2674 -0.8691 0.4161
vn 0.2397 -0.5368 0.8090
vn 0.1785 -0.7971 -0.5769
vn 0.6091 0.0814 -0.7889
vn 0.2671 0.1242 -0.9556
vn 0.2450 -0.3189 -0.9156
vn 0.4512 -0.4379 -0.7776
vn 0.1864 -0.6923 -0.6971
vn 0.4776 -0.6365 -0.6056
vn 0.5711 -0.6649 -0.4814
vn 0.9155 -0.3258 -0.2359
vn 0.9163 -0.1556 -0.3689
vn 0.9135 -0.3004 -0.2742
vn 0.9963 -0.0600 -0.0612
vn 0.9964 -0.0551 -0.0643
vn 0.9973 0.0183 -0.0716
vn 0.9971 -0.0031 -0.0763
vn 0.9975 0.0403 -0.0573
vn 0.9996 0.0274 -0.0086
vn 0.9995 0.0115 -0.0308
vn 0.9976 0.0325 0.0603
vn 0.9504 0.1244 -0.2850
vn 0.8288 0.5487 0.1099
vn 0.9807 0.0056 -0.1954
vn 0.9959 0.0698 -0.0574
vn 0.9953 0.0970 -0.0020
vn 0.9179 0.3387 0.2066
vn 0.8114 0.4850 0.3263
vn 0.7475 0.6557 0.1066
vn 0.8687 0.4931 -0.0476
vn 0.9424 0.3317 0.0435
vn 0.8944 0.4194 -0.1555
vn 0.9583 0.2742 -0.0802
vn 0.9601 0.2423 -0.1398
vn 0.8775 0.4390 -0.1930
vn 0.8470 0.5048 -0.1665
vn 0.5056 0.8218 -0.2628
vn 0.5062 0.7753 -0.3777
vn 0.5069 0.7443 -0.4348
vn 0.4879 0.7735 -0.4044
vn 0.5522 0.6260 -0.5507
vn 0.2047 0.9532 -0.2223
vn 0.2010 0.8927 -0.4034
vn 0.2068 0.8149 -0.5415
vn 0.2138 0.7529 -0.6224
vn 0.2394 0.6012 -0.7624
vn 0.8472 -0.0006 0.5313
vn 0.5058 0.0068 0.8626
vn 0.4931 0.1986 0.8470
vn 0.8640 0.1308 0.4862
vn 0.5060 0.4791 0.7172
vn 0.9057 0.3435 0.2485
vn 0.4297 0.7315 0.5294
vn 0.5059 0.8311 0.2310
vn 0.8639 0.5029 -0.0276
vn 0.4929 0.8668 -0.0759
vn 0.2165 0.3675 0.9045
vn 0.2206 0.6318 0.7431
vn 0.2212 0.7900 0.5718
vn 0.2205 0.9033 0.3680
vn 0.2163 0.9741 0.0666
vn 0.2450 -0.3165 0.9164
vn 0.4511 -0.4358 0.7788
vn 0.1864 -0.6900 0.6994
vn 0.4776 -0.6346 0.6077
vn 0.1785 -0.7950 0.5798
vn 0.9335 -0.1399 0.3303
vn 0.6093 0.0834 0.7885
vn 0.2675 0.1265 0.9552
vn 0.5526 0.6277 0.5483
vn 0.2398 0.6036 0.7604
vn 0.4881 0.7750 0.4015
vn 0.2142 0.7551 0.6197
vn 0.9505 0.1250 0.2844
vn 0.9540 0.1093 0.2791
vn 0.8287 0.5483 -0.1123
vn 0.7473 0.6554 -0.1095
vn 0.8687 0.4932 0.0455
vn 0.5070 0.7458 0.4320
vn 0.8945 0.4198 0.1537
vn 0.5064 0.7767 0.3746
vn 0.9178 0.3381 -0.2082
vn 0.8111 0.4840 -0.3284
vn 0.9424 0.3315 -0.0450
vn 0.9584 0.2742 0.0789
vn 0.9602 0.2425 0.1387
vn 0.8777 0.4395 0.1911
vn 0.5057 0.8228 0.2594
vn 0.8472 0.5052 0.1643
vn 0.4931 0.8670 0.0722
vn 0.8640 0.5029 0.0254
vn 0.5057 0.8302 -0.2346
vn 0.9055 0.3428 -0.2500
vn 0.4293 0.7297 -0.5322
vn 0.5055 0.4771 -0.7189
vn 0.2202 0.6294 -0.7452
vn 0.9331 0.3190 0.1660
vn 0.9576 0.2876 0.0155
vn 0.9811 0.1565 -0.1141
vn 0.9576 0.0732 -0.2786
vn 0.8638 0.1296 -0.4868
vn 0.4928 0.1963 -0.8477
vn 0.8776 -0.0475 -0.4769
vn 0.9602 -0.0578 -0.2734
vn 0.9330 -0.0604 -0.3547
vn 0.8472 -0.0018 -0.5313
vn 0.5057 0.0048 -0.8627
vn 0.5064 -0.1191 -0.8540
vn 0.8945 -0.0179 -0.4468
vn 0.5070 -0.1829 -0.8423
vn 0.8686 0.1076 -0.4837
vn 0.4880 -0.1451 -0.8607
vn 0.7472 0.3047 -0.5906
vn 0.5525 -0.3300 -0.7654
vn 0.9505 -0.2326 -0.2060
vn 0.9808 -0.1839 -0.0655
vn 0.9178 0.3016 -0.2582
vn 0.8286 0.2746 -0.4878
vn 0.8111 0.4606 -0.3605
vn 0.9424 0.1442 -0.3019
vn 0.9584 0.0088 -0.2853
vn 0.6093 -0.7252 -0.3208
vn 0.9163 -0.3989 0.0343
vn 0.9973 -0.0624 -0.0394
vn 0.9959 -0.0331 -0.0840
vn 0.9953 0.0281 -0.0929
vn 0.9976 -0.0419 -0.0560
vn 0.9971 -0.0736 -0.0205
vn 0.9964 -0.0781 0.0328
vn 0.9963 -0.0767 0.0382
vn 0.9135 -0.3536 0.2012
vn 0.9967 -0.0652 0.0476
vn 0.9154 -0.3251 0.2372
vn 0.4512 -0.8748 0.1767
vn 0.4775 -0.7725 0.4186
vn 0.5709 -0.6633 0.4838
vn 0.9135 -0.2996 0.2753
vn 0.9963 -0.0599 0.0614
vn 0.2141 -0.3588 -0.9085
vn 0.2397 -0.5391 -0.8074
vn 0.2674 -0.8707 -0.4127
vn 0.2451 -0.9693 0.0212
vn 0.1864 -0.8768 0.4433
vn 0.9964 -0.0552 0.0644
vn 0.9964 -0.0500 0.0681
vn 0.9948 -0.0171 0.1000
vn 0.9717 0.1877 0.1431
vn 0.9974 0.0358 -0.0618
vn 0.9972 0.0273 -0.0702
vn 0.9976 0.0324 -0.0605
vn 0.9996 0.0275 0.0085
vn 0.9995 0.0115 0.0307
vn 0.9827 0.1774 0.0535
vn 0.8778 0.4790 0.0105
vn 0.8477 0.4050 0.3427
vn 0.9973 -0.0568 0.0472
vn 0.9964 0.0070 0.0845
vn 0.9971 -0.0422 0.0637
vn 0.9976 -0.0662 0.0224
vn 0.9996 -0.0271 -0.0092
vn 0.9995 -0.0272 0.0182
vn 0.9976 0.0093 -0.0680
vn 0.9975 0.0073 -0.0710
vn 0.9972 0.0191 -0.0729
vn 0.9970 0.0239 -0.0738
vn 0.9691 -0.2450 -0.0295
vn 0.9149 -0.3455 0.2085
vn 0.9163 -0.0908 0.3900
vn 0.9959 -0.0901 0.0056
vn 0.9953 -0.0795 -0.0554
vn 0.6092 -0.5293 0.5905
vn 0.4511 -0.1028 0.8865
vn 0.4777 0.1588 0.8641
vn 0.9135 0.0819 0.3984
vn 0.5712 0.2548 0.7803
vn 0.1785 0.3052 0.9354
vn 0.4776 0.3815 0.7914
vn 0.1864 0.4517 0.8725
vn 0.4512 0.6062 0.6549
vn 0.2450 0.7740 0.5838
vn 0.9163 0.3036 0.2611
vn 0.9135 0.1692 0.3700
vn 0.9155 0.1249 0.3824
vn 0.9967 0.0251 0.0768
vn 0.9963 0.0127 0.0849
vn 0.9963 0.0399 0.0759
vn 0.9964 0.0443 0.0722
vn 0.9973 0.0737 0.0044
vn 0.9971 0.0718 0.0263
vn 0.9975 0.0668 -0.0209
vn 0.9953 0.0315 -0.0918
vn 0.9959 0.0759 -0.0490
vn 0.9807 0.1877 0.0544
vn 0.9505 0.3093 -0.0312
vn 0.6091 0.7760 0.1637
vn 0.8287 0.0632 -0.5561
vn 0.5522 0.7156 -0.4278
vn 0.7473 0.0992 -0.6571
vn 0.2068 0.7645 -0.6105
vn 0.5061 0.5966 -0.6229
vn 0.5067 0.6417 -0.5758
vn 0.2138 0.8227 -0.5268
vn 0.4878 0.6215 -0.6130
vn 0.2394 0.9097 -0.3394
vn 0.2672 0.9478 0.1741
vn 0.8686 0.1963 -0.4551
vn 0.8943 0.2764 -0.3519
vn 0.8775 0.3180 -0.3591
vn 0.5055 0.5014 -0.7022
vn 0.8470 0.3128 -0.4298
vn 0.4928 0.3373 -0.8021
vn 0.8638 0.1802 -0.4706
vn 0.9179 -0.0932 -0.3857
vn 0.8113 -0.1622 -0.5617
vn 0.9424 0.0600 -0.3291
vn 0.9584 0.1601 -0.2365
vn 0.9601 0.2071 -0.1879
vn 0.9329 0.2568 -0.2524
vn 0.9576 0.1039 -0.2687
vn 0.9057 -0.1314 -0.4031
vn 0.9811 -0.0600 -0.1842
vn 0.9577 -0.2423 -0.1555
vn 0.8641 -0.4227 -0.2733
vn 0.9331 -0.3559 -0.0518
vn 0.8473 -0.5059 -0.1619
vn 0.5058 0.0342 -0.8620
vn 0.4296 -0.2801 -0.8585
vn 0.5060 -0.5361 -0.6757
vn 0.4932 -0.7456 -0.4482
vn 0.5059 -0.8191 -0.2705
vn 0.8776 -0.4684 -0.1018
vn 0.5065 -0.8491 -0.1500
vn 0.2072 -0.9775 -0.0407
vn 0.2142 -0.9749 0.0613
vn 0.5072 -0.8576 -0.0853
vn 0.2014 -0.9592 -0.1982
vn 0.2050 -0.9018 -0.3805
vn 0.2165 -0.7486 -0.6267
vn 0.2205 -0.5140 -0.8290
vn 0.2211 -0.3026 -0.9271
vn 0.2204 -0.0740 -0.9726
vn 0.2162 0.2344 -0.9478
vn 0.2046 0.5030 -0.8397
vn 0.2010 0.6569 -0.7267
vn 0.2071 0.8169 0.5384
vn 0.2012 0.8942 0.3999
vn 0.2048 0.9541 0.2183
vn 0.2162 0.9738 -0.0708
vn 0.2202 0.9019 -0.3717
vn 0.2208 0.7880 -0.5747
vn 0.2161 0.3651 -0.9055
vn 0.2048 0.0840 -0.9752
vn 0.2011 -0.1070 -0.9737
vn 0.2070 -0.2625 -0.9425
vn 0.9967 0.0808 -0.0002
vn 0.9154 0.4025 -0.0009
vn 0.9134 0.4044 -0.0468
vn 0.9963 0.0846 -0.0146
vn 0.9162 0.3423 -0.2082
vn 0.9964 0.0826 -0.0198
vn 0.9973 0.0271 -0.0688
vn 0.9971 0.0475 -0.0601
vn 0.5525 -0.1853 -0.8127
vn 0.7476 -0.5942 -0.2968
vn 0.8289 -0.5092 -0.2316
vn 0.6089 0.3959 -0.6874
vn 0.9504 0.0661 -0.3039
vn 0.9807 0.1099 -0.1617
vn 0.9959 -0.0225 -0.0875
vn 0.9953 -0.0773 -0.0584
vn 0.9975 0.0009 -0.0700
vn 0.9179 -0.3956 -0.0302
vn 0.8113 -0.5843 -0.0186
vn 0.8688 -0.3719 -0.3269
vn 0.9424 -0.2944 -0.1585
vn 0.8945 -0.2490 -0.3713
vn 0.9584 -0.1753 -0.2253
vn 0.9602 -0.1145 -0.2549
vn 0.8777 -0.2429 -0.4131
vn 0.4932 -0.6586 -0.5683
vn 0.8641 -0.3916 -0.3163
vn 0.8473 -0.3119 -0.4300
vn 0.5059 -0.5127 -0.6937
vn 0.5065 -0.4077 -0.7598
vn 0.5071 -0.3489 -0.7881
vn 0.4882 -0.3905 -0.7805
vn 0.2395 -0.0410 -0.9700
vn 0.2141 -0.2461 -0.9453
vn 0.2070 -0.3439 -0.9159
vn 0.2013 -0.4879 -0.8494
vn 0.2050 -0.6432 -0.7377
vn 0.2165 -0.8292 -0.5153
vn 0.5709 0.8210 -0.0018
vn 0.9135 0.4044 0.0450
vn 0.4774 0.8711 0.1152
vn 0.1782 0.9840 -0.0021
vn 0.4774 0.8706 -0.1189
vn 0.1861 0.9693 -0.1607
vn 0.4509 0.8102 -0.3745
vn 0.2447 0.7945 -0.5558
vn 0.2670 0.4590 -0.8473
vn 0.9163 0.3430 0.2067
vn 0.6092 0.3981 0.6859
vn 0.4512 0.8115 0.3713
vn 0.9963 0.0846 0.0141
vn 0.9964 0.0826 0.0194
vn 0.9973 0.0274 0.0685
vn 0.9971 0.0476 0.0598
vn 0.9505 0.0670 0.3035
vn 0.9808 0.1102 0.1611
vn 0.9959 -0.0225 0.0874
vn 0.9953 -0.0771 0.0586
vn 0.9975 0.0011 0.0700
vn 0.9996 -0.0171 0.0230
vn 0.9995 0.0089 0.0315
vn 0.9976 -0.0617 -0.0297
vn 0.9975 -0.0652 -0.0288
vn 0.9972 -0.0634 -0.0405
vn 0.9970 -0.0627 -0.0454
vn 0.9972 -0.0583 -0.0476
vn 0.9977 -0.0475 -0.0494
vn 0.9975 -0.0476 -0.0530
vn 0.9996 0.0166 -0.0235
vn 0.9995 0.0328 -0.0014
vn 0.5527 -0.8298 0.0776
vn 0.8277 -0.4726 -0.3025
vn 0.7476 -0.4674 -0.4718
vn 0.4883 -0.8633 -0.1273
vn 0.8945 -0.4306 -0.1206
vn 0.8688 -0.4266 -0.2514
vn 0.8370 -0.2952 -0.4607
vn 0.9602 -0.2778 -0.0292
vn 0.9584 -0.2686 -0.0962
vn 0.9425 -0.2425 -0.2302
vn 0.1864 0.1499 0.9710
vn 0.2449 -0.2801 0.9282
vn 0.2673 -0.6618 0.7004
vn 0.2397 -0.9343 0.2638
vn 0.9967 0.0250 -0.0770
vn 0.9154 0.1239 -0.3830
vn 0.9135 0.0808 -0.3988
vn 0.9963 0.0125 -0.0850
vn 0.9163 -0.0918 -0.3897
vn 0.9964 0.0068 -0.0846
vn 0.9973 -0.0569 -0.0471
vn 0.9971 -0.0424 -0.0636
vn 0.4511 -0.1051 -0.8863
vn 0.6093 -0.5310 -0.5888
vn 0.4774 0.1567 -0.8646
vn 0.5709 0.2527 -0.7812
vn 0.9134 0.1681 -0.3707
vn 0.9963 0.0398 -0.0762
vn 0.2674 -0.6641 -0.6982
vn 0.2398 -0.9354 -0.2600
vn 0.5525 -0.8302 -0.0745
vn 0.2450 -0.2823 -0.9275
vn 0.1861 0.1476 -0.9714
vn 0.1782 0.3029 -0.9362
vn 0.4773 0.3794 -0.7926
vn 0.9162 0.3028 -0.2624
vn 0.6091 0.7753 -0.1670
vn 0.4509 0.6042 -0.6570
vn 0.9964 0.0442 -0.0725
vn 0.9973 0.0737 -0.0050
vn 0.9971 0.0717 -0.0267
vn 0.9995 0.0328 0.0013
vn 0.9976 -0.0473 0.0496
vn 0.9996 0.0166 0.0234
vn 0.9975 0.0669 0.0206
vn 0.9953 0.0316 0.0916
vn 0.9959 0.0761 0.0485
vn 0.9807 0.1876 -0.0553
vn 0.9505 0.3094 0.0299
vn 0.9996 -0.0170 -0.0231
vn 0.9995 0.0089 -0.0316
vn 0.9977 -0.0616 0.0299
vn 0.9975 -0.0651 0.0290
vn 0.9972 -0.0632 0.0408
vn 0.9970 -0.0626 0.0456
vn 0.9972 -0.0581 0.0478
vn 0.9975 -0.0475 0.0532
vn 0.9329 0.3187 -0.1674
vn 0.9576 0.2876 -0.0168
vn 0.9811 0.1569 0.1135
vn 0.9576 0.0739 0.2784
vn 0.9330 -0.0595 0.3548
vn 0.8777 -0.0463 0.4770
vn 0.9602 -0.0572 0.2735
vn 0.8945 -0.0168 0.4468
vn 0.9584 0.0094 0.2853
vn 0.9424 0.1449 0.3013
vn 0.8687 0.1087 0.4832
vn 0.8114 0.4616 0.3587
vn 0.5071 -0.1808 0.8427
vn 0.5065 -0.1169 0.8543
vn 0.2142 -0.3564 0.9095
vn 0.2071 -0.2601 0.9431
vn 0.2013 -0.1047 0.9739
vn 0.2050 0.0863 0.9750
vn 0.4296 -0.2780 0.8592
vn 0.2205 -0.5116 0.8304
vn 0.2212 -0.3002 0.9279
vn 0.2206 -0.0716 0.9727
vn 0.5060 0.0364 0.8618
vn 0.2165 0.2368 0.9471
vn 0.4931 0.3394 0.8010
vn 0.2050 0.5054 0.8382
vn 0.5058 0.5034 0.7005
vn 0.2013 0.6592 0.7245
vn 0.5065 0.5985 0.6207
vn 0.2071 0.7667 0.6077
vn 0.8777 0.3188 0.3577
vn 0.8472 0.3139 0.4286
vn 0.8640 0.1811 0.4697
vn 0.9056 -0.1306 0.4035
vn 0.5058 -0.5342 0.6774
vn 0.2164 -0.7464 0.6293
vn 0.4906 -0.7455 0.4511
vn 0.8639 -0.4220 0.2750
vn 0.9576 -0.2419 0.1564
vn 0.9811 -0.0595 0.1842
vn 0.9576 0.1046 0.2684
vn 0.9331 0.2574 0.2511
vn 0.9602 0.2075 0.1869
vn 0.9330 -0.3559 0.0534
vn 0.9602 -0.2778 0.0304
vn 0.8777 -0.4679 0.1037
vn 0.8472 -0.5053 0.1640
vn 0.7474 -0.4661 0.4735
vn 0.4881 -0.8629 0.1308
vn 0.8686 -0.4261 0.2530
vn 0.5070 -0.8573 0.0890
vn 0.8944 -0.4302 0.1224
vn 0.5065 -0.8484 0.1536
vn 0.5059 -0.8180 0.2737
vn 0.2050 -0.9002 0.3841
vn 0.2013 -0.9584 0.2022
vn 0.2072 -0.9773 0.0449
vn 0.2142 -0.9751 -0.0571
vn 0.9976 -0.0662 -0.0223
vn 0.9953 -0.0794 0.0555
vn 0.9959 -0.0900 -0.0053
vn 0.9808 -0.1196 -0.1543
vn 0.9505 -0.2684 -0.1566
vn 0.8287 -0.3778 0.4129
vn 0.9178 -0.1512 0.3670
vn 0.8112 -0.1987 0.5499
vn 0.9424 -0.2417 0.2311
vn 0.9584 -0.2683 0.0973
vn 0.9331 -0.1603 -0.3220
vn 0.9577 -0.2233 -0.1818
vn 0.8776 -0.2417 0.4140
vn 0.9602 -0.1138 0.2552
vn 0.9330 -0.1595 0.3225
vn 0.8471 -0.3106 0.4311
vn 0.8639 -0.3908 0.3178
vn 0.9576 -0.2229 0.1825
vn 0.9056 -0.4240 0.0009
vn 0.9811 -0.1935 0.0004
vn 0.5060 -0.8093 -0.2983
vn 0.2206 -0.9480 -0.2294
vn 0.4297 -0.9030 0.0019
vn 0.5058 -0.8082 0.3015
vn 0.4930 -0.6568 0.5706
vn 0.5058 -0.5106 0.6953
vn 0.2212 -0.9752 0.0021
vn 0.2206 -0.9471 0.2333
vn 0.2164 -0.8273 0.5184
vn 0.2049 -0.6408 0.7398
vn 0.2013 -0.4855 0.8508
vn 0.5063 -0.4056 0.7610
vn 0.2071 -0.3415 0.9168
vn 0.8944 -0.2479 0.3722
vn 0.5070 -0.3469 0.7891
vn 0.8686 -0.3712 0.3283
vn 0.4880 -0.3885 0.7816
vn 0.7474 -0.5932 0.2991
vn 0.5525 -0.1829 0.8132
vn 0.8287 -0.5085 0.2336
vn 0.9179 -0.3955 0.0319
vn 0.8113 -0.5842 0.0212
vn 0.9424 -0.2939 0.1596
vn 0.9584 -0.1746 0.2257
vn 0.5072 0.6434 0.5734
vn 0.2141 0.8246 0.5237
vn 0.4883 0.6234 0.6106
vn 0.2396 0.9109 0.3358
vn 0.5526 0.7170 0.4249
vn 0.2678 0.9457 -0.1841
vn 0.2447 0.7720 -0.5867
vn 0.1861 0.4493 -0.8738
vn 0.8288 0.0647 0.5557
vn 0.7475 0.1006 0.6566
vn 0.8688 0.1972 0.4542
vn 0.8945 0.2772 0.3507
vn 0.9584 0.1607 0.2358
vn 0.9424 0.0608 0.3288
vn 0.8113 -0.1608 0.5621
vn 0.9179 -0.0923 0.3859
vn 0.9996 0.0004 -0.0287
vn 0.9995 -0.0257 -0.0203
vn 0.9979 0.0639 -0.0139
vn 0.9973 0.0729 -0.0123
vn 0.9972 0.0754 -0.0002
vn 0.9970 0.0774 -0.0040
vn 0.9970 0.0774 0.0035
vn 0.9973 0.0730 0.0119
vn 0.9975 0.0359 0.0616
vn 0.9972 0.0275 0.0700
vn 0.9970 0.0241 0.0736
vn 0.9972 0.0192 0.0727
vn 0.9977 0.0094 0.0678
vn 0.9975 0.0075 0.0709
vn 0.9996 -0.0271 0.0093
vn 0.9995 -0.0273 -0.0182
vn 0.2142 -0.2438 0.9459
vn 0.2397 -0.0385 0.9701
vn 0.2674 0.4614 0.8459
vn 0.2451 0.7964 0.5529
vn 0.1862 0.9700 0.1566
vn 0.7603 0.2881 0.5822
vn 0.4672 0.7482 0.4710
vn 0.5480 0.5785 0.6042
vn 0.6006 0.0502 0.7980
vn 0.9176 -0.0205 0.3970
vn 0.9650 -0.1004 0.2424
vn 0.8864 0.1213 -0.4466
vn 0.8637 0.3810 -0.3300
vn 0.5748 0.8163 0.0571
vn 0.3097 0.9371 0.1612
vn 0.5000 0.8612 -0.0913
vn 0.6608 0.7094 -0.2452
vn 0.5390 0.8398 0.0653
vn 0.6954 0.6757 0.2445
vn 0.8186 0.4088 -0.4035
vn 0.8718 0.2114 -0.4418
vn 0.8388 0.3661 0.4031
vn 0.8639 0.3818 0.3285
vn 0.9175 -0.0214 -0.3971
vn 0.5583 -0.1380 -0.8181
vn 0.7568 0.2940 -0.5838
vn 0.8866 0.1226 0.4461
vn 0.8790 0.1802 0.4414
vn 0.8711 0.0562 -0.4878
vn 0.8457 -0.0037 -0.5337
vn 0.6543 -0.1125 -0.7478
vn 0.9650 -0.1011 -0.2421
vn 0.9600 -0.1884 -0.2069
vn 0.8457 -0.0024 0.5337
vn 0.8726 0.0282 0.4875
vn 0.5338 -0.1482 0.8325
vn 0.5583 -0.1361 0.8184
vn 0.6543 -0.1106 0.7481
vn 0.9600 -0.1879 0.2076
vn 0.7663 -0.1303 -0.6291
vn 0.8544 -0.0911 -0.5115
vn 0.9482 -0.3146 -0.0444
vn 0.7119 -0.0098 0.7022
vn 0.3510 0.0415 0.9354
vn 0.3166 -0.1148 0.9416
vn 0.2621 -0.2813 0.9232
vn 0.3012 -0.4052 0.8632
vn 0.1613 -0.1599 0.9739
vn 0.1522 -0.3047 0.9402
vn 0.0850 -0.4451 0.8914
vn 0.1349 -0.5676 0.8122
vn 0.1923 -0.6051 0.7726
vn 0.4366 -0.3218 0.8401
vn 0.9250 -0.2782 0.2589
vn 0.9337 -0.2795 0.2239
vn 0.8485 -0.0618 0.5256
vn 0.4108 0.2386 0.8800
vn 0.1755 0.2610 0.9493
vn 0.1670 0.0236 0.9857
vn 0.2052 0.5497 0.8098
vn 0.4990 0.4795 0.7218
vn 0.2332 0.7877 0.5702
vn 0.4988 0.8356 0.2301
vn 0.6561 0.6114 0.4425
vn 0.9451 0.0747 0.3180
vn 0.9587 -0.2291 0.1683
vn 0.9397 -0.2717 0.2075
vn 0.9758 -0.1904 0.1074
vn 0.9911 -0.1076 -0.0781
vn 0.9741 0.1833 0.1325
vn 0.9451 0.3256 -0.0284
vn 0.8483 0.4803 -0.2229
vn 0.4105 0.9106 -0.0482
vn 0.7117 0.6643 -0.2285
vn 0.3507 0.9018 -0.2525
vn 0.6541 0.6763 -0.3389
vn 0.9602 0.0904 -0.2641
vn 0.1519 0.7983 -0.5828
vn 0.0846 0.7081 -0.7010
vn 0.2618 0.7894 -0.5552
vn 0.1609 0.8754 -0.4558
vn 0.3163 0.8588 -0.4030
vn 0.1667 0.9439 -0.2852
vn 0.1752 0.9833 -0.0485
vn 0.2050 0.9410 0.2692
vn 0.5580 0.7352 -0.3848
vn 0.5335 0.7449 -0.4007
vn 0.7571 0.6459 0.0987
vn 0.5751 0.3091 0.7575
vn 0.5391 0.1967 0.8189
vn 0.6954 -0.0242 0.7182
vn 0.8638 -0.1947 0.4647
vn 0.4673 0.6812 0.5636
vn 0.5479 0.7547 0.3608
vn 0.6004 0.7739 -0.2014
vn 0.3009 0.6938 -0.6543
vn 0.3099 0.4458 0.8398
vn 0.4365 0.6980 -0.5677
vn 0.1920 0.5453 -0.8160
vn 0.1345 0.5947 -0.7926
vn 0.7569 0.6456 -0.1014
vn 0.4668 0.6794 -0.5661
vn 0.5476 0.7535 -0.3638
vn 0.6006 0.7746 0.1981
vn 0.5747 0.3071 -0.7585
vn 0.4999 0.1801 -0.8471
vn 0.3095 0.4435 -0.8411
vn 0.8638 -0.1959 -0.4641
vn 0.9176 0.3714 0.1419
vn 0.8866 -0.3871 -0.2531
vn 0.9650 0.1996 0.1702
vn 0.8458 -0.5087 -0.1609
vn 0.8721 -0.3547 -0.3373
vn 0.8713 -0.4465 -0.2038
vn 0.6545 0.6774 0.3359
vn 0.9600 0.1394 0.2427
vn 0.7664 -0.6386 -0.0698
vn 0.8545 -0.5146 -0.0710
vn 0.8726 0.4726 0.1234
vn 0.8511 0.4493 0.2716
vn 0.7663 0.5590 0.3166
vn 0.7617 0.5134 0.3953
vn 0.9482 -0.0540 0.3131
vn 0.9482 -0.1395 0.2855
vn 0.9937 0.0961 0.0572
vn 0.9968 -0.0281 -0.0752
vn 0.7616 -0.6477 0.0206
vn 0.9274 -0.3705 0.0519
vn 0.9012 0.3384 0.2707
vn 0.9774 -0.1626 -0.1353
vn 0.9939 0.0341 -0.1052
vn 0.9773 0.2112 -0.0147
vn 0.9968 0.0669 -0.0445
vn 0.9937 -0.1113 -0.0097
vn 0.9995 -0.0100 -0.0311
vn 0.9570 -0.0899 -0.2757
vn 0.9741 -0.0775 -0.2126
vn 0.9758 0.2172 0.0249
vn 0.9937 0.0842 -0.0737
vn 0.9397 -0.2806 0.1953
vn 0.9587 -0.2303 0.1667
vn 0.9250 -0.3314 0.1858
vn 0.9337 -0.2985 0.1977
vn 0.9758 -0.1604 0.1485
vn 0.9741 -0.0627 -0.2174
vn 0.8788 0.4759 -0.0354
vn 0.8457 0.5069 0.1668
vn 0.9600 -0.2551 0.1155
vn 0.8485 -0.5192 -0.1019
vn 0.9452 -0.2798 -0.1683
vn 0.9911 0.0413 0.1263
vn 0.9741 -0.0701 -0.2149
vn 0.9587 0.2843 -0.0017
vn 0.9451 0.1266 -0.3013
vn 0.6560 -0.2341 -0.7175
vn 0.4991 -0.5403 -0.6775
vn 0.4108 -0.7647 -0.4965
vn 0.7120 -0.6714 -0.2055
vn 0.3511 -0.8778 -0.3258
vn 0.6544 -0.7460 -0.1234
vn 0.2331 -0.3017 -0.9245
vn 0.4988 0.0367 -0.8659
vn 0.8484 0.3590 -0.3891
vn 0.9250 0.3772 -0.0461
vn 0.9397 0.3419 -0.0084
vn 0.9336 0.3578 -0.0171
vn 0.4104 0.3243 -0.8523
vn 0.2050 0.0316 -0.9783
vn 0.1753 0.3468 -0.9214
vn 0.9482 0.2283 0.2208
vn 0.9600 0.2741 -0.0576
vn 0.7116 0.4206 -0.5628
vn 0.3506 0.5160 -0.7815
vn 0.1666 0.5600 -0.8116
vn 0.9968 -0.0802 0.0036
vn 0.7616 -0.1809 0.6223
vn 0.9774 -0.1789 0.1129
vn 0.6540 0.5292 -0.5405
vn 0.3162 0.6462 -0.6946
vn 0.5579 0.5910 -0.5826
vn 0.2618 0.7699 -0.5820
vn 0.5335 0.6091 -0.5868
vn 0.3009 0.8350 -0.4607
vn 0.1609 0.7015 -0.6943
vn 0.1519 0.7989 -0.5820
vn 0.0846 0.8838 -0.4601
vn 0.1346 0.9364 -0.3240
vn 0.1920 0.9436 -0.2698
vn 0.4365 0.7538 -0.4912
vn 0.6003 0.4283 -0.6754
vn 0.7569 0.1036 -0.6453
vn 0.4672 -0.3281 -0.8211
vn 0.5478 -0.1125 -0.8290
vn 0.9175 0.2500 -0.3094
vn 0.9649 0.2237 -0.1373
vn 0.8456 -0.3107 0.4341
vn 0.7662 -0.2642 0.5858
vn 0.8712 -0.3319 0.3617
vn 0.9175 -0.2160 0.3339
vn 0.5582 -0.3690 0.7431
vn 0.7569 -0.5807 0.2997
vn 0.8638 -0.1157 -0.4904
vn 0.8864 0.1633 -0.4331
vn 0.8387 -0.0590 -0.5415
vn 0.8788 0.1138 -0.4633
vn 0.8720 -0.4304 0.2334
vn 0.8865 -0.3605 0.2901
vn 0.6543 -0.3483 0.6713
vn 0.9650 -0.0605 0.2552
vn 0.8725 0.2638 -0.4113
vn 0.8455 0.3157 -0.4306
vn 0.9600 0.0307 0.2782
vn 0.7119 -0.4033 0.5750
vn 0.3509 -0.5815 0.7340
vn 0.3166 -0.4583 0.8305
vn 0.2621 -0.3128 0.9130
vn 0.5336 -0.3676 0.7617
vn 0.1522 -0.3037 0.9405
vn 0.0850 -0.1613 0.9832
vn 0.1612 -0.4408 0.8830
vn 0.1669 -0.5963 0.7852
vn 0.1755 -0.7672 0.6169
vn 0.4106 -0.7086 0.5739
vn 0.8485 -0.2577 0.4623
vn 0.2052 -0.9195 0.3353
vn 0.4989 -0.8113 0.3049
vn 0.9451 -0.2466 0.2142
vn 0.9588 0.0872 0.2703
vn 0.9911 0.1330 -0.0003
vn 0.9741 -0.2261 0.0004
vn 0.9452 -0.2473 -0.2133
vn 0.6560 -0.7548 0.0016
vn 0.4991 -0.8124 -0.3017
vn 0.2333 -0.9724 0.0021
vn 0.8486 -0.2589 -0.4614
vn 0.4108 -0.7104 -0.5714
vn 0.2053 -0.9208 -0.3316
vn 0.1755 -0.7694 -0.6142
vn 0.3510 -0.5837 -0.7322
vn 0.1669 -0.5988 -0.7833
vn 0.3166 -0.4607 -0.8291
vn 0.1612 -0.4432 -0.8818
vn 0.2620 -0.3151 -0.9122
vn 0.1521 -0.3061 -0.9398
vn 0.9250 0.0730 -0.3729
vn 0.9600 0.0302 -0.2784
vn 0.7120 -0.4050 -0.5736
vn 0.6544 -0.3501 -0.6702
vn 0.5584 -0.3710 -0.7420
vn 0.5339 -0.3695 -0.7606
vn 0.3011 -0.1794 -0.9366
vn 0.0848 -0.1637 -0.9829
vn 0.1346 -0.0179 -0.9907
vn 0.1921 0.0358 -0.9807
vn 0.4365 -0.2333 -0.8689
vn 0.6006 -0.5097 -0.6160
vn 0.7571 -0.5816 -0.2974
vn 0.9176 -0.2168 -0.3332
vn 0.4672 -0.8822 0.0590
vn 0.5479 -0.8233 -0.1484
vn 0.8638 -0.1143 0.4907
vn 0.5749 -0.6940 0.4334
vn 0.3098 -0.8529 0.4203
vn 0.5001 -0.6433 0.5797
vn 0.6609 -0.4300 0.6151
vn 0.5390 -0.7179 0.4406
vn 0.6953 -0.6905 0.1994
vn 0.5748 -0.6248 0.5284
vn 0.3098 -0.6608 0.6837
vn 0.8188 -0.0937 0.5664
vn 0.8866 0.1643 0.4324
vn 0.8638 -0.5021 -0.0412
vn 0.7571 0.1052 0.6448
vn 0.8386 -0.5333 -0.1107
vn 0.8720 0.0887 0.4814
vn 0.8458 0.3167 0.4293
vn 0.9650 -0.0611 -0.2552
vn 0.8713 0.2414 0.4274
vn 0.8790 -0.4054 -0.2511
vn 0.8866 -0.3613 -0.2888
vn 0.9176 0.2509 0.3084
vn 0.5584 0.5928 0.5803
vn 0.5339 0.6109 0.5846
vn 0.2621 0.7719 0.5792
vn 0.6544 0.5308 0.5385
vn 0.9650 0.2241 0.1363
vn 0.9600 0.2741 0.0564
vn 0.8458 -0.3116 -0.4330
vn 0.8727 -0.3095 -0.3777
vn 0.7662 -0.2658 -0.5850
vn 0.9481 0.2277 -0.2219
vn 0.9250 0.3773 0.0444
vn 0.9337 0.3577 0.0155
vn 0.9937 0.0844 0.0731
vn 0.9741 -0.0769 0.2128
vn 0.9570 -0.0893 0.2760
vn 0.9995 -0.0100 0.0310
vn 0.9758 0.2171 -0.0259
vn 0.9398 0.3418 0.0068
vn 0.9587 0.2843 0.0004
vn 0.8486 0.3601 0.3876
vn 0.7121 0.4221 0.5611
vn 0.9911 0.0409 -0.1266
vn 0.9741 -0.0695 0.2151
vn 0.9452 0.1273 0.3007
vn 0.3165 0.6484 0.6924
vn 0.3510 0.5183 0.7799
vn 0.4108 0.3264 0.8513
vn 0.4990 0.0387 0.8657
vn 0.6560 -0.2324 0.7181
vn 0.9452 -0.2792 0.1694
vn 0.9588 -0.2307 -0.1657
vn 0.1612 0.7038 0.6919
vn 0.1670 0.5624 0.8098
vn 0.1755 0.3492 0.9205
vn 0.2053 0.0339 0.9781
vn 0.2332 -0.2993 0.9252
vn 0.4989 -0.5382 0.6793
vn 0.2051 -0.6002 0.7731
vn 0.8486 -0.5188 0.1040
vn 0.4107 -0.7629 0.4993
vn 0.1755 -0.8218 0.5420
vn 0.9251 -0.3320 -0.1844
vn 0.9377 -0.2868 -0.1961
vn 0.9347 -0.2986 -0.1926
vn 0.9431 -0.2778 -0.1828
vn 0.9759 -0.1662 -0.1416
vn 0.9740 -0.0622 0.2177
vn 0.9937 -0.1113 0.0101
vn 0.9482 -0.0547 -0.3130
vn 0.9601 -0.2552 -0.1145
vn 0.7118 -0.6708 0.2083
vn 0.3511 -0.8765 0.3294
vn 0.9968 0.0670 0.0441
vn 0.7614 0.5122 -0.3974
vn 0.9773 0.2112 0.0137
vn 0.7617 -0.6477 -0.0179
vn 0.8511 -0.5231 0.0444
vn 0.9012 -0.4330 -0.0201
vn 0.9774 -0.1622 0.1358
vn 0.9968 -0.0279 0.0751
vn 0.9939 0.0342 0.1049
vn 0.9274 0.2692 -0.2597
vn 0.8544 0.4582 -0.2451
vn 0.7661 0.5579 -0.3191
vn 0.8455 0.5065 -0.1690
vn 0.8712 0.4811 -0.0978
vn 0.8726 -0.4549 0.1779
vn 0.7663 -0.6384 0.0725
vn 0.9482 -0.1404 -0.2850
vn 0.9937 0.0959 -0.0576
vn 0.8457 -0.5082 0.1630
vn 0.9600 0.1388 -0.2434
vn 0.9278 0.1540 -0.3397
vn 0.9346 0.1275 -0.3321
vn 0.9649 0.1991 -0.1711
vn 0.8865 -0.3863 0.2546
vn 0.8789 -0.3642 0.3081
vn 0.9175 0.3710 -0.1435
vn 0.8386 -0.2703 0.4730
vn 0.8720 0.4853 0.0640
vn 0.8865 0.4622 -0.0230
vn 0.9650 -0.2615 -0.0204
vn 0.6612 0.4520 0.5988
vn 0.5751 0.1974 0.7939
vn 0.8639 0.4314 0.2600
vn 0.8188 0.5098 0.2637
vn 0.9175 -0.3839 0.1035
vn 0.7569 -0.4628 0.4613
vn 0.4671 -0.2172 0.8571
vn 0.3099 0.1354 0.9411
vn 0.5003 0.3522 0.7910
vn 0.5478 -0.3960 0.7370
vn 0.6004 -0.7434 0.2948
vn 0.4366 -0.8985 -0.0458
vn 0.1924 -0.9219 -0.3363
vn 0.3012 -0.9462 -0.1180
vn 0.5338 -0.8375 0.1171
vn 0.5583 -0.8203 0.1242
vn 0.6543 -0.7456 0.1265
vn 0.3166 -0.9308 0.1826
vn 0.2622 -0.9648 0.0186
vn 0.1670 -0.9298 0.3279
vn 0.1613 -0.9755 0.1498
vn 0.1523 -0.9883 0.0016
vn 0.0850 -0.9855 -0.1471
vn 0.1349 -0.9480 -0.2883
vn 0.1753 0.9835 0.0443
vn 0.2049 0.9399 -0.2731
vn 0.4106 0.9107 0.0443
vn 0.4988 0.8346 -0.2336
vn 0.8486 0.4808 0.2208
vn 0.2328 0.7857 -0.5731
vn 0.4986 0.4776 -0.7234
vn 0.6558 0.6100 -0.4449
vn 0.9451 0.3255 0.0270
vn 0.9588 0.0892 0.2698
vn 0.9251 0.1600 0.3444
vn 0.9398 0.1133 0.3224
vn 0.9337 0.1264 0.3349
vn 0.9758 0.0433 0.2142
vn 0.9911 -0.1074 0.0782
vn 0.9741 0.1827 -0.1333
vn 0.9451 0.0740 -0.3183
vn 0.8485 -0.0632 -0.5254
vn 0.4104 0.2364 -0.8807
vn 0.7118 -0.0115 -0.7023
vn 0.3508 0.0393 -0.9356
vn 0.9588 -0.2295 -0.1674
vn 0.1521 -0.3071 -0.9395
vn 0.0848 -0.4475 -0.8903
vn 0.2620 -0.2836 -0.9225
vn 0.1611 -0.1622 -0.9735
vn 0.3165 -0.1171 -0.9413
vn 0.1667 0.0213 -0.9858
vn 0.1752 0.2586 -0.9500
vn 0.2048 0.5473 -0.8115
vn 0.5337 -0.1501 -0.8322
vn 0.5747 0.8161 -0.0605
vn 0.4668 0.7467 -0.4739
vn 0.5475 0.5768 -0.6063
vn 0.6003 0.0482 -0.7983
vn 0.3011 -0.4076 -0.8621
vn 0.3096 0.9364 -0.1652
vn 0.4367 -0.3239 -0.8393
vn 0.1923 -0.6075 -0.7707
vn 0.1348 -0.5700 -0.8105
vn 0.9481 0.2808 -0.1490
vn 0.9937 -0.0439 -0.1028
vn 0.9968 -0.0213 0.0774
vn 0.7617 0.5360 0.3641
vn 0.9774 0.0521 0.2051
vn 0.9995 -0.0326 0.0001
vn 0.9570 -0.2900 0.0006
vn 0.9741 -0.2261 0.0082
vn 0.9758 0.0911 -0.1989
vn 0.9336 0.0947 -0.3456
vn 0.9587 0.0865 -0.2709
vn 0.9397 0.0981 -0.3276
vn 0.7614 0.5349 -0.3664
vn 0.8509 0.3974 -0.3435
vn 0.9010 0.3625 -0.2383
vn 0.9773 0.0515 -0.2053
vn 0.9968 -0.0215 -0.0774
vn 0.9939 -0.0894 -0.0648
vn 0.9274 -0.0652 0.3682
vn 0.8545 -0.2267 0.4674
vn 0.7660 0.4743 -0.4339
vn 0.9482 0.2811 0.1478
vn 0.9937 -0.0437 0.1029
vn 0.9251 0.0741 0.3725
vn 0.9337 0.0956 0.3450
vn 0.9758 0.0916 0.1984
vn 0.9741 -0.2261 -0.0073
vn 0.9398 0.0988 0.3271
vn 0.8864 0.4624 0.0210
vn 0.9650 -0.2614 0.0215
vn 0.9176 -0.3842 -0.1019
vn 0.8637 0.4306 -0.2618
vn 0.8384 0.4969 -0.2240
vn 0.6951 0.4419 -0.5671
vn 0.8189 -0.2569 -0.5132
vn 0.6609 -0.0134 -0.7504
vn 0.5584 -0.8207 -0.1208
vn 0.7571 -0.4643 -0.4597
vn 0.5748 0.1954 -0.7947
vn 0.5388 0.3223 -0.7784
vn 0.5339 -0.8379 -0.1135
vn 0.6007 -0.7443 -0.2919
vn 0.5479 -0.3980 -0.7358
vn 0.4671 -0.2194 -0.8565
vn 0.3096 0.1332 -0.9415
vn 0.3167 -0.9316 -0.1786
vn 0.2622 -0.9649 -0.0145
vn 0.3395 -0.9381 0.0684
vn 0.4368 -0.8982 0.0495
vn 0.2035 -0.9542 0.2194
vn 0.1268 -0.9810 0.1470
vn 0.1522 -0.9883 0.0026
vn 0.1613 -0.9761 -0.1456
vn 0.1670 -0.9312 -0.3241
vn 0.1755 -0.8238 -0.5390
vn 0.2051 -0.6026 -0.7712
vn 0.4366 -0.2312 0.8695
vn 0.6004 -0.5079 0.6177
vn 0.3011 -0.1771 0.9370
vn 0.1924 0.0382 0.9806
vn 0.1349 -0.0155 0.9907
vn 0.5751 -0.6955 -0.4308
vn 0.5392 -0.6407 -0.5466
vn 0.6955 -0.4025 -0.5952
vn 0.4672 -0.8824 -0.0553
vn 0.5478 -0.8227 0.1519
vn 0.3100 -0.8545 -0.4169
vn 0.8638 -0.5020 0.0433
vn 0.5751 -0.6265 -0.5261
vn 0.3099 -0.6630 -0.6815
vn 0.5003 -0.7501 -0.4325
vn 0.6612 -0.7177 -0.2184
vn 0.8188 -0.5675 0.0863
vn 0.4368 0.7556 0.4882
vn 0.6007 0.4303 0.6738
vn 0.3012 0.8367 0.4574
vn 0.1922 0.9446 0.2659
vn 0.1347 0.9377 0.3202
vn 0.0848 0.8856 0.4566
vn 0.4671 -0.3259 0.8220
vn 0.5478 -0.1105 0.8293
vn 0.1522 0.8009 0.5791
vn 0.7662 -0.1288 0.6295
vn 0.9482 -0.3144 0.0457
vn 0.9251 -0.2787 -0.2578
vn 0.9337 -0.2800 -0.2229
vn 0.9937 -0.0250 -0.1090
vn 0.9740 0.1875 -0.1271
vn 0.9570 0.2345 -0.1710
vn 0.9995 0.0266 -0.0193
vn 0.9758 -0.1907 -0.1066
vn 0.9398 -0.2722 -0.2065
vn 0.8510 -0.1199 0.5113
vn 0.7615 -0.2177 0.6105
vn 0.9968 0.0630 0.0498
vn 0.9012 -0.1532 0.4055
vn 0.9774 0.0791 0.1960
vn 0.7617 -0.2192 -0.6098
vn 0.9968 0.0627 -0.0501
vn 0.9773 0.0786 -0.1966
vn 0.9275 -0.1633 -0.3362
vn 0.9939 0.1105 -0.0004
vn 0.9937 -0.0248 0.1090
vn 0.9995 0.0265 0.0192
vn 0.9570 0.2350 0.1701
vn 0.9741 0.1878 0.1262
vn 0.9741 0.1786 0.1388
vn 0.9758 0.0507 -0.2127
vn 0.9430 0.1165 -0.3118
vn 0.9382 0.1108 -0.3278
vn 0.9394 0.1270 -0.3183
vn 0.9939 -0.0892 0.0650
vn 0.9774 -0.1793 -0.1123
vn 0.9011 -0.1144 -0.4183
vn 0.9275 0.3301 0.1757
vn 0.8510 -0.2035 -0.4841
vn 0.8545 0.3745 0.3599
vn 0.7616 -0.1827 -0.6218
vn 0.9968 -0.0802 -0.0034
vn 0.7663 0.4755 0.4320
vn 0.7120 0.6650 0.2257
vn 0.3509 0.9028 0.2487
vn 0.3166 0.8603 0.3995
vn 0.5584 0.7366 0.3817
vn 0.2621 0.7914 0.5523
vn 0.5340 0.7462 0.3976
vn 0.3014 0.6959 0.6518
vn 0.1669 0.9450 0.2813
vn 0.1611 0.8771 0.4524
vn 0.1521 0.8004 0.5799
vn 0.0849 0.7105 0.6986
vn 0.1348 0.5971 0.7908
vn 0.1923 0.5477 0.8143
vn 0.4368 0.6998 0.5652
vn 0.9740 0.1783 -0.1396
vn 0.8950 0.0252 -0.4453
vn 0.8917 0.0903 -0.4435
vn 0.9999 0.0007 -0.0131
vn 0.4521 0.1817 -0.8733
vn 0.4616 0.0986 -0.8816
vn 0.4551 -0.0008 -0.8904
vn 0.9999 -0.0015 -0.0155
vn 0.8917 -0.0511 -0.4497
vn 0.4521 -0.0972 -0.8866
vn -0.0000 0.1045 -0.9945
vn -0.0000 -0.0001 -1.0000
vn -0.0000 -0.1046 -0.9945
vn -0.4616 -0.0028 -0.8871
vn -0.4616 0.0986 -0.8816
vn -0.4616 -0.0867 -0.8828
vn -0.8956 0.0233 -0.4442
vn -0.8956 -0.0696 -0.4394
vn -0.8956 0.1151 -0.4297
vn -0.4616 -0.1903 -0.8664
vn -0.4616 -0.2684 -0.8455
vn -0.8956 -0.1594 -0.4153
vn -0.4616 -0.3662 -0.8079
vn -0.4616 -0.4384 -0.7712
vn -0.8956 -0.2423 -0.3731
vn -0.4615 -0.5264 -0.7141
vn -0.4615 -0.5891 -0.6633
vn -0.8956 -0.3145 -0.3145
vn -0.4615 -0.6633 -0.5891
vn -0.4615 -0.7141 -0.5263
vn -0.8956 -0.3731 -0.2423
vn -0.4616 -0.7712 -0.4383
vn -0.4616 -0.8079 -0.3663
vn -0.8956 -0.4153 -0.1594
vn -0.4616 -0.8455 -0.2684
vn -0.4616 -0.8664 -0.1904
vn -0.8956 -0.4394 -0.0696
vn -0.4616 -0.8828 -0.0867
vn -0.4616 -0.8871 -0.0061
vn -0.8956 -0.4442 0.0233
vn -0.4616 -0.8816 0.0986
vn -0.4616 -0.8689 0.1785
vn -0.8956 -0.4297 0.1151
vn -0.4625 -0.8392 0.2860
vn -0.4616 -0.8129 0.3552
vn -0.8956 -0.3963 0.2019
vn -0.4616 -0.7652 0.4488
vn -0.4616 -0.7212 0.5165
vn -0.8956 -0.3457 0.2799
vn -0.4616 -0.6552 0.5980
vn -0.4616 -0.5980 0.6552
vn -0.8956 -0.2799 0.3457
vn -0.4616 -0.5165 0.7212
vn -0.4616 -0.4488 0.7652
vn -0.8956 -0.2019 0.3963
vn -0.4622 -0.3587 0.8110
vn -0.4616 -0.2799 0.8418
vn -0.8956 -0.1151 0.4297
vn -0.4616 -0.1785 0.8689
vn -0.4616 -0.0987 0.8816
vn -0.8956 -0.0233 0.4442
vn -0.4616 0.0060 0.8871
vn -0.4616 0.0867 0.8828
vn -0.8956 0.0696 0.4394
vn -0.4616 0.1903 0.8664
vn -0.4616 0.2684 0.8455
vn -0.8956 0.1594 0.4153
vn -0.4616 0.3664 0.8079
vn -0.4616 0.4384 0.7712
vn -0.8956 0.2423 0.3731
vn -0.4616 0.5263 0.7141
vn -0.4616 0.5891 0.6633
vn -0.8956 0.3145 0.3145
vn -0.4616 0.6633 0.5890
vn -0.4616 0.7141 0.5262
vn -0.8956 0.3731 0.2423
vn -0.4616 0.7712 0.4383
vn -0.4616 0.8079 0.3663
vn -0.8956 0.4153 0.1594
vn -0.4616 0.8455 0.2684
vn -0.4616 0.8664 0.1904
vn -0.8956 0.4394 0.0696
vn -0.4616 0.8828 0.0867
vn -0.4616 0.8871 0.0061
vn -0.8956 0.4442 -0.0233
vn -0.4616 0.8816 -0.0987
vn -0.4617 0.8689 -0.1785
vn -0.8956 0.4297 -0.1151
vn -0.4615 0.8418 -0.2799
vn -0.4617 0.8128 -0.3553
vn -0.8956 0.3963 -0.2019
vn -0.4615 0.7652 -0.4488
vn -0.4616 0.7212 -0.5165
vn -0.8956 0.3457 -0.2799
vn -0.4615 0.6552 -0.5981
vn -0.4616 0.5980 -0.6552
vn -0.8956 0.2799 -0.3457
vn -0.4616 0.5165 -0.7212
vn -0.4616 0.4487 -0.7652
vn -0.8956 0.2020 -0.3963
vn -0.4616 0.3553 -0.8128
vn -0.4616 0.2799 -0.8418
vn -0.0000 0.3090 -0.9511
vn -0.4616 0.1784 -0.8689
vn -0.0000 0.2079 -0.9781
vn 0.4551 0.2744 -0.8471
vn -0.0000 0.4066 -0.9136
vn -0.0000 0.5001 -0.8660
vn 0.4616 0.3662 -0.8080
vn 0.8950 0.1616 -0.4158
vn 0.4521 0.4425 -0.7744
vn 0.4551 0.5227 -0.7209
vn 0.8917 0.2229 -0.3939
vn -0.0000 0.5878 -0.8090
vn -0.0000 0.6692 -0.7431
vn 0.4616 0.5981 -0.6552
vn -0.0000 0.7432 -0.6691
vn -0.0000 0.8089 -0.5879
vn 0.4521 0.6602 -0.5998
vn 0.8917 0.3338 -0.3057
vn 0.8950 0.2822 -0.3454
vn 0.4551 0.7199 -0.5241
vn 0.8950 0.3752 -0.2412
vn 0.4616 0.7712 -0.4383
vn -0.0000 0.8660 -0.5000
vn -0.0000 0.9136 -0.4067
vn 0.4521 0.8133 -0.3663
vn -0.0000 0.9511 -0.3090
vn -0.0000 0.9782 -0.2079
vn 0.4560 0.8440 -0.2825
vn 0.8950 0.4314 -0.1135
vn 0.8917 0.4119 -0.1876
vn 0.4616 0.8689 -0.1785
vn 0.4521 0.8866 -0.0972
vn -0.0000 0.9945 -0.1045
vn 0.0001 1.0000 -0.0000
vn 0.4552 0.8904 -0.0008
vn -0.0000 0.9945 0.1045
vn -0.0000 0.9782 0.2079
vn 0.4616 0.8816 0.0987
vn 0.8969 0.4417 0.0231
vn 0.4521 0.8733 0.1816
vn 0.4551 0.8471 0.2744
vn 0.8917 0.4435 0.0904
vn -0.0000 0.9511 0.3090
vn -0.0000 0.9136 0.4067
vn 0.4616 0.8079 0.3663
vn -0.0000 0.8660 0.5000
vn -0.0001 0.8090 0.5878
vn 0.4522 0.7744 0.4425
vn 0.8950 0.4157 0.1617
vn 0.8916 0.3940 0.2231
vn 0.4551 0.7208 0.5227
vn 0.8949 0.3455 0.2823
vn 0.9999 0.0134 0.0078
vn 0.9999 0.0122 0.0047
vn 0.4616 0.6551 0.5981
vn 0.4521 0.5998 0.6602
vn 0.8917 0.3056 0.3338
vn 0.9999 0.0102 0.0082
vn 0.0001 0.7431 0.6692
vn -0.0000 0.6691 0.7432
vn -0.0001 0.5879 0.8089
vn -0.0000 0.4999 0.8661
vn 0.4551 0.5241 0.7199
vn 0.4615 0.4384 0.7712
vn 0.8950 0.2413 0.3752
vn 0.4521 0.3664 0.8132
vn 0.9999 0.0103 0.0116
vn 0.9999 0.0071 0.0110
vn 0.8917 0.1877 0.4119
vn 0.4551 0.2760 0.8466
vn -0.0000 0.3092 0.9510
vn -0.0000 0.4067 0.9135
vn -0.0000 0.2078 0.9782
vn -0.0000 0.1046 0.9945
vn 0.4616 0.1785 0.8689
vn 0.4521 0.0972 0.8866
vn 0.8950 0.1134 0.4313
vn -0.0000 -0.0000 1.0000
vn 0.4551 0.0008 0.8904
vn 0.8917 0.0511 0.4497
vn 0.9999 0.0016 0.0155
vn 0.9999 0.0035 0.0127
vn 0.8950 -0.0252 0.4453
vn 0.8917 -0.0902 0.4435
vn 0.9999 -0.0006 0.0131
vn 0.4521 -0.1815 0.8733
vn 0.4616 -0.0986 0.8816
vn -0.0000 -0.1045 0.9945
vn -0.0000 -0.2079 0.9782
vn -0.0000 -0.3091 0.9510
vn 0.4551 -0.2744 0.8471
vn -0.0000 -0.4066 0.9136
vn 0.4616 -0.3664 0.8079
vn 0.8950 -0.1615 0.4157
vn -0.0000 -0.5000 0.8660
vn 0.4522 -0.4424 0.7745
vn -0.0000 -0.5877 0.8091
vn 0.4550 -0.5227 0.7209
vn 0.0001 -0.6691 0.7432
vn -0.0001 -0.7432 0.6691
vn 0.4615 -0.5981 0.6552
vn 0.4521 -0.6602 0.5998
vn 0.8950 -0.2822 0.3454
vn 0.8917 -0.2230 0.3939
vn 0.9999 -0.0078 0.0135
vn 0.9999 -0.0082 0.0102
vn 0.8917 -0.3338 0.3057
vn 0.8950 -0.3753 0.2413
vn 0.9999 -0.0115 0.0104
vn 0.4551 -0.7199 0.5241
vn 0.4616 -0.7713 0.4383
vn -0.0000 -0.8660 0.5001
vn -0.0000 -0.8090 0.5878
vn -0.0000 -0.9136 0.4067
vn -0.0000 -0.9511 0.3090
vn 0.4521 -0.8133 0.3664
vn -0.0000 -0.9781 0.2079
vn 0.4551 -0.8466 0.2760
vn 0.8950 -0.4314 0.1135
vn 0.8917 -0.4118 0.1876
vn 0.4616 -0.8689 0.1785
vn 0.4521 -0.8867 0.0972
vn -0.0000 -0.9945 0.1045
vn 0.0001 -1.0000 -0.0000
vn 0.4551 -0.8904 0.0009
vn -0.0000 -0.9945 -0.1045
vn -0.0000 -0.9781 -0.2079
vn 0.4616 -0.8816 -0.0987
vn 0.8950 -0.4454 -0.0252
vn 0.4521 -0.8733 -0.1816
vn 0.4551 -0.8471 -0.2745
vn 0.8917 -0.4435 -0.0904
vn -0.0000 -0.9511 -0.3090
vn -0.0000 -0.9136 -0.4066
vn 0.4616 -0.8079 -0.3663
vn -0.0000 -0.8660 -0.5000
vn -0.0000 -0.8090 -0.5878
vn 0.4521 -0.7744 -0.4425
vn 0.8917 -0.3939 -0.2230
vn 0.8950 -0.4157 -0.1617
vn 0.4551 -0.7210 -0.5226
vn 0.8950 -0.3453 -0.2822
vn 0.4616 -0.6551 -0.5981
vn 0.0001 -0.7432 -0.6691
vn -0.0000 -0.6692 -0.7431
vn 0.4521 -0.5999 -0.6601
vn -0.0000 -0.5878 -0.8090
vn -0.0000 -0.5000 -0.8660
vn 0.4551 -0.5241 -0.7199
vn 0.8950 -0.2413 -0.3752
vn 0.8917 -0.3057 -0.3338
vn 0.4616 -0.4383 -0.7712
vn 0.4521 -0.3664 -0.8133
vn 0.0001 -0.4068 -0.9135
vn -0.0000 -0.3091 -0.9510
vn -0.0000 -0.2078 -0.9782
vn 0.4551 -0.2759 -0.8466
vn 0.4616 -0.1785 -0.8689
vn 0.8950 -0.1135 -0.4313
vn 0.9999 -0.0033 -0.0127
vn 0.9999 -0.0063 -0.0142
vn 0.8917 -0.1877 -0.4119
vn 0.9999 -0.0072 -0.0110
vn 0.9999 -0.0103 -0.0116
vn 0.9328 0.2402 0.2686
vn 0.9316 0.1988 0.3043
vn 0.9328 0.1454 0.3297
vn 0.9316 0.0951 0.3509
vn 0.9328 0.0364 0.3585
vn 0.9316 -0.0179 0.3629
vn 0.9328 -0.0761 0.3522
vn 0.9999 0.0034 -0.0152
vn 0.9999 0.0047 -0.0122
vn 0.9316 -0.1292 0.3397
vn 0.9999 0.0078 -0.0135
vn 0.9328 -0.1812 0.3116
vn 0.9999 0.0083 -0.0102
vn 0.9316 -0.2279 0.2832
vn 0.9328 -0.2686 0.2402
vn 0.9999 0.0115 -0.0104
vn 0.9999 0.0111 -0.0071
vn 0.9316 -0.3042 0.1988
vn 0.9999 0.0143 -0.0063
vn 0.9328 -0.3297 0.1454
vn 0.9999 0.0126 -0.0034
vn 0.9317 -0.3507 0.0951
vn 0.9328 -0.3585 0.0364
vn 0.9999 0.0155 -0.0016
vn 0.9999 0.0132 0.0007
vn 0.9316 -0.3630 -0.0179
vn 0.9999 0.0153 0.0032
vn 0.9328 -0.3522 -0.0761
vn 0.9316 -0.3397 -0.1292
vn 0.9328 -0.3115 -0.1812
vn 0.9316 -0.2831 -0.2279
vn 0.9328 -0.2402 -0.2686
vn 0.9316 -0.1988 -0.3042
vn 0.9328 -0.1454 -0.3297
vn 0.9999 0.0065 0.0142
vn 0.9316 -0.0951 -0.3508
vn 0.9328 -0.0364 -0.3585
vn 0.9316 0.0179 -0.3630
vn 0.9328 0.0761 -0.3522
vn 0.9999 -0.0031 0.0152
vn 0.9999 -0.0046 0.0122
vn 0.9316 0.1292 -0.3397
vn 0.9328 0.1812 -0.3115
vn 0.9316 0.2279 -0.2831
vn 0.9328 0.2686 -0.2402
vn 0.9999 -0.0111 0.0071
vn 0.9316 0.3042 -0.1988
vn 0.9328 0.3298 -0.1454
vn 0.9999 -0.0141 0.0063
vn 0.9999 -0.0128 0.0034
vn 0.9297 0.3564 -0.0933
vn 0.8917 -0.4497 0.0511
vn 0.9999 -0.0157 0.0016
vn 0.9999 -0.0130 -0.0007
vn 0.9328 0.3585 -0.0364
vn 0.9316 0.3630 0.0179
vn 0.9328 0.3522 0.0761
vn 0.9999 -0.0152 -0.0032
vn 0.9999 -0.0123 -0.0047
vn 0.9316 0.3397 0.1292
vn 0.9328 0.3115 0.1812
vn 0.9999 -0.0136 -0.0078
vn 0.9999 -0.0102 -0.0082
vn 0.9316 0.2831 0.2279
vn 0.8917 0.4498 -0.0510
vn 0.5078 -0.8547 -0.1079
vn 0.5075 -0.8616 -0.0000
vn 0.2140 -0.9768 -0.0000
vn 0.2149 -0.9689 -0.1224
vn 0.5074 -0.8346 -0.2143
vn 0.2171 -0.9455 -0.2428
vn 0.5078 -0.8010 -0.3171
vn 0.2124 -0.9086 -0.3597
vn 0.5073 -0.7552 -0.4152
vn 0.2181 -0.8552 -0.4702
vn 0.5072 -0.6972 -0.5065
vn 0.2156 -0.7899 -0.5741
vn 0.5071 -0.6283 -0.5900
vn 0.5072 -0.5494 -0.6640
vn 0.2168 -0.7117 -0.6682
vn 0.2148 -0.6226 -0.7525
vn 0.5074 -0.4617 -0.7276
vn 0.2164 -0.5230 -0.8244
vn 0.5068 -0.3670 -0.7800
vn 0.2165 -0.4154 -0.8835
vn 0.8030 -0.3194 -0.5032
vn 0.8015 -0.3810 -0.4608
vn 0.8031 -0.4344 -0.4078
vn 1.0000 -0.0000 -0.0000
vn 1.0000 -0.0001 -0.0000
vn 0.6933 0.5830 0.4236
vn 0.6932 0.5255 0.4933
vn 0.6932 0.4594 0.5553
vn 0.6932 0.3862 0.6085
vn 1.0000 0.0001 -0.0000
vn 0.8029 -0.2539 -0.5393
vn 0.8050 -0.1832 -0.5643
vn 0.8018 -0.1119 -0.5870
vn 0.8013 -0.0375 -0.5970
vn 0.6932 0.2226 0.6855
vn 0.6933 0.1349 0.7079
vn -0.0000 0.3090 0.9511
vn -0.0000 0.1873 0.9823
vn 0.6933 0.0454 0.7193
vn -0.0000 0.0629 0.9980
vn 0.6932 -0.0453 0.7193
vn -0.0000 -0.0627 0.9980
vn -0.0000 -0.1875 0.9823
vn 0.6932 -0.1353 0.7079
vn 0.6932 -0.2230 0.6854
vn 0.6932 -0.3069 0.6521
vn -0.0000 -0.4258 0.9048
vn 0.6932 -0.3861 0.6085
vn -0.0000 -0.5357 0.8444
vn -0.0000 -0.6374 0.7705
vn 0.6933 -0.4593 0.5553
vn 0.6932 -0.5254 0.4933
vn -0.0000 -0.7291 0.6845
vn 0.6933 -0.5830 0.4236
vn 0.6931 -0.6317 0.3472
vn 1.0000 0.0002 -0.0000
vn 0.7992 0.5599 -0.2185
vn 0.8003 0.5807 -0.1491
vn 0.2126 0.9464 -0.2430
vn 0.2130 0.9084 -0.3597
vn 0.8044 0.5206 -0.2862
vn 0.8025 0.4829 -0.3505
vn 0.2187 0.8550 -0.4702
vn 0.5076 0.8011 -0.3172
vn 0.5072 0.7553 -0.4151
vn 0.2157 0.7899 -0.5740
vn 0.2172 0.7116 -0.6682
vn 0.8034 0.4341 -0.4076
vn 0.5073 0.6972 -0.5065
vn 0.8015 0.3811 -0.4608
vn 0.8024 0.1121 -0.5862
vn 0.8050 0.1833 -0.5643
vn 0.2197 0.3014 -0.9278
vn 0.2154 0.1831 -0.9592
vn 0.8013 0.0376 -0.5971
vn 0.2141 0.0614 -0.9749
vn 0.2140 -0.0613 -0.9749
vn 0.5075 0.1615 -0.8464
vn 0.5075 0.0541 -0.8599
vn 0.5075 -0.0541 -0.8600
vn 0.2146 -0.1832 -0.9594
vn 0.5075 -0.1615 -0.8464
vn 0.2197 -0.3014 -0.9278
vn 0.5071 -0.2663 -0.8197
vn 0.5071 0.2664 -0.8197
vn 0.5069 0.3670 -0.7800
vn 0.2143 0.4158 -0.8838
vn 0.5077 0.4617 -0.7274
vn 0.2132 0.5234 -0.8250
vn 0.5072 0.5494 -0.6640
vn 0.5072 0.6283 -0.5899
vn 0.2148 0.6226 -0.7525
vn 0.8009 0.3208 -0.5056
vn 0.8015 0.2547 -0.5411
vn 0.5080 0.8343 -0.2143
vn 0.5078 0.8547 -0.1079
vn 0.2149 0.9689 -0.1224
vn 0.5075 0.8616 -0.0000
vn 0.5078 0.8547 0.1079
vn 0.2187 0.9758 -0.0000
vn 0.2150 0.9689 0.1224
vn 0.5080 0.8343 0.2142
vn 0.8041 0.5945 -0.0001
vn 0.2127 0.9464 0.2429
vn 0.8018 0.5929 0.0749
vn 0.8003 0.5807 0.1492
vn 0.8005 0.5572 0.2208
vn 0.2122 0.9086 0.3598
vn 0.2186 0.8551 0.4701
vn 0.5072 0.7552 0.4152
vn 0.5077 0.8010 0.3172
vn 0.5074 0.6972 0.5065
vn 0.5073 0.6282 0.5900
vn 0.2152 0.7900 0.5741
vn 0.5073 0.5493 0.6641
vn 0.2167 0.7117 0.6682
vn 0.2145 0.6227 0.7525
vn 0.8024 0.4828 0.3507
vn 0.8034 0.4341 0.4075
vn 0.2131 0.5235 0.8250
vn 0.8009 0.3208 0.5056
vn 0.8015 0.3811 0.4608
vn 0.6933 -0.6315 -0.3473
vn 0.6933 -0.5830 -0.4236
vn 0.6932 -0.6701 -0.2653
vn 0.8044 0.5206 0.2861
vn 0.6933 -0.7150 -0.0903
vn 0.6933 -0.6980 -0.1792
vn -0.0000 -0.9686 -0.2486
vn -0.0000 -0.9921 -0.1253
vn 0.0003 -1.0000 -0.0000
vn -0.0000 -0.9921 0.1253
vn 0.6933 -0.7206 -0.0001
vn -0.0000 -0.9686 0.2487
vn 0.6932 -0.7150 0.0903
vn 0.6932 -0.6981 0.1793
vn 0.6933 -0.6701 0.2653
vn -0.0000 -0.9298 0.3682
vn -0.0000 -0.8763 0.4818
vn -0.0000 -0.8091 0.5877
vn 0.8018 0.5929 -0.0748
vn -0.0000 -0.9298 -0.3681
vn -0.0000 -0.8758 -0.4826
vn 0.6933 -0.5253 -0.4934
vn -0.0000 -0.7296 -0.6838
vn 0.6932 -0.4595 -0.5553
vn -0.0000 -0.6375 -0.7705
vn 0.6933 -0.3862 -0.6085
vn -0.0000 -0.5361 -0.8441
vn -0.0000 -0.4258 -0.9048
vn 0.6932 -0.3069 -0.6521
vn 0.6933 -0.2226 -0.6854
vn -0.0000 -0.3087 -0.9512
vn 0.6932 -0.1351 -0.7080
vn 0.6933 -0.0460 -0.7192
vn -0.0000 -0.1873 -0.9823
vn -0.0000 -0.0627 -0.9980
vn 0.6933 0.0451 -0.7193
vn -0.0000 0.0627 -0.9980
vn 0.6932 0.1351 -0.7080
vn 0.8019 -0.1848 0.5682
vn 0.8018 -0.1119 0.5870
vn 0.2152 -0.3016 0.9288
vn 0.2146 -0.1832 0.9594
vn 0.8009 -0.0374 0.5976
vn 0.2208 -0.4152 0.8825
vn 0.5071 -0.3670 0.7799
vn 0.5077 -0.2662 0.8194
vn 0.5075 -0.1615 0.8464
vn 0.2134 -0.0614 0.9750
vn 0.5075 -0.0541 0.8599
vn 0.2134 0.0614 0.9750
vn 0.5075 0.0541 0.8600
vn 0.2146 0.1832 0.9594
vn 0.5075 0.1614 0.8464
vn 0.2153 0.3016 0.9288
vn 0.5077 0.2663 0.8194
vn 0.2186 0.4157 0.8829
vn 0.5070 0.3669 0.7800
vn 0.5078 0.4617 0.7273
vn 0.8045 0.2527 0.5375
vn 0.8019 0.1847 0.5682
vn 0.8018 0.1117 0.5870
vn 0.8009 0.0375 0.5976
vn 0.5077 -0.4616 0.7274
vn 0.5073 -0.5493 0.6641
vn 0.2129 -0.5235 0.8250
vn 0.2143 -0.6227 0.7525
vn 0.8006 -0.3212 0.5058
vn 0.8058 -0.2521 0.5358
vn 0.6932 0.2229 -0.6854
vn 0.6933 0.3068 -0.6521
vn 0.6932 0.3860 -0.6086
vn 0.6932 0.4595 -0.5553
vn 0.6932 0.5254 -0.4933
vn -0.0000 0.6374 -0.7705
vn -0.0000 0.5358 -0.8443
vn -0.0000 0.4258 -0.9048
vn -0.0000 0.3091 -0.9510
vn -0.0000 0.1873 -0.9823
vn -0.0000 0.7290 -0.6845
vn -0.0000 0.8091 -0.5877
vn 0.6933 0.5830 -0.4236
vn -0.0000 0.8763 -0.4817
vn 0.6932 0.6315 -0.3473
vn 0.6933 0.6701 -0.2653
vn -0.0000 0.9298 -0.3682
vn 0.6932 0.6981 -0.1793
vn 0.6932 0.7151 -0.0902
vn -0.0000 0.9686 -0.2487
vn -0.0000 0.9921 -0.1253
vn 0.0003 1.0000 -0.0000
vn 0.6933 0.7207 -0.0000
vn 0.6933 0.7150 0.0903
vn 0.8034 -0.5768 -0.1480
vn 0.8004 -0.5573 -0.2208
vn 0.8018 -0.5929 -0.0749
vn 0.8013 -0.5983 -0.0000
vn 1.0000 -0.0002 -0.0000
vn 0.8018 -0.5929 0.0749
vn 0.2150 -0.9689 0.1225
vn 0.8035 -0.5766 0.1481
vn 0.2173 -0.9454 0.2428
vn 0.8004 -0.5573 0.2207
vn 0.8041 -0.5210 0.2865
vn 0.8024 -0.4828 0.3507
vn 0.2183 -0.8551 0.4702
vn 0.2154 -0.7900 0.5740
vn 0.8031 -0.4343 0.4079
vn 0.8015 -0.3811 0.4608
vn 0.2163 -0.7118 0.6683
vn 0.5069 -0.6974 0.5066
vn 0.5073 -0.6282 0.5899
vn 0.5073 -0.7552 0.4151
vn 0.5077 -0.8010 0.3173
vn 0.5074 -0.8346 0.2143
vn 0.2127 -0.9085 0.3596
vn 0.5078 -0.8547 0.1080
vn 0.8041 -0.5210 -0.2864
vn 0.6933 0.6981 0.1792
vn 0.6933 0.6700 0.2653
vn -0.0000 0.9686 0.2486
vn -0.0000 0.9298 0.3681
vn 0.6934 0.6314 0.3473
vn -0.0000 0.8762 0.4819
vn -0.0000 0.8090 0.5878
vn -0.0000 0.7290 0.6845
vn -0.0000 0.6375 0.7704
vn -0.0000 0.5358 0.8443
vn -0.0000 0.4258 0.9048
vn 0.6933 0.3068 0.6521
vn -0.0000 0.9921 0.1253
vn 0.8024 -0.4828 -0.3507
vn 0.9805 -0.1553 0.1207
vn 0.7748 -0.5437 0.3228
vn 0.7750 -0.4986 0.3882
vn 0.3519 -0.8049 0.4778
vn 0.3515 -0.7388 0.5750
vn 0.7751 -0.4461 0.4475
vn 0.9805 -0.1388 0.1391
vn 0.9911 0.0938 -0.0940
vn 0.9912 0.0812 -0.1050
vn 0.9805 -0.1203 0.1555
vn 0.9702 -0.1482 0.1916
vn 0.9912 0.0673 -0.1144
vn 0.9702 -0.1229 0.2087
vn 0.5074 -0.4374 0.7424
vn 0.9701 -0.0960 0.2229
vn 0.5077 -0.3407 0.7913
vn 0.5073 -0.2391 0.8279
vn 0.9702 -0.0671 0.2327
vn 0.5069 -0.1335 0.8516
vn 0.9701 -0.0375 0.2399
vn 0.5073 -0.0257 0.8614
vn 0.9703 -0.0071 0.2419
vn 0.5073 0.0826 0.8578
vn 0.5076 0.1893 0.8405
vn 0.9701 0.0231 0.2417
vn 0.9703 0.0532 0.2359
vn 0.5071 0.2933 0.8104
vn 0.5077 0.3924 0.7670
vn 0.9702 0.0825 0.2280
vn 0.5075 0.4855 0.7119
vn 0.9702 0.1103 0.2158
vn 0.5075 0.5709 0.6454
vn 0.9703 0.1364 0.1999
vn 0.5075 0.6473 0.5688
vn 0.9701 0.1607 0.1817
vn 0.9702 0.1821 0.1601
vn 0.5075 0.7134 0.4832
vn 0.5077 0.7683 0.3898
vn 0.9703 0.2003 0.1356
vn 0.9911 -0.0998 -0.0878
vn 0.9911 -0.1100 -0.0744
vn 0.9702 0.2161 0.1097
vn 0.5070 0.8114 0.2908
vn 0.9702 0.2280 0.0817
vn 0.9911 -0.1185 -0.0602
vn 0.9805 0.1627 0.1103
vn 0.9805 0.1753 0.0889
vn 0.9911 -0.1251 -0.0448
vn 0.9805 0.1849 0.0662
vn 0.9911 -0.1297 -0.0287
vn 0.9703 0.2362 0.0524
vn 0.9701 0.2418 0.0225
vn 0.5078 0.8411 0.1864
vn 0.5073 0.8581 0.0798
vn 0.5073 0.8613 -0.0284
vn 0.9703 0.2417 -0.0080
vn 0.9911 -0.1324 -0.0121
vn 0.5074 0.8509 -0.1362
vn 0.5072 0.8272 -0.2418
vn 0.9703 0.2389 -0.0382
vn 0.9911 -0.1327 0.0044
vn 0.9911 -0.1312 0.0210
vn 0.9702 0.2325 -0.0679
vn 0.5077 0.7901 -0.3434
vn 0.9703 0.2218 -0.0966
vn 0.9911 -0.1275 0.0373
vn 0.9911 -0.1218 0.0529
vn 0.9805 0.1887 -0.0551
vn 0.9805 0.1939 -0.0310
vn 0.9805 0.1965 -0.0065
vn 0.7750 0.6316 -0.0208
vn 0.7751 0.6239 -0.1000
vn 0.7749 0.6294 0.0586
vn 0.3519 0.9320 0.0865
vn 0.3520 0.9355 -0.0310
vn 0.3517 0.9243 -0.1480
vn 0.0202 0.9955 0.0925
vn 0.0201 0.9993 -0.0330
vn 0.0199 0.9872 -0.1581
vn 0.0534 0.9943 0.0924
vn 0.0538 0.9980 -0.0330
vn 0.5730 0.8161 0.0757
vn 0.0537 0.9749 0.2162
vn 0.5731 0.8190 -0.0272
vn 0.5731 0.8001 0.1774
vn 0.8736 0.4864 -0.0161
vn 0.8737 0.4844 0.0451
vn 0.0543 0.9400 0.3368
vn 0.5728 0.7717 0.2763
vn 0.8736 0.4751 0.1054
vn 0.8714 0.4619 0.1654
vn 0.8733 0.4586 0.1642
vn 0.8716 0.4786 0.1061
vn 0.8716 0.4882 0.0454
vn 0.8717 0.4897 -0.0162
vn 0.8717 0.4838 -0.0775
vn 0.8736 0.4806 -0.0769
vn 0.5727 0.8095 -0.1297
vn 0.8738 0.4668 -0.1365
vn 0.5726 0.7869 -0.2301
vn 0.8739 0.4458 -0.1939
vn 0.8705 0.4738 -0.1333
vn 0.5726 0.7519 -0.3268
vn 0.8737 0.4182 -0.2484
vn 0.8718 0.4492 -0.1953
vn 0.8719 0.4210 -0.2499
vn 0.8738 0.3837 -0.2987
vn 0.8719 0.3865 -0.3008
vn 0.8721 0.3454 -0.3466
vn 0.8738 0.3431 -0.3445
vn 0.8738 0.2973 -0.3849
vn 0.5720 0.6473 -0.5038
vn 0.5723 0.5789 -0.5808
vn 0.5721 0.5015 -0.6491
vn 0.0527 0.7049 -0.7073
vn 0.0525 0.7881 -0.6133
vn 0.0191 0.7058 -0.7081
vn 0.0194 0.7891 -0.6140
vn 0.0530 0.8587 -0.5097
vn 0.5724 0.7050 -0.4187
vn 0.0529 0.9158 -0.3980
vn 0.0202 0.8597 -0.5104
vn 0.3514 0.7388 -0.5751
vn 0.3519 0.8049 -0.4778
vn 0.0197 0.9169 -0.3985
vn 0.7751 0.4460 -0.4475
vn 0.3510 0.6610 -0.6632
vn 0.7750 0.4986 -0.3883
vn 0.9805 0.1387 -0.1391
vn 0.7748 0.5436 -0.3227
vn 0.9805 0.1552 -0.1207
vn 0.9805 0.1690 -0.1004
vn 0.9911 -0.1047 0.0816
vn 0.9911 -0.0937 0.0940
vn 0.9911 -0.0812 0.1050
vn 0.9702 0.1480 -0.1917
vn 0.9701 0.1713 -0.1718
vn 0.5080 0.4372 -0.7422
vn 0.5078 0.5269 -0.6815
vn 0.9702 0.1229 -0.2087
vn 0.9700 0.0962 -0.2232
vn 0.9911 -0.0675 0.1144
vn 0.5076 0.3409 -0.7913
vn 0.9912 -0.0524 0.1219
vn 0.9702 0.0670 -0.2327
vn 0.5072 0.2392 -0.8280
vn 0.9702 0.0375 -0.2395
vn 0.9911 -0.0369 0.1276
vn 0.5073 0.1334 -0.8514
vn 0.5072 0.0257 -0.8614
vn 0.9701 0.0072 -0.2425
vn 0.9911 -0.0207 0.1313
vn 0.5072 -0.0824 -0.8579
vn 0.9699 -0.0231 -0.2422
vn 0.5077 -0.1893 -0.8405
vn 0.9703 -0.0531 -0.2360
vn 0.5069 -0.2934 -0.8106
vn 0.9700 -0.0827 -0.2288
vn 0.9911 0.0292 0.1296
vn 0.9912 0.0128 0.1321
vn 0.9804 -0.0189 -0.1960
vn 0.9912 -0.0040 0.1326
vn 0.9805 0.0059 -0.1964
vn 0.9805 -0.0430 -0.1918
vn 0.7752 0.0187 -0.6314
vn 0.7752 -0.0605 -0.6288
vn 0.3515 0.1449 -0.9249
vn 0.3518 0.0279 -0.9357
vn 0.7753 0.0980 -0.6239
vn 0.0196 0.2773 -0.9606
vn 0.3517 0.2597 -0.8994
vn 0.0194 0.1548 -0.9878
vn 0.7752 0.1752 -0.6069
vn 0.3513 0.3704 -0.8599
vn 0.0197 0.3956 -0.9182
vn 0.7750 0.2500 -0.5804
vn 0.3514 0.4753 -0.8066
vn 0.0193 0.5077 -0.8613
vn 0.0194 0.6116 -0.7909
vn 0.3515 0.5725 -0.7407
vn 0.7751 0.3206 -0.5444
vn 0.9804 0.1000 -0.1695
vn 0.7750 0.3866 -0.4999
vn 0.9806 0.0777 -0.1802
vn 0.9805 0.1201 -0.1556
vn 0.9805 0.0545 -0.1887
vn 0.9805 0.0304 -0.1939
vn 0.0525 0.6107 -0.7901
vn 0.5723 0.4162 -0.7066
vn 0.0529 0.5070 -0.8603
vn 0.5726 0.3245 -0.7529
vn 0.0529 0.3952 -0.9171
vn 0.5727 0.2273 -0.7876
vn 0.8739 0.1348 -0.4670
vn 0.8738 0.1923 -0.4466
vn 0.8736 0.0751 -0.4808
vn 0.8719 0.1938 -0.4497
vn 0.8720 0.1358 -0.4703
vn 0.8718 0.0758 -0.4840
vn 0.8716 0.0146 -0.4899
vn 0.8737 0.0144 -0.4863
vn 0.8737 -0.0466 -0.4842
vn 0.8716 -0.0469 -0.4880
vn 0.8737 -0.1070 -0.4746
vn 0.8714 -0.1078 -0.4786
vn 0.8737 -0.1656 -0.4574
vn 0.8713 -0.1671 -0.4615
vn 0.8736 -0.2217 -0.4332
vn 0.8713 -0.2235 -0.4370
vn 0.5731 -0.2789 -0.7706
vn 0.5733 -0.3731 -0.7295
vn 0.8734 -0.2743 -0.4024
vn 0.8713 -0.2766 -0.4054
vn 0.8734 -0.3226 -0.3649
vn 0.5733 -0.4615 -0.6770
vn 0.5730 -0.5429 -0.6139
vn 0.0541 -0.5626 -0.8249
vn 0.0540 -0.4549 -0.8889
vn 0.0534 -0.3400 -0.9389
vn 0.0205 -0.4552 -0.8901
vn 0.0203 -0.5634 -0.8259
vn 0.0201 -0.3402 -0.9401
vn 0.0535 -0.2194 -0.9742
vn 0.0529 -0.0957 -0.9940
vn 0.0199 -0.2197 -0.9754
vn 0.5731 -0.1800 -0.7995
vn 0.5726 -0.0785 -0.8160
vn 0.0533 0.0299 -0.9981
vn 0.5728 0.0246 -0.8193
vn 0.0530 0.1545 -0.9866
vn 0.0195 0.0297 -0.9994
vn 0.0197 -0.0957 -0.9952
vn 0.0527 0.2770 -0.9594
vn 0.5723 0.1269 -0.8102
vn 0.3515 -0.2057 -0.9133
vn 0.3520 -0.0896 -0.9317
vn 0.7749 -0.1387 -0.6167
vn 0.7751 -0.2150 -0.5941
vn 0.9805 -0.0668 -0.1847
vn 0.9805 -0.0895 -0.1751
vn 0.7748 -0.2880 -0.5628
vn 0.3519 -0.3186 -0.8802
vn 0.9911 0.0748 0.1097
vn 0.9911 0.0604 0.1183
vn 0.9805 -0.1106 -0.1624
vn 0.7750 -0.3560 -0.5222
vn 0.9805 -0.1302 -0.1471
vn 0.9912 0.0879 0.0993
vn 0.9912 0.0997 0.0876
vn 0.9701 -0.1607 -0.1819
vn 0.9701 -0.1822 -0.1601
vn 0.9805 -0.1476 -0.1297
vn 0.9912 0.1098 0.0744
vn 0.9703 -0.2004 -0.1356
vn 0.9806 -0.1624 -0.1100
vn 0.9911 0.1186 0.0602
vn 0.9702 -0.2163 -0.1096
vn 0.9805 -0.1754 -0.0889
vn 0.9912 0.1246 0.0446
vn 0.9700 -0.2289 -0.0821
vn 0.5073 -0.8413 -0.1866
vn 0.5069 -0.8115 -0.2907
vn 0.9702 -0.2364 -0.0524
vn 0.5072 -0.8581 -0.0796
vn 0.9682 -0.2495 -0.0206
vn 0.9912 0.1295 0.0288
vn 0.9805 -0.1850 -0.0662
vn 0.9805 -0.1918 -0.0425
vn 0.9912 0.1322 0.0122
vn 0.7751 -0.5633 -0.2861
vn 0.7749 -0.5951 -0.2132
vn 0.3520 -0.8346 -0.4237
vn 0.3516 -0.7751 -0.5250
vn 0.7752 -0.5231 -0.3541
vn 0.3519 -0.7032 -0.6178
vn 0.7751 -0.4747 -0.4170
vn 0.7751 -0.4188 -0.4731
vn 0.3519 -0.6202 -0.7011
vn 0.3521 -0.5274 -0.7732
vn 0.0200 -0.6624 -0.7489
vn 0.0539 -0.6617 -0.7479
vn 0.0201 -0.7511 -0.6599
vn 0.0200 -0.8279 -0.5605
vn 0.0543 -0.7502 -0.6590
vn 0.0545 -0.8268 -0.5599
vn 0.5731 -0.6785 -0.4596
vn 0.5733 -0.6153 -0.5411
vn 0.8733 -0.3660 -0.3216
vn 0.8731 -0.4038 -0.2733
vn 0.8714 -0.3685 -0.3238
vn 0.8711 -0.3255 -0.3678
vn 0.8713 -0.4064 -0.2752
vn 0.8709 -0.4383 -0.2224
vn 0.8731 -0.4349 -0.2205
vn 0.8728 -0.4595 -0.1646
vn 0.8710 -0.4625 -0.1656
vn 0.8729 -0.4764 -0.1056
vn 0.8709 -0.4799 -0.1064
vn 0.8727 -0.4861 -0.0451
vn 0.8707 -0.4897 -0.0454
vn 0.8728 -0.4878 0.0162
vn 0.8709 -0.4912 0.0163
vn 0.8707 -0.4856 0.0777
vn 0.8727 -0.4821 0.0772
vn 0.8707 -0.4721 0.1380
vn 0.8726 -0.4688 0.1370
vn 0.8707 -0.4510 0.1961
vn 0.8726 -0.4479 0.1947
vn 0.8706 -0.4231 0.2512
vn 0.8725 -0.4201 0.2495
vn 0.8725 -0.3856 0.3000
vn 0.8703 -0.3888 0.3025
vn 0.8725 -0.3450 0.3461
vn 0.8702 -0.3479 0.3490
vn 0.8725 -0.2988 0.3866
vn 0.8702 -0.3014 0.3898
vn 0.8702 -0.2502 0.4245
vn 0.8727 -0.2478 0.4207
vn 0.5738 -0.4157 0.7056
vn 0.8726 -0.1933 0.4486
vn 0.5734 -0.5011 0.6482
vn 0.0559 -0.6106 0.7900
vn 0.0561 -0.7048 0.7072
vn 0.5733 -0.5784 0.5803
vn 0.0208 -0.6114 0.7910
vn 0.0562 -0.5069 0.8602
vn 0.0208 -0.5074 0.8615
vn 0.3523 -0.4752 0.8063
vn 0.3522 -0.5724 0.7405
vn 0.0207 -0.7057 0.7082
vn 0.7751 -0.3207 0.5443
vn 0.7750 -0.2502 0.5804
vn 0.3523 -0.3702 0.8595
vn 0.0211 -0.3956 0.9182
vn 0.7752 -0.1751 0.6069
vn 0.3518 -0.2597 0.8993
vn 0.0203 -0.2773 0.9606
vn 0.0564 -0.3951 0.9169
vn 0.0563 -0.2769 0.9592
vn 0.5737 -0.2271 0.7870
vn 0.5741 -0.3240 0.7520
vn 0.5737 -0.1268 0.8092
vn 0.8725 -0.1356 0.4694
vn 0.8726 -0.0756 0.4826
vn 0.8706 -0.1365 0.4727
vn 0.8707 -0.0761 0.4859
vn 0.8726 -0.0145 0.4882
vn 0.8705 -0.0146 0.4919
vn 0.8727 0.0466 0.4861
vn 0.5736 -0.0244 0.8188
vn 0.8707 0.0470 0.4896
vn 0.8726 0.1072 0.4764
vn 0.8709 0.1080 0.4795
vn 0.8707 0.1674 0.4625
vn 0.8727 0.1661 0.4591
vn 0.8730 0.2220 0.4342
vn 0.8709 0.2239 0.4376
vn 0.8712 0.2766 0.4056
vn 0.8731 0.2746 0.4029
vn 0.5736 0.4616 0.6767
vn 0.8729 0.3233 0.3655
vn 0.5733 0.3732 0.7294
vn 0.5727 0.5433 0.6139
vn 0.8733 0.3660 0.3216
vn 0.8712 0.3252 0.3677
vn 0.8709 0.3691 0.3244
vn 0.8713 0.4063 0.2752
vn 0.8732 0.4035 0.2733
vn 0.8712 0.4378 0.2222
vn 0.8732 0.4345 0.2206
vn 0.5734 0.6784 0.4593
vn 0.5730 0.7309 0.3707
vn 0.0542 0.8905 0.4518
vn 0.0548 0.8267 0.5600
vn 0.0208 0.8916 0.4524
vn 0.0204 0.8278 0.5606
vn 0.3513 0.8814 0.3157
vn 0.0199 0.9412 0.3372
vn 0.3520 0.8346 0.4236
vn 0.3521 0.7749 0.5249
vn 0.0203 0.7510 0.6600
vn 0.0543 0.7500 0.6592
vn 0.3523 0.7030 0.6178
vn 0.0203 0.6625 0.7488
vn 0.0546 0.6616 0.7479
vn 0.0551 0.5626 0.8249
vn 0.5729 0.6158 0.5409
vn 0.0552 0.4548 0.8889
vn 0.0208 0.5634 0.8259
vn 0.0206 0.4554 0.8900
vn 0.0555 0.3398 0.9389
vn 0.0204 0.3403 0.9401
vn 0.0558 0.2193 0.9741
vn 0.5732 0.2789 0.7705
vn 0.3516 0.4264 0.8334
vn 0.3515 0.3187 0.8803
vn 0.0206 0.2196 0.9754
vn 0.7748 0.2879 0.5628
vn 0.7750 0.3561 0.5221
vn 0.3523 0.5274 0.7731
vn 0.7750 0.4187 0.4734
vn 0.3518 0.6201 0.7012
vn 0.7752 0.4746 0.4170
vn 0.7750 0.5233 0.3544
vn 0.9805 0.1477 0.1299
vn 0.9805 0.1301 0.1471
vn 0.9912 -0.0880 -0.0993
vn 0.9805 0.1108 0.1624
vn 0.9912 -0.0747 -0.1097
vn 0.9911 -0.0606 -0.1183
vn 0.9805 0.0896 0.1751
vn 0.7751 0.2149 0.5941
vn 0.9805 0.0667 0.1847
vn 0.7750 0.1387 0.6166
vn 0.9804 0.0432 0.1921
vn 0.9912 -0.0451 -0.1247
vn 0.7751 0.0606 0.6289
vn 0.9911 -0.0292 -0.1296
vn 0.9805 0.0188 0.1957
vn 0.9912 -0.0127 -0.1321
vn 0.9805 -0.0058 0.1964
vn 0.9912 0.0040 -0.1326
vn 0.9912 0.0204 -0.1309
vn 0.9806 -0.0304 0.1938
vn 0.9911 0.0368 -0.1276
vn 0.9805 -0.0544 0.1887
vn 0.9912 0.0524 -0.1219
vn 0.9805 -0.0777 0.1804
vn 0.9805 -0.0998 0.1695
vn 0.7751 -0.3865 0.4999
vn 0.3518 -0.6608 0.6630
vn 0.0202 -0.7889 0.6142
vn 0.0563 -0.8586 0.5096
vn 0.0209 -0.8597 0.5104
vn 0.0561 -0.7879 0.6133
vn 0.5734 -0.6465 0.5032
vn 0.5734 -0.7045 0.4181
vn 0.5737 -0.7511 0.3265
vn 0.0561 -0.9156 0.3981
vn 0.0561 -0.9583 0.2801
vn 0.0213 -0.9169 0.3986
vn 0.0561 -0.9859 0.1579
vn 0.0202 -0.9596 0.2805
vn 0.5738 -0.7861 0.2298
vn 0.5740 -0.8086 0.1294
vn 0.0559 -0.9979 0.0331
vn 0.5738 -0.8186 0.0270
vn 0.0558 -0.9942 -0.0924
vn 0.5737 -0.8156 -0.0759
vn 0.0552 -0.9748 -0.2161
vn 0.5732 -0.8000 -0.1774
vn 0.0553 -0.9400 -0.3366
vn 0.5732 -0.7714 -0.2764
vn 0.0548 -0.8904 -0.4518
vn 0.5733 -0.7306 -0.3709
vn 0.0203 -0.8915 -0.4525
vn 0.0204 -0.9412 -0.3372
vn 0.3516 -0.8813 -0.3157
vn 0.3515 -0.9140 -0.2028
vn 0.7748 -0.6172 -0.1368
vn 0.7748 -0.6295 -0.0584
vn 0.9805 -0.1957 -0.0183
vn 0.3519 -0.9320 -0.0866
vn 0.7750 -0.6316 0.0209
vn 0.9805 -0.1965 0.0065
vn 0.9806 -0.1937 0.0310
vn 0.7753 -0.6236 0.0999
vn 0.3522 -0.9354 0.0310
vn 0.7752 -0.6063 0.1773
vn 0.9805 -0.1885 0.0551
vn 0.9912 0.1310 -0.0209
vn 0.9912 0.1274 -0.0373
vn 0.9702 -0.2324 0.0679
vn 0.9702 -0.2393 0.0382
vn 0.9912 0.1326 -0.0044
vn 0.5073 -0.8272 0.2418
vn 0.5072 -0.8510 0.1363
vn 0.9701 -0.2425 0.0080
vn 0.5072 -0.8614 0.0285
vn 0.5078 -0.7900 0.3435
vn 0.5074 -0.7410 0.4399
vn 0.9703 -0.2218 0.0965
vn 0.5078 -0.6798 0.5292
vn 0.9702 -0.2082 0.1236
vn 0.9702 -0.1913 0.1487
vn 0.5075 -0.6083 0.6103
vn 0.9701 -0.1712 0.1718
vn 0.5078 -0.5269 0.6816
vn 0.9912 0.1046 -0.0816
vn 0.9804 -0.1692 0.1005
vn 0.9911 0.1142 -0.0678
vn 0.9911 0.1218 -0.0529
vn 0.9805 -0.1802 0.0784
vn 0.7747 -0.5799 0.2521
vn 0.3516 -0.8986 0.2626
vn 0.3521 -0.8584 0.3731
vn 0.0199 -0.9872 0.1581
vn 0.3515 -0.9244 0.1480
vn 0.0205 -0.9992 0.0330
vn 0.0206 -0.9955 -0.0925
vn 0.0206 -0.9761 -0.2164
vn 0.7753 -0.0977 0.6240
vn 0.3515 -0.1451 0.9249
vn 0.7753 -0.0190 0.6314
vn 0.3530 -0.0278 0.9352
vn 0.0202 -0.1546 0.9878
vn 0.0212 -0.0296 0.9993
vn 0.3518 0.0895 0.9318
vn 0.0202 0.0955 0.9952
vn 0.0562 -0.1546 0.9864
vn 0.0558 -0.0298 0.9980
vn 0.0560 0.0954 0.9939
vn 0.5738 0.0783 0.8153
vn 0.5733 0.1802 0.7993
vn 0.3519 0.2057 0.9131
vn 0.7748 0.5637 0.2862
vn 0.7750 0.5950 0.2131
vn 0.9805 0.1919 0.0426
vn 0.7748 0.6172 0.1369
vn 0.9805 0.1958 0.0182
vn 0.3514 0.9140 0.2028
vn 0.0202 0.9761 0.2164
vn 0.8706 -0.1946 0.4518
vn 0.3522 -0.4263 -0.8332
vn 0.5071 -0.7686 -0.3900
vn 0.5075 -0.7135 -0.4831
vn 0.5075 -0.6473 -0.5688
vn 0.5075 -0.5709 -0.6454
vn 0.9703 -0.1365 -0.1999
vn 0.5075 -0.4855 -0.7119
vn 0.5071 -0.3925 -0.7673
vn 0.9702 -0.1105 -0.2157
vn 0.9912 0.0452 0.1247
vn 0.8719 0.2486 -0.4218
vn 0.8718 0.2995 -0.3875
vn 0.8737 0.2469 -0.4192
vn 0.5075 0.6083 -0.6103
vn 0.5078 0.6798 -0.5292
vn 0.9702 0.1913 -0.1487
vn 0.9702 0.2083 -0.1237
vn 0.5080 0.7407 -0.4397
vn 0.9911 -0.1143 0.0679
vn 0.9805 0.1803 -0.0784
vn 0.7751 0.6064 -0.1772
vn 0.7748 0.5798 -0.2520
vn 0.3515 0.8586 -0.3731
vn 0.3517 0.8985 -0.2627
vn 0.0198 0.9597 -0.2805
vn 0.0534 0.9860 -0.1579
vn 0.0528 0.9585 -0.2802
vn 0.2743 0.0252 0.9613
vn 0.8057 -0.0224 0.5919
vn 0.2742 -0.8199 0.5025
vn 0.9030 0.3637 0.2287
vn 0.8058 0.5236 -0.2766
vn 0.9030 0.0163 -0.4293
vn 0.3598 0.4565 -0.8138
vn 0.2743 0.8200 -0.5024
vn -0.3597 0.7157 -0.5987
vn 0.2743 -0.0252 -0.9613
vn 0.2743 -0.8452 -0.4588
vn 0.3599 0.4764 0.8022
vn 0.3598 -0.4566 0.8137
vn 0.9030 -0.3798 0.2006
vn 0.2742 0.8452 0.4588
vn -0.3598 0.7157 -0.5987
vn 0.3598 0.4565 -0.8137
vn 0.2743 -0.8451 -0.4589
vn 0.3598 0.4766 0.8022
vn 0.2743 0.0251 0.9613
vn -0.3598 -0.7157 0.5986
vn -0.3598 0.7156 -0.5987
vn 0.3599 -0.4766 -0.8021
vn 0.8057 -0.5015 -0.3151
vn 0.3598 -0.9329 0.0115
vn 0.3597 0.4766 0.8022
vn 0.9030 -0.3799 0.2007
vn 0.9030 0.3636 0.2287
vn 0.3598 0.9330 -0.0116
vn 0.2744 0.8451 0.4588
vn 0.8058 0.5237 -0.2767
vn 0.2743 0.8198 -0.5026
vn 0.3598 -0.4766 -0.8021
vn 0.2743 -0.8451 -0.4588
vn 0.8057 -0.5015 -0.3152
vt 0.586351 0.873565
vt 0.561628 0.866383
vt 0.586626 0.867173
vt 0.000000 0.000000
vt 0.559134 0.871870
vt 0.561801 0.865041
vt 0.557114 0.871358
vt 0.560294 0.865417
vt 0.556400 0.873565
vt 0.548616 0.870431
vt 0.548896 0.872745
vt 0.553801 0.857746
vt 0.546235 0.870397
vt 0.547426 0.861801
vt 0.546620 0.859525
vt 0.545213 0.862612
vt 0.560600 0.827752
vt 0.552833 0.856001
vt 0.558906 0.827384
vt 0.567476 0.829292
vt 0.554646 0.856080
vt 0.560618 0.858324
vt 0.559587 0.859862
vt 0.586671 0.859245
vt 0.561188 0.859851
vt 0.586699 0.865705
vt 0.005666 0.813333
vt 0.003098 0.838657
vt 0.000284 0.813211
vt 0.003961 0.787480
vt 0.008907 0.788991
vt 0.014895 0.763566
vt 0.018994 0.765845
vt 0.021288 0.769130
vt 0.011967 0.789889
vt 0.008776 0.813370
vt 0.011042 0.836760
vt 0.008022 0.837497
vt 0.018385 0.857255
vt 0.015915 0.860258
vt 0.011848 0.862112
vt 0.145660 0.642778
vt 0.122990 0.646102
vt 0.145231 0.639827
vt 0.166348 0.642455
vt 0.168167 0.639260
vt 0.168452 0.635071
vt 0.144577 0.635171
vt 0.121119 0.641369
vt 0.099927 0.653590
vt 0.102957 0.657335
vt 0.083232 0.671122
vt 0.086595 0.673840
vt 0.090216 0.674755
vt 0.104754 0.659623
vt 0.124168 0.648771
vt 0.118302 0.980544
vt 0.138520 0.990976
vt 0.116986 0.983191
vt 0.100948 0.969252
vt 0.097606 0.970873
vt 0.095043 0.974185
vt 0.114818 0.987367
vt 0.137306 0.995868
vt 0.161045 0.999716
vt 0.161246 0.994985
vt 0.185065 0.997762
vt 0.184461 0.993569
vt 0.182270 0.990495
vt 0.161295 0.991977
vt 0.139255 0.988131
vt 0.331461 0.915555
vt 0.347175 0.896737
vt 0.333813 0.917688
vt 0.314525 0.930417
vt 0.315207 0.934360
vt 0.317982 0.938039
vt 0.337726 0.921061
vt 0.352190 0.899070
vt 0.359988 0.874017
vt 0.354812 0.873195
vt 0.359937 0.847905
vt 0.355334 0.848339
vt 0.351926 0.850346
vt 0.351697 0.872765
vt 0.344352 0.895432
vt 0.317742 0.692346
vt 0.303346 0.672631
vt 0.321645 0.689045
vt 0.335008 0.709718
vt 0.330544 0.711734
vt 0.341814 0.733180
vt 0.337558 0.734050
vt 0.333960 0.733122
vt 0.327868 0.712967
vt 0.315521 0.694278
vt 0.298983 0.679047
vt 0.300631 0.676586
vt 0.280525 0.669455
vt 0.280322 0.665755
vt 0.281873 0.661858
vt 0.270025 0.665323
vt 0.268294 0.661874
vt 0.278442 0.668465
vt 0.269871 0.666038
vt 0.267798 0.670990
vt 0.266433 0.660263
vt 0.255555 0.648929
vt 0.281696 0.661203
vt 0.279572 0.665391
vt 0.277548 0.671531
vt 0.271521 0.673648
vt 0.266901 0.672603
vt 0.268212 0.674812
vt 0.277511 0.672742
vt 0.273137 0.674082
vt 0.268838 0.675599
vt 0.262651 0.677063
vt 0.263589 0.677559
vt 0.297209 0.681682
vt 0.296612 0.682591
vt 0.293357 0.687655
vt 0.278214 0.678438
vt 0.275753 0.678508
vt 0.273918 0.679610
vt 0.307747 0.700934
vt 0.328231 0.740403
vt 0.323374 0.737100
vt 0.324118 0.733996
vt 0.330150 0.735761
vt 0.318545 0.716837
vt 0.323957 0.714641
vt 0.312263 0.696969
vt 0.313160 0.696284
vt 0.331428 0.735842
vt 0.324991 0.714259
vt 0.334709 0.735332
vt 0.337890 0.734533
vt 0.340368 0.746200
vt 0.341794 0.748136
vt 0.342232 0.732870
vt 0.352069 0.759802
vt 0.328728 0.742122
vt 0.327268 0.745415
vt 0.331145 0.746013
vt 0.336360 0.744204
vt 0.337144 0.744115
vt 0.329411 0.746821
vt 0.326816 0.751882
vt 0.324874 0.750812
vt 0.316494 0.757630
vt 0.317448 0.759700
vt 0.296735 0.766044
vt 0.297440 0.768020
vt 0.278554 0.770517
vt 0.277796 0.768330
vt 0.266965 0.767343
vt 0.277599 0.767301
vt 0.296434 0.765108
vt 0.316139 0.756750
vt 0.324459 0.749862
vt 0.326498 0.744732
vt 0.277319 0.761302
vt 0.295216 0.759591
vt 0.313953 0.751315
vt 0.321284 0.744281
vt 0.322543 0.739795
vt 0.239374 0.735236
vt 0.240666 0.724385
vt 0.240520 0.735149
vt 0.243662 0.744649
vt 0.244680 0.743990
vt 0.249706 0.754402
vt 0.250613 0.753689
vt 0.259129 0.760920
vt 0.258332 0.761912
vt 0.267200 0.766241
vt 0.247057 0.735036
vt 0.250952 0.741833
vt 0.255947 0.749262
vt 0.262159 0.755241
vt 0.268105 0.759945
vt 0.098469 0.679931
vt 0.092288 0.678749
vt 0.111258 0.667324
vt 0.107426 0.662953
vt 0.128008 0.658144
vt 0.091210 0.678282
vt 0.091964 0.683664
vt 0.097615 0.682994
vt 0.091536 0.688216
vt 0.097098 0.685750
vt 0.091143 0.693599
vt 0.096284 0.690155
vt 0.090835 0.684959
vt 0.086990 0.687254
vt 0.090556 0.688429
vt 0.090288 0.694189
vt 0.094537 0.703817
vt 0.095280 0.703240
vt 0.108217 0.720092
vt 0.108819 0.719384
vt 0.088127 0.688726
vt 0.088161 0.694328
vt 0.092772 0.705278
vt 0.106645 0.721575
vt 0.122339 0.732286
vt 0.123946 0.730642
vt 0.124618 0.729838
vt 0.134063 0.734667
vt 0.134465 0.733617
vt 0.144331 0.733843
vt 0.144042 0.732656
vt 0.155467 0.731361
vt 0.154997 0.730222
vt 0.164765 0.724580
vt 0.160293 0.719897
vt 0.133534 0.736834
vt 0.145944 0.737100
vt 0.156563 0.734090
vt 0.166365 0.729119
vt 0.165388 0.725641
vt 0.172435 0.718705
vt 0.178136 0.709235
vt 0.180473 0.709322
vt 0.175344 0.720430
vt 0.173418 0.719239
vt 0.177159 0.709148
vt 0.181563 0.690099
vt 0.182523 0.690213
vt 0.180874 0.667982
vt 0.181906 0.667977
vt 0.177781 0.657230
vt 0.178848 0.657206
vt 0.173986 0.653091
vt 0.172508 0.650126
vt 0.177018 0.649464
vt 0.177078 0.651354
vt 0.174900 0.652680
vt 0.180642 0.655865
vt 0.184280 0.667897
vt 0.184778 0.690283
vt 0.170899 0.649868
vt 0.168031 0.645630
vt 0.168663 0.642511
vt 0.177410 0.644103
vt 0.177595 0.643396
vt 0.180734 0.641114
vt 0.169028 0.639222
vt 0.146053 0.645917
vt 0.125348 0.651617
vt 0.167589 0.646695
vt 0.146088 0.646964
vt 0.125684 0.652602
vt 0.106707 0.662069
vt 0.171308 0.657694
vt 0.167721 0.654482
vt 0.166587 0.652678
vt 0.164391 0.651500
vt 0.146686 0.652943
vt 0.088561 0.676313
vt 0.085997 0.674209
vt 0.083552 0.681660
vt 0.065493 0.693202
vt 0.047257 0.712414
vt 0.062500 0.689898
vt 0.076585 0.684301
vt 0.082998 0.670812
vt 0.078687 0.683226
vt 0.082674 0.682961
vt 0.083226 0.683355
vt 0.022397 0.766853
vt 0.019304 0.765040
vt 0.026109 0.754531
vt 0.026477 0.752127
vt 0.014775 0.763037
vt 0.027604 0.736151
vt 0.031807 0.738173
vt 0.045302 0.714955
vt 0.042682 0.710978
vt 0.032475 0.761368
vt 0.031773 0.765787
vt 0.025361 0.768823
vt 0.027491 0.758811
vt 0.026928 0.758432
vt 0.030969 0.767447
vt 0.026308 0.769752
vt 0.016331 0.791342
vt 0.015198 0.790920
vt 0.013164 0.813515
vt 0.019460 0.813607
vt 0.015343 0.835696
vt 0.021493 0.833974
vt 0.023024 0.857028
vt 0.026950 0.852231
vt 0.022048 0.857815
vt 0.014224 0.836006
vt 0.012008 0.813445
vt 0.019152 0.859435
vt 0.016157 0.860879
vt 0.021884 0.871596
vt 0.022981 0.867649
vt 0.023595 0.867264
vt 0.028566 0.865171
vt 0.027874 0.860683
vt 0.027022 0.859230
vt 0.030902 0.862106
vt 0.030990 0.861111
vt 0.037068 0.864184
vt 0.045724 0.856394
vt 0.070632 0.854731
vt 0.048233 0.862364
vt 0.034373 0.856473
vt 0.036699 0.863111
vt 0.030035 0.855391
vt 0.028432 0.854566
vt 0.048580 0.863322
vt 0.071132 0.855680
vt 0.088492 0.843732
vt 0.087894 0.842792
vt 0.096421 0.835039
vt 0.095543 0.834333
vt 0.099344 0.824514
vt 0.030375 0.864599
vt 0.036362 0.866480
vt 0.049370 0.865664
vt 0.072051 0.857836
vt 0.089479 0.846062
vt 0.098459 0.836443
vt 0.103219 0.824078
vt 0.100774 0.812415
vt 0.103932 0.812214
vt 0.101853 0.801142
vt 0.098264 0.800910
vt 0.097424 0.789470
vt 0.095487 0.790802
vt 0.098081 0.824336
vt 0.099491 0.812488
vt 0.097076 0.801070
vt 0.094547 0.791506
vt 0.087544 0.783328
vt 0.088067 0.782386
vt 0.072141 0.771691
vt 0.091391 0.803731
vt 0.091695 0.821905
vt 0.092394 0.812672
vt 0.090286 0.829904
vt 0.083870 0.837711
vt 0.067644 0.849199
vt 0.099513 0.699435
vt 0.112393 0.715104
vt 0.127589 0.724598
vt 0.136503 0.727536
vt 0.144048 0.726063
vt 0.152538 0.723779
vt 0.166784 0.715703
vt 0.171364 0.707353
vt 0.175824 0.689341
vt 0.174814 0.667816
vt 0.140046 0.985195
vt 0.161434 0.988816
vt 0.183983 0.987088
vt 0.184763 0.990308
vt 0.185440 0.994065
vt 0.190437 0.978488
vt 0.196175 0.973813
vt 0.191491 0.978956
vt 0.186951 0.982275
vt 0.188792 0.981845
vt 0.193680 0.982566
vt 0.193757 0.987948
vt 0.193892 0.988623
vt 0.197487 0.990964
vt 0.193899 0.980515
vt 0.198230 0.975444
vt 0.200029 0.961840
vt 0.202820 0.961945
vt 0.199412 0.935554
vt 0.201980 0.935264
vt 0.194980 0.913749
vt 0.192415 0.914173
vt 0.184876 0.904537
vt 0.176537 0.897852
vt 0.185857 0.903791
vt 0.191222 0.914463
vt 0.198297 0.935751
vt 0.198878 0.961805
vt 0.194959 0.973751
vt 0.183510 0.976873
vt 0.187565 0.973079
vt 0.191786 0.962116
vt 0.191538 0.937133
vt 0.185236 0.916958
vt 0.140345 0.984153
vt 0.119760 0.977731
vt 0.120359 0.976805
vt 0.141886 0.978169
vt 0.161413 0.987708
vt 0.161347 0.981654
vt 0.183410 0.985893
vt 0.179391 0.981237
vt 0.181577 0.979212
vt 0.101135 0.965406
vt 0.101222 0.959837
vt 0.102255 0.964695
vt 0.098845 0.967825
vt 0.096392 0.970778
vt 0.099854 0.958575
vt 0.095317 0.956730
vt 0.092257 0.961097
vt 0.091699 0.961574
vt 0.087555 0.961738
vt 0.084976 0.960702
vt 0.092782 0.975284
vt 0.070109 0.954497
vt 0.036672 0.917168
vt 0.044866 0.939377
vt 0.032166 0.917381
vt 0.035444 0.914107
vt 0.021583 0.889728
vt 0.025900 0.888277
vt 0.022001 0.873998
vt 0.011729 0.862412
vt 0.034953 0.765261
vt 0.034831 0.764171
vt 0.040709 0.763678
vt 0.034954 0.765261
vt 0.041106 0.762565
vt 0.072635 0.770829
vt 0.051872 0.764374
vt 0.052226 0.763430
vt 0.040530 0.760230
vt 0.089091 0.780294
vt 0.073465 0.768882
vt 0.052956 0.761160
vt 0.022268 0.793474
vt 0.030279 0.775811
vt 0.033151 0.773736
vt 0.035945 0.772090
vt 0.341414 0.894030
vt 0.348325 0.872305
vt 0.348422 0.848354
vt 0.351904 0.847899
vt 0.355398 0.847655
vt 0.347195 0.848895
vt 0.343821 0.844780
vt 0.347181 0.872184
vt 0.340363 0.893492
vt 0.328986 0.913332
vt 0.339840 0.849608
vt 0.338101 0.846994
vt 0.340734 0.840814
vt 0.341529 0.852594
vt 0.341024 0.871520
vt 0.334661 0.890811
vt 0.328124 0.912519
vt 0.310879 0.929169
vt 0.305506 0.928196
vt 0.310263 0.927950
vt 0.312714 0.932033
vt 0.314797 0.934776
vt 0.318252 0.938138
vt 0.296592 0.959235
vt 0.303412 0.944241
vt 0.304651 0.942066
vt 0.305437 0.937880
vt 0.305051 0.937236
vt 0.301433 0.933054
vt 0.304152 0.929222
vt 0.200102 0.991392
vt 0.186156 0.999716
vt 0.215957 0.993623
vt 0.272441 0.981324
vt 0.247763 0.996517
vt 0.268019 0.978735
vt 0.270941 0.976426
vt 0.293072 0.955755
vt 0.266536 0.769466
vt 0.255437 0.764019
vt 0.247444 0.756406
vt 0.241096 0.747353
vt 0.237048 0.735400
vt 0.239733 0.724078
vt 0.237558 0.723072
vt 0.244422 0.704938
vt 0.242433 0.704053
vt 0.253052 0.684142
vt 0.255062 0.685270
vt 0.261632 0.675023
vt 0.255978 0.685741
vt 0.245367 0.705338
vt 0.269189 0.680872
vt 0.261517 0.688350
vt 0.250854 0.707206
vt 0.246699 0.725478
vt 0.257728 0.864505
vt 0.262479 0.852986
vt 0.264293 0.865440
vt 0.261792 0.873055
vt 0.255242 0.874372
vt 0.263964 0.882905
vt 0.257893 0.885565
vt 0.272879 0.900894
vt 0.267614 0.904395
vt 0.289284 0.917386
vt 0.256953 0.886173
vt 0.254079 0.874606
vt 0.256538 0.863954
vt 0.261331 0.852374
vt 0.268684 0.842833
vt 0.267560 0.842175
vt 0.275254 0.835883
vt 0.264173 0.840895
vt 0.258288 0.850829
vt 0.253394 0.861750
vt 0.251641 0.874931
vt 0.254944 0.887673
vt 0.273835 0.832756
vt 0.285670 0.828609
vt 0.285450 0.831016
vt 0.274816 0.834844
vt 0.327073 0.830744
vt 0.337181 0.835111
vt 0.336994 0.836186
vt 0.305188 0.828105
vt 0.326921 0.831710
vt 0.305139 0.829110
vt 0.285555 0.832120
vt 0.354153 0.835124
vt 0.351618 0.838266
vt 0.350842 0.838444
vt 0.345018 0.838215
vt 0.343620 0.842933
vt 0.341272 0.839931
vt 0.343112 0.837884
vt 0.338809 0.833477
vt 0.327362 0.828460
vt 0.305266 0.825945
vt 0.187818 0.902239
vt 0.177144 0.894054
vt 0.131037 0.899288
vt 0.128917 0.897562
vt 0.141101 0.890864
vt 0.142024 0.893167
vt 0.153308 0.892369
vt 0.154517 0.888720
vt 0.165434 0.893475
vt 0.166189 0.890313
vt 0.176009 0.899028
vt 0.165079 0.894741
vt 0.153199 0.893692
vt 0.142630 0.894301
vt 0.131896 0.900139
vt 0.114596 0.914474
vt 0.119403 0.918805
vt 0.107930 0.939736
vt 0.113649 0.913761
vt 0.102010 0.936152
vt 0.101129 0.935653
vt 0.099287 0.948273
vt 0.098281 0.947673
vt 0.100367 0.954930
vt 0.099231 0.954743
vt 0.096372 0.954770
vt 0.095743 0.947947
vt 0.098686 0.934405
vt 0.111679 0.912280
vt 0.284377 0.921721
vt 0.299841 0.922344
vt 0.294738 0.927506
vt 0.304390 0.923163
vt 0.301004 0.928203
vt 0.306372 0.923081
vt 0.308969 0.921419
vt 0.323572 0.908096
vt 0.300613 0.929166
vt 0.293936 0.928276
vt 0.283609 0.922425
vt 0.266731 0.905075
vt 0.264855 0.906622
vt 0.281808 0.924286
vt 0.293490 0.930748
vt 0.300001 0.931735
vt 0.183022 0.640497
vt 0.169003 0.634546
vt 0.197872 0.635271
vt 0.197624 0.639890
vt 0.227367 0.638861
vt 0.224781 0.642851
vt 0.227931 0.643571
vt 0.253584 0.653148
vt 0.347764 0.761309
vt 0.355168 0.787389
vt 0.360004 0.788309
vt 0.355691 0.790626
vt 0.361332 0.818098
vt 0.356705 0.817922
vt 0.354932 0.832792
vt 0.360278 0.847969
vt 0.105854 0.952019
vt 0.107104 0.957922
vt 0.106968 0.960172
vt 0.108056 0.962493
vt 0.123321 0.971529
vt 0.239553 0.670036
vt 0.234616 0.680095
vt 0.227578 0.697957
vt 0.233389 0.679667
vt 0.238175 0.669500
vt 0.239305 0.668920
vt 0.226917 0.645697
vt 0.224795 0.645153
vt 0.224661 0.654237
vt 0.220414 0.671688
vt 0.222859 0.653816
vt 0.204092 0.661481
vt 0.202482 0.672486
vt 0.188805 0.668833
vt 0.202635 0.661346
vt 0.203768 0.672658
vt 0.218893 0.671329
vt 0.215038 0.693821
vt 0.226125 0.697488
vt 0.188950 0.690811
vt 0.200674 0.691556
vt 0.197164 0.716300
vt 0.202185 0.691799
vt 0.213697 0.693497
vt 0.261318 0.669635
vt 0.248557 0.682933
vt 0.238378 0.702619
vt 0.219476 0.721718
vt 0.217613 0.721192
vt 0.208788 0.719972
vt 0.207815 0.755494
vt 0.233300 0.721729
vt 0.235146 0.722400
vt 0.240190 0.703244
vt 0.250497 0.683376
vt 0.263733 0.669929
vt 0.219841 0.756245
vt 0.213452 0.766275
vt 0.232872 0.735471
vt 0.234570 0.735223
vt 0.239646 0.747887
vt 0.254621 0.765324
vt 0.246289 0.757369
vt 0.238119 0.749084
vt 0.230111 0.758678
vt 0.219871 0.761627
vt 0.214878 0.771553
vt 0.239447 0.763290
vt 0.244827 0.758580
vt 0.253331 0.766643
vt 0.265907 0.773620
vt 0.266281 0.771922
vt 0.279299 0.774865
vt 0.278888 0.772939
vt 0.298366 0.772086
vt 0.242600 0.773235
vt 0.317957 0.762180
vt 0.297946 0.770285
vt 0.318274 0.764102
vt 0.332056 0.752561
vt 0.329980 0.773871
vt 0.331054 0.774173
vt 0.353142 0.788297
vt 0.330385 0.775252
vt 0.331926 0.750116
vt 0.075345 0.712103
vt 0.074282 0.711862
vt 0.074366 0.713109
vt 0.082530 0.720118
vt 0.081679 0.721062
vt 0.096032 0.732850
vt 0.095154 0.733972
vt 0.069805 0.729770
vt 0.087880 0.742709
vt 0.104033 0.724706
vt 0.114928 0.748576
vt 0.113829 0.750105
vt 0.109467 0.757872
vt 0.087068 0.743868
vt 0.108682 0.759029
vt 0.102989 0.765893
vt 0.134768 0.782651
vt 0.133405 0.784882
vt 0.142482 0.771127
vt 0.162947 0.780983
vt 0.158598 0.785381
vt 0.140987 0.773165
vt 0.138943 0.777658
vt 0.138059 0.779017
vt 0.156608 0.787782
vt 0.155433 0.789352
vt 0.154588 0.791149
vt 0.153250 0.793960
vt 0.150869 0.799714
vt 0.144232 0.811339
vt 0.149839 0.810984
vt 0.150637 0.816695
vt 0.140324 0.821687
vt 0.152219 0.822262
vt 0.128614 0.797768
vt 0.118754 0.802660
vt 0.124904 0.793700
vt 0.136687 0.796635
vt 0.139302 0.801498
vt 0.149908 0.805367
vt 0.068901 0.731021
vt 0.081293 0.753722
vt 0.101878 0.767536
vt 0.100564 0.786804
vt 0.105642 0.801159
vt 0.115202 0.812022
vt 0.107863 0.811982
vt 0.119668 0.822089
vt 0.106805 0.824708
vt 0.106081 0.812058
vt 0.103730 0.801479
vt 0.099147 0.787786
vt 0.091438 0.776586
vt 0.090492 0.778274
vt 0.075597 0.765329
vt 0.104808 0.824598
vt 0.101931 0.839284
vt 0.126329 0.830764
vt 0.129874 0.826417
vt 0.138036 0.826811
vt 0.100323 0.838243
vt 0.135733 0.839270
vt 0.103307 0.859849
vt 0.091973 0.850068
vt 0.090889 0.848201
vt 0.155167 0.828024
vt 0.137355 0.841558
vt 0.156906 0.830684
vt 0.074248 0.861833
vt 0.073284 0.860102
vt 0.051955 0.869851
vt 0.050757 0.868071
vt 0.032490 0.870833
vt 0.030882 0.868930
vt 0.048968 0.886569
vt 0.060561 0.882732
vt 0.079663 0.873709
vt 0.080511 0.875120
vt 0.104581 0.861593
vt 0.087037 0.886705
vt 0.081932 0.917578
vt 0.094533 0.931069
vt 0.071046 0.929498
vt 0.069858 0.927876
vt 0.080676 0.916315
vt 0.047403 0.911940
vt 0.065730 0.902598
vt 0.064862 0.901006
vt 0.061223 0.884026
vt 0.107932 0.908830
vt 0.098016 0.899990
vt 0.087919 0.888080
vt 0.096768 0.898647
vt 0.118827 0.880125
vt 0.125446 0.894010
vt 0.127050 0.895567
vt 0.109523 0.910307
vt 0.096321 0.932664
vt 0.089917 0.951746
vt 0.096343 0.932675
vt 0.139607 0.888460
vt 0.138981 0.886603
vt 0.154318 0.887048
vt 0.154646 0.885028
vt 0.160036 0.872666
vt 0.168858 0.879306
vt 0.167074 0.886746
vt 0.178760 0.890793
vt 0.166553 0.888650
vt 0.178093 0.892690
vt 0.191638 0.899653
vt 0.190143 0.900935
vt 0.204624 0.934692
vt 0.205911 0.961380
vt 0.190162 0.873508
vt 0.212377 0.903726
vt 0.199828 0.912467
vt 0.197575 0.912965
vt 0.206843 0.934220
vt 0.208161 0.960797
vt 0.201110 0.981443
vt 0.198500 0.982051
vt 0.229615 0.972737
vt 0.226099 0.955908
vt 0.231592 0.971805
vt 0.231147 0.973668
vt 0.266807 0.976267
vt 0.268665 0.974733
vt 0.272611 0.945747
vt 0.260670 0.968339
vt 0.227856 0.955337
vt 0.271037 0.945439
vt 0.272422 0.944443
vt 0.272611 0.945745
vt 0.262396 0.967139
vt 0.248591 0.950423
vt 0.222347 0.931033
vt 0.220592 0.931606
vt 0.235707 0.926043
vt 0.250205 0.949433
vt 0.262214 0.935744
vt 0.263476 0.934883
vt 0.277548 0.926913
vt 0.295231 0.936685
vt 0.279386 0.925782
vt 0.260902 0.909196
vt 0.250345 0.917238
vt 0.235924 0.893347
vt 0.248898 0.918103
vt 0.237256 0.925349
vt 0.234012 0.894298
vt 0.217053 0.859797
vt 0.229482 0.856650
vt 0.220786 0.847600
vt 0.210224 0.837083
vt 0.214159 0.832852
vt 0.217361 0.828050
vt 0.222294 0.830882
vt 0.221210 0.842058
vt 0.228401 0.851004
vt 0.239609 0.852128
vt 0.247248 0.875781
vt 0.250741 0.890148
vt 0.248321 0.845595
vt 0.255037 0.849203
vt 0.249918 0.860501
vt 0.262656 0.908027
vt 0.252543 0.888953
vt 0.249066 0.875571
vt 0.251773 0.861450
vt 0.256850 0.850094
vt 0.261469 0.838784
vt 0.249305 0.834749
vt 0.263073 0.839753
vt 0.272159 0.828770
vt 0.273064 0.830364
vt 0.247968 0.824011
vt 0.242818 0.825903
vt 0.236093 0.821333
vt 0.234643 0.824946
vt 0.231448 0.824519
vt 0.219984 0.822875
vt 0.221846 0.817502
vt 0.244497 0.812256
vt 0.280419 0.811267
vt 0.285274 0.824131
vt 0.285391 0.826150
vt 0.222716 0.811209
vt 0.244360 0.809647
vt 0.222851 0.808178
vt 0.243160 0.798452
vt 0.278156 0.799203
vt 0.242845 0.803329
vt 0.222503 0.804157
vt 0.221794 0.801196
vt 0.222922 0.806127
vt 0.243022 0.804861
vt 0.278313 0.800597
vt 0.280214 0.809353
vt 0.305337 0.808597
vt 0.304721 0.797101
vt 0.304544 0.795681
vt 0.277943 0.790292
vt 0.242682 0.795794
vt 0.219780 0.795212
vt 0.302107 0.784451
vt 0.277656 0.788343
vt 0.243591 0.783714
vt 0.232842 0.788682
vt 0.301778 0.783030
vt 0.320151 0.779066
vt 0.326779 0.792463
vt 0.319817 0.777821
vt 0.344430 0.789733
vt 0.327005 0.794009
vt 0.324420 0.808803
vt 0.305419 0.810072
vt 0.353411 0.790432
vt 0.336449 0.810407
vt 0.335469 0.809577
vt 0.344668 0.791503
vt 0.324465 0.810103
vt 0.335455 0.811002
vt 0.344619 0.833855
vt 0.343977 0.831424
vt 0.326892 0.823857
vt 0.305032 0.821701
vt 0.305105 0.823574
vt 0.327145 0.825811
vt 0.132582 0.739092
vt 0.146023 0.738669
vt 0.132120 0.740776
vt 0.167408 0.730296
vt 0.157025 0.735530
vt 0.146570 0.740434
vt 0.152939 0.751152
vt 0.147155 0.759985
vt 0.152208 0.761672
vt 0.154471 0.769255
vt 0.159863 0.769752
vt 0.160396 0.743918
vt 0.157796 0.737242
vt 0.168143 0.731959
vt 0.179105 0.722430
vt 0.177582 0.721483
vt 0.184931 0.710078
vt 0.182927 0.709822
vt 0.170761 0.744128
vt 0.186856 0.668358
vt 0.187131 0.690628
vt 0.183418 0.651194
vt 0.203326 0.660423
vt 0.181141 0.650359
vt 0.200953 0.866602
vt 0.189260 0.845767
vt 0.195549 0.844748
vt 0.203593 0.865643
vt 0.198639 0.843991
vt 0.176090 0.850201
vt 0.177503 0.844573
vt 0.183278 0.845577
vt 0.185158 0.857221
vt 0.189522 0.860942
vt 0.179757 0.877633
vt 0.186874 0.868879
vt 0.144850 0.850841
vt 0.112075 0.870027
vt 0.142224 0.846310
vt 0.159523 0.833942
vt 0.161802 0.836109
vt 0.158060 0.832520
vt 0.141235 0.845047
vt 0.111120 0.868849
vt 0.117311 0.878471
vt 0.146685 0.852840
vt 0.166808 0.840090
vt 0.152923 0.864017
vt 0.159337 0.853290
vt 0.165009 0.852115
vt 0.171991 0.842704
vt 0.158042 0.861582
vt 0.064510 0.745211
vt 0.080536 0.754968
vt 0.063866 0.746325
vt 0.054441 0.740727
vt 0.054571 0.720814
vt 0.047391 0.715835
vt 0.055614 0.719393
vt 0.048665 0.714137
vt 0.055481 0.757330
vt 0.053778 0.741985
vt 0.053223 0.741053
vt 0.036958 0.755895
vt 0.074651 0.766917
vt 0.054374 0.758976
vt 0.035228 0.757757
vt 0.103728 0.801481
vt 0.091915 0.953877
vt 0.069428 0.929554
vt 0.038617 0.915800
vt 0.064704 0.964631
vt 0.091908 0.953875
vt 0.049526 0.888039
vt 0.048257 0.887527
vt 0.037787 0.913696
vt 0.046571 0.910131
vt 0.297644 0.935570
vt 0.199035 0.716693
vt 0.191899 0.751658
vt 0.180858 0.746729
vt 0.181921 0.758438
vt 0.183654 0.772738
vt 0.178055 0.773640
vt 0.172645 0.775271
vt 0.170679 0.770193
vt 0.178343 0.762461
vt 0.178434 0.751493
vt 0.207415 0.719630
vt 0.194450 0.752076
vt 0.189904 0.773035
vt 0.198956 0.754021
vt 0.192977 0.773369
vt 0.205370 0.754776
vt 0.199594 0.775404
vt 0.196768 0.774329
vt 0.200448 0.754397
vt 0.194866 0.773659
vt 0.205155 0.778197
vt 0.217881 0.782056
vt 0.213638 0.785631
vt 0.209642 0.781562
vt 0.217039 0.790165
vt 0.227834 0.786619
vt 0.230817 0.785629
vt 0.238235 0.782945
vt 0.240261 0.778513
vt 0.200675 0.843472
vt 0.202443 0.842392
vt 0.209522 0.862269
vt 0.208048 0.862896
vt 0.224641 0.897472
vt 0.223205 0.898119
vt 0.214599 0.860976
vt 0.205110 0.840845
vt 0.214505 0.902930
vt 0.119640 0.735725
vt 0.120895 0.734268
vt 0.105186 0.723338
vt 0.090085 0.708759
vt 0.091242 0.707244
vt 0.083254 0.692601
vt 0.084419 0.690520
vt 0.167593 0.777735
vt 0.468218 0.264564
vt 0.471585 0.300052
vt 0.446453 0.268276
vt 0.492786 0.299744
vt 0.490909 0.273977
vt 0.486693 0.248384
vt 0.439029 0.237028
vt 0.459822 0.230110
vt 0.153817 0.084215
vt 0.156290 0.048475
vt 0.170302 0.087595
vt 0.295531 0.010250
vt 0.314305 0.000086
vt 0.314305 0.121959
vt 0.088435 0.037435
vt 0.087391 0.074553
vt 0.020647 0.036955
vt 0.019828 0.000227
vt 0.088432 0.000086
vt 0.020644 0.072962
vt 0.002890 0.020681
vt 0.003389 0.090890
vt 0.020654 0.108378
vt 0.020061 0.143705
vt 0.002679 0.160962
vt 0.019747 0.178828
vt 0.019092 0.213761
vt 0.001716 0.231048
vt 0.018820 0.248785
vt 0.018128 0.283608
vt 0.000833 0.300809
vt 0.017949 0.318366
vt 0.017490 0.353319
vt 0.000282 0.370731
vt 0.017505 0.387954
vt 0.017160 0.422889
vt 0.000086 0.440613
vt 0.017407 0.457561
vt 0.017273 0.492529
vt 0.000238 0.510586
vt 0.017678 0.527234
vt 0.017776 0.562189
vt 0.000886 0.580438
vt 0.018418 0.596759
vt 0.018696 0.631779
vt 0.001844 0.650506
vt 0.019450 0.666681
vt 0.019835 0.701775
vt 0.003005 0.720684
vt 0.020675 0.736773
vt 0.021103 0.771957
vt 0.004230 0.790665
vt 0.021805 0.807131
vt 0.022054 0.842578
vt 0.005084 0.860702
vt 0.022423 0.877829
vt 0.022117 0.913837
vt 0.004615 0.930176
vt 0.021399 0.950120
vt 0.019010 0.987307
vt 0.000086 0.999914
vt 0.176839 0.885165
vt 0.177654 0.848241
vt 0.195347 0.867679
vt 0.178903 0.811442
vt 0.295531 0.187863
vt 0.295531 0.122131
vt 0.312382 0.172441
vt 0.310951 0.207429
vt 0.179757 0.774804
vt 0.180945 0.738172
vt 0.197392 0.794289
vt 0.331430 0.124278
vt 0.312555 0.180803
vt 0.312555 0.122131
vt 0.181644 0.701767
vt 0.199326 0.720916
vt 0.207110 0.000086
vt 0.221092 0.024628
vt 0.189181 0.010717
vt 0.215406 0.056772
vt 0.234047 0.050993
vt 0.245900 0.078652
vt 0.237706 0.109198
vt 0.256619 0.108064
vt 0.266112 0.138612
vt 0.255558 0.166597
vt 0.274348 0.170384
vt 0.281333 0.203147
vt 0.268590 0.228116
vt 0.286859 0.236621
vt 0.291091 0.270877
vt 0.276516 0.292262
vt 0.293942 0.305479
vt 0.295359 0.340451
vt 0.279163 0.357909
vt 0.295354 0.375437
vt 0.293925 0.410144
vt 0.276514 0.423359
vt 0.291104 0.444779
vt 0.286916 0.478958
vt 0.268546 0.487576
vt 0.281356 0.512590
vt 0.274391 0.545284
vt 0.255581 0.549168
vt 0.266150 0.577136
vt 0.256708 0.607700
vt 0.237774 0.606587
vt 0.245936 0.637016
vt 0.234074 0.664906
vt 0.215488 0.658970
vt 0.221155 0.691157
vt 0.207138 0.715767
vt 0.189181 0.704991
vt 0.312393 0.207602
vt 0.312393 0.273439
vt 0.295531 0.223045
vt 0.491804 0.326029
vt 0.487771 0.352239
vt 0.468842 0.335852
vt 0.481476 0.377844
vt 0.471684 0.403331
vt 0.460730 0.371288
vt 0.492786 0.522669
vt 0.470615 0.537950
vt 0.442474 0.450012
vt 0.425629 0.435354
vt 0.446097 0.404908
vt 0.422683 0.467833
vt 0.458410 0.427463
vt 0.400252 0.459853
vt 0.036795 0.012860
vt 0.039993 0.051982
vt 0.019777 0.038574
vt 0.111268 0.040786
vt 0.110197 0.001309
vt 0.112337 0.079630
vt 0.182537 0.077222
vt 0.182987 0.038787
vt 0.042622 0.090001
vt 0.113333 0.117716
vt 0.182320 0.114771
vt 0.114303 0.155262
vt 0.044818 0.126744
vt 0.182803 0.151888
vt 0.028313 0.148109
vt 0.025159 0.094139
vt 0.046762 0.163027
vt 0.048036 0.199162
vt 0.115171 0.192200
vt 0.115940 0.228978
vt 0.183701 0.225777
vt 0.183041 0.188986
vt 0.049217 0.234837
vt 0.116608 0.265438
vt 0.183893 0.262525
vt 0.117170 0.301833
vt 0.050401 0.270186
vt 0.184500 0.299187
vt 0.032614 0.254450
vt 0.051012 0.305789
vt 0.051695 0.341119
vt 0.034215 0.307083
vt 0.117625 0.338083
vt 0.117930 0.374095
vt 0.185052 0.372665
vt 0.184595 0.336101
vt 0.052342 0.376243
vt 0.118130 0.410140
vt 0.184951 0.409550
vt 0.118180 0.446151
vt 0.052449 0.411629
vt 0.185137 0.445965
vt 0.034886 0.359877
vt 0.035708 0.412036
vt 0.052657 0.446606
vt 0.035720 0.464518
vt 0.016634 0.412530
vt 0.015794 0.360538
vt 0.052853 0.481640
vt 0.052529 0.516862
vt 0.035880 0.516710
vt 0.016645 0.464648
vt 0.118141 0.481907
vt 0.117949 0.517834
vt 0.184816 0.519206
vt 0.184830 0.482726
vt 0.117667 0.553637
vt 0.184237 0.555782
vt 0.117192 0.589449
vt 0.052342 0.551791
vt 0.183957 0.592296
vt 0.052145 0.586729
vt 0.035251 0.568946
vt 0.051336 0.621611
vt 0.016901 0.516335
vt 0.016315 0.568244
vt 0.034819 0.620879
vt 0.050686 0.656485
vt 0.115860 0.661047
vt 0.116626 0.625228
vt 0.182675 0.665193
vt 0.183193 0.628717
vt 0.115009 0.696829
vt 0.113950 0.732752
vt 0.050041 0.691215
vt 0.048713 0.726114
vt 0.033458 0.672966
vt 0.112794 0.768685
vt 0.047452 0.760818
vt 0.032245 0.724449
vt 0.013449 0.722287
vt 0.014637 0.671287
vt 0.029969 0.776095
vt 0.027503 0.827409
vt 0.011283 0.773391
vt 0.043972 0.830533
vt 0.046040 0.795609
vt 0.111428 0.804867
vt 0.109947 0.841335
vt 0.108248 0.878045
vt 0.041632 0.865440
vt 0.106425 0.915400
vt 0.175937 0.922738
vt 0.038946 0.900813
vt 0.023472 0.878797
vt 0.090387 0.950516
vt 0.089706 0.912899
vt 0.160261 0.942097
vt 0.035319 0.936686
vt 0.158845 0.904918
vt 0.088887 0.875924
vt 0.156567 0.867469
vt 0.088043 0.839443
vt 0.087099 0.803361
vt 0.154582 0.831229
vt 0.153031 0.795159
vt 0.173180 0.845748
vt 0.176475 0.899938
vt 0.031995 0.233207
vt 0.045541 0.200462
vt 0.052840 0.239813
vt 0.065063 0.210302
vt 0.063658 0.170052
vt 0.170140 0.792102
vt 0.166682 0.739260
vt 0.189008 0.785122
vt 0.151021 0.759812
vt 0.081403 0.182838
vt 0.149094 0.725296
vt 0.085165 0.732599
vt 0.086149 0.767924
vt 0.084261 0.697629
vt 0.083420 0.662976
vt 0.147820 0.690944
vt 0.082704 0.628356
vt 0.146556 0.657109
vt 0.162319 0.638335
vt 0.163884 0.688699
vt 0.145393 0.623438
vt 0.144789 0.589684
vt 0.082089 0.593885
vt 0.081587 0.559625
vt 0.144119 0.556339
vt 0.081198 0.525333
vt 0.080945 0.491283
vt 0.143388 0.523017
vt 0.159949 0.538493
vt 0.143241 0.489490
vt 0.143033 0.456186
vt 0.159082 0.488890
vt 0.080828 0.457062
vt 0.080800 0.422919
vt 0.142821 0.423118
vt 0.080934 0.388759
vt 0.081178 0.354532
vt 0.143129 0.389686
vt 0.158922 0.389934
vt 0.158999 0.439164
vt 0.143401 0.356592
vt 0.159608 0.340504
vt 0.143754 0.323423
vt 0.081588 0.320382
vt 0.082122 0.286000
vt 0.144651 0.290021
vt 0.082830 0.251566
vt 0.083592 0.216867
vt 0.145681 0.256803
vt 0.162455 0.242051
vt 0.160371 0.291362
vt 0.146823 0.223053
vt 0.148797 0.188913
vt 0.084503 0.181923
vt 0.085420 0.146645
vt 0.086418 0.110922
vt 0.150306 0.154246
vt 0.151736 0.119417
vt 0.167936 0.139095
vt 0.445891 0.197686
vt 0.426448 0.207773
vt 0.409827 0.180553
vt 0.427443 0.167636
vt 0.165277 0.191446
vt 0.183128 0.197919
vt 0.180053 0.244874
vt 0.178137 0.292963
vt 0.364836 0.135926
vt 0.388980 0.156657
vt 0.348215 0.159193
vt 0.368895 0.176957
vt 0.386812 0.197531
vt 0.401044 0.220882
vt 0.411789 0.246046
vt 0.418007 0.272884
vt 0.420363 0.300375
vt 0.449413 0.300302
vt 0.446731 0.332531
vt 0.417907 0.327825
vt 0.439335 0.364207
vt 0.411552 0.354841
vt 0.426331 0.394006
vt 0.400634 0.380084
vt 0.385737 0.403259
vt 0.408391 0.421153
vt 0.386302 0.443882
vt 0.367281 0.423358
vt 0.362266 0.462855
vt 0.346777 0.440553
vt 0.336571 0.477780
vt 0.324384 0.454141
vt 0.300899 0.464728
vt 0.309706 0.489491
vt 0.281450 0.497241
vt 0.276180 0.471366
vt 0.251965 0.501620
vt 0.250483 0.474454
vt 0.221091 0.501246
vt 0.223981 0.473041
vt 0.197168 0.467759
vt 0.189423 0.495815
vt 0.158849 0.484256
vt 0.171388 0.457667
vt 0.130413 0.468158
vt 0.147027 0.443904
vt 0.105339 0.447258
vt 0.125564 0.426178
vt 0.107068 0.405552
vt 0.083683 0.423117
vt 0.066676 0.395618
vt 0.092327 0.382114
vt 0.053903 0.366154
vt 0.081269 0.356902
vt 0.046357 0.334825
vt 0.074774 0.330058
vt 0.072174 0.302655
vt 0.043276 0.302925
vt 0.045815 0.271025
vt 0.074314 0.275359
vt 0.080272 0.248514
vt 0.090832 0.223202
vt 0.104805 0.199490
vt 0.102204 0.158551
vt 0.122617 0.178667
vt 0.143224 0.160564
vt 0.126219 0.137446
vt 0.153347 0.120784
vt 0.166604 0.146278
vt 0.160687 0.588512
vt 0.180476 0.636560
vt 0.178878 0.587115
vt 0.182218 0.686063
vt 0.182731 0.108213
vt 0.178110 0.537742
vt 0.213646 0.100844
vt 0.191788 0.135405
vt 0.218364 0.129070
vt 0.245562 0.126548
vt 0.245358 0.097829
vt 0.277144 0.100377
vt 0.272844 0.128706
vt 0.299543 0.134653
vt 0.308192 0.107454
vt 0.337546 0.119706
vt 0.324695 0.145191
vt 0.177507 0.341300
vt 0.176866 0.390221
vt 0.177035 0.439209
vt 0.177129 0.488559
vt 0.185128 0.735485
vt 0.005276 0.873393
vt 0.009055 0.823752
vt 0.000045 0.921820
vt 0.018220 0.930945
vt 0.015940 0.619719
vt 0.015004 0.308228
vt 0.013373 0.256216
vt 0.011750 0.203828
vt 0.031045 0.201287
vt 0.009048 0.151632
vt 0.005663 0.099270
vt 0.000045 0.047326
vt 0.182712 0.000045
vt 0.803866 0.487014
vt 0.820674 0.502606
vt 0.816006 0.506943
vt 0.799916 0.491936
vt 0.785460 0.473981
vt 0.782203 0.479327
vt 0.765769 0.463271
vt 0.763115 0.468953
vt 0.744878 0.454741
vt 0.742892 0.460737
vt 0.722749 0.449062
vt 0.721803 0.455602
vt 0.697887 0.446790
vt 0.673404 0.446790
vt 0.697558 0.453705
vt 0.673711 0.453606
vt 0.649207 0.449854
vt 0.650440 0.456531
vt 0.625737 0.455996
vt 0.627785 0.462451
vt 0.650642 0.457390
vt 0.673790 0.454492
vt 0.697537 0.454610
vt 0.697498 0.455133
vt 0.673870 0.455002
vt 0.721501 0.457259
vt 0.721093 0.459502
vt 0.697443 0.457664
vt 0.673995 0.457518
vt 0.721040 0.459995
vt 0.697405 0.458183
vt 0.650751 0.457900
vt 0.674013 0.457982
vt 0.651187 0.460317
vt 0.651294 0.460824
vt 0.628972 0.466021
vt 0.628250 0.463687
vt 0.628016 0.463221
vt 0.606398 0.471870
vt 0.606679 0.472343
vt 0.607771 0.474591
vt 0.586314 0.483676
vt 0.586032 0.483165
vt 0.567653 0.497298
vt 0.567338 0.496992
vt 0.587664 0.485686
vt 0.569210 0.499180
vt 0.607969 0.475002
vt 0.587918 0.486128
vt 0.569550 0.499644
vt 0.509783 0.594928
vt 0.505631 0.617225
vt 0.505137 0.617118
vt 0.503920 0.639869
vt 0.504372 0.639803
vt 0.505480 0.662573
vt 0.505932 0.662492
vt 0.509864 0.684985
vt 0.507563 0.685662
vt 0.503102 0.662910
vt 0.510403 0.684899
vt 0.517024 0.706476
vt 0.514759 0.707418
vt 0.514330 0.707564
vt 0.524729 0.728113
vt 0.524265 0.728308
vt 0.523536 0.728810
vt 0.513532 0.707952
vt 0.507022 0.685748
vt 0.502550 0.663021
vt 0.506178 0.685978
vt 0.507335 0.710438
vt 0.499689 0.687687
vt 0.501739 0.663085
vt 0.500065 0.639832
vt 0.500937 0.639839
vt 0.495065 0.663853
vt 0.501497 0.639869
vt 0.502669 0.616842
vt 0.502212 0.616795
vt 0.506976 0.594204
vt 0.509261 0.594723
vt 0.516189 0.572846
vt 0.516712 0.573100
vt 0.525954 0.552098
vt 0.513894 0.571996
vt 0.526352 0.552320
vt 0.523766 0.550886
vt 0.538098 0.532724
vt 0.538523 0.533003
vt 0.553029 0.515325
vt 0.552585 0.514959
vt 0.536163 0.531272
vt 0.550785 0.513307
vt 0.535669 0.530964
vt 0.523295 0.550651
vt 0.522497 0.550261
vt 0.534994 0.530401
vt 0.550496 0.512976
vt 0.549829 0.512372
vt 0.566769 0.496296
vt 0.529522 0.526562
vt 0.544850 0.507807
vt 0.562463 0.491075
vt 0.585505 0.482461
vt 0.581903 0.476816
vt 0.606051 0.471054
vt 0.603209 0.464986
vt 0.516595 0.547087
vt 0.506375 0.569069
vt 0.512687 0.571536
vt 0.498969 0.592235
vt 0.505543 0.593774
vt 0.494664 0.615926
vt 0.493354 0.639884
vt 0.501348 0.616668
vt 0.506384 0.594020
vt 0.513445 0.571809
vt 0.517711 0.731990
vt 0.530668 0.751982
vt 0.536022 0.748076
vt 0.546136 0.770255
vt 0.563809 0.786364
vt 0.550888 0.765616
vt 0.567888 0.781175
vt 0.583211 0.799969
vt 0.551542 0.765018
vt 0.586565 0.794338
vt 0.568437 0.780514
vt 0.551850 0.764722
vt 0.568758 0.780128
vt 0.587062 0.793631
vt 0.587346 0.793199
vt 0.607024 0.804112
vt 0.606639 0.804884
vt 0.627905 0.812850
vt 0.626027 0.819116
vt 0.604000 0.810857
vt 0.649080 0.824397
vt 0.672680 0.826817
vt 0.650141 0.817917
vt 0.696198 0.826219
vt 0.672879 0.820286
vt 0.695523 0.819624
vt 0.650275 0.817059
vt 0.672880 0.819433
vt 0.717831 0.816004
vt 0.717593 0.815180
vt 0.695405 0.818792
vt 0.695411 0.818289
vt 0.672921 0.818838
vt 0.650735 0.814234
vt 0.672985 0.816471
vt 0.650336 0.816555
vt 0.629136 0.808775
vt 0.650767 0.813825
vt 0.629032 0.809297
vt 0.628298 0.811520
vt 0.608344 0.801029
vt 0.608181 0.801510
vt 0.607182 0.803698
vt 0.628195 0.812045
vt 0.588557 0.791160
vt 0.570250 0.778236
vt 0.570629 0.777889
vt 0.588902 0.790754
vt 0.527283 0.726703
vt 0.539442 0.745495
vt 0.539044 0.745798
vt 0.553578 0.763054
vt 0.553988 0.762662
vt 0.526821 0.726898
vt 0.517522 0.706330
vt 0.537091 0.747223
vt 0.536692 0.747529
vt 0.738156 0.805566
vt 0.758489 0.796477
vt 0.758697 0.796869
vt 0.777785 0.785396
vt 0.777489 0.784910
vt 0.794763 0.770877
vt 0.795118 0.771314
vt 0.810151 0.754688
vt 0.824046 0.736692
vt 0.810607 0.755026
vt 0.823538 0.736400
vt 0.826046 0.738073
vt 0.812404 0.756520
vt 0.838071 0.717889
vt 0.838541 0.718189
vt 0.826489 0.738337
vt 0.839346 0.718570
vt 0.827206 0.738863
vt 0.812766 0.756877
vt 0.848956 0.696793
vt 0.855460 0.699083
vt 0.845390 0.721682
vt 0.832777 0.742589
vt 0.813441 0.757430
vt 0.818511 0.761652
vt 0.797642 0.774002
vt 0.802058 0.778849
vt 0.779978 0.788398
vt 0.783692 0.793787
vt 0.760441 0.800252
vt 0.763469 0.806078
vt 0.739647 0.809565
vt 0.741912 0.815717
vt 0.719182 0.822337
vt 0.739360 0.808763
vt 0.717403 0.814668
vt 0.739192 0.808254
vt 0.760069 0.799484
vt 0.716961 0.812370
vt 0.695162 0.815941
vt 0.695110 0.815400
vt 0.716752 0.811925
vt 0.738393 0.806080
vt 0.759848 0.799020
vt 0.779447 0.787715
vt 0.779178 0.787290
vt 0.797061 0.773361
vt 0.796690 0.773019
vt 0.673067 0.816024
vt 0.862337 0.674990
vt 0.867091 0.650201
vt 0.855496 0.673421
vt 0.860644 0.649363
vt 0.854619 0.673155
vt 0.848106 0.696500
vt 0.847561 0.696254
vt 0.845266 0.695447
vt 0.854093 0.673014
vt 0.835828 0.716716
vt 0.851576 0.672409
vt 0.835418 0.716501
vt 0.844729 0.695276
vt 0.858934 0.649149
vt 0.851123 0.672244
vt 0.856545 0.648859
vt 0.856041 0.648842
vt 0.857682 0.627667
vt 0.859881 0.627770
vt 0.857213 0.627670
vt 0.852869 0.648462
vt 0.854207 0.627584
vt 0.854114 0.606648
vt 0.857176 0.606384
vt 0.851025 0.585935
vt 0.854066 0.585260
vt 0.847567 0.564502
vt 0.844656 0.565599
vt 0.838542 0.544901
vt 0.838953 0.544589
vt 0.847975 0.564371
vt 0.826883 0.526528
vt 0.827233 0.526182
vt 0.835790 0.546370
vt 0.824359 0.528320
vt 0.810765 0.511866
vt 0.813042 0.509763
vt 0.813336 0.509487
vt 0.797614 0.494703
vt 0.797309 0.495062
vt 0.799022 0.492971
vt 0.781495 0.480419
vt 0.780279 0.482273
vt 0.781700 0.479991
vt 0.762551 0.470129
vt 0.762709 0.469683
vt 0.799367 0.492549
vt 0.815015 0.507906
vt 0.815413 0.507532
vt 0.829064 0.524860
vt 0.840940 0.543519
vt 0.829511 0.524536
vt 0.841377 0.543264
vt 0.830171 0.524040
vt 0.842093 0.542810
vt 0.850645 0.563374
vt 0.850162 0.563506
vt 0.856807 0.584620
vt 0.854511 0.585177
vt 0.857621 0.606425
vt 0.859879 0.606236
vt 0.857326 0.584555
vt 0.860429 0.606258
vt 0.858133 0.584401
vt 0.861248 0.606166
vt 0.860396 0.627719
vt 0.859483 0.649218
vt 0.861195 0.628180
vt 0.867267 0.605698
vt 0.861196 0.628179
vt 0.867442 0.628187
vt 0.864369 0.583617
vt 0.861771 0.561580
vt 0.859529 0.539460
vt 0.855523 0.562238
vt 0.851426 0.563034
vt 0.835335 0.520362
vt 0.847502 0.539405
vt 0.742263 0.461407
vt 0.742163 0.461913
vt 0.761553 0.472190
vt 0.780074 0.482694
vt 0.741464 0.464184
vt 0.761396 0.472582
vt 0.778488 0.485295
vt 0.760147 0.475331
vt 0.741348 0.464615
vt 0.740406 0.467622
vt 0.720561 0.463033
vt 0.629123 0.466548
vt 0.795347 0.497409
vt 0.721592 0.456668
vt 0.742263 0.461406
vt 0.912016 0.141949
vt 0.916150 0.167965
vt 0.907759 0.143744
vt 0.909603 0.169806
vt 0.901573 0.146309
vt 0.896540 0.120430
vt 0.900483 0.118148
vt 0.903034 0.116718
vt 0.888529 0.094252
vt 0.886131 0.096071
vt 0.890695 0.092695
vt 0.871402 0.073732
vt 0.873323 0.072024
vt 0.875709 0.069747
vt 0.853613 0.053404
vt 0.855681 0.050925
vt 0.833502 0.034633
vt 0.831688 0.037390
vt 0.809303 0.021178
vt 0.807969 0.024079
vt 0.783632 0.010806
vt 0.782587 0.013883
vt 0.756698 0.003768
vt 0.729011 0.000284
vt 0.756040 0.007032
vt 0.728811 0.003538
vt 0.701094 0.000284
vt 0.673348 0.003824
vt 0.701306 0.003521
vt 0.646095 0.010953
vt 0.673925 0.007085
vt 0.620107 0.021304
vt 0.647195 0.014034
vt 0.595505 0.035021
vt 0.621493 0.024339
vt 0.597373 0.037801
vt 0.572857 0.051800
vt 0.552547 0.071281
vt 0.574961 0.054293
vt 0.598717 0.040031
vt 0.576713 0.056317
vt 0.555004 0.073449
vt 0.534863 0.093030
vt 0.537567 0.095045
vt 0.556951 0.075239
vt 0.578699 0.058708
vt 0.559203 0.077327
vt 0.539865 0.096544
vt 0.542294 0.098316
vt 0.525496 0.119698
vt 0.523044 0.118445
vt 0.511570 0.143405
vt 0.520188 0.116917
vt 0.508452 0.142235
vt 0.499947 0.168929
vt 0.503241 0.169725
vt 0.513997 0.144451
vt 0.494885 0.196429
vt 0.493354 0.224473
vt 0.498146 0.196866
vt 0.505770 0.170415
vt 0.500775 0.197285
vt 0.496580 0.224449
vt 0.495219 0.252392
vt 0.498480 0.251960
vt 0.499396 0.224366
vt 0.501200 0.251558
vt 0.502321 0.224372
vt 0.503872 0.197616
vt 0.508728 0.171251
vt 0.513288 0.172319
vt 0.508565 0.198153
vt 0.521265 0.147228
vt 0.527644 0.149766
vt 0.519953 0.173975
vt 0.515366 0.198979
vt 0.533328 0.151940
vt 0.525882 0.175372
vt 0.521401 0.199735
vt 0.573390 0.167544
vt 0.567627 0.185932
vt 0.578991 0.169739
vt 0.581435 0.149987
vt 0.573480 0.187287
vt 0.586760 0.152905
vt 0.576228 0.188027
vt 0.581689 0.170741
vt 0.591728 0.133576
vt 0.596594 0.137181
vt 0.589314 0.154193
vt 0.606648 0.144320
vt 0.598881 0.138744
vt 0.597684 0.158729
vt 0.590549 0.174232
vt 0.585450 0.190370
vt 0.582393 0.207024
vt 0.572907 0.205917
vt 0.570155 0.205573
vt 0.571917 0.224080
vt 0.569064 0.224044
vt 0.573172 0.242099
vt 0.581439 0.224022
vt 0.570398 0.242492
vt 0.576714 0.259990
vt 0.582607 0.240928
vt 0.585958 0.257560
vt 0.582423 0.277166
vt 0.591303 0.273619
vt 0.598612 0.288940
vt 0.590289 0.293561
vt 0.600125 0.308844
vt 0.579827 0.278241
vt 0.587789 0.294969
vt 0.597790 0.310544
vt 0.582540 0.297890
vt 0.574262 0.280547
vt 0.544791 0.318772
vt 0.534167 0.296478
vt 0.568152 0.262280
vt 0.573957 0.260711
vt 0.564432 0.243305
vt 0.526463 0.273056
vt 0.528527 0.298783
vt 0.520571 0.274624
vt 0.521654 0.248875
vt 0.533489 0.325079
vt 0.539467 0.321739
vt 0.522130 0.301306
vt 0.529349 0.327391
vt 0.513900 0.276366
vt 0.517801 0.303023
vt 0.509389 0.277566
vt 0.515012 0.304145
vt 0.526734 0.328844
vt 0.541534 0.351830
vt 0.539213 0.353515
vt 0.524321 0.330198
vt 0.554519 0.376912
vt 0.536549 0.355405
vt 0.556954 0.374616
vt 0.577178 0.393496
vt 0.558956 0.372726
vt 0.575087 0.396013
vt 0.578958 0.391356
vt 0.599594 0.409551
vt 0.597899 0.412273
vt 0.623969 0.422745
vt 0.601117 0.407266
vt 0.622617 0.425805
vt 0.648771 0.436030
vt 0.649899 0.432885
vt 0.625132 0.420400
vt 0.676092 0.442925
vt 0.676722 0.439630
vt 0.704118 0.446223
vt 0.704307 0.442964
vt 0.732350 0.446139
vt 0.732186 0.442899
vt 0.704491 0.440271
vt 0.677161 0.437068
vt 0.677779 0.433931
vt 0.650617 0.430402
vt 0.651554 0.427451
vt 0.704611 0.437257
vt 0.652976 0.422877
vt 0.678542 0.429323
vt 0.631252 0.407094
vt 0.655051 0.416342
vt 0.628382 0.413376
vt 0.612135 0.389714
vt 0.608880 0.394887
vt 0.633872 0.401571
vt 0.605184 0.400716
vt 0.588187 0.380009
vt 0.592100 0.375320
vt 0.583803 0.385294
vt 0.569526 0.362654
vt 0.573968 0.358482
vt 0.558153 0.339472
vt 0.553295 0.343155
vt 0.564510 0.367448
vt 0.561098 0.370677
vt 0.547706 0.347260
vt 0.580811 0.389043
vt 0.543964 0.350049
vt 0.602684 0.404683
vt 0.626384 0.417638
vt 0.592966 0.314133
vt 0.609720 0.324742
vt 0.605314 0.328829
vt 0.623253 0.337309
vt 0.619494 0.341927
vt 0.638308 0.348091
vt 0.639814 0.345655
vt 0.625054 0.335071
vt 0.655793 0.354290
vt 0.631094 0.327738
vt 0.644900 0.337547
vt 0.659795 0.345645
vt 0.675644 0.351716
vt 0.672788 0.360797
vt 0.690390 0.365186
vt 0.692068 0.355779
vt 0.708507 0.367255
vt 0.709037 0.357722
vt 0.726686 0.367074
vt 0.725917 0.357474
vt 0.744697 0.364467
vt 0.742788 0.355189
vt 0.726837 0.369864
vt 0.745285 0.367311
vt 0.762226 0.359695
vt 0.759189 0.350641
vt 0.779026 0.352780
vt 0.763176 0.362408
vt 0.780238 0.355267
vt 0.765139 0.368107
vt 0.746501 0.373221
vt 0.727330 0.375893
vt 0.755155 0.415891
vt 0.779216 0.409378
vt 0.730426 0.419261
vt 0.708033 0.376160
vt 0.688829 0.373876
vt 0.705588 0.419514
vt 0.708350 0.370147
vt 0.689857 0.367994
vt 0.670098 0.369267
vt 0.671938 0.363519
vt 0.652156 0.362365
vt 0.656977 0.410525
vt 0.680954 0.416485
vt 0.635134 0.353197
vt 0.654584 0.356843
vt 0.705261 0.425572
vt 0.679913 0.422517
vt 0.704828 0.432511
vt 0.731485 0.432304
vt 0.731757 0.437054
vt 0.758699 0.433395
vt 0.757807 0.428768
vt 0.730863 0.425393
vt 0.785977 0.429245
vt 0.759320 0.436442
vt 0.784955 0.426265
vt 0.783520 0.421814
vt 0.810265 0.415852
vt 0.811606 0.418728
vt 0.835841 0.404853
vt 0.812898 0.421195
vt 0.837274 0.407248
vt 0.834137 0.402250
vt 0.857985 0.387987
vt 0.859783 0.390062
vt 0.856003 0.385687
vt 0.877683 0.368522
vt 0.879733 0.370448
vt 0.875354 0.366538
vt 0.894441 0.346812
vt 0.896766 0.348295
vt 0.913562 0.325794
vt 0.899467 0.350175
vt 0.910652 0.324313
vt 0.924375 0.300038
vt 0.921237 0.298940
vt 0.908076 0.323059
vt 0.891892 0.344977
vt 0.905393 0.321840
vt 0.918739 0.298182
vt 0.871851 0.363456
vt 0.887942 0.342549
vt 0.866650 0.358804
vt 0.848230 0.376798
vt 0.852838 0.382174
vt 0.827541 0.392514
vt 0.831445 0.398293
vt 0.808208 0.411597
vt 0.805120 0.405326
vt 0.781320 0.415188
vt 0.802373 0.399780
vt 0.782976 0.360625
vt 0.824172 0.387293
vt 0.844230 0.372068
vt 0.799542 0.351037
vt 0.796200 0.346082
vt 0.794712 0.343784
vt 0.809050 0.333061
vt 0.810920 0.335258
vt 0.789555 0.335858
vt 0.774818 0.344199
vt 0.803080 0.325740
vt 0.815427 0.314033
vt 0.822522 0.320593
vt 0.834023 0.306202
vt 0.826095 0.300689
vt 0.843526 0.290535
vt 0.835036 0.286073
vt 0.850973 0.273912
vt 0.841991 0.270445
vt 0.856307 0.256398
vt 0.847030 0.254103
vt 0.849934 0.237419
vt 0.859390 0.238510
vt 0.850628 0.220469
vt 0.860138 0.220403
vt 0.849323 0.203585
vt 0.858719 0.202264
vt 0.845806 0.186931
vt 0.855023 0.184355
vt 0.848926 0.167286
vt 0.840235 0.170904
vt 0.840993 0.151221
vt 0.832777 0.155813
vt 0.831222 0.136234
vt 0.823653 0.141757
vt 0.812989 0.129020
vt 0.819735 0.122545
vt 0.821755 0.120569
vt 0.806574 0.110334
vt 0.833439 0.134563
vt 0.843426 0.149789
vt 0.838205 0.131119
vt 0.826100 0.116519
vt 0.872147 0.106359
vt 0.860999 0.083722
vt 0.877007 0.102886
vt 0.885481 0.126742
vt 0.856592 0.087795
vt 0.865906 0.079019
vt 0.847077 0.061329
vt 0.842766 0.066449
vt 0.838957 0.071068
vt 0.826209 0.046044
vt 0.822603 0.051785
vt 0.819306 0.056785
vt 0.812104 0.103540
vt 0.796734 0.092499
vt 0.793529 0.097534
vt 0.808388 0.108144
vt 0.777492 0.088846
vt 0.792035 0.099962
vt 0.776289 0.091390
vt 0.787088 0.107939
vt 0.772326 0.099906
vt 0.759586 0.084930
vt 0.756741 0.093886
vt 0.742066 0.080490
vt 0.760394 0.082157
vt 0.740367 0.089797
vt 0.724230 0.078407
vt 0.723682 0.087800
vt 0.706778 0.087944
vt 0.706136 0.078537
vt 0.688275 0.080966
vt 0.690133 0.090211
vt 0.673817 0.094620
vt 0.670808 0.085608
vt 0.669884 0.082865
vt 0.654002 0.092424
vt 0.687715 0.078107
vt 0.652750 0.089874
vt 0.638223 0.101311
vt 0.658135 0.100956
vt 0.643381 0.109362
vt 0.629780 0.119516
vt 0.623654 0.112203
vt 0.617454 0.131204
vt 0.610526 0.124727
vt 0.621765 0.109982
vt 0.608399 0.122750
vt 0.604006 0.118703
vt 0.617833 0.105445
vt 0.572196 0.089264
vt 0.590075 0.072234
vt 0.551791 0.105009
vt 0.556770 0.108559
vt 0.567730 0.085016
vt 0.586239 0.067494
vt 0.610017 0.057475
vt 0.633378 0.093943
vt 0.606724 0.052336
vt 0.631532 0.045465
vt 0.650157 0.084470
vt 0.667949 0.077208
vt 0.636651 0.098976
vt 0.686492 0.072265
vt 0.654491 0.036228
vt 0.678321 0.030009
vt 0.705571 0.069735
vt 0.702710 0.026874
vt 0.724705 0.069550
vt 0.705965 0.075684
vt 0.677123 0.024050
vt 0.702399 0.020819
vt 0.727285 0.026843
vt 0.675869 0.017273
vt 0.650361 0.023953
vt 0.652536 0.030462
vt 0.625936 0.033820
vt 0.628941 0.039948
vt 0.603002 0.046558
vt 0.581726 0.062211
vt 0.600425 0.042715
vt 0.624077 0.029488
vt 0.622674 0.026711
vt 0.649029 0.019425
vt 0.648101 0.016597
vt 0.674446 0.009640
vt 0.674934 0.012706
vt 0.701943 0.013930
vt 0.701677 0.009322
vt 0.728169 0.014011
vt 0.728351 0.009272
vt 0.701391 0.006228
vt 0.754051 0.017297
vt 0.728573 0.006330
vt 0.754944 0.012687
vt 0.755443 0.009744
vt 0.780774 0.019379
vt 0.781721 0.016483
vt 0.806753 0.026560
vt 0.805498 0.029263
vt 0.830317 0.039725
vt 0.828700 0.042130
vt 0.851932 0.055542
vt 0.850017 0.057764
vt 0.869272 0.075808
vt 0.882451 0.098872
vt 0.890650 0.123828
vt 0.851569 0.166161
vt 0.901146 0.319658
vt 0.882260 0.338619
vt 0.895025 0.316602
vt 0.911453 0.295524
vt 0.915858 0.297092
vt 0.904993 0.293245
vt 0.918621 0.270445
vt 0.923158 0.271401
vt 0.927313 0.245228
vt 0.922770 0.244805
vt 0.912005 0.268977
vt 0.923601 0.218880
vt 0.928224 0.218798
vt 0.930260 0.245552
vt 0.931200 0.218696
vt 0.933860 0.218664
vt 0.932969 0.245715
vt 0.926126 0.272069
vt 0.937135 0.218461
vt 0.936188 0.246016
vt 0.928760 0.272580
vt 0.931923 0.273273
vt 0.934698 0.191346
vt 0.929091 0.164525
vt 0.931499 0.191758
vt 0.920255 0.138638
vt 0.925956 0.165331
vt 0.917202 0.139825
vt 0.908204 0.113921
vt 0.905383 0.115417
vt 0.893305 0.090731
vt 0.914734 0.140829
vt 0.920587 0.166862
vt 0.923371 0.166111
vt 0.928964 0.192089
vt 0.926075 0.192554
vt 0.921414 0.193171
vt 0.916849 0.219013
vt 0.914788 0.194186
vt 0.916016 0.244027
vt 0.803488 0.033451
vt 0.800610 0.039581
vt 0.779363 0.023778
vt 0.777174 0.030228
vt 0.798079 0.045028
vt 0.775319 0.035960
vt 0.752768 0.023928
vt 0.751681 0.029952
vt 0.779948 0.083454
vt 0.762155 0.076501
vt 0.743649 0.071872
vt 0.742599 0.077733
vt 0.724329 0.075554
vt 0.727732 0.020803
vt 0.562633 0.080426
vt 0.546202 0.101003
vt 0.528097 0.121158
vt 0.532236 0.123441
vt 0.516962 0.145565
vt 0.538322 0.126656
vt 0.543710 0.129497
vt 0.800661 0.117600
vt 0.756411 0.421930
vt 0.882273 0.372647
vt 0.861940 0.392704
vt 0.839223 0.409999
vt 0.814315 0.424158
vt 0.786813 0.431852
vt 0.787894 0.434929
vt 0.760485 0.442362
vt 0.759856 0.439089
vt 0.732007 0.440081
vt 0.618658 0.316185
vt 0.607794 0.303151
vt 0.611709 0.322698
vt 0.521497 0.331847
vt 0.509329 0.306484
vt 0.512447 0.305277
vt 0.503853 0.279119
vt 0.500596 0.279870
vt 0.506444 0.278280
vt 0.504163 0.251117
vt 0.507042 0.224439
vt 0.508862 0.250516
vt 0.515613 0.249651
vt 0.513944 0.224360
vt 0.520028 0.224309
vt 0.564176 0.204888
vt 0.563121 0.224135
vt 0.704291 0.852787
vt 0.713253 0.828581
vt 0.709432 0.856265
vt 0.706678 0.827832
vt 0.706051 0.866397
vt 0.710599 0.859276
vt 0.708365 0.866598
vt 0.708496 0.858261
vt 0.703103 0.854005
vt 0.698194 0.851762
vt 0.702997 0.852418
vt 0.697777 0.853233
vt 0.691919 0.858259
vt 0.690621 0.855868
vt 0.696794 0.851882
vt 0.697074 0.827393
vt 0.690457 0.827384
vt 0.689016 0.855871
vt 0.688853 0.827387
vt 0.694119 0.867237
vt 0.689978 0.859994
vt 0.696603 0.866434
vt 0.705582 0.868936
vt 0.697165 0.868949
vt 0.698564 0.827384
vt 0.705197 0.827731
vt 0.594140 0.846118
vt 0.587267 0.871616
vt 0.588586 0.842036
vt 0.594079 0.871722
vt 0.587267 0.840404
vt 0.589704 0.839795
vt 0.466236 0.641471
vt 0.466236 0.634546
vt 0.467935 0.640540
vt 0.595402 0.844906
vt 0.593701 0.830028
vt 0.600008 0.847178
vt 0.595524 0.846483
vt 0.604932 0.842076
vt 0.600438 0.845839
vt 0.595649 0.871678
vt 0.602583 0.871196
vt 0.601325 0.846983
vt 0.604135 0.870996
vt 0.605822 0.843771
vt 0.610918 0.869974
vt 0.607270 0.842491
vt 0.607024 0.833641
vt 0.612463 0.869687
vt 0.604168 0.833352
vt 0.595110 0.827384
vt 0.604324 0.830352
vt 0.644878 0.845415
vt 0.638451 0.871066
vt 0.639342 0.841144
vt 0.645330 0.871066
vt 0.638519 0.838836
vt 0.640966 0.839415
vt 0.643813 0.830047
vt 0.640998 0.829877
vt 0.646166 0.844172
vt 0.655516 0.841190
vt 0.651165 0.845013
vt 0.650813 0.846358
vt 0.646297 0.845757
vt 0.646905 0.871063
vt 0.653876 0.870344
vt 0.652074 0.846137
vt 0.655367 0.870184
vt 0.656480 0.842842
vt 0.662214 0.868902
vt 0.657869 0.841507
vt 0.663740 0.868577
vt 0.657157 0.832790
vt 0.654268 0.832649
vt 0.645130 0.827384
vt 0.654337 0.829716
vt 0.619774 0.846062
vt 0.613030 0.871282
vt 0.614234 0.842035
vt 0.619780 0.871441
vt 0.619546 0.830003
vt 0.613030 0.838092
vt 0.616621 0.829467
vt 0.615387 0.839733
vt 0.621085 0.844812
vt 0.625647 0.847116
vt 0.621156 0.846368
vt 0.626034 0.845783
vt 0.630555 0.842081
vt 0.631381 0.843765
vt 0.626896 0.846880
vt 0.629675 0.870703
vt 0.636357 0.869611
vt 0.632785 0.842438
vt 0.637884 0.869329
vt 0.632544 0.833674
vt 0.629788 0.833376
vt 0.620887 0.827384
vt 0.630100 0.830427
vt 0.628202 0.870897
vt 0.621338 0.871396
s 1
usemtl Material.082
f 1/1/1 5/2/2 2/3/3
f 4/4/4 3/4/5 1/4/1
f 5/2/2 1/1/1 3/5/5
f 6/6/6 2/3/3 5/2/2
f 8/7/7 5/2/2 3/5/5
f 6/6/6 5/2/2 7/8/8
f 5/2/2 8/7/7 7/8/8
f 9/9/9 10/10/10 8/7/7
f 3/4/5 9/4/9 8/4/7
f 8/7/7 10/10/10 7/8/8
f 10/10/10 9/9/9 11/11/11
f 11/4/11 12/4/12 10/4/10
f 7/8/8 10/10/10 13/12/13
f 12/13/12 14/14/14 10/10/10
f 13/12/13 10/10/10 14/14/14
f 15/15/15 13/12/13 14/14/14
f 16/4/16 15/4/15 14/4/14
f 14/14/14 12/13/12 16/16/16
f 16/4/16 17/4/17 15/4/15
f 17/4/17 16/4/16 18/4/18
f 12/4/12 18/4/18 16/4/16
f 18/4/18 12/4/12 19/4/19
f 11/4/11 19/4/19 12/4/12
f 19/4/19 11/4/11 20/4/20
f 9/4/9 20/4/20 11/4/11
f 20/4/20 9/4/9 4/4/4
f 21/4/21 15/4/15 17/4/17
f 15/4/15 21/4/21 22/4/22
f 23/17/23 22/18/22 21/19/21
f 24/20/24 25/21/25 23/17/23
f 22/18/22 23/17/23 25/21/25
f 25/21/25 24/20/24 27/22/26
f 26/23/27 25/21/25 27/22/26
f 25/21/25 26/23/27 13/12/13
f 22/18/22 25/21/25 13/12/13
f 27/22/26 29/24/28 28/25/29
f 27/22/26 28/25/29 26/23/27
f 29/4/28 27/4/26 24/4/24
f 30/26/30 28/25/29 29/24/28
f 28/25/29 30/26/30 6/6/6
f 2/3/3 6/6/6 30/26/30
f 7/8/8 28/25/29 6/6/6
f 28/25/29 7/8/8 26/23/27
f 7/8/8 13/12/13 26/23/27
f 13/12/13 15/15/15 22/18/22
f 3/4/5 4/4/4 9/4/9
usemtl Material.083
f 31/27/31 32/28/32 33/29/33
f 31/27/31 33/29/33 34/30/34
f 35/31/35 31/27/31 34/30/34
f 35/31/35 34/30/34 36/32/36
f 35/31/35 36/32/36 37/33/37
f 35/31/35 37/33/37 38/34/38
f 35/31/35 38/34/39 39/35/40
f 31/27/31 35/31/35 39/35/40
f 31/27/31 39/35/40 40/36/41
f 31/27/31 40/36/41 41/37/42
f 42/38/43 31/27/31 41/37/42
f 42/38/43 41/37/42 43/39/44
f 42/38/43 43/39/44 44/40/45
f 42/38/43 44/40/45 45/41/46
f 42/38/43 45/41/46 32/28/32
f 31/27/31 42/38/43 32/28/32
f 46/42/47 47/43/48 48/44/49
f 49/45/50 46/42/47 48/44/49
f 50/46/51 49/45/50 48/44/49
f 51/47/52 50/46/51 48/44/49
f 52/48/53 51/47/52 48/44/49
f 52/48/53 48/44/49 47/43/48
f 53/49/54 52/48/53 47/43/48
f 54/50/55 53/49/54 47/43/48
f 54/50/55 47/43/48 55/51/56
f 56/52/57 54/50/55 55/51/56
f 57/53/58 56/52/57 55/51/56
f 58/54/59 57/53/58 55/51/56
f 59/55/60 58/54/59 55/51/56
f 59/55/60 55/51/56 47/43/48
f 60/56/61 59/55/60 47/43/48
f 46/42/47 60/56/61 47/43/48
f 61/57/62 62/58/63 63/59/64
f 64/60/65 61/57/62 63/59/64
f 65/61/66 64/60/65 63/59/64
f 66/62/67 65/61/66 63/59/64
f 67/63/68 66/62/67 63/59/64
f 67/63/68 63/59/64 62/58/63
f 68/64/69 67/63/68 62/58/63
f 69/65/70 68/64/69 62/58/63
f 69/65/70 62/58/63 70/66/71
f 71/67/72 69/65/70 70/66/71
f 72/68/73 71/67/72 70/66/71
f 73/69/74 72/68/73 70/66/71
f 74/70/75 73/69/74 70/66/71
f 74/70/75 70/66/71 62/58/63
f 75/71/76 74/70/75 62/58/63
f 61/57/62 75/71/76 62/58/63
f 76/72/77 77/73/78 78/74/79
f 79/75/80 76/72/77 78/74/79
f 80/76/81 79/75/82 78/74/79
f 81/77/83 80/76/81 78/74/79
f 82/78/84 81/77/83 78/74/79
f 82/78/84 78/74/79 77/73/78
f 83/79/85 82/78/84 77/73/78
f 84/80/86 83/79/85 77/73/78
f 84/80/86 77/73/78 85/81/87
f 86/82/88 84/80/86 85/81/87
f 87/83/89 86/82/88 85/81/87
f 88/84/90 87/83/89 85/81/87
f 89/85/91 88/84/90 85/81/87
f 89/85/91 85/81/87 77/73/78
f 90/86/92 89/85/91 77/73/78
f 76/72/77 90/86/92 77/73/78
f 91/87/93 92/88/94 93/89/95
f 91/87/93 93/89/95 94/90/96
f 95/91/97 91/87/93 94/90/96
f 95/91/97 94/90/96 96/92/98
f 95/91/97 96/92/98 97/93/99
f 98/94/100 95/91/97 97/93/99
f 95/91/97 98/94/101 99/95/102
f 91/87/93 95/91/97 99/95/102
f 91/87/93 99/95/102 100/96/103
f 91/87/93 100/96/103 101/97/104
f 102/98/105 91/87/93 101/97/104
f 102/98/105 101/97/104 103/99/106
f 102/98/105 103/99/106 104/100/107
f 102/98/105 104/100/107 105/101/108
f 102/98/105 105/101/108 92/88/94
f 91/87/93 102/98/105 92/88/94
f 106/102/109 107/103/110 108/104/111
f 109/105/112 106/102/109 108/104/111
f 109/105/112 108/104/111 110/106/113
f 111/107/114 112/108/115 113/109/116
f 111/107/114 113/109/116 114/110/117
f 107/103/110 111/107/114 114/110/117
f 108/104/111 107/103/110 114/110/117
f 108/104/111 114/110/117 103/99/118
f 108/104/111 103/99/118 115/111/119
f 110/106/113 108/104/111 115/111/119
f 110/106/113 115/111/119 116/112/120
f 117/113/121 110/106/113 116/112/120
f 117/113/121 116/112/120 118/114/122
f 103/99/118 101/97/123 115/111/119
f 115/111/119 119/115/124 120/116/125
f 116/112/120 115/111/119 120/116/125
f 118/114/122 116/112/120 120/116/125
f 118/114/122 120/116/125 121/117/126
f 122/118/127 118/114/122 121/117/126
f 122/118/127 121/117/126 123/119/128
f 101/97/123 100/96/129 124/120/130
f 115/111/119 101/97/123 124/120/130
f 115/111/119 124/120/130 125/121/131
f 119/115/124 115/111/119 125/121/131
f 119/115/124 125/121/131 126/122/132
f 119/115/124 126/122/132 127/123/133
f 120/116/125 119/115/124 127/123/133
f 120/116/125 127/123/133 128/124/134
f 121/117/126 120/116/125 128/124/134
f 121/117/126 128/124/134 129/125/135
f 126/122/132 125/121/131 130/126/136
f 131/127/137 132/128/138 133/129/139
f 134/130/140 131/127/137 133/129/139
f 134/130/140 133/129/139 135/131/141
f 136/132/142 134/130/140 135/131/141
f 136/132/142 135/131/141 130/126/136
f 137/133/143 136/132/142 130/126/136
f 137/133/143 130/126/136 125/121/131
f 137/133/143 125/121/131 124/120/130
f 138/134/144 137/133/143 124/120/130
f 138/134/144 124/120/130 100/96/129
f 139/135/145 131/127/137 134/130/140
f 139/135/145 134/130/140 136/132/142
f 140/136/146 139/135/145 136/132/142
f 140/136/146 136/132/142 137/133/143
f 138/134/144 140/136/146 137/133/143
f 140/136/146 138/134/144 100/96/129
f 140/136/146 100/96/129 99/95/147
f 139/135/145 140/136/146 99/95/147
f 139/135/145 99/95/147 98/94/148
f 141/137/149 139/135/145 98/94/148
f 141/137/149 98/94/148 142/138/150
f 143/139/151 141/137/149 142/138/150
f 144/140/152 143/139/151 142/138/150
f 144/140/152 142/138/150 145/141/153
f 144/140/152 145/141/153 146/142/154
f 147/143/155 148/144/156 131/127/137
f 147/143/155 131/127/137 139/135/145
f 149/145/157 147/143/155 139/135/145
f 149/145/157 139/135/145 141/137/149
f 150/146/158 149/145/157 141/137/149
f 151/147/159 150/146/158 141/137/149
f 151/147/159 141/137/149 143/139/151
f 147/143/155 149/145/157 152/148/160
f 148/144/156 147/143/155 152/148/160
f 148/144/156 152/148/160 153/149/161
f 154/150/162 148/144/156 153/149/161
f 155/151/163 154/150/162 153/149/161
f 155/151/163 153/149/161 156/152/164
f 157/153/165 155/151/163 156/152/164
f 157/153/165 156/152/164 158/154/166
f 157/153/165 158/154/166 159/155/167
f 160/156/168 157/153/165 159/155/167
f 160/156/168 161/157/169 162/158/170
f 160/156/168 162/158/170 163/159/171
f 157/153/165 160/156/168 163/159/171
f 157/153/165 163/159/171 164/160/172
f 155/151/163 157/153/165 164/160/172
f 155/151/163 164/160/172 165/161/173
f 154/150/162 155/151/163 165/161/173
f 154/150/162 165/161/173 166/162/174
f 148/144/156 154/150/162 166/162/174
f 148/144/156 166/162/174 131/127/137
f 162/158/170 167/163/175 168/164/176
f 163/159/171 162/158/170 168/164/176
f 163/159/171 168/164/176 169/165/177
f 164/160/172 163/159/171 169/165/177
f 164/160/172 169/165/177 170/166/178
f 165/161/173 164/160/172 170/166/178
f 165/161/173 170/166/178 171/167/179
f 166/162/174 165/161/173 171/167/179
f 166/162/174 171/167/179 132/128/138
f 131/127/137 166/162/174 132/128/138
f 172/168/180 173/169/181 174/170/182
f 175/171/183 172/168/180 174/170/182
f 175/171/183 174/170/182 176/172/184
f 177/173/185 175/171/183 176/172/184
f 177/173/185 176/172/184 178/174/186
f 177/173/185 178/174/186 179/175/187
f 180/176/188 177/173/185 179/175/187
f 180/176/188 179/175/187 181/177/189
f 161/157/169 180/176/188 181/177/189
f 161/157/169 181/177/189 162/158/170
f 176/172/184 174/170/182 182/178/190
f 176/172/184 182/178/190 183/179/191
f 178/174/186 176/172/184 183/179/191
f 178/174/186 183/179/191 184/180/192
f 178/174/186 184/180/192 185/181/193
f 179/175/187 178/174/186 185/181/193
f 179/175/187 185/181/193 186/182/194
f 181/177/189 179/175/187 186/182/194
f 181/177/189 186/182/194 167/163/175
f 162/158/170 181/177/189 167/163/175
f 187/183/195 188/184/196 189/185/197
f 190/186/198 191/187/199 189/185/197
f 190/186/198 189/185/197 188/184/196
f 192/188/200 190/186/198 188/184/196
f 193/189/201 192/188/200 188/184/196
f 193/189/201 188/184/196 187/183/195
f 193/189/201 187/183/195 194/190/202
f 195/191/203 193/189/201 194/190/202
f 195/191/203 194/190/202 196/192/204
f 197/193/205 195/191/203 196/192/204
f 197/193/205 196/192/204 198/194/206
f 199/195/207 200/196/208 192/188/200
f 199/195/207 192/188/200 193/189/201
f 201/197/209 199/195/207 193/189/201
f 201/197/209 193/189/201 195/191/203
f 202/198/210 201/197/209 195/191/203
f 202/198/210 195/191/203 197/193/205
f 203/199/211 202/198/210 197/193/205
f 203/199/211 197/193/205 204/200/212
f 205/201/213 203/199/211 204/200/212
f 205/201/213 204/200/212 206/202/214
f 207/203/215 200/196/208 199/195/207
f 207/203/215 199/195/207 201/197/209
f 208/204/216 207/203/215 201/197/209
f 208/204/216 201/197/209 202/198/210
f 208/204/216 202/198/210 203/199/211
f 209/205/217 208/204/216 203/199/211
f 209/205/217 203/199/211 205/201/213
f 210/206/218 209/205/217 205/201/213
f 211/207/219 210/206/218 205/201/213
f 211/207/219 205/201/213 212/208/220
f 212/208/220 205/201/213 206/202/214
f 212/208/220 206/202/214 213/209/221
f 214/210/222 212/208/220 213/209/221
f 214/210/222 213/209/221 215/211/223
f 216/212/224 214/210/222 215/211/223
f 216/212/224 215/211/223 217/213/225
f 218/214/226 216/212/224 217/213/225
f 218/214/226 217/213/225 219/215/227
f 220/216/228 218/214/226 219/215/227
f 220/216/228 219/215/227 221/217/229
f 222/218/230 211/207/219 212/208/220
f 222/218/230 212/208/220 214/210/222
f 222/218/230 214/210/222 216/212/224
f 223/219/231 222/218/230 216/212/224
f 223/219/231 216/212/224 218/214/226
f 224/220/232 223/219/231 218/214/226
f 225/221/233 224/220/232 218/214/226
f 226/222/234 225/221/233 218/214/226
f 226/222/234 218/214/226 220/216/228
f 226/222/234 220/216/228 227/223/235
f 228/224/236 229/225/237 230/226/238
f 231/227/239 228/224/236 230/226/238
f 226/222/234 231/227/239 230/226/238
f 226/222/234 230/226/238 225/221/233
f 231/227/239 226/222/234 227/223/235
f 231/227/239 227/223/235 232/228/240
f 228/224/236 231/227/239 232/228/240
f 228/224/236 232/228/240 233/229/241
f 234/230/242 228/224/236 233/229/241
f 234/230/242 233/229/241 235/231/243
f 236/232/244 234/230/242 235/231/243
f 236/232/244 235/231/243 237/233/245
f 238/234/246 236/232/244 237/233/245
f 238/234/246 237/233/245 239/235/247
f 240/236/248 241/237/249 242/238/250
f 243/239/251 240/236/248 242/238/250
f 243/239/251 242/238/250 244/240/252
f 238/234/246 243/239/251 244/240/252
f 236/232/244 238/234/246 244/240/252
f 236/232/244 244/240/252 245/241/253
f 234/230/242 236/232/244 245/241/253
f 234/230/242 245/241/253 246/242/254
f 234/230/242 246/242/254 229/225/237
f 228/224/236 234/230/242 229/225/237
f 243/239/251 238/234/246 239/235/247
f 243/239/251 239/235/247 247/243/255
f 240/236/248 243/239/251 247/243/255
f 240/236/248 247/243/255 248/244/256
f 241/237/249 240/236/248 248/244/256
f 241/237/249 248/244/256 249/245/257
f 250/246/258 241/237/249 249/245/257
f 251/247/259 250/246/258 249/245/257
f 252/248/260 251/247/259 249/245/257
f 252/248/260 249/245/257 253/249/261
f 49/45/262 253/249/261 249/245/257
f 49/45/262 249/245/257 248/244/256
f 46/42/263 49/45/262 248/244/256
f 46/42/263 248/244/256 254/250/264
f 60/56/265 46/42/263 254/250/264
f 255/251/266 60/56/265 254/250/264
f 248/244/256 247/243/255 256/252/267
f 248/244/256 256/252/267 257/253/268
f 254/250/264 248/244/256 257/253/268
f 254/250/264 257/253/268 258/254/269
f 255/251/266 254/250/264 258/254/269
f 255/251/266 258/254/269 259/255/270
f 60/56/265 255/251/266 259/255/270
f 60/56/265 259/255/270 59/55/271
f 237/233/245 260/256/272 261/257/273
f 239/235/247 237/233/245 261/257/273
f 239/235/247 261/257/273 262/258/274
f 247/243/255 239/235/247 262/258/274
f 247/4/255 262/4/274 263/4/275
f 256/252/267 247/243/255 263/259/275
f 256/252/267 263/259/275 264/260/276
f 257/253/268 256/252/267 264/260/276
f 257/253/268 264/260/276 191/187/199
f 258/254/269 257/253/268 191/187/199
f 258/254/269 191/187/199 190/186/198
f 259/255/270 258/254/269 190/186/198
f 259/255/270 190/186/198 192/188/200
f 59/55/271 259/255/270 192/188/200
f 58/54/277 59/55/271 192/188/200
f 58/54/277 192/188/200 265/261/278
f 266/262/279 58/54/277 265/261/278
f 267/263/280 266/262/279 265/261/278
f 267/263/280 265/261/278 192/188/200
f 268/264/281 269/265/282 270/266/283
f 271/267/284 268/264/281 270/266/283
f 271/267/284 270/266/283 272/268/285
f 271/267/284 272/268/285 266/262/279
f 273/269/286 271/267/284 266/262/279
f 273/269/286 266/262/279 267/263/280
f 274/270/287 273/269/286 267/263/280
f 275/4/288 274/4/287 267/4/280
f 200/196/208 275/271/288 267/263/280
f 200/196/208 267/263/280 192/188/200
f 276/272/289 38/34/290 277/273/291
f 278/274/292 276/272/289 277/273/291
f 279/275/293 278/274/292 277/273/291
f 279/275/293 277/273/291 280/276/294
f 279/275/293 280/276/294 281/277/295
f 282/278/296 279/275/293 281/277/295
f 283/279/297 282/278/296 281/277/295
f 283/279/297 281/277/295 284/280/298
f 269/265/282 283/279/297 284/280/298
f 269/265/282 284/280/298 270/266/283
f 285/281/299 286/282/300 287/283/301
f 285/281/299 287/283/301 276/272/289
f 288/284/302 285/281/299 276/272/289
f 289/4/303 288/4/302 276/4/289
f 289/285/303 276/272/289 278/274/292
f 287/283/301 286/282/300 290/286/304
f 287/283/301 290/286/304 291/287/305
f 287/283/301 291/287/305 292/288/306
f 293/289/307 287/283/301 292/288/306
f 294/290/308 293/289/307 292/288/306
f 294/290/308 292/288/306 295/291/309
f 296/292/310 294/290/308 295/291/309
f 296/292/310 295/291/309 297/293/311
f 298/294/312 296/292/310 297/293/311
f 299/295/313 298/294/312 297/293/311
f 296/292/310 298/294/312 300/296/314
f 296/292/310 300/296/314 301/297/315
f 294/290/308 296/292/310 301/297/315
f 294/290/308 301/297/315 302/298/316
f 293/289/307 294/290/308 302/298/316
f 293/289/307 302/298/316 40/36/317
f 293/289/307 40/36/317 39/35/318
f 287/283/301 293/289/307 39/35/318
f 287/283/301 39/35/318 38/34/290
f 276/272/289 287/283/301 38/34/290
f 40/36/317 302/298/316 301/297/315
f 41/37/319 40/36/317 301/297/315
f 41/37/319 301/297/315 300/296/314
f 43/39/320 41/37/319 300/296/314
f 43/39/320 300/296/314 303/299/321
f 304/300/322 43/39/320 303/299/321
f 305/301/323 304/300/322 303/299/321
f 306/302/324 305/301/323 303/299/321
f 307/303/325 306/302/324 303/299/321
f 308/304/326 307/303/325 303/299/321
f 308/304/326 303/299/321 300/296/314
f 309/305/327 308/304/326 300/296/314
f 309/305/327 300/296/314 310/306/328
f 311/307/329 309/305/327 310/306/328
f 311/307/329 310/306/328 312/308/330
f 313/309/331 311/307/329 312/308/330
f 314/310/332 315/311/333 316/312/334
f 317/313/335 314/310/332 316/312/334
f 317/313/335 316/312/334 318/314/336
f 319/315/337 317/313/335 318/314/336
f 319/315/337 318/314/336 312/308/330
f 320/316/338 319/315/337 312/308/330
f 320/316/338 312/308/330 310/306/328
f 299/295/313 320/316/338 310/306/328
f 298/294/312 299/295/313 310/306/328
f 298/294/312 310/306/328 300/296/314
f 313/309/331 312/308/330 318/314/336
f 321/317/339 313/309/331 318/314/336
f 321/317/339 318/314/336 316/312/334
f 322/318/340 321/317/339 316/312/334
f 322/318/340 316/312/334 315/311/333
f 323/319/341 322/318/340 315/311/333
f 323/319/341 315/311/333 324/320/342
f 325/321/343 323/319/341 324/320/342
f 325/321/343 324/320/342 326/322/344
f 327/323/345 325/321/343 326/322/344
f 328/324/346 308/304/326 309/305/327
f 328/324/346 309/305/327 311/307/329
f 329/325/347 328/324/346 311/307/329
f 329/325/347 311/307/329 313/309/331
f 329/325/347 313/309/331 321/317/339
f 330/326/348 329/325/347 321/317/339
f 330/326/348 321/317/339 322/318/340
f 331/327/349 330/326/348 322/318/340
f 332/328/350 331/327/349 322/318/340
f 332/328/350 322/318/340 323/319/341
f 333/329/351 332/328/350 323/319/341
f 333/329/351 323/319/341 325/321/343
f 333/329/351 325/321/343 327/323/345
f 334/330/352 333/329/351 327/323/345
f 334/330/352 327/323/345 335/331/353
f 336/332/354 334/330/352 335/331/353
f 337/333/355 336/332/354 335/331/353
f 337/333/355 335/331/353 338/334/356
f 339/335/357 337/333/355 338/334/356
f 339/335/357 338/334/356 340/336/358
f 327/323/345 326/322/344 341/337/359
f 335/331/353 327/323/345 341/337/359
f 335/331/353 341/337/359 342/338/360
f 335/331/353 342/338/360 343/339/361
f 338/334/356 335/331/353 343/339/361
f 338/334/356 343/339/361 344/340/362
f 340/336/358 338/334/356 344/340/362
f 340/336/358 344/340/362 345/341/363
f 346/342/364 340/336/358 345/341/363
f 346/342/364 345/341/363 347/343/365
f 348/4/366 349/4/367 350/4/368
f 348/4/366 350/4/368 347/4/365
f 351/4/369 348/4/366 347/4/365
f 351/4/369 347/4/365 345/4/363
f 352/4/370 351/4/369 345/4/363
f 352/4/370 345/4/363 344/4/362
f 353/4/371 352/4/370 344/4/362
f 353/4/371 344/4/362 343/4/361
f 354/4/372 353/4/371 343/4/361
f 354/344/372 343/339/361 342/338/360
f 355/4/373 354/4/372 342/4/360
f 356/345/374 355/346/373 342/338/360
f 356/345/374 342/338/360 341/337/359
f 357/347/375 356/345/374 341/337/359
f 357/347/375 341/337/359 326/322/344
f 358/348/376 357/347/375 326/322/344
f 358/348/376 326/322/344 324/320/342
f 359/349/377 358/348/376 324/320/342
f 359/349/377 324/320/342 315/311/333
f 314/310/332 359/349/377 315/311/333
f 204/200/212 197/193/205 198/194/206
f 204/200/212 198/194/206 360/350/378
f 206/202/214 204/200/212 360/350/378
f 206/202/214 360/350/378 361/351/379
f 213/209/221 206/202/214 361/351/379
f 213/209/221 361/351/379 362/352/380
f 215/211/223 213/209/221 362/352/380
f 215/211/223 362/352/380 363/353/381
f 217/213/225 215/211/223 363/353/381
f 217/213/225 363/353/381 364/354/382
f 219/215/227 217/213/225 364/354/382
f 219/215/227 364/354/382 365/355/383
f 221/217/229 219/215/227 365/355/383
f 220/216/228 221/217/229 366/356/384
f 227/223/235 220/216/228 366/356/384
f 227/223/235 366/356/384 367/357/385
f 232/228/240 227/223/235 367/357/385
f 232/228/240 367/357/385 368/358/386
f 233/229/241 232/228/240 368/358/386
f 233/229/241 368/358/386 369/359/387
f 235/231/243 233/229/241 369/359/387
f 235/231/243 369/359/387 260/256/272
f 237/233/245 235/231/243 260/256/272
f 75/71/388 370/360/389 371/361/390
f 74/70/391 75/71/388 371/361/390
f 74/70/391 371/361/390 372/362/392
f 73/69/393 74/70/391 372/362/392
f 73/69/393 372/362/392 373/363/394
f 374/364/395 73/69/393 373/363/394
f 375/365/396 376/366/397 377/367/398
f 378/368/399 375/365/396 377/367/398
f 378/368/399 377/367/398 379/369/400
f 372/362/392 378/368/399 379/369/400
f 372/362/392 379/369/400 380/370/401
f 373/363/394 372/362/392 380/370/401
f 373/363/394 380/370/401 381/371/402
f 373/363/394 381/371/402 382/372/403
f 373/363/394 382/372/403 383/373/404
f 374/364/395 373/363/394 383/373/404
f 384/374/405 380/370/401 379/369/400
f 384/374/405 379/369/400 377/367/398
f 385/375/406 384/374/405 377/367/398
f 385/375/406 377/367/398 376/366/397
f 385/375/406 376/366/397 386/376/407
f 387/377/408 385/375/406 386/376/407
f 387/377/408 386/376/407 388/378/409
f 389/379/410 387/377/408 388/378/409
f 390/380/411 389/379/410 388/378/409
f 390/380/411 388/378/409 391/381/412
f 392/382/413 393/383/414 394/384/415
f 395/385/416 392/382/413 394/384/415
f 395/385/416 394/384/415 391/381/412
f 396/386/417 395/385/416 391/381/412
f 396/386/417 391/381/412 388/378/409
f 397/387/418 396/386/417 388/378/409
f 397/387/418 388/378/409 386/376/407
f 398/388/419 397/387/418 386/376/407
f 398/388/419 386/376/407 376/366/397
f 375/365/396 398/388/419 376/366/397
f 398/388/419 375/365/396 399/389/420
f 398/388/419 399/389/420 400/390/421
f 397/387/418 398/388/419 400/390/421
f 397/387/418 400/390/421 401/391/422
f 396/386/417 397/387/418 401/391/422
f 396/386/417 401/391/422 402/392/423
f 395/385/416 396/386/417 402/392/423
f 395/385/416 402/392/423 403/393/424
f 392/4/413 395/4/416 403/4/424
f 392/4/413 403/4/424 404/4/425
f 405/394/426 406/395/427 407/396/428
f 405/394/426 407/396/428 408/397/429
f 409/398/430 405/394/426 408/397/429
f 409/398/430 408/397/429 410/399/431
f 411/400/432 409/398/430 410/399/431
f 411/400/432 410/399/431 412/401/433
f 378/368/399 411/400/432 412/401/433
f 378/368/399 412/401/433 413/402/434
f 375/365/396 378/368/399 413/402/434
f 375/365/396 413/402/434 399/389/420
f 414/403/435 415/404/436 416/405/437
f 414/403/435 416/405/437 407/396/428
f 406/395/427 414/403/435 407/396/428
f 411/400/432 378/368/399 372/362/392
f 409/398/430 411/400/432 372/362/392
f 409/398/430 372/362/392 371/361/390
f 405/394/426 409/398/430 371/361/390
f 405/394/426 371/361/390 370/360/389
f 406/395/427 405/394/426 370/360/389
f 406/395/427 370/360/389 75/71/388
f 406/395/427 75/71/388 61/57/438
f 414/403/435 406/395/427 61/57/438
f 414/403/435 61/57/438 64/60/439
f 417/406/440 414/403/435 64/60/439
f 417/406/440 64/60/439 418/407/441
f 419/408/442 415/404/436 414/403/435
f 420/409/443 419/408/442 414/403/435
f 420/409/443 414/403/435 417/406/440
f 421/410/444 420/409/443 417/406/440
f 422/411/445 421/410/444 417/406/440
f 423/412/446 422/411/445 417/406/440
f 423/412/446 417/406/440 418/407/441
f 424/413/447 423/412/446 418/407/441
f 424/413/447 418/407/441 425/414/448
f 424/413/447 425/414/448 426/415/449
f 427/4/450 424/4/447 426/4/449
f 428/4/451 427/4/450 426/4/449
f 428/416/451 426/417/449 429/418/452
f 430/419/453 428/416/451 429/418/452
f 430/419/453 429/418/452 431/420/454
f 432/421/455 430/419/453 431/420/454
f 433/422/456 432/421/455 431/420/454
f 433/422/456 431/420/454 434/423/457
f 433/422/456 434/423/457 304/300/322
f 305/301/323 433/422/456 304/300/322
f 435/424/458 290/286/304 436/425/459
f 435/4/458 436/4/459 437/4/460
f 438/426/461 435/427/458 437/428/460
f 439/429/462 346/342/364 347/343/365
f 439/429/462 347/343/365 350/430/368
f 440/431/463 439/429/462 350/430/368
f 440/431/463 350/430/368 438/426/461
f 440/431/463 438/426/461 437/428/460
f 441/432/464 440/431/463 437/428/460
f 441/432/464 437/428/460 436/425/459
f 285/281/299 441/432/464 436/425/459
f 286/282/300 285/281/299 436/425/459
f 286/282/300 436/425/459 290/286/304
f 339/335/357 340/336/358 346/342/364
f 442/433/465 339/335/357 346/342/364
f 442/433/465 346/342/364 439/429/462
f 443/434/466 442/433/465 439/429/462
f 444/435/467 443/434/466 439/429/462
f 444/435/467 439/429/462 440/431/463
f 441/432/464 444/435/467 440/431/463
f 445/436/468 295/291/309 292/288/306
f 445/436/468 292/288/306 291/287/305
f 446/437/469 445/436/468 291/287/305
f 446/437/469 291/287/305 290/286/304
f 447/438/470 446/437/469 290/286/304
f 447/438/470 290/286/304 435/424/458
f 448/439/471 447/438/470 435/424/458
f 448/4/471 435/4/458 438/4/461
f 349/4/367 448/4/471 438/4/461
f 349/4/367 438/4/461 350/4/368
f 90/86/472 449/440/473 450/441/474
f 89/85/475 90/86/472 450/441/474
f 89/85/475 450/441/474 451/442/476
f 88/84/477 89/85/475 451/442/476
f 88/84/477 451/442/476 452/443/478
f 453/444/479 88/84/477 452/443/478
f 454/445/480 455/446/481 451/442/476
f 456/447/482 454/445/480 451/442/476
f 456/447/482 451/442/476 450/441/474
f 457/448/483 456/447/482 450/441/474
f 457/448/483 450/441/474 449/440/473
f 458/449/484 457/448/483 449/440/473
f 458/449/484 449/440/473 90/86/472
f 76/72/485 458/449/484 90/86/472
f 459/450/486 460/451/487 461/452/488
f 459/450/486 461/452/488 455/446/481
f 462/453/489 459/450/486 455/446/481
f 462/453/489 455/446/481 454/445/480
f 463/454/490 462/453/489 454/445/480
f 463/454/490 454/445/480 456/447/482
f 464/455/491 463/454/490 456/447/482
f 464/455/491 456/447/482 457/448/483
f 465/456/492 464/455/491 457/448/483
f 465/456/492 457/448/483 458/449/484
f 466/457/493 467/458/494 468/459/495
f 465/456/492 466/457/493 468/459/495
f 466/457/493 465/456/492 458/449/484
f 466/457/493 458/449/484 76/72/485
f 466/457/493 76/72/485 79/75/496
f 469/460/497 466/457/493 79/75/496
f 469/460/497 79/75/496 470/461/498
f 471/462/499 472/463/500 473/464/501
f 470/461/498 471/462/499 473/464/501
f 470/461/498 473/464/501 474/465/502
f 469/460/497 470/461/498 474/465/502
f 469/460/497 474/465/502 475/466/503
f 469/460/497 475/466/503 476/467/504
f 469/460/497 476/467/504 477/468/505
f 466/457/493 469/460/497 477/468/505
f 466/457/493 477/468/505 478/469/506
f 467/458/494 466/457/493 478/469/506
f 374/364/395 383/373/404 479/470/507
f 480/471/508 374/364/395 479/470/507
f 481/472/509 480/471/508 479/470/507
f 481/4/509 479/4/507 482/4/510
f 481/4/509 482/4/510 483/4/511
f 484/473/512 481/474/509 483/475/511
f 484/473/512 483/475/511 485/476/513
f 472/463/500 484/473/512 485/476/513
f 472/463/500 485/476/513 486/477/514
f 472/463/500 486/477/514 473/464/501
f 160/156/168 159/155/167 487/478/515
f 161/157/169 160/156/168 487/478/515
f 180/176/188 161/157/169 487/478/515
f 180/176/188 487/478/515 488/479/516
f 177/173/185 180/176/188 488/479/516
f 177/173/185 488/479/516 489/480/517
f 177/173/185 489/480/517 490/481/518
f 175/171/183 177/173/185 490/481/518
f 175/171/183 490/481/518 491/482/519
f 172/168/180 175/171/183 491/482/519
f 492/483/520 172/168/180 491/482/519
f 492/483/520 491/482/519 493/484/521
f 494/485/522 492/483/520 493/484/521
f 494/485/522 493/484/521 495/486/523
f 494/485/522 495/486/523 496/487/524
f 497/488/525 494/485/522 496/487/524
f 497/488/525 496/487/524 498/489/526
f 498/489/526 117/113/121 118/114/122
f 498/489/526 118/114/122 122/118/127
f 497/488/525 498/489/526 122/118/127
f 497/488/525 122/118/127 123/119/128
f 497/488/525 123/119/128 499/490/527
f 494/485/522 497/488/525 499/490/527
f 494/485/522 499/490/527 500/491/528
f 492/483/520 494/485/522 500/491/528
f 492/483/520 500/491/528 173/169/181
f 172/168/180 492/483/520 173/169/181
f 123/119/128 121/117/126 129/125/135
f 123/119/128 129/125/135 501/492/529
f 499/490/527 123/119/128 501/492/529
f 499/490/527 501/492/529 502/493/530
f 500/491/528 499/490/527 502/493/530
f 500/491/528 502/493/530 503/494/531
f 173/169/181 500/491/528 503/494/531
f 173/169/181 503/494/531 504/495/532
f 174/170/182 173/169/181 504/495/532
f 174/170/182 504/495/532 182/178/190
f 505/4/533 506/4/534 507/4/535
f 505/4/533 507/4/535 508/4/536
f 509/496/537 505/497/533 508/498/536
f 509/496/537 508/498/536 510/499/538
f 511/500/539 509/496/537 510/499/538
f 511/500/539 510/499/538 512/501/540
f 513/502/541 511/500/539 512/501/540
f 513/502/541 512/501/540 514/503/542
f 515/504/543 513/502/541 514/503/542
f 515/504/543 514/503/542 516/505/544
f 513/502/541 517/506/545 518/507/546
f 511/500/539 513/502/541 518/507/546
f 511/500/539 518/507/546 519/508/547
f 509/496/537 511/500/539 519/508/547
f 509/496/537 519/508/547 520/509/548
f 505/497/533 509/496/537 520/509/548
f 505/497/533 520/509/548 521/510/549
f 506/4/534 505/4/533 521/4/549
f 522/4/550 506/4/534 521/4/549
f 522/4/550 521/4/549 523/4/551
f 524/511/552 523/512/551 521/510/549
f 524/511/552 521/510/549 520/509/548
f 525/513/553 524/511/552 520/509/548
f 526/514/554 525/513/553 520/509/548
f 527/515/555 526/514/554 520/509/548
f 527/515/555 520/509/548 519/508/547
f 528/516/556 527/515/555 519/508/547
f 528/516/556 519/508/547 518/507/546
f 528/516/556 518/507/546 517/506/545
f 529/517/557 528/516/556 517/506/545
f 530/518/558 531/519/559 532/520/560
f 530/518/558 532/520/560 533/521/561
f 530/518/558 533/521/561 524/511/552
f 525/513/553 530/518/558 524/511/552
f 534/4/562 461/4/488 535/4/563
f 536/522/564 534/523/562 535/524/563
f 536/4/564 535/4/563 537/4/565
f 538/525/566 536/522/564 537/526/565
f 538/525/566 537/526/565 539/527/567
f 532/520/560 538/525/566 539/527/567
f 532/520/560 539/527/567 540/528/568
f 533/521/561 532/520/560 540/528/568
f 533/521/561 540/528/568 523/512/551
f 524/511/552 533/521/561 523/512/551
f 541/4/569 522/4/550 523/4/551
f 541/4/569 523/4/551 540/4/568
f 542/4/570 541/4/569 540/4/568
f 542/4/570 540/4/568 539/4/567
f 543/4/571 542/4/570 539/4/567
f 543/4/571 539/4/567 537/4/565
f 544/4/572 543/4/571 537/4/565
f 544/4/572 537/4/565 535/4/563
f 460/4/487 544/4/572 535/4/563
f 460/4/487 535/4/563 461/4/488
f 545/529/573 453/444/479 452/443/478
f 546/530/574 545/529/573 452/443/478
f 547/531/575 546/530/574 452/443/478
f 548/532/576 547/531/575 452/443/478
f 548/532/576 452/443/478 451/442/476
f 549/533/577 548/532/576 451/442/476
f 549/533/577 451/442/476 455/446/481
f 550/534/578 549/533/577 455/446/481
f 550/534/578 455/446/481 461/452/488
f 534/523/562 550/534/578 461/452/488
f 551/535/579 548/532/576 549/533/577
f 551/535/579 549/533/577 550/534/578
f 552/536/580 551/535/579 550/534/578
f 552/536/580 550/534/578 534/523/562
f 552/536/580 534/523/562 536/522/564
f 553/537/581 552/536/580 536/522/564
f 553/537/581 536/522/564 538/525/566
f 554/538/582 553/537/581 538/525/566
f 531/519/559 554/538/582 538/525/566
f 531/519/559 538/525/566 532/520/560
f 555/539/583 390/380/411 391/381/412
f 555/539/583 391/381/412 394/384/415
f 555/539/583 394/384/415 393/383/414
f 556/540/584 555/539/583 393/383/414
f 557/541/585 558/542/586 559/543/587
f 560/544/588 557/541/585 559/543/587
f 561/545/589 560/544/588 559/543/587
f 561/545/589 559/543/587 562/546/590
f 563/547/591 561/545/589 562/546/590
f 563/547/591 562/546/590 564/548/592
f 563/547/591 564/548/592 556/540/584
f 563/547/591 556/540/584 393/383/414
f 565/549/593 563/547/591 393/383/414
f 392/382/413 565/549/593 393/383/414
f 565/4/593 392/4/413 404/4/425
f 565/4/593 404/4/425 566/4/594
f 565/4/593 566/4/594 567/4/595
f 563/547/591 565/549/593 567/550/595
f 563/547/591 567/550/595 568/551/596
f 561/545/589 563/547/591 568/551/596
f 561/545/589 568/551/596 569/552/597
f 560/544/588 561/545/589 569/552/597
f 560/544/588 569/552/597 570/553/598
f 557/541/585 560/544/588 570/553/598
f 567/4/595 566/4/594 571/4/599
f 567/4/595 571/4/599 572/4/600
f 568/4/596 567/4/595 572/4/600
f 568/4/596 572/4/600 573/4/601
f 569/4/597 568/4/596 573/4/601
f 569/4/597 573/4/601 574/4/602
f 570/4/598 569/4/597 574/4/602
f 570/4/598 574/4/602 575/4/603
f 576/4/604 570/4/598 575/4/603
f 576/554/604 575/555/603 577/556/605
f 557/541/585 570/553/598 576/554/604
f 578/557/606 557/541/585 576/554/604
f 578/557/606 576/554/604 579/558/607
f 580/559/608 578/557/606 579/558/607
f 580/559/608 579/558/607 581/560/609
f 582/561/610 580/559/608 581/560/609
f 582/561/610 581/560/609 583/562/611
f 584/563/612 582/561/610 583/562/611
f 584/563/612 583/562/611 415/404/436
f 419/408/442 584/563/612 415/404/436
f 419/408/442 420/409/443 585/564/613
f 584/563/612 419/408/442 585/564/613
f 584/563/612 585/564/613 586/565/614
f 582/561/610 584/563/612 586/565/614
f 580/559/608 582/561/610 586/565/614
f 580/559/608 586/565/614 587/566/615
f 578/557/606 580/559/608 587/566/615
f 578/557/606 587/566/615 588/567/616
f 578/557/606 588/567/616 558/542/586
f 557/541/585 578/557/606 558/542/586
f 589/568/617 515/504/543 516/505/544
f 589/568/617 516/505/544 590/569/618
f 591/570/619 589/568/617 590/569/618
f 591/570/619 590/569/618 592/571/620
f 593/572/621 591/570/619 592/571/620
f 593/572/621 592/571/620 594/573/622
f 467/458/494 593/572/621 594/573/622
f 467/458/494 594/573/622 595/574/623
f 468/459/495 467/458/494 595/574/623
f 468/459/495 595/574/623 596/575/624
f 465/456/492 468/459/495 596/575/624
f 465/456/492 596/575/624 464/455/491
f 467/458/494 478/469/506 597/576/625
f 593/572/621 467/458/494 597/576/625
f 593/572/621 597/576/625 598/577/626
f 591/570/619 593/572/621 598/577/626
f 591/570/619 598/577/626 599/578/627
f 589/568/617 591/570/619 599/578/627
f 589/568/617 599/578/627 600/579/628
f 515/504/543 589/568/617 600/579/628
f 515/504/543 600/579/628 517/506/545
f 513/502/541 515/504/543 517/506/545
f 529/517/557 517/506/545 600/579/628
f 601/580/629 529/517/557 600/579/628
f 602/581/630 601/580/629 600/579/628
f 602/581/630 600/579/628 599/578/627
f 603/582/631 602/581/630 599/578/627
f 603/582/631 599/578/627 598/577/626
f 603/582/631 598/577/626 597/576/625
f 604/583/632 603/582/631 597/576/625
f 604/583/632 597/576/625 478/469/506
f 477/468/505 604/583/632 478/469/506
f 605/584/633 252/248/260 253/249/261
f 605/584/633 253/249/261 606/585/634
f 605/584/633 606/585/634 607/586/635
f 608/587/636 605/584/633 607/586/635
f 608/587/636 607/586/635 609/588/637
f 610/589/638 608/587/636 609/588/637
f 611/590/639 610/589/638 609/588/637
f 612/591/640 611/590/639 609/588/637
f 612/591/640 609/588/637 112/108/115
f 111/107/114 612/591/640 112/108/115
f 613/592/641 144/140/152 146/142/154
f 614/593/642 613/592/641 146/142/154
f 614/593/642 146/142/154 615/594/643
f 616/595/644 614/593/642 615/594/643
f 616/595/644 615/594/643 617/596/645
f 618/597/646 616/595/644 617/596/645
f 619/598/647 618/597/646 617/596/645
f 619/598/647 617/596/645 620/599/648
f 619/598/647 620/599/648 453/444/479
f 545/529/573 619/598/647 453/444/479
f 579/558/607 576/554/604 577/556/605
f 579/558/607 577/556/605 621/600/649
f 581/560/609 579/558/607 621/600/649
f 581/560/609 621/600/649 622/601/650
f 583/562/611 581/560/609 622/601/650
f 583/562/611 622/601/650 623/602/651
f 415/404/436 583/562/611 623/602/651
f 415/404/436 623/602/651 624/603/652
f 416/405/437 415/404/436 624/603/652
f 416/405/437 624/603/652 625/604/653
f 407/396/428 416/405/437 625/604/653
f 407/396/428 625/604/653 408/397/429
f 626/605/654 111/107/655 107/103/656
f 106/102/657 626/605/654 107/103/656
f 627/606/658 628/607/659 629/608/660
f 627/606/658 629/608/660 630/609/661
f 626/605/654 627/606/658 630/609/661
f 626/605/654 630/609/661 631/610/662
f 111/107/655 626/605/654 631/610/662
f 612/591/663 111/107/655 631/610/662
f 611/590/664 612/591/663 631/610/662
f 611/590/664 631/610/662 632/611/665
f 610/589/666 611/590/664 632/611/665
f 610/589/666 632/611/665 633/612/667
f 632/611/665 634/613/668 633/612/667
f 632/611/665 631/610/662 630/609/661
f 634/613/668 632/611/665 630/609/661
f 634/613/668 630/609/661 629/608/660
f 634/613/668 629/608/660 635/614/669
f 634/613/668 635/614/669 636/615/670
f 633/612/667 634/613/668 636/615/670
f 633/612/667 636/615/670 637/616/671
f 638/617/672 639/618/673 640/619/674
f 638/617/672 640/619/674 637/616/671
f 641/620/675 638/617/672 637/616/671
f 641/620/675 637/616/671 636/615/670
f 642/621/676 641/620/675 636/615/670
f 642/621/676 636/615/670 635/614/669
f 643/622/677 642/621/676 635/614/669
f 644/623/678 643/622/677 635/614/669
f 644/623/678 635/614/669 629/608/660
f 628/607/659 644/623/678 629/608/660
f 645/624/679 639/618/673 638/617/672
f 646/625/680 645/624/679 638/617/672
f 646/625/680 638/617/672 641/620/675
f 647/626/681 645/624/679 646/625/680
f 648/627/682 647/626/681 646/625/680
f 648/627/682 646/625/680 641/620/675
f 648/627/682 641/620/675 642/621/676
f 649/628/683 648/627/682 642/621/676
f 649/628/683 642/621/676 643/622/677
f 626/605/654 650/629/684 651/630/685
f 627/606/658 626/605/654 651/630/685
f 627/606/658 651/630/685 652/631/686
f 628/607/659 627/606/658 652/631/686
f 628/607/659 652/631/686 653/632/687
f 644/623/678 628/607/659 653/632/687
f 644/623/678 653/632/687 654/633/688
f 643/622/677 644/623/678 654/633/688
f 643/622/677 654/633/688 655/634/689
f 649/628/683 643/622/677 655/634/689
f 653/632/687 656/635/690 654/633/688
f 657/636/691 653/632/687 652/631/686
f 658/637/692 657/636/691 652/631/686
f 659/638/693 658/637/692 652/631/686
f 659/638/693 652/631/686 651/630/685
f 660/639/694 659/638/693 651/630/685
f 660/639/694 651/630/685 650/629/684
f 661/640/695 660/639/694 650/629/684
f 495/486/696 659/638/693 660/639/694
f 496/487/697 495/486/696 660/639/694
f 498/4/698 496/4/697 660/4/694
f 498/4/698 660/4/694 661/4/695
f 117/4/699 498/4/698 661/4/695
f 110/4/700 117/4/699 661/4/695
f 109/4/701 110/4/700 661/4/695
f 106/102/657 109/105/701 661/640/695
f 106/102/657 661/640/695 650/629/684
f 626/605/654 106/102/657 650/629/684
f 662/641/702 663/642/703 656/635/690
f 662/641/702 656/635/690 653/632/687
f 664/643/704 662/641/702 653/632/687
f 664/643/704 653/632/687 657/636/691
f 665/644/705 664/643/704 657/636/691
f 665/644/705 657/636/691 658/637/692
f 491/482/706 665/644/705 658/637/692
f 493/484/707 491/482/706 658/637/692
f 493/484/707 658/637/692 659/638/693
f 495/486/696 493/484/707 659/638/693
f 491/482/706 490/481/708 665/644/705
f 666/645/709 664/643/704 665/644/705
f 666/645/709 665/644/705 490/481/708
f 489/480/710 666/645/709 490/481/708
f 489/480/710 667/646/711 668/647/712
f 666/645/709 489/480/710 668/647/712
f 666/645/709 668/647/712 669/648/713
f 664/643/704 666/645/709 669/648/713
f 664/643/704 669/648/713 670/649/714
f 662/641/702 664/643/704 670/649/714
f 662/641/702 670/649/714 671/650/715
f 663/642/703 662/641/702 671/650/715
f 663/642/703 671/650/715 672/651/716
f 673/652/717 670/649/714 669/648/713
f 674/653/718 673/652/717 669/648/713
f 674/653/718 669/648/713 668/647/712
f 675/654/719 674/653/718 668/647/712
f 675/654/719 668/647/712 667/646/711
f 676/655/720 675/654/719 667/646/711
f 676/655/720 667/646/711 677/656/721
f 678/657/722 676/655/720 677/656/721
f 678/657/722 677/656/721 679/658/723
f 680/659/724 678/657/722 679/658/723
f 673/652/717 674/653/718 675/654/719
f 681/660/725 673/652/717 675/654/719
f 676/655/720 681/660/725 675/654/719
f 156/152/726 153/149/727 682/661/728
f 158/154/729 156/152/726 682/661/728
f 158/154/729 682/661/728 683/662/730
f 159/155/731 158/154/729 683/662/730
f 159/155/731 683/662/730 679/658/723
f 487/478/732 159/155/731 679/658/723
f 487/478/732 679/658/723 677/656/721
f 488/479/733 487/478/732 677/656/721
f 488/479/733 677/656/721 667/646/711
f 489/480/710 488/479/733 667/646/711
f 680/659/724 679/658/723 683/662/730
f 684/663/734 680/659/724 683/662/730
f 684/663/734 683/662/730 682/661/728
f 684/663/734 682/661/728 685/664/735
f 686/665/736 684/663/734 685/664/735
f 687/666/737 614/593/738 688/667/739
f 687/666/737 688/667/739 689/668/740
f 687/666/737 689/668/740 686/665/736
f 144/140/741 687/666/737 686/665/736
f 143/139/742 144/140/741 686/665/736
f 151/147/743 143/139/742 686/665/736
f 151/147/743 686/665/736 685/664/735
f 690/669/744 151/147/743 685/664/735
f 690/669/744 685/664/735 682/661/728
f 153/149/727 690/669/744 682/661/728
f 687/666/737 144/140/741 613/592/745
f 614/593/738 687/666/737 613/592/745
f 150/146/746 151/147/743 690/669/744
f 149/145/747 150/146/746 690/669/744
f 152/148/748 149/145/747 690/669/744
f 152/148/748 690/669/744 153/149/727
f 691/670/749 271/267/750 273/269/751
f 274/270/752 691/670/749 273/269/751
f 692/671/753 269/265/754 268/264/755
f 692/671/753 268/264/755 271/267/750
f 692/671/753 271/267/750 691/670/749
f 693/672/756 692/671/753 691/670/749
f 693/672/756 691/670/749 694/673/757
f 695/674/758 693/672/756 694/673/757
f 695/674/758 694/673/757 696/675/759
f 695/674/758 696/675/759 697/676/760
f 698/677/761 695/674/758 697/676/760
f 698/677/761 697/676/760 699/678/762
f 696/675/759 700/679/763 701/680/764
f 697/676/760 696/675/759 701/680/764
f 697/676/760 701/680/764 702/681/765
f 699/678/762 697/676/760 702/681/765
f 699/678/762 702/681/765 703/682/766
f 704/683/767 699/678/762 703/682/766
f 704/683/767 703/682/766 705/684/768
f 706/685/769 704/683/767 705/684/768
f 706/685/769 705/684/768 707/686/770
f 708/687/771 706/685/769 707/686/770
f 701/680/764 709/688/772 702/681/765
f 709/688/772 710/689/773 711/690/774
f 709/688/772 711/690/774 712/691/775
f 702/681/765 709/688/772 712/691/775
f 703/682/766 702/681/765 712/691/775
f 703/682/766 712/691/775 713/692/776
f 705/684/768 703/682/766 713/692/776
f 705/684/768 713/692/776 714/693/777
f 712/691/775 711/690/774 715/694/778
f 713/692/776 712/691/775 715/694/778
f 713/692/776 715/694/778 716/695/779
f 714/693/777 713/692/776 716/695/779
f 717/696/780 714/693/777 716/695/779
f 707/686/770 705/684/768 714/693/777
f 707/686/770 714/693/777 717/696/780
f 718/697/781 707/686/770 717/696/780
f 708/687/771 707/686/770 718/697/781
f 719/698/782 708/687/771 718/697/781
f 720/699/783 721/700/784 722/701/785
f 723/702/786 720/699/783 722/701/785
f 723/702/786 722/701/785 724/703/787
f 725/704/788 726/705/789 727/706/790
f 728/707/791 725/704/788 727/706/790
f 728/707/791 727/706/790 708/687/771
f 728/707/791 708/687/771 719/698/782
f 729/708/792 728/707/791 719/698/782
f 729/708/792 719/698/782 730/709/793
f 720/699/783 729/708/792 730/709/793
f 720/699/783 730/709/793 721/700/784
f 729/708/792 725/704/788 728/707/791
f 731/710/794 698/677/761 699/678/762
f 731/710/794 699/678/762 704/683/767
f 732/711/795 731/710/794 704/683/767
f 732/711/795 704/683/767 706/685/769
f 733/712/796 732/711/795 706/685/769
f 733/712/796 706/685/769 708/687/771
f 733/712/796 708/687/771 727/706/790
f 734/713/797 733/712/796 727/706/790
f 734/713/797 727/706/790 726/705/789
f 735/714/798 734/713/797 726/705/789
f 735/714/798 726/705/789 736/715/799
f 735/714/798 736/715/799 737/716/800
f 736/715/799 738/717/801 739/718/802
f 737/716/800 736/715/799 739/718/802
f 737/716/800 739/718/802 740/719/803
f 735/714/798 737/716/800 740/719/803
f 735/714/798 740/719/803 741/720/804
f 734/713/797 735/714/798 741/720/804
f 734/713/797 741/720/804 742/721/805
f 743/722/806 734/713/797 742/721/805
f 743/722/806 742/721/805 744/723/807
f 745/724/808 743/722/806 744/723/807
f 336/4/809 741/4/804 740/4/803
f 746/725/810 336/332/809 740/719/803
f 746/725/810 740/719/803 739/718/802
f 747/726/811 746/725/810 739/718/802
f 747/726/811 739/718/802 738/717/801
f 748/727/812 747/726/811 738/717/801
f 748/727/812 738/717/801 749/728/813
f 750/729/814 748/727/812 749/728/813
f 750/729/814 749/728/813 723/702/786
f 746/725/810 747/726/811 751/730/815
f 746/725/810 751/730/815 334/330/816
f 336/332/809 746/725/810 334/330/816
f 333/329/817 334/330/816 751/730/815
f 750/729/814 723/702/786 724/703/787
f 750/729/814 724/703/787 752/731/818
f 748/727/812 750/729/814 752/731/818
f 748/727/812 752/731/818 753/732/819
f 747/726/811 748/727/812 753/732/819
f 747/726/811 753/732/819 754/733/820
f 751/730/815 747/726/811 754/733/820
f 751/730/815 754/733/820 755/734/821
f 333/329/817 751/730/815 755/734/821
f 332/328/822 333/329/817 755/734/821
f 752/731/818 724/703/787 756/735/823
f 757/736/824 752/731/818 756/735/823
f 757/736/824 756/735/823 758/737/825
f 754/733/820 753/732/819 759/738/826
f 755/734/821 754/733/820 759/738/826
f 760/739/827 755/734/821 759/738/826
f 760/739/827 759/738/826 761/740/828
f 762/741/829 760/739/827 761/740/828
f 762/741/829 761/740/828 763/742/830
f 764/743/831 762/741/829 763/742/830
f 332/328/822 755/734/821 760/739/827
f 331/327/832 332/328/822 760/739/827
f 331/327/832 760/739/827 762/741/829
f 330/326/833 331/327/832 762/741/829
f 329/325/834 330/326/833 762/741/829
f 329/325/834 762/741/829 764/743/831
f 328/324/835 329/325/834 764/743/831
f 308/304/836 328/324/835 764/743/831
f 307/303/837 308/304/836 764/743/831
f 306/302/838 307/303/837 764/743/831
f 765/744/839 433/422/840 305/301/841
f 306/302/838 765/744/839 305/301/841
f 306/302/838 764/743/831 763/742/830
f 765/744/839 306/302/838 763/742/830
f 765/744/839 763/742/830 761/740/828
f 766/745/842 765/744/839 761/740/828
f 766/745/842 761/740/828 759/738/826
f 767/746/843 766/745/842 759/738/826
f 767/746/843 759/738/826 753/732/819
f 768/747/844 767/746/843 753/732/819
f 768/747/844 753/732/819 769/748/845
f 770/749/846 768/747/844 769/748/845
f 771/750/847 772/751/848 773/752/849
f 771/750/847 773/752/849 774/753/850
f 775/754/851 771/750/847 774/753/850
f 775/754/851 774/753/850 776/755/852
f 777/756/853 775/754/851 776/755/852
f 777/756/853 776/755/852 778/757/854
f 770/749/846 777/756/853 778/757/854
f 768/747/844 770/749/846 778/757/854
f 768/747/844 778/757/854 779/758/855
f 767/746/843 768/747/844 779/758/855
f 780/759/856 772/751/848 771/750/847
f 781/760/857 780/759/856 771/750/847
f 781/760/857 771/750/847 775/754/851
f 777/756/853 770/749/846 782/761/858
f 777/756/853 782/761/858 783/762/859
f 775/754/851 777/756/853 783/762/859
f 781/760/857 775/754/851 783/762/859
f 781/760/857 783/762/859 784/763/860
f 780/759/856 781/760/857 784/763/860
f 780/759/856 784/763/860 785/764/861
f 780/759/856 785/764/861 786/765/862
f 780/759/856 786/765/862 787/766/863
f 772/751/848 780/759/856 787/766/863
f 772/751/848 787/766/863 788/767/864
f 772/751/848 788/767/864 789/768/865
f 773/752/849 772/751/848 789/768/865
f 587/566/866 586/565/867 788/769/864
f 588/4/868 587/4/866 788/4/864
f 588/4/868 788/4/864 787/4/863
f 558/4/869 588/4/868 787/4/863
f 558/4/869 787/4/863 786/4/862
f 559/4/870 558/4/869 786/4/862
f 790/4/871 559/4/870 786/4/862
f 790/770/871 786/765/862 785/764/861
f 791/771/872 790/770/871 785/764/861
f 791/771/872 785/764/861 784/763/860
f 562/4/873 559/4/870 790/4/871
f 792/4/874 562/4/873 790/4/871
f 792/772/874 790/770/871 791/771/872
f 793/773/875 792/772/874 791/771/872
f 793/773/875 791/771/872 794/774/876
f 793/773/875 794/774/876 795/775/877
f 796/776/878 793/773/875 795/775/877
f 796/776/878 795/775/877 797/777/879
f 798/778/880 796/776/878 797/777/879
f 798/778/880 797/777/879 799/779/881
f 793/773/875 796/776/878 798/778/880
f 792/772/874 793/773/875 798/778/880
f 792/4/874 798/4/880 564/4/882
f 562/4/873 792/4/874 564/4/882
f 799/779/881 797/777/879 800/780/883
f 801/781/884 799/779/881 800/780/883
f 564/4/882 798/4/880 799/4/881
f 556/4/885 564/4/882 799/4/881
f 556/4/885 799/4/881 801/4/884
f 555/4/886 556/4/885 801/4/884
f 555/4/886 801/4/884 802/4/887
f 390/4/888 555/4/886 802/4/887
f 390/4/888 802/4/887 803/4/889
f 389/4/890 390/4/888 803/4/889
f 389/379/890 803/782/889 804/783/891
f 387/377/892 389/379/890 804/783/891
f 800/780/883 805/784/893 806/785/894
f 800/780/883 806/785/894 807/786/895
f 801/781/884 800/780/883 807/786/895
f 802/787/887 801/781/884 807/786/895
f 802/787/887 807/786/895 808/788/896
f 803/782/889 802/787/887 808/788/896
f 803/782/889 808/788/896 809/789/897
f 804/783/891 803/782/889 809/789/897
f 804/783/891 809/789/897 810/790/898
f 811/791/899 804/783/891 810/790/898
f 807/786/895 806/785/894 808/788/896
f 385/375/900 387/377/892 804/783/891
f 385/375/900 804/783/891 811/791/899
f 384/374/901 385/375/900 811/791/899
f 380/370/902 384/374/901 811/791/899
f 381/371/903 380/370/902 811/791/899
f 382/4/904 381/4/903 811/4/899
f 382/372/904 811/791/899 810/790/898
f 812/792/905 382/372/904 810/790/898
f 812/792/905 810/790/898 809/789/897
f 813/793/906 812/792/905 809/789/897
f 812/4/905 479/4/907 383/4/908
f 382/372/904 812/792/905 383/373/908
f 812/792/905 813/793/906 814/794/909
f 812/792/905 814/794/909 815/795/910
f 479/4/907 812/4/905 815/4/910
f 482/4/911 479/4/907 815/4/910
f 483/4/912 482/4/911 815/4/910
f 483/475/912 815/795/910 816/796/913
f 485/476/914 483/475/912 816/796/913
f 485/476/914 816/796/913 817/797/915
f 485/476/914 817/797/915 818/798/916
f 486/4/917 485/4/914 818/4/916
f 819/799/918 817/797/915 816/796/913
f 814/794/909 819/799/918 816/796/913
f 814/794/909 816/796/913 815/795/910
f 814/794/909 820/800/919 819/799/918
f 821/801/920 822/802/921 818/803/916
f 821/4/920 818/4/916 817/4/915
f 823/804/922 821/801/920 817/797/915
f 823/804/922 817/797/915 819/799/918
f 824/805/923 823/804/922 819/799/918
f 824/805/923 819/799/918 820/800/919
f 825/806/924 824/805/923 820/800/919
f 826/807/925 825/806/924 820/800/919
f 813/793/906 826/807/925 820/800/919
f 813/793/906 820/800/919 814/794/909
f 824/805/923 825/806/924 827/808/926
f 824/805/923 827/808/926 828/809/927
f 823/804/922 824/805/923 828/809/927
f 823/804/922 828/809/927 829/810/928
f 821/801/920 823/804/922 829/810/928
f 821/801/920 829/810/928 830/811/929
f 822/802/921 821/801/920 830/811/929
f 822/802/921 830/811/929 831/812/930
f 832/813/931 822/802/921 831/812/930
f 833/814/932 832/813/931 831/812/930
f 834/815/933 831/812/930 830/811/929
f 835/816/934 834/815/933 830/811/929
f 835/816/934 830/811/929 829/810/928
f 836/817/935 834/815/933 835/816/934
f 837/818/936 836/817/935 835/816/934
f 837/818/936 835/816/934 829/810/928
f 837/818/936 829/810/928 828/809/927
f 838/819/937 837/818/936 828/809/927
f 838/819/937 828/809/927 827/808/926
f 837/818/936 838/819/937 839/820/938
f 836/817/935 837/818/936 839/820/938
f 836/817/935 839/820/938 840/821/939
f 841/822/940 836/817/935 840/821/939
f 842/823/941 841/822/940 840/821/939
f 842/823/941 840/821/939 843/824/942
f 844/825/943 845/826/944 846/827/945
f 844/825/943 846/827/945 847/828/946
f 843/824/942 844/825/943 847/828/946
f 842/823/941 843/824/942 847/828/946
f 842/823/941 847/828/946 848/829/947
f 841/822/940 842/823/941 848/829/947
f 841/822/940 848/829/947 849/830/948
f 841/822/940 849/830/948 850/831/949
f 836/817/935 841/822/940 850/831/949
f 836/817/935 850/831/949 851/832/950
f 834/815/933 836/817/935 851/832/950
f 852/833/951 853/834/952 854/835/953
f 849/830/948 852/833/951 854/835/953
f 850/831/949 849/830/948 854/835/953
f 855/836/954 833/814/932 831/812/930
f 855/836/954 831/812/930 834/815/933
f 856/837/955 855/836/954 834/815/933
f 856/837/955 834/815/933 851/832/950
f 857/838/956 856/837/955 851/832/950
f 857/838/956 851/832/950 850/831/949
f 858/839/957 857/838/956 850/831/949
f 858/839/957 850/831/949 854/835/953
f 859/840/958 858/839/957 854/835/953
f 859/840/958 854/835/953 853/834/952
f 860/841/959 859/840/958 853/834/952
f 860/841/959 853/834/952 852/833/951
f 861/842/960 860/841/959 852/833/951
f 601/580/961 833/814/932 855/836/954
f 529/517/962 601/580/961 855/836/954
f 529/517/962 855/836/954 856/837/955
f 528/516/963 529/517/962 856/837/955
f 528/516/963 856/837/955 857/838/956
f 527/515/964 528/516/963 857/838/956
f 527/515/964 857/838/956 858/839/957
f 526/514/965 527/515/964 858/839/957
f 526/4/965 858/4/957 859/4/958
f 862/4/966 526/4/965 859/4/958
f 525/4/967 526/4/965 862/4/966
f 862/843/966 863/844/968 864/845/969
f 525/4/967 862/4/966 864/4/969
f 525/4/967 864/4/969 530/4/970
f 862/843/966 859/840/958 860/841/959
f 863/844/968 862/843/966 860/841/959
f 863/844/968 860/841/959 861/842/960
f 865/846/971 863/844/968 861/842/960
f 865/846/971 861/842/960 866/847/972
f 867/848/973 865/846/971 866/847/972
f 867/848/973 866/847/972 868/849/974
f 869/850/975 867/848/973 868/849/974
f 869/850/975 846/827/945 870/851/976
f 869/850/975 870/851/976 871/852/977
f 867/848/973 869/850/975 871/852/977
f 867/848/973 871/852/977 872/853/978
f 865/846/971 867/848/973 872/853/978
f 865/846/971 872/853/978 873/854/979
f 863/844/968 865/846/971 873/854/979
f 863/844/968 873/854/979 874/855/980
f 864/845/969 863/844/968 874/855/980
f 864/845/969 874/855/980 875/856/981
f 872/853/978 871/852/977 876/857/982
f 877/858/983 872/853/978 876/857/982
f 878/859/984 877/858/983 876/857/982
f 879/860/985 880/861/986 881/862/987
f 879/860/985 881/862/987 882/863/988
f 883/864/989 879/860/985 882/863/988
f 878/859/984 884/865/990 885/866/991
f 877/858/983 878/859/984 885/866/991
f 877/858/983 885/866/991 886/867/992
f 877/858/983 886/867/992 887/868/993
f 872/853/978 877/858/983 887/868/993
f 872/853/978 887/868/993 873/854/979
f 884/865/990 882/863/988 881/862/987
f 885/866/991 884/865/990 881/862/987
f 885/866/991 881/862/987 880/861/986
f 886/867/992 885/866/991 880/861/986
f 888/869/994 873/854/979 887/868/993
f 889/870/995 888/869/994 887/868/993
f 889/870/995 887/868/993 886/867/992
f 890/871/996 889/870/995 886/867/992
f 890/871/996 886/867/992 880/861/986
f 891/872/997 890/871/996 880/861/986
f 891/872/997 880/861/986 879/860/985
f 892/873/998 891/872/997 879/860/985
f 892/873/998 879/860/985 883/864/989
f 893/874/999 892/873/998 883/864/989
f 894/875/1000 890/871/996 891/872/997
f 895/876/1001 894/875/1000 891/872/997
f 895/876/1001 891/872/997 892/873/998
f 896/877/1002 895/876/1001 892/873/998
f 897/878/1003 896/877/1002 892/873/998
f 897/878/1003 892/873/998 893/874/999
f 895/876/1001 680/659/724 898/879/1004
f 894/875/1000 895/876/1001 898/879/1004
f 894/875/1000 898/879/1004 899/880/1005
f 894/875/1000 899/880/1005 900/881/1006
f 890/871/996 894/875/1000 900/881/1006
f 890/871/996 900/881/1006 889/870/995
f 680/659/724 684/663/734 901/882/1007
f 898/879/1004 680/659/724 901/882/1007
f 898/879/1004 901/882/1007 899/880/1005
f 901/882/1007 684/663/734 686/665/736
f 901/882/1007 686/665/736 689/668/740
f 899/880/1005 901/882/1007 689/668/740
f 899/880/1005 689/668/740 902/883/1008
f 900/881/1006 899/880/1005 902/883/1008
f 900/881/1006 902/883/1008 903/884/1009
f 889/870/995 900/881/1006 903/884/1009
f 888/869/994 889/870/995 903/884/1009
f 888/869/994 903/884/1009 904/885/1010
f 905/886/1011 888/869/994 904/885/1010
f 906/887/1012 907/888/1013 908/889/1014
f 909/890/1015 906/887/1012 908/889/1014
f 909/890/1015 908/889/1014 904/885/1010
f 909/890/1015 904/885/1010 903/884/1009
f 909/890/1015 903/884/1009 902/883/1008
f 688/667/739 909/890/1015 902/883/1008
f 688/667/739 902/883/1008 689/668/740
f 906/887/1012 909/890/1015 688/667/739
f 910/891/1016 905/886/1011 904/885/1010
f 910/891/1016 904/885/1010 908/889/1014
f 911/892/1017 910/891/1016 908/889/1014
f 911/892/1017 908/889/1014 907/888/1013
f 619/598/1018 911/892/1017 907/888/1013
f 618/597/1019 619/598/1018 907/888/1013
f 616/595/1020 618/597/1019 907/888/1013
f 616/595/1020 907/888/1013 906/887/1012
f 614/593/738 616/595/1020 906/887/1012
f 614/593/738 906/887/1012 688/667/739
f 911/892/1017 619/598/1018 545/529/1021
f 546/530/1022 911/892/1017 545/529/1021
f 547/4/1023 548/4/1024 912/4/1025
f 546/530/1022 547/531/1023 912/893/1025
f 546/530/1022 912/893/1025 913/894/1026
f 911/892/1017 546/530/1022 913/894/1026
f 911/892/1017 913/894/1026 914/895/1027
f 910/891/1016 911/892/1017 914/895/1027
f 910/891/1016 914/895/1027 915/896/1028
f 905/886/1011 910/891/1016 915/896/1028
f 905/886/1011 915/896/1028 873/854/979
f 888/869/994 905/886/1011 873/854/979
f 874/855/980 873/854/979 915/896/1028
f 875/856/981 874/855/980 915/896/1028
f 916/897/1029 875/856/981 915/896/1028
f 916/897/1029 915/896/1028 914/895/1027
f 917/898/1030 916/897/1029 914/895/1027
f 917/4/1030 914/4/1027 913/4/1026
f 912/4/1025 917/4/1030 913/4/1026
f 530/4/970 864/4/969 875/4/981
f 531/4/1031 530/4/970 875/4/981
f 531/4/1031 875/4/981 916/4/1029
f 554/4/1032 531/4/1031 916/4/1029
f 554/4/1032 916/4/1029 917/4/1030
f 553/4/1033 554/4/1032 917/4/1030
f 552/4/1034 553/4/1033 917/4/1030
f 552/4/1034 917/4/1030 912/4/1025
f 551/4/1035 552/4/1034 912/4/1025
f 548/4/1024 551/4/1035 912/4/1025
f 222/218/1036 223/219/1037 918/899/1038
f 919/900/1039 920/901/1040 918/899/1038
f 919/900/1039 918/899/1038 223/219/1037
f 224/220/1041 919/900/1039 223/219/1037
f 224/220/1041 921/902/1042 922/903/1043
f 919/900/1039 224/220/1041 922/903/1043
f 919/900/1039 922/903/1043 923/904/1044
f 920/901/1040 919/900/1039 923/904/1044
f 920/901/1040 923/904/1044 924/905/1045
f 925/906/1046 920/901/1040 924/905/1045
f 925/906/1046 924/905/1045 926/907/1047
f 927/908/1048 925/906/1046 926/907/1047
f 927/908/1048 926/907/1047 928/909/1049
f 929/910/1050 924/905/1045 923/904/1044
f 930/911/1051 929/910/1050 923/904/1044
f 930/911/1051 923/904/1044 922/903/1043
f 931/912/1052 930/911/1051 922/903/1043
f 931/912/1052 922/903/1043 921/902/1042
f 932/913/1053 931/912/1052 921/902/1042
f 932/913/1053 921/902/1042 933/914/1054
f 934/915/1055 932/913/1053 933/914/1054
f 934/915/1055 933/914/1054 935/916/1056
f 645/624/679 934/915/1055 935/916/1056
f 929/910/1050 930/911/1051 931/912/1052
f 936/917/1057 929/910/1050 931/912/1052
f 932/913/1053 936/917/1057 931/912/1052
f 245/241/1058 244/240/1059 937/918/1060
f 246/242/1061 245/241/1058 937/918/1060
f 246/242/1061 937/918/1060 938/919/1062
f 229/225/1063 246/242/1061 938/919/1062
f 229/225/1063 938/919/1062 935/916/1056
f 230/226/1064 229/225/1063 935/916/1056
f 230/226/1064 935/916/1056 933/914/1054
f 225/221/1065 230/226/1064 933/914/1054
f 225/221/1065 933/914/1054 921/902/1042
f 224/220/1041 225/221/1065 921/902/1042
f 645/624/679 935/916/1056 938/919/1062
f 639/618/673 645/624/679 938/919/1062
f 639/618/673 938/919/1062 937/918/1060
f 639/618/673 937/918/1060 939/920/1066
f 640/619/674 639/618/673 939/920/1066
f 940/921/1067 610/589/666 633/612/667
f 940/921/1067 633/612/667 637/616/671
f 940/921/1067 637/616/671 640/619/674
f 605/584/1068 940/921/1067 640/619/674
f 252/248/1069 605/584/1068 640/619/674
f 251/247/1070 252/248/1069 640/619/674
f 251/247/1070 640/619/674 939/920/1066
f 941/922/1071 251/247/1070 939/920/1066
f 941/922/1071 939/920/1066 937/918/1060
f 244/4/1059 941/4/1071 937/4/1060
f 940/921/1067 605/584/1068 608/587/1072
f 610/589/666 940/921/1067 608/587/1072
f 250/246/1073 251/247/1070 941/922/1071
f 241/237/1074 250/246/1073 941/922/1071
f 242/238/1075 241/237/1074 941/922/1071
f 242/4/1075 941/4/1071 244/4/1059
f 942/923/1076 943/924/1077 944/925/1078
f 945/926/1079 942/923/1076 944/925/1078
f 945/926/1079 944/925/1078 946/927/1080
f 947/928/1081 948/929/1082 949/930/1083
f 950/931/1084 947/928/1081 949/930/1083
f 950/931/1084 949/930/1083 943/924/1077
f 951/932/1085 950/931/1084 943/924/1077
f 951/932/1085 943/924/1077 942/923/1076
f 805/784/893 951/932/1085 942/923/1076
f 805/784/893 942/923/1076 806/785/894
f 797/777/879 795/775/877 952/933/1086
f 800/780/883 797/777/879 952/933/1086
f 805/784/893 800/780/883 952/933/1086
f 805/784/893 952/933/1086 953/934/1087
f 951/932/1085 805/784/893 953/934/1087
f 951/932/1085 953/934/1087 950/931/1084
f 954/935/1088 955/936/1089 956/937/1090
f 954/935/1088 956/937/1090 957/938/1091
f 958/939/1092 954/935/1088 957/938/1091
f 758/737/825 959/940/1093 960/941/1094
f 757/736/824 758/737/825 960/941/1094
f 757/736/824 960/941/1094 961/942/1095
f 757/736/824 961/942/1095 769/748/845
f 752/731/818 757/736/824 769/748/845
f 752/731/818 769/748/845 753/732/819
f 959/940/1093 957/938/1091 956/937/1090
f 960/941/1094 959/940/1093 956/937/1090
f 960/941/1094 956/937/1090 955/936/1089
f 961/942/1095 960/941/1094 955/936/1089
f 770/749/846 769/748/845 961/942/1095
f 782/761/858 770/749/846 961/942/1095
f 782/761/858 961/942/1095 955/936/1089
f 962/943/1096 782/761/858 955/936/1089
f 962/943/1096 955/936/1089 954/935/1088
f 963/944/1097 962/943/1096 954/935/1088
f 963/944/1097 954/935/1088 958/939/1092
f 964/945/1098 963/944/1097 958/939/1092
f 783/762/859 782/761/858 962/943/1096
f 784/763/860 783/762/859 962/943/1096
f 784/763/860 962/943/1096 963/944/1097
f 965/946/1099 791/771/872 784/763/860
f 965/946/1099 784/763/860 963/944/1097
f 966/947/1100 965/946/1099 963/944/1097
f 966/947/1100 963/944/1097 964/945/1098
f 967/948/1101 966/947/1100 964/945/1098
f 967/948/1101 964/945/1098 968/949/1102
f 947/928/1081 967/948/1101 968/949/1102
f 947/928/1081 968/949/1102 948/929/1082
f 794/774/876 791/771/872 965/946/1099
f 969/950/1103 794/774/876 965/946/1099
f 969/950/1103 965/946/1099 966/947/1100
f 967/948/1101 969/950/1103 966/947/1100
f 970/951/1104 971/952/1105 972/953/1106
f 970/951/1104 972/953/1106 973/954/1107
f 974/955/1108 970/951/1104 973/954/1107
f 974/955/1108 973/954/1107 975/956/1109
f 976/957/1110 974/955/1108 975/956/1109
f 976/957/1110 975/956/1109 977/958/1111
f 972/953/1106 971/952/1105 745/724/808
f 972/953/1106 745/724/808 978/959/1112
f 972/953/1106 978/959/1112 979/960/1113
f 973/954/1107 972/953/1106 979/960/1113
f 973/954/1107 979/960/1113 980/961/1114
f 975/956/1109 973/954/1107 980/961/1114
f 975/956/1109 980/961/1114 283/279/1115
f 977/958/1111 975/956/1109 283/279/1115
f 977/958/1111 283/279/1115 269/265/754
f 692/671/753 977/958/1111 269/265/754
f 979/960/1113 978/959/1112 981/962/1116
f 979/960/1113 981/962/1116 289/285/1117
f 979/960/1113 289/285/1117 278/274/1118
f 979/960/1113 278/274/1118 279/275/1119
f 980/961/1114 979/960/1113 279/275/1119
f 980/961/1114 279/275/1119 282/278/1120
f 283/279/1115 980/961/1114 282/278/1120
f 745/724/808 744/723/807 982/963/1121
f 978/959/1112 745/724/808 982/963/1121
f 978/959/1112 982/963/1121 983/964/1122
f 981/962/1116 978/959/1112 983/964/1122
f 981/962/1116 983/964/1122 984/965/1123
f 289/285/1117 981/962/1116 984/965/1123
f 288/4/1124 289/4/1117 984/4/1123
f 285/4/1125 288/4/1124 984/4/1123
f 441/4/1126 285/4/1125 984/4/1123
f 441/4/1126 984/4/1123 983/4/1122
f 444/4/1127 441/4/1126 983/4/1122
f 443/4/1128 444/4/1127 983/4/1122
f 443/4/1128 983/4/1122 982/4/1121
f 442/4/1129 443/4/1128 982/4/1121
f 442/4/1129 982/4/1121 744/4/807
f 339/4/1130 442/4/1129 744/4/807
f 339/4/1130 744/4/807 742/4/805
f 337/4/1131 339/4/1130 742/4/805
f 337/4/1131 742/4/805 741/4/804
f 336/332/809 337/333/1131 741/966/804
f 421/4/1132 422/4/1133 985/4/1134
f 420/409/1135 421/410/1132 985/967/1134
f 585/564/1136 420/409/1135 985/967/1134
f 585/564/1136 985/967/1134 586/565/867
f 986/968/1137 428/416/1138 987/969/1139
f 986/968/1137 987/969/1139 774/753/850
f 986/968/1137 774/753/850 773/752/849
f 424/970/1140 986/968/1137 773/752/849
f 423/4/1141 424/4/1140 773/4/849
f 422/411/1133 423/412/1141 773/752/849
f 422/411/1133 773/752/849 789/768/865
f 985/971/1134 422/411/1133 789/768/865
f 985/971/1134 789/768/865 788/767/864
f 586/4/867 985/4/1134 788/4/864
f 986/4/1137 424/4/1140 427/4/1142
f 428/4/1138 986/4/1137 427/4/1142
f 766/745/842 767/746/843 779/758/855
f 766/745/842 779/758/855 988/972/1143
f 765/744/839 766/745/842 988/972/1143
f 765/744/839 988/972/1143 989/973/1144
f 433/422/840 765/744/839 989/973/1144
f 432/4/1145 433/4/840 989/4/1144
f 430/4/1146 432/4/1145 989/4/1144
f 430/419/1146 989/973/1144 990/974/1147
f 428/416/1138 430/419/1146 990/974/1147
f 428/416/1138 990/974/1147 987/969/1139
f 990/974/1147 991/975/1148 987/969/1139
f 990/974/1147 989/973/1144 988/972/1143
f 991/975/1148 990/974/1147 988/972/1143
f 991/975/1148 988/972/1143 779/758/855
f 991/975/1148 779/758/855 778/757/854
f 991/975/1148 778/757/854 776/755/852
f 987/969/1139 991/975/1148 776/755/852
f 987/969/1139 776/755/852 774/753/850
f 476/467/1149 475/466/1150 992/976/1151
f 477/468/1152 476/467/1149 992/976/1151
f 604/583/1153 477/468/1152 992/976/1151
f 604/583/1153 992/976/1151 603/582/1154
f 473/4/1155 486/4/917 818/4/916
f 473/464/1155 818/803/916 822/802/921
f 474/465/1156 473/464/1155 822/802/921
f 475/466/1150 474/465/1156 822/802/921
f 475/466/1150 822/802/921 832/813/931
f 992/976/1151 475/466/1150 832/813/931
f 992/976/1151 832/813/931 833/814/932
f 603/582/1154 992/976/1151 833/814/932
f 602/581/1157 603/582/1154 833/814/932
f 601/580/961 602/581/1157 833/814/932
f 648/627/682 649/628/683 993/977/1158
f 647/626/681 648/627/682 993/977/1158
f 647/626/681 993/977/1158 994/978/1159
f 995/979/1160 647/626/681 994/978/1159
f 996/980/1161 995/979/1160 994/978/1159
f 996/980/1161 994/978/1159 997/981/1162
f 998/982/1163 999/983/1164 1000/984/1165
f 998/982/1163 1000/984/1165 1001/985/1166
f 997/981/1162 998/982/1163 1001/985/1166
f 996/980/1161 997/981/1162 1001/985/1166
f 996/980/1161 1001/985/1166 1002/986/1167
f 995/979/1160 996/980/1161 1002/986/1167
f 995/979/1160 1002/986/1167 936/917/1057
f 995/979/1160 936/917/1057 932/913/1053
f 647/626/681 995/979/1160 932/913/1053
f 647/626/681 932/913/1053 934/915/1055
f 645/624/679 647/626/681 934/915/1055
f 649/628/683 655/634/689 1003/987/1168
f 993/977/1158 649/628/683 1003/987/1168
f 993/977/1158 1003/987/1168 1004/988/1169
f 994/978/1159 993/977/1158 1004/988/1169
f 994/978/1159 1004/988/1169 1005/989/1170
f 997/981/1162 994/978/1159 1005/989/1170
f 1004/988/1169 1003/987/1168 1006/990/1171
f 1004/988/1169 1006/990/1171 1007/991/1172
f 1005/989/1170 1004/988/1169 1007/991/1172
f 1008/992/1173 1009/993/1174 1010/994/1175
f 1011/995/1176 1008/992/1173 1010/994/1175
f 1011/995/1176 1010/994/1175 1012/996/1177
f 1006/990/1171 1011/995/1176 1012/996/1177
f 1007/991/1172 1006/990/1171 1012/996/1177
f 656/635/690 1013/997/1178 1009/993/1174
f 656/635/690 1009/993/1174 1008/992/1173
f 654/633/688 656/635/690 1008/992/1173
f 655/634/689 654/633/688 1008/992/1173
f 655/634/689 1008/992/1173 1011/995/1176
f 1003/987/1168 655/634/689 1011/995/1176
f 1003/987/1168 1011/995/1176 1006/990/1171
f 1014/998/1179 1015/999/1180 1016/1000/1181
f 672/651/716 1014/998/1179 1016/1000/1181
f 672/651/716 1016/1000/1181 1013/997/1178
f 663/642/703 672/651/716 1013/997/1178
f 663/642/703 1013/997/1178 656/635/690
f 1017/1001/1182 1015/999/1180 1014/998/1179
f 1017/1001/1182 1014/998/1179 1018/1002/1183
f 893/874/999 1017/1001/1182 1018/1002/1183
f 897/878/1003 893/874/999 1018/1002/1183
f 897/878/1003 1018/1002/1183 1019/1003/1184
f 897/878/1003 1019/1003/1184 1020/1004/1185
f 896/877/1002 897/878/1003 1020/1004/1185
f 896/877/1002 1020/1004/1185 1021/1005/1186
f 896/877/1002 1021/1005/1186 681/660/725
f 896/877/1002 681/660/725 676/655/720
f 895/876/1001 896/877/1002 676/655/720
f 895/876/1001 676/655/720 678/657/722
f 680/659/724 895/876/1001 678/657/722
f 977/958/1111 692/671/753 693/672/756
f 976/957/1110 977/958/1111 693/672/756
f 976/957/1110 693/672/756 695/674/758
f 976/957/1110 695/674/758 698/677/761
f 974/955/1108 976/957/1110 698/677/761
f 974/955/1108 698/677/761 731/710/794
f 970/951/1104 974/955/1108 731/710/794
f 970/951/1104 731/710/794 732/711/795
f 971/952/1105 970/951/1104 732/711/795
f 971/952/1105 732/711/795 733/712/796
f 745/724/808 971/952/1105 733/712/796
f 743/722/806 745/724/808 733/712/796
f 743/722/806 733/712/796 734/713/797
f 1022/1006/1187 1023/1007/1188 1024/1008/1189
f 1025/1009/1190 1022/1006/1187 1024/1008/1189
f 1025/1009/1190 1024/1008/1189 1026/1010/1191
f 1027/1011/1192 1025/1009/1190 1026/1010/1191
f 1028/1012/1193 1026/1010/1191 1024/1008/1189
f 1028/1012/1193 1024/1008/1189 1023/1007/1188
f 1029/1013/1194 1028/1012/1193 1023/1007/1188
f 946/927/1080 1022/1006/1187 1025/1009/1190
f 945/926/1079 946/927/1080 1025/1009/1190
f 945/926/1079 1025/1009/1190 1027/1011/1192
f 945/926/1079 1027/1011/1192 1030/1014/1195
f 942/923/1076 945/926/1079 1030/1014/1195
f 942/923/1076 1030/1014/1195 806/785/894
f 813/793/906 809/789/897 808/788/896
f 826/807/925 813/793/906 808/788/896
f 826/807/925 808/788/896 806/785/894
f 825/806/924 826/807/925 806/785/894
f 825/806/924 806/785/894 1030/1014/1195
f 827/808/926 825/806/924 1030/1014/1195
f 827/808/926 1030/1014/1195 1027/1011/1192
f 838/819/937 827/808/926 1027/1011/1192
f 838/819/937 1027/1011/1192 1026/1010/1191
f 839/820/938 838/819/937 1026/1010/1191
f 839/820/938 1026/1010/1191 1028/1012/1193
f 840/821/939 839/820/938 1028/1012/1193
f 840/821/939 1028/1012/1193 1029/1013/1194
f 843/824/942 840/821/939 1029/1013/1194
f 846/827/945 845/826/944 870/851/976
f 1031/1015/1196 701/680/764 700/679/763
f 1032/1016/1197 1031/1015/1196 700/679/763
f 1033/1017/1198 1032/1016/1197 700/679/763
f 1033/1017/1198 700/679/763 1034/1018/1199
f 1035/1019/1200 1033/1017/1198 1034/1018/1199
f 1035/1019/1200 1034/1018/1199 1036/1020/1201
f 1037/1021/1202 1035/1019/1200 1036/1020/1201
f 918/899/1038 920/901/1040 1031/1015/1196
f 918/899/1038 1031/1015/1196 1032/1016/1197
f 222/218/1036 918/899/1038 1032/1016/1197
f 211/207/1203 222/218/1036 1032/1016/1197
f 211/207/1203 1032/1016/1197 1033/1017/1198
f 210/206/1204 211/207/1203 1033/1017/1198
f 210/206/1204 1033/1017/1198 1035/1019/1200
f 209/205/1205 210/206/1204 1035/1019/1200
f 208/204/1206 209/205/1205 1035/1019/1200
f 208/204/1206 1035/1019/1200 1037/1021/1202
f 207/203/1207 208/204/1206 1037/1021/1202
f 200/196/1208 207/203/1207 1037/1021/1202
f 275/271/1209 200/196/1208 1037/1021/1202
f 274/270/752 275/271/1209 1037/1021/1202
f 274/270/752 1037/1021/1202 1036/1020/1201
f 691/670/749 274/270/752 1036/1020/1201
f 691/670/749 1036/1020/1201 1034/1018/1199
f 694/673/757 691/670/749 1034/1018/1199
f 694/673/757 1034/1018/1199 700/679/763
f 696/675/759 694/673/757 700/679/763
f 1000/984/1165 999/983/1164 1038/1022/1210
f 928/909/1049 1000/984/1165 1038/1022/1210
f 928/909/1049 1038/1022/1210 710/689/773
f 927/908/1048 928/909/1049 710/689/773
f 927/908/1048 710/689/773 709/688/772
f 925/906/1046 927/908/1048 709/688/772
f 925/906/1046 709/688/772 701/680/764
f 920/901/1040 925/906/1046 701/680/764
f 920/901/1040 701/680/764 1031/1015/1196
usemtl Material.084
f 1039/1023/1211 1040/1024/1212 1044/1025/1213
f 1040/1024/1212 1039/1023/1211 1041/1026/1214
f 1042/1027/1215 1041/1026/1214 1039/1023/1211
f 1046/1028/1216 1042/1027/1215 1039/1023/1211
f 1044/1025/1213 1043/1029/1217 1039/1023/1211
f 1045/1030/1218 1039/1023/1211 1043/1029/1217
f 1039/1023/1211 1045/1030/1218 1046/1028/1216
f 1048/1031/1219 1046/1032/1216 1045/1033/1218
f 1042/1034/1215 1046/1035/1216 1047/1036/1220
f 1049/4/1221 1047/4/1220 1046/4/1216
f 1046/1032/1216 1048/1031/1219 1049/1037/1221
f 1051/1038/1222 1049/1037/1221 1048/1031/1219
f 1052/1039/1223 1050/1040/1224 1049/1037/1221
f 1047/1041/1220 1049/1037/1221 1050/1040/1224
f 1049/1037/1221 1051/1038/1222 1052/1039/1223
f 1053/1042/1225 1052/1039/1223 1051/1038/1222
f 1050/1040/1224 1052/1039/1223 1054/1043/1226
f 1052/1039/1223 1053/1042/1225 1054/1043/1226
f 1056/1044/1227 1054/1043/1226 1053/1042/1225
f 1054/4/1226 1055/4/1228 1050/4/1224
f 1053/1042/1225 1057/1045/1229 1056/1044/1227
f 1057/1045/1229 1058/1046/1230 1056/1044/1227
f 1059/1047/1231 1056/1044/1227 1058/1046/1230
f 1058/1046/1230 1060/1048/1232 1059/1047/1231
f 1060/1048/1232 1061/1049/1233 1059/1047/1231
f 1062/1050/1234 1059/1047/1231 1061/1049/1233
f 1063/1051/1235 1064/1052/1236 1062/1050/1234
f 1061/1049/1233 1063/1051/1235 1062/1050/1234
f 1065/1053/1237 1062/1050/1234 1064/1052/1236
f 1066/1054/1238 1067/1055/1239 1065/1053/1237
f 1064/1052/1236 1066/1054/1238 1065/1053/1237
f 1068/1056/1240 1065/1053/1237 1067/1055/1239
f 1069/1057/1241 1070/1058/1242 1068/1056/1240
f 1067/1055/1239 1069/1057/1241 1068/1056/1240
f 1071/1059/1243 1068/1056/1240 1070/1058/1242
f 1070/1058/1242 1072/1060/1244 1071/1059/1243
f 1072/1060/1244 1073/1061/1245 1071/1059/1243
f 1074/1062/1246 1071/1059/1243 1073/1061/1245
f 1073/1061/1245 1075/1063/1247 1074/1062/1246
f 1075/1063/1247 1076/1064/1248 1074/1062/1246
f 1077/1065/1249 1074/1062/1246 1076/1064/1248
f 1076/1064/1248 1078/1066/1250 1077/1065/1249
f 1078/1066/1250 1079/1067/1251 1077/1065/1249
f 1080/1068/1252 1077/1065/1249 1079/1067/1251
f 1079/1067/1251 1081/1069/1253 1080/1068/1252
f 1081/1069/1253 1082/1070/1254 1080/1068/1252
f 1083/1071/1255 1080/1068/1252 1082/1070/1254
f 1082/1070/1254 1084/1072/1256 1083/1071/1255
f 1084/1072/1256 1085/1073/1257 1083/1071/1255
f 1086/1074/1258 1083/1071/1255 1085/1073/1257
f 1085/1073/1257 1087/1075/1259 1086/1074/1258
f 1087/1075/1259 1088/1076/1260 1086/1074/1258
f 1089/1077/1261 1086/1074/1258 1088/1076/1260
f 1088/1076/1260 1090/1078/1262 1089/1077/1261
f 1090/1078/1262 1091/1079/1263 1089/1077/1261
f 1092/1080/1264 1089/1077/1261 1091/1079/1263
f 1091/1079/1263 1093/1081/1265 1092/1080/1264
f 1093/1081/1265 1094/1082/1266 1092/1080/1264
f 1095/1083/1267 1092/1080/1264 1094/1082/1266
f 1094/1084/1266 1096/1085/1268 1095/1086/1267
f 1096/1085/1268 1097/1087/1269 1095/1086/1267
f 1098/1088/1270 1095/1089/1267 1097/1090/1269
f 1097/1090/1269 1099/1091/1271 1098/1088/1270
f 1099/1092/1271 1100/1093/1272 1098/1094/1270
f 1101/1095/1273 1098/1096/1270 1100/1097/1272
f 1100/1093/1272 1102/1098/1274 1101/1099/1273
f 1102/1100/1274 1103/1101/1275 1101/1102/1273
f 1104/1103/1276 1101/1102/1273 1103/1101/1275
f 1103/1101/1275 1105/1104/1277 1104/1103/1276
f 1105/1104/1277 1106/1105/1278 1104/1103/1276
f 1107/1106/1279 1104/1103/1276 1106/1105/1278
f 1106/1105/1278 1108/1107/1280 1107/1106/1279
f 1108/1107/1280 1109/1108/1281 1107/1106/1279
f 1110/1109/1282 1107/1106/1279 1109/1108/1281
f 1109/1108/1281 1111/1110/1283 1110/1109/1282
f 1111/1110/1283 1112/1111/1284 1110/1109/1282
f 1113/1112/1285 1110/1109/1282 1112/1111/1284
f 1112/1111/1284 1114/1113/1286 1113/1112/1285
f 1114/1113/1286 1115/1114/1287 1113/1112/1285
f 1116/1115/1288 1113/1112/1285 1115/1114/1287
f 1115/1114/1287 1117/1116/1289 1116/1115/1288
f 1117/1116/1289 1118/1117/1290 1116/1115/1288
f 1119/1118/1291 1116/1115/1288 1118/1117/1290
f 1118/1117/1290 1120/1119/1292 1119/1118/1291
f 1120/1119/1292 1121/1120/1293 1119/1118/1291
f 1122/1121/1294 1119/1118/1291 1121/1120/1293
f 1121/1120/1293 1123/1122/1295 1122/1121/1294
f 1123/1122/1295 1124/1123/1296 1122/1121/1294
f 1125/1124/1297 1122/1121/1294 1124/1123/1296
f 1124/1123/1296 1126/1125/1298 1125/1124/1297
f 1126/1125/1298 1127/1126/1299 1125/1124/1297
f 1128/1127/1300 1125/1124/1297 1127/1126/1299
f 1127/1126/1299 1129/1128/1301 1128/1127/1300
f 1129/1128/1301 1130/1129/1302 1128/1127/1300
f 1131/1130/1303 1128/1127/1300 1130/1129/1302
f 1130/1129/1302 1132/1131/1304 1131/1130/1303
f 1132/1131/1304 1133/1132/1305 1131/1130/1303
f 1134/1133/1306 1131/1130/1303 1133/1132/1305
f 1135/1134/1307 1136/1135/1308 1134/1133/1306
f 1133/1132/1305 1135/1134/1307 1134/1133/1306
f 1137/1136/1309 1134/1133/1306 1136/1135/1308
f 1138/4/1310 1139/4/1311 1137/4/1309
f 1136/4/1308 1138/4/1310 1137/4/1309
f 1055/1137/1228 1137/1138/1309 1139/1139/1311
f 1139/4/1311 1138/4/1310 1140/4/1312
f 1139/4/1311 1142/4/1313 1055/4/1228
f 1140/4/1312 1141/4/1314 1139/4/1311
f 1142/4/1313 1139/4/1311 1141/4/1314
f 1142/4/1313 1050/4/1224 1055/4/1228
f 1141/4/1314 1047/4/1220 1142/4/1313
f 1050/4/1224 1142/4/1313 1047/4/1220
f 1141/4/1314 1140/4/1312 1041/4/1214
f 1041/4/1214 1042/4/1215 1141/4/1314
f 1047/4/1220 1141/4/1314 1042/4/1215
f 1143/4/1315 1041/4/1214 1140/4/1312
f 1140/4/1312 1144/4/1316 1143/4/1315
f 1144/4/1316 1140/4/1312 1138/4/1310
f 1144/4/1316 1145/4/1317 1146/4/1318
f 1145/4/1317 1144/4/1316 1136/4/1308
f 1138/4/1310 1136/4/1308 1144/4/1316
f 1146/4/1318 1143/4/1315 1144/4/1316
f 1143/1140/1315 1146/1141/1318 1147/1142/1319
f 1146/1141/1318 1148/1143/1320 1147/1142/1319
f 1148/4/1320 1146/4/1318 1145/4/1317
f 1148/1143/1320 1149/1144/1321 1150/1145/1322
f 1149/4/1321 1148/4/1320 1151/4/1323
f 1145/4/1317 1151/4/1323 1148/4/1320
f 1150/1145/1322 1147/1142/1319 1148/1143/1320
f 1151/4/1323 1152/4/1324 1149/4/1321
f 1152/4/1324 1151/4/1323 1133/4/1305
f 1151/4/1323 1145/4/1317 1135/4/1307
f 1135/4/1307 1133/4/1305 1151/4/1323
f 1153/4/1325 1149/4/1321 1152/4/1324
f 1152/4/1324 1154/4/1326 1153/4/1325
f 1154/4/1326 1152/4/1324 1132/4/1304
f 1133/4/1305 1132/4/1304 1152/4/1324
f 1154/1146/1326 1155/1147/1327 1156/1148/1328
f 1155/4/1327 1154/4/1326 1130/4/1302
f 1132/4/1304 1130/4/1302 1154/4/1326
f 1156/4/1328 1153/4/1325 1154/4/1326
f 1157/1149/1329 1158/1150/1330 1156/1148/1328
f 1156/1148/1328 1159/1151/1331 1157/1149/1329
f 1153/1152/1325 1156/1148/1328 1158/1150/1330
f 1159/1151/1331 1156/1148/1328 1155/1147/1327
f 1160/1153/1332 1157/1149/1329 1159/1151/1331
f 1159/1154/1331 1161/1155/1333 1160/1156/1332
f 1161/1155/1333 1159/1154/1331 1162/1157/1334
f 1155/1158/1327 1162/1157/1334 1159/1154/1331
f 1162/1157/1334 1163/1159/1335 1161/1155/1333
f 1163/1159/1335 1162/1157/1334 1127/1160/1299
f 1162/1157/1334 1155/1158/1327 1129/1161/1301
f 1129/1161/1301 1127/1160/1299 1162/1157/1334
f 1164/1162/1336 1161/1155/1333 1163/1159/1335
f 1163/1159/1335 1165/1163/1337 1164/1162/1336
f 1165/1163/1337 1163/1159/1335 1126/1164/1298
f 1127/1160/1299 1126/1164/1298 1163/1159/1335
f 1165/1163/1337 1166/1165/1338 1167/1166/1339
f 1166/1165/1338 1165/1163/1337 1124/1167/1296
f 1126/1164/1298 1124/1167/1296 1165/1163/1337
f 1167/1166/1339 1164/1162/1336 1165/1163/1337
f 1168/1168/1340 1169/1169/1341 1167/1166/1339
f 1167/1166/1339 1170/1170/1342 1168/1168/1340
f 1164/1162/1336 1167/1166/1339 1169/1169/1341
f 1170/1170/1342 1167/1166/1339 1166/1165/1338
f 1170/1170/1342 1171/1171/1343 1168/1168/1340
f 1171/1171/1343 1170/1170/1342 1172/1172/1344
f 1166/1165/1338 1172/1172/1344 1170/1170/1342
f 1172/1172/1344 1173/1173/1345 1171/1171/1343
f 1173/1173/1345 1172/1172/1344 1121/1174/1293
f 1172/1172/1344 1166/1165/1338 1123/1175/1295
f 1123/1175/1295 1121/1174/1293 1172/1172/1344
f 1174/1176/1346 1171/1171/1343 1173/1173/1345
f 1173/1173/1345 1175/1177/1347 1174/1176/1346
f 1175/1177/1347 1173/1173/1345 1120/1178/1292
f 1121/1174/1293 1120/1178/1292 1173/1173/1345
f 1175/1177/1347 1176/1179/1348 1177/1180/1349
f 1176/1179/1348 1175/1177/1347 1118/1181/1290
f 1120/1178/1292 1118/1181/1290 1175/1177/1347
f 1177/1180/1349 1174/1176/1346 1175/1177/1347
f 1174/1176/1346 1177/1180/1349 1178/1182/1350
f 1177/1180/1349 1179/1183/1351 1178/1182/1350
f 1179/1183/1351 1177/1180/1349 1176/1179/1348
f 1179/1183/1351 1180/1184/1352 1181/1185/1353
f 1180/1184/1352 1179/1183/1351 1182/1186/1354
f 1176/1179/1348 1182/1186/1354 1179/1183/1351
f 1181/1185/1353 1178/1182/1350 1179/1183/1351
f 1182/1186/1354 1183/1187/1355 1180/1184/1352
f 1183/1187/1355 1182/1186/1354 1115/1188/1287
f 1182/1186/1354 1176/1179/1348 1117/1189/1289
f 1117/1189/1289 1115/1188/1287 1182/1186/1354
f 1184/1190/1356 1180/1184/1352 1183/1187/1355
f 1183/1187/1355 1185/1191/1357 1184/1190/1356
f 1185/1191/1357 1183/1187/1355 1114/1192/1286
f 1115/1188/1287 1114/1192/1286 1183/1187/1355
f 1185/1191/1357 1186/1193/1358 1187/1194/1359
f 1186/1193/1358 1185/1191/1357 1112/1195/1284
f 1114/1192/1286 1112/1195/1284 1185/1191/1357
f 1187/1194/1359 1184/1190/1356 1185/1191/1357
f 1184/1190/1356 1187/1194/1359 1188/1196/1360
f 1190/1197/1361 1188/1196/1360 1187/1194/1359
f 1189/1198/1362 1187/1194/1359 1186/1193/1358
f 1187/1194/1359 1189/1198/1362 1190/1197/1361
f 1193/1199/1363 1190/1197/1361 1189/1198/1362
f 1192/1200/1364 1191/1201/1365 1190/1197/1361
f 1188/1196/1360 1190/1197/1361 1191/1201/1365
f 1190/1197/1361 1193/1199/1363 1192/1200/1364
f 1197/1202/1366 1194/1203/1367 1193/1199/1363
f 1195/1204/1368 1193/1199/1363 1194/1203/1367
f 1193/1199/1363 1195/1204/1368 1196/1205/1369
f 1196/1205/1369 1192/1200/1364 1193/1199/1363
f 1189/1198/1362 1197/1202/1366 1193/1199/1363
f 1197/1202/1366 1189/1198/1362 1199/1206/1370
f 1194/1203/1367 1197/1202/1366 1198/1207/1371
f 1199/1206/1370 1198/1207/1371 1197/1202/1366
f 1198/1207/1371 1199/1206/1370 1109/1208/1281
f 1199/1206/1370 1186/1193/1358 1111/1209/1283
f 1111/1209/1283 1109/1208/1281 1199/1206/1370
f 1186/1193/1358 1199/1206/1370 1189/1198/1362
f 1198/1207/1371 1200/1210/1372 1194/1203/1367
f 1200/1210/1372 1198/1207/1371 1108/1211/1280
f 1109/1208/1281 1108/1211/1280 1198/1207/1371
f 1200/1210/1372 1201/1212/1373 1202/1213/1374
f 1201/1212/1373 1200/1210/1372 1106/1214/1278
f 1108/1211/1280 1106/1214/1278 1200/1210/1372
f 1202/1213/1374 1194/1203/1367 1200/1210/1372
f 1203/1215/1375 1202/1213/1374 1201/1212/1373
f 1202/1213/1374 1203/1215/1375 1204/1216/1376
f 1204/1216/1376 1195/1204/1368 1202/1213/1374
f 1194/1203/1367 1202/1213/1374 1195/1204/1368
f 1203/1215/1375 1208/1217/1377 1204/1216/1376
f 1195/1204/1368 1204/1216/1376 1205/1218/1378
f 1206/1219/1379 1205/1218/1378 1204/1216/1376
f 1204/1216/1376 1207/1220/1380 1206/1219/1379
f 1207/1220/1380 1204/1216/1376 1208/1217/1377
f 1209/1221/1381 1208/1217/1377 1210/1222/1382
f 1208/1217/1377 1209/1221/1381 1207/1220/1380
f 1211/1223/1383 1210/1222/1382 1208/1217/1377
f 1208/1217/1377 1203/1215/1375 1211/1223/1383
f 1210/1222/1382 1211/1223/1383 1103/1224/1275
f 1211/1223/1383 1201/1212/1373 1105/1225/1277
f 1105/1225/1277 1103/1224/1275 1211/1223/1383
f 1201/1212/1373 1211/1223/1383 1203/1215/1375
f 1210/1222/1382 1212/1226/1384 1209/1221/1381
f 1212/1226/1384 1210/1222/1382 1102/1098/1274
f 1103/1224/1275 1102/1098/1274 1210/1222/1382
f 1212/1226/1384 1213/1227/1385 1214/1228/1386
f 1213/1227/1385 1212/1226/1384 1100/1093/1272
f 1102/1098/1274 1100/1093/1272 1212/1226/1384
f 1214/1228/1386 1209/1221/1381 1212/1226/1384
f 1216/1229/1387 1214/1228/1386 1213/1227/1385
f 1209/1221/1381 1214/1228/1386 1215/1230/1388
f 1214/1228/1386 1216/1229/1387 1215/1230/1388
f 1213/1227/1385 1217/1231/1389 1216/1229/1387
f 1218/1232/1390 1216/1229/1387 1217/1231/1389
f 1216/1229/1387 1218/1232/1390 1219/1233/1391
f 1219/1233/1391 1215/1230/1388 1216/1229/1387
f 1221/1234/1392 1220/1235/1393 1219/1233/1391
f 1215/1230/1388 1219/1233/1391 1220/1235/1393
f 1219/1233/1391 1222/1236/1394 1221/1234/1392
f 1222/1236/1394 1219/1233/1391 1218/1232/1390
f 1222/1236/1394 1223/1237/1395 1224/1238/1396
f 1223/1237/1395 1222/1236/1394 1225/1239/1397
f 1224/1238/1396 1221/1234/1392 1222/1236/1394
f 1218/1232/1390 1226/1240/1398 1222/1236/1394
f 1226/1240/1398 1225/1239/1397 1222/1236/1394
f 1228/1241/1399 1227/1242/1400 1226/1240/1398
f 1225/1239/1397 1226/1240/1398 1227/1242/1400
f 1226/1240/1398 1218/1232/1390 1228/1241/1399
f 1217/1231/1389 1228/1241/1399 1218/1232/1390
f 1228/1241/1399 1217/1231/1389 1097/1087/1269
f 1227/1242/1400 1228/1241/1399 1096/1085/1268
f 1097/1087/1269 1096/1085/1268 1228/1241/1399
f 1227/1242/1400 1229/1243/1401 1225/1239/1397
f 1229/1243/1401 1227/1242/1400 1094/1084/1266
f 1096/1085/1268 1094/1084/1266 1227/1242/1400
f 1231/1244/1402 1225/1239/1397 1229/1243/1401
f 1230/1245/1403 1229/1243/1401 1093/1246/1265
f 1229/1243/1401 1230/1245/1403 1231/1244/1402
f 1094/1084/1266 1093/1246/1265 1229/1243/1401
f 1233/1247/1404 1231/1244/1402 1230/1245/1403
f 1232/1248/1405 1223/1237/1395 1231/1244/1402
f 1231/1244/1402 1233/1247/1404 1232/1248/1405
f 1225/1239/1397 1231/1244/1402 1223/1237/1395
f 1230/1249/1403 1235/1250/1406 1233/1251/1404
f 1233/1247/1404 1234/1252/1407 1232/1248/1405
f 1234/1253/1407 1233/1251/1404 1235/1250/1406
f 1236/1254/1408 1235/1250/1406 1090/1078/1262
f 1235/1250/1406 1236/1254/1408 1234/1253/1407
f 1091/1079/1263 1090/1078/1262 1235/1250/1406
f 1235/1250/1406 1230/1249/1403 1091/1079/1263
f 1090/1078/1262 1088/1076/1260 1236/1254/1408
f 1237/1255/1409 1234/1253/1407 1236/1254/1408
f 1236/1254/1408 1238/1256/1410 1237/1255/1409
f 1238/1256/1410 1236/1254/1408 1088/1076/1260
f 1239/1257/1411 1238/1256/1410 1087/1075/1259
f 1238/1256/1410 1239/1257/1411 1240/1258/1412
f 1088/1076/1260 1087/1075/1259 1238/1256/1410
f 1240/1258/1412 1237/1255/1409 1238/1256/1410
f 1241/1259/1413 1240/1258/1412 1239/1257/1411
f 1240/1258/1412 1241/1259/1413 1242/1260/1414
f 1237/1255/1409 1240/1258/1412 1242/1260/1414
f 1242/1260/1414 1243/1261/1415 1237/1255/1409
f 1243/1262/1415 1242/1263/1414 1244/1264/1416
f 1245/1265/1417 1244/1264/1416 1242/1263/1414
f 1242/1263/1414 1246/1266/1418 1245/1265/1417
f 1246/1267/1418 1242/1260/1414 1241/1259/1413
f 1246/1267/1418 1247/1268/1419 1248/1269/1420
f 1247/1268/1419 1246/1267/1418 1249/1270/1421
f 1248/1271/1420 1245/1265/1417 1246/1266/1418
f 1241/1259/1413 1249/1270/1421 1246/1267/1418
f 1249/1270/1421 1250/1272/1422 1247/1268/1419
f 1250/1272/1422 1249/1270/1421 1252/1273/1423
f 1249/1270/1421 1241/1259/1413 1251/1274/1424
f 1251/1274/1424 1252/1273/1423 1249/1270/1421
f 1084/1072/1256 1082/1070/1254 1252/1273/1423
f 1253/1275/1425 1252/1273/1423 1082/1070/1254
f 1252/1273/1423 1253/1275/1425 1250/1272/1422
f 1252/1273/1423 1251/1274/1424 1084/1072/1256
f 1082/1070/1254 1081/1069/1253 1253/1275/1425
f 1255/1276/1426 1253/1275/1425 1081/1069/1253
f 1254/1277/1427 1250/1272/1422 1253/1275/1425
f 1253/1275/1425 1255/1276/1426 1254/1277/1427
f 1081/1069/1253 1079/1067/1251 1255/1276/1426
f 1256/1278/1428 1255/1276/1426 1079/1067/1251
f 1255/1276/1426 1256/1278/1428 1257/1279/1429
f 1257/1279/1429 1254/1277/1427 1255/1276/1426
f 1258/1280/1430 1259/1281/1431 1257/1279/1429
f 1257/1279/1429 1260/1282/1432 1258/1280/1430
f 1254/1277/1427 1257/1279/1429 1259/1281/1431
f 1260/1282/1432 1257/1279/1429 1256/1278/1428
f 1260/1282/1432 1261/1283/1433 1258/1280/1430
f 1261/1283/1433 1260/1282/1432 1262/1284/1434
f 1256/1278/1428 1262/1284/1434 1260/1282/1432
f 1078/1066/1250 1076/1064/1248 1262/1284/1434
f 1263/1285/1435 1262/1284/1434 1076/1064/1248
f 1262/1284/1434 1263/1285/1435 1261/1283/1433
f 1262/1284/1434 1256/1278/1428 1078/1066/1250
f 1076/1064/1248 1075/1063/1247 1263/1285/1435
f 1264/1286/1436 1261/1283/1433 1263/1285/1435
f 1263/1285/1435 1265/1287/1437 1264/1286/1436
f 1265/1287/1437 1263/1285/1435 1075/1063/1247
f 1075/1063/1247 1073/1061/1245 1265/1287/1437
f 1266/1288/1438 1265/1287/1437 1073/1061/1245
f 1265/1287/1437 1266/1288/1438 1267/1289/1439
f 1267/1289/1439 1264/1286/1436 1265/1287/1437
f 1264/1286/1436 1267/1289/1439 1268/1290/1440
f 1267/1289/1439 1269/1291/1441 1268/1290/1440
f 1269/1291/1441 1267/1289/1439 1266/1288/1438
f 1269/1291/1441 1270/1292/1442 1271/1293/1443
f 1270/1292/1442 1269/1291/1441 1272/1294/1444
f 1266/1288/1438 1272/1294/1444 1269/1291/1441
f 1271/1293/1443 1268/1290/1440 1269/1291/1441
f 1072/1060/1244 1070/1058/1242 1272/1294/1444
f 1273/1295/1445 1272/1294/1444 1070/1058/1242
f 1272/1294/1444 1273/1295/1445 1270/1292/1442
f 1272/1294/1444 1266/1288/1438 1072/1060/1244
f 1070/1058/1242 1069/1057/1241 1273/1295/1445
f 1274/1296/1446 1270/1292/1442 1273/1295/1445
f 1273/1295/1445 1275/1297/1447 1274/1296/1446
f 1275/1297/1447 1273/1295/1445 1069/1057/1241
f 1275/1297/1447 1276/1298/1448 1277/1299/1449
f 1276/1298/1448 1275/1297/1447 1067/1055/1239
f 1069/1057/1241 1067/1055/1239 1275/1297/1447
f 1277/1299/1449 1274/1296/1446 1275/1297/1447
f 1278/1300/1450 1279/1301/1451 1277/1299/1449
f 1277/1299/1449 1280/1302/1452 1278/1300/1450
f 1274/1296/1446 1277/1299/1449 1279/1301/1451
f 1280/1302/1452 1277/1299/1449 1276/1298/1448
f 1281/1303/1453 1278/1300/1450 1280/1302/1452
f 1280/1302/1452 1282/1304/1454 1281/1303/1453
f 1282/1304/1454 1280/1302/1452 1283/1305/1455
f 1276/1298/1448 1283/1305/1455 1280/1302/1452
f 1283/1305/1455 1284/1306/1456 1282/1304/1454
f 1284/1306/1456 1283/1305/1455 1064/1052/1236
f 1283/1305/1455 1276/1298/1448 1066/1054/1238
f 1066/1054/1238 1064/1052/1236 1283/1305/1455
f 1285/1307/1457 1282/1304/1454 1284/1306/1456
f 1284/1306/1456 1286/1308/1458 1285/1307/1457
f 1286/1308/1458 1284/1306/1456 1063/1051/1235
f 1064/1052/1236 1063/1051/1235 1284/1306/1456
f 1286/1308/1458 1287/1309/1459 1288/1310/1460
f 1287/1309/1459 1286/1308/1458 1061/1049/1233
f 1063/1051/1235 1061/1049/1233 1286/1308/1458
f 1288/1310/1460 1285/1307/1457 1286/1308/1458
f 1289/1311/1461 1290/1312/1462 1288/1310/1460
f 1288/1310/1460 1291/1313/1463 1289/1311/1461
f 1285/1307/1457 1288/1310/1460 1290/1312/1462
f 1291/1313/1463 1288/1310/1460 1287/1309/1459
f 1291/1313/1463 1292/1314/1464 1289/1311/1461
f 1292/1314/1464 1291/1313/1463 1293/1315/1465
f 1287/1309/1459 1293/1315/1465 1291/1313/1463
f 1060/1048/1232 1058/1046/1230 1293/1315/1465
f 1294/1316/1466 1293/1315/1465 1058/1046/1230
f 1293/1315/1465 1294/1316/1466 1292/1314/1464
f 1293/1315/1465 1287/1309/1459 1060/1048/1232
f 1058/1046/1230 1057/1045/1229 1294/1316/1466
f 1296/1317/1467 1294/1316/1466 1057/1045/1229
f 1295/1318/1468 1292/1314/1464 1294/1316/1466
f 1294/1316/1466 1296/1317/1467 1295/1318/1468
f 1051/1038/1222 1296/1317/1467 1053/1042/1225
f 1296/1317/1467 1051/1038/1222 1297/1319/1469
f 1057/1045/1229 1053/1042/1225 1296/1317/1467
f 1297/1319/1469 1295/1318/1468 1296/1317/1467
f 1048/1031/1219 1297/1319/1469 1051/1038/1222
f 1295/1318/1468 1297/1319/1469 1298/1320/1470
f 1297/1319/1469 1048/1031/1219 1298/1320/1470
f 1298/1321/1470 1045/1030/1218 1300/1322/1471
f 1045/1033/1218 1298/1320/1470 1048/1031/1219
f 1300/1322/1471 1299/1323/1472 1298/1321/1470
f 1301/1324/1473 1298/1321/1470 1299/1323/1472
f 1298/1320/1470 1301/1325/1473 1295/1318/1468
f 1299/1326/1472 1302/1327/1474 1301/1325/1473
f 1289/1311/1461 1301/1325/1473 1302/1327/1474
f 1301/1325/1473 1289/1311/1461 1292/1314/1464
f 1292/1314/1464 1295/1318/1468 1301/1325/1473
f 1302/1327/1474 1303/1328/1475 1289/1311/1461
f 1303/1329/1475 1302/1330/1474 1304/1331/1476
f 1305/1332/1477 1304/1331/1476 1302/1330/1474
f 1302/1330/1474 1299/1323/1472 1305/1332/1477
f 1306/1333/1478 1305/1332/1477 1299/1323/1472
f 1299/1323/1472 1300/1322/1471 1306/1333/1478
f 1307/1334/1479 1306/1333/1478 1300/1322/1471
f 1300/1322/1471 1043/1029/1217 1307/1334/1479
f 1308/1335/1480 1307/1334/1479 1043/1029/1217
f 1043/1029/1217 1044/1025/1213 1308/1335/1480
f 1309/1336/1481 1308/1335/1480 1044/1025/1213
f 1311/1337/1482 1309/1336/1481 1310/1338/1483
f 1044/1025/1213 1310/1338/1483 1309/1336/1481
f 1310/1338/1483 1312/1339/1484 1311/1337/1482
f 1313/1340/1485 1311/1337/1482 1312/1339/1484
f 1312/1339/1484 1314/1341/1486 1313/1340/1485
f 1315/1342/1487 1313/1340/1485 1314/1341/1486
f 1314/1341/1486 1316/1343/1488 1315/1342/1487
f 1317/1344/1489 1315/1342/1487 1316/1343/1488
f 1319/1345/1490 1317/1344/1489 1318/1346/1491
f 1316/1343/1488 1318/1346/1491 1317/1344/1489
f 1318/1346/1491 1320/1347/1492 1319/1345/1490
f 1321/1348/1493 1319/1345/1490 1320/1347/1492
f 1320/1347/1492 1322/1349/1494 1321/1348/1493
f 1323/1350/1495 1321/1348/1493 1322/1349/1494
f 1322/1349/1494 1324/1351/1496 1323/1350/1495
f 1325/1352/1497 1323/1350/1495 1324/1351/1496
f 1327/1353/1498 1325/1352/1497 1326/1354/1499
f 1324/1351/1496 1326/1354/1499 1325/1352/1497
f 1326/1354/1499 1328/1355/1500 1327/1353/1498
f 1329/1356/1501 1327/1353/1498 1328/1355/1500
f 1328/1355/1500 1330/1357/1502 1329/1356/1501
f 1331/1358/1503 1329/1356/1501 1330/1357/1502
f 1330/1357/1502 1191/1359/1365 1331/1358/1503
f 1332/1360/1504 1331/1358/1503 1191/1359/1365
f 1333/1361/1505 1332/1360/1504 1192/1362/1364
f 1191/1359/1365 1192/1362/1364 1332/1360/1504
f 1192/1362/1364 1196/1363/1369 1333/1361/1505
f 1334/1364/1506 1333/1361/1505 1196/1363/1369
f 1196/1363/1369 1205/1365/1378 1334/1364/1506
f 1335/1366/1507 1334/1364/1506 1205/1365/1378
f 1205/1365/1378 1206/1367/1379 1335/1366/1507
f 1336/1368/1508 1335/1366/1507 1206/1367/1379
f 1338/1369/1509 1336/1368/1508 1337/1370/1510
f 1206/1367/1379 1337/1370/1510 1336/1368/1508
f 1337/1370/1510 1220/1371/1393 1338/1369/1509
f 1339/1372/1511 1338/1369/1509 1220/1371/1393
f 1220/1371/1393 1221/1373/1392 1339/1372/1511
f 1340/1374/1512 1339/1372/1511 1221/1373/1392
f 1221/1373/1392 1224/1375/1396 1340/1374/1512
f 1341/1376/1513 1340/1374/1512 1224/1375/1396
f 1343/1377/1514 1341/1376/1513 1342/1378/1515
f 1224/1375/1396 1342/1378/1515 1341/1376/1513
f 1342/1378/1515 1344/1379/1516 1343/1377/1514
f 1345/1380/1517 1343/1377/1514 1344/1379/1516
f 1344/1379/1516 1244/1264/1416 1345/1380/1517
f 1346/1381/1518 1345/1380/1517 1244/1264/1416
f 1244/1264/1416 1245/1265/1417 1346/1381/1518
f 1347/1382/1519 1346/1381/1518 1245/1265/1417
f 1348/1383/1520 1347/1382/1519 1248/1271/1420
f 1245/1265/1417 1248/1271/1420 1347/1382/1519
f 1248/1271/1420 1349/1384/1521 1348/1383/1520
f 1350/1385/1522 1348/1383/1520 1349/1384/1521
f 1352/1386/1523 1350/1385/1522 1351/1387/1524
f 1349/1384/1521 1351/1387/1524 1350/1385/1522
f 1351/1387/1524 1354/1388/1525 1352/1386/1523
f 1353/1389/1526 1352/1386/1523 1354/1388/1525
f 1258/1280/1430 1355/1390/1527 1354/1391/1525
f 1356/1392/1528 1354/1391/1525 1355/1390/1527
f 1354/1391/1525 1351/1393/1524 1258/1280/1430
f 1354/1388/1525 1356/1394/1528 1353/1389/1526
f 1355/1390/1527 1268/1290/1440 1356/1392/1528
f 1357/1395/1529 1356/1392/1528 1268/1290/1440
f 1356/1394/1528 1357/1396/1529 1358/1397/1530
f 1358/1397/1530 1353/1389/1526 1356/1394/1528
f 1359/1398/1531 1358/1397/1530 1357/1396/1529
f 1361/1399/1532 1359/1398/1531 1360/1400/1533
f 1357/1396/1529 1360/1400/1533 1359/1398/1531
f 1360/1400/1533 1362/1401/1534 1361/1399/1532
f 1363/1402/1535 1361/1399/1532 1362/1401/1534
f 1365/1403/1536 1363/1402/1535 1364/1404/1537
f 1362/1401/1534 1364/1404/1537 1363/1402/1535
f 1364/1404/1537 1366/1405/1538 1365/1403/1536
f 1367/1406/1539 1365/1403/1536 1366/1405/1538
f 1366/1405/1538 1303/1329/1475 1367/1406/1539
f 1304/1331/1476 1367/1406/1539 1303/1329/1475
f 1366/1407/1538 1364/1408/1537 1281/1303/1453
f 1303/1328/1475 1366/1407/1538 1290/1312/1462
f 1281/1303/1453 1290/1312/1462 1366/1407/1538
f 1278/1300/1450 1281/1303/1453 1364/1408/1537
f 1364/1408/1537 1362/1409/1534 1278/1300/1450
f 1362/1409/1534 1360/1410/1533 1279/1301/1451
f 1279/1301/1451 1278/1300/1450 1362/1409/1534
f 1271/1293/1443 1279/1301/1451 1360/1410/1533
f 1360/1410/1533 1357/1395/1529 1271/1293/1443
f 1268/1290/1440 1271/1293/1443 1357/1395/1529
f 1355/1390/1527 1258/1280/1430 1261/1283/1433
f 1261/1283/1433 1264/1286/1436 1355/1390/1527
f 1268/1290/1440 1355/1390/1527 1264/1286/1436
f 1351/1393/1524 1349/1411/1521 1259/1281/1431
f 1259/1281/1431 1258/1280/1430 1351/1393/1524
f 1349/1411/1521 1248/1269/1420 1247/1268/1419
f 1247/1268/1419 1259/1281/1431 1349/1411/1521
f 1344/1412/1516 1342/1413/1515 1232/1248/1405
f 1244/1414/1416 1344/1412/1516 1243/1415/1415
f 1232/1248/1405 1243/1415/1415 1344/1412/1516
f 1223/1237/1395 1232/1248/1405 1342/1413/1515
f 1342/1413/1515 1224/1238/1396 1223/1237/1395
f 1220/1235/1393 1337/1416/1510 1215/1230/1388
f 1207/1220/1380 1215/1230/1388 1337/1416/1510
f 1337/1416/1510 1206/1219/1379 1207/1220/1380
f 1330/1417/1502 1328/1418/1500 1181/1185/1353
f 1191/1201/1365 1330/1417/1502 1188/1196/1360
f 1181/1185/1353 1188/1196/1360 1330/1417/1502
f 1328/1418/1500 1326/1419/1499 1178/1182/1350
f 1178/1182/1350 1181/1185/1353 1328/1418/1500
f 1368/1420/1540 1178/1182/1350 1326/1419/1499
f 1326/1419/1499 1324/1421/1496 1368/1420/1540
f 1368/1420/1540 1168/1168/1340 1171/1171/1343
f 1171/1171/1343 1174/1176/1346 1368/1420/1540
f 1168/1168/1340 1368/1420/1540 1324/1421/1496
f 1178/1182/1350 1368/1420/1540 1174/1176/1346
f 1324/1421/1496 1322/1422/1494 1168/1168/1340
f 1169/1169/1341 1168/1168/1340 1322/1422/1494
f 1322/1422/1494 1320/1423/1492 1169/1169/1341
f 1160/1156/1332 1169/1169/1341 1320/1423/1492
f 1320/1347/1492 1318/1346/1491 1160/1153/1332
f 1157/1149/1329 1160/1153/1332 1318/1346/1491
f 1318/1346/1491 1316/1343/1488 1157/1149/1329
f 1158/1150/1330 1157/1149/1329 1316/1343/1488
f 1316/1343/1488 1314/1341/1486 1158/1150/1330
f 1150/1145/1322 1158/1150/1330 1314/1341/1486
f 1314/1341/1486 1312/1339/1484 1150/1145/1322
f 1312/1339/1484 1310/1338/1483 1147/1142/1319
f 1147/1142/1319 1150/1145/1322 1312/1339/1484
f 1040/1024/1212 1147/1142/1319 1310/1338/1483
f 1310/1338/1483 1044/1025/1213 1040/1024/1212
f 1290/1312/1462 1289/1311/1461 1303/1328/1475
f 1043/1029/1217 1300/1322/1471 1045/1030/1218
f 1290/1312/1462 1281/1303/1453 1285/1307/1457
f 1061/1049/1233 1060/1048/1232 1287/1309/1459
f 1282/1304/1454 1285/1307/1457 1281/1303/1453
f 1279/1301/1451 1271/1293/1443 1270/1292/1442
f 1270/1292/1442 1274/1296/1446 1279/1301/1451
f 1067/1055/1239 1066/1054/1238 1276/1298/1448
f 1073/1061/1245 1072/1060/1244 1266/1288/1438
f 1259/1281/1431 1247/1268/1419 1254/1277/1427
f 1079/1067/1251 1078/1066/1250 1256/1278/1428
f 1250/1272/1422 1254/1277/1427 1247/1268/1419
f 1085/1073/1257 1084/1072/1256 1251/1274/1424
f 1251/1274/1424 1239/1257/1411 1085/1073/1257
f 1239/1257/1411 1251/1274/1424 1241/1259/1413
f 1243/1415/1415 1232/1248/1405 1234/1252/1407
f 1234/1253/1407 1237/1255/1409 1243/1261/1415
f 1087/1075/1259 1085/1073/1257 1239/1257/1411
f 1093/1081/1265 1091/1079/1263 1230/1249/1403
f 1217/1231/1389 1213/1227/1385 1099/1092/1271
f 1099/1092/1271 1097/1087/1269 1217/1231/1389
f 1215/1230/1388 1207/1220/1380 1209/1221/1381
f 1100/1093/1272 1099/1092/1271 1213/1227/1385
f 1205/1218/1378 1196/1205/1369 1195/1204/1368
f 1106/1214/1278 1105/1225/1277 1201/1212/1373
f 1180/1184/1352 1184/1190/1356 1188/1196/1360
f 1188/1196/1360 1181/1185/1353 1180/1184/1352
f 1112/1195/1284 1111/1209/1283 1186/1193/1358
f 1118/1181/1290 1117/1189/1289 1176/1179/1348
f 1169/1169/1341 1160/1156/1332 1164/1162/1336
f 1124/1167/1296 1123/1175/1295 1166/1165/1338
f 1161/1155/1333 1164/1162/1336 1160/1156/1332
f 1158/1150/1330 1150/1145/1322 1149/1144/1321
f 1149/1144/1321 1153/1152/1325 1158/1150/1330
f 1130/1424/1302 1129/1161/1301 1155/1158/1327
f 1147/1142/1319 1040/1024/1212 1143/1140/1315
f 1136/4/1308 1135/4/1307 1145/4/1317
f 1041/1026/1214 1143/1140/1315 1040/1024/1212
usemtl Material.085
f 1369/1425/1541 1370/1426/1542 1371/1427/1543
f 1369/1425/1541 1371/1427/1543 1372/1428/1544
f 1373/1429/1545 1369/1425/1541 1372/1428/1544
f 1373/1429/1545 1372/1428/1544 1374/1430/1546
f 1375/1431/1547 1373/1429/1545 1374/1430/1546
f 1375/1431/1547 1374/1430/1546 1376/1432/1548
f 1377/1433/1549 1375/1431/1547 1376/1432/1548
f 1377/1433/1549 1376/1432/1548 1378/1434/1550
f 1379/1435/1551 1377/1433/1549 1378/1434/1550
f 1379/1435/1551 1378/1434/1550 1380/1436/1552
f 1381/1437/1553 1379/1435/1551 1380/1436/1552
f 1383/1438/1554 1381/1437/1553 1382/1439/1555
f 1381/1437/1553 1380/1436/1552 1382/1439/1555
f 1383/1438/1554 1382/1439/1555 1384/1440/1556
f 1385/1441/1557 1383/1438/1554 1384/1440/1556
f 1385/1441/1557 1384/1440/1556 1387/1442/1558
f 1386/1443/1559 1385/1441/1557 1387/1442/1558
f 1386/1443/1559 1387/1442/1558 1388/1444/1560
f 1388/1444/1560 1387/1442/1558 1389/1445/1561
f 1387/1442/1558 1390/1446/1562 1389/1445/1561
f 1387/1442/1558 1384/1440/1556 1390/1446/1562
f 1384/1440/1556 1391/1447/1563 1390/1446/1562
f 1393/1448/1564 1390/1446/1562 1391/1447/1563
f 1393/1448/1564 1392/1449/1564 1390/1446/1562
f 1392/1449/1564 1389/1445/1561 1390/1446/1562
f 1394/1450/1564 1393/1448/1564 1391/1447/1563
f 1395/1451/1565 1393/1448/1564 1394/1450/1564
f 1395/1451/1565 1396/1452/1564 1393/1448/1564
f 1396/1452/1564 1392/1449/1564 1393/1448/1564
f 1396/1452/1564 1399/1453/1564 1392/1449/1564
f 1397/1454/1566 1398/1455/1567 1396/1452/1564
f 1397/1454/1566 1396/1452/1564 1395/1451/1565
f 1398/1455/1567 1399/1453/1564 1396/1452/1564
f 1399/1453/1564 1401/1456/1564 1392/1449/1564
f 1398/1455/1567 1400/1457/1568 1399/1453/1564
f 1400/1457/1568 1402/1458/1564 1399/1453/1564
f 1399/1453/1564 1402/1458/1564 1401/1456/1564
f 1404/1459/1569 1403/1460/1565 1402/1458/1564
f 1402/1458/1564 1403/1460/1565 1405/1461/1570
f 1400/1457/1568 1404/1459/1569 1402/1458/1564
f 1402/1458/1564 1405/1461/1570 1401/1456/1564
f 1401/1456/1564 1405/1461/1570 1406/1462/1571
f 1405/1461/1570 1407/1463/1572 1406/1462/1571
f 1405/1461/1570 1408/1464/1564 1407/1463/1572
f 1403/1460/1565 1408/1464/1564 1405/1461/1570
f 1403/1460/1565 1409/1465/1570 1408/1464/1564
f 1409/1465/1570 1411/1466/1564 1408/1464/1564
f 1408/1464/1564 1410/1467/1573 1407/1463/1572
f 1408/1464/1564 1411/1466/1564 1410/1467/1573
f 1411/1466/1564 1413/1468/1564 1412/1469/1574
f 1411/1466/1564 1412/1469/1574 1410/1467/1573
f 1414/1470/1564 1413/1468/1564 1411/1466/1564
f 1409/1465/1570 1414/1470/1564 1411/1466/1564
f 1414/1470/1564 1416/1471/1565 1413/1468/1564
f 1415/1472/1575 1414/1470/1564 1409/1465/1570
f 1415/1472/1575 1417/1473/1576 1414/1470/1564
f 1417/1473/1576 1416/1471/1565 1414/1470/1564
f 1418/4/1577 1417/4/1576 1415/4/1575
f 1418/4/1577 1420/4/1578 1417/4/1576
f 1417/1473/1576 1419/1474/1579 1416/1471/1565
f 1420/4/1578 1419/4/1579 1417/4/1576
f 1420/4/1578 1421/4/1580 1419/4/1579
f 1421/4/1580 1422/4/1581 1419/4/1579
f 1421/4/1580 1423/4/1582 1422/4/1581
f 1423/4/1582 1425/4/1583 1424/4/1584
f 1423/4/1582 1424/4/1584 1422/4/1581
f 1425/4/1583 1427/4/1401 1426/4/1585
f 1425/4/1583 1426/4/1585 1424/4/1584
f 1427/4/1401 1428/4/1586 1426/4/1585
f 1427/4/1401 1429/4/1587 1428/4/1586
f 1429/4/1587 1430/4/1588 1428/4/1586
f 1429/4/1587 1431/4/1589 1430/4/1588
f 1431/4/1589 1432/4/1590 1433/4/1591
f 1431/4/1589 1433/4/1591 1430/4/1588
f 1430/1475/1588 1433/1476/1591 1434/1477/1565
f 1433/1476/1591 1435/1478/1564 1434/1477/1565
f 1433/1476/1591 1436/1479/1592 1435/1478/1564
f 1432/4/1590 1436/4/1592 1433/4/1591
f 1432/4/1590 1437/4/1593 1436/4/1592
f 1436/1479/1592 1439/1480/1564 1435/1478/1564
f 1437/4/1593 1438/4/1594 1436/4/1592
f 1436/1479/1592 1438/1481/1594 1439/1480/1564
f 1439/1480/1564 1442/1482/1570 1440/1483/1570
f 1439/1480/1564 1440/1483/1570 1441/1484/1565
f 1435/1478/1564 1439/1480/1564 1441/1484/1565
f 1438/1481/1594 1442/1482/1570 1439/1480/1564
f 1444/1485/1595 1443/1486/1564 1442/1482/1570
f 1442/1482/1570 1443/1486/1564 1445/1487/1596
f 1438/1481/1594 1444/1485/1595 1442/1482/1570
f 1442/1482/1570 1445/1487/1596 1440/1483/1570
f 1440/1483/1570 1445/1487/1596 1448/1488/1597
f 1445/1487/1596 1447/1489/1564 1446/1490/1598
f 1445/1487/1596 1446/1490/1598 1448/1488/1597
f 1443/1486/1564 1447/1489/1564 1445/1487/1596
f 1450/1491/1599 1449/1492/1600 1448/1488/1597
f 1449/1492/1600 1451/1493/1601 1448/1488/1597
f 1450/1491/1599 1448/1488/1597 1446/1490/1598
f 1440/1483/1570 1448/1488/1597 1451/1493/1601
f 1441/1484/1565 1440/1483/1570 1451/1493/1601
f 1441/1484/1565 1451/1493/1601 1452/1494/1602
f 1453/1495/1603 1452/1494/1602 1451/1493/1601
f 1449/1492/1600 1453/1495/1603 1451/1493/1601
f 1455/1496/1604 1454/1497/1605 1453/1495/1603
f 1454/1497/1605 1456/1498/1606 1453/1495/1603
f 1453/1495/1603 1456/1498/1606 1452/1494/1602
f 1455/1496/1604 1453/1495/1603 1449/1492/1600
f 1456/1498/1606 1457/1499/1607 1459/1500/1608
f 1458/1501/1609 1457/1499/1607 1456/1498/1606
f 1454/1497/1605 1458/1501/1609 1456/1498/1606
f 1456/1498/1606 1459/1500/1608 1452/1494/1602
f 1460/1502/1564 1452/1494/1602 1459/1500/1608
f 1462/1503/1565 1460/1502/1564 1459/1500/1608
f 1457/1499/1607 1461/1504/1610 1459/1500/1608
f 1462/1503/1565 1459/1500/1608 1461/1504/1610
f 1463/1505/1564 1462/1503/1565 1461/1504/1610
f 1464/1506/1564 1462/1503/1565 1463/1505/1564
f 1464/1506/1564 1434/1477/1565 1462/1503/1565
f 1434/1477/1565 1460/1502/1564 1462/1503/1565
f 1465/1507/1570 1464/1506/1564 1463/1505/1564
f 1428/1508/1586 1430/1475/1588 1464/1506/1564
f 1428/1508/1586 1464/1506/1564 1465/1507/1570
f 1430/1475/1588 1434/1477/1565 1464/1506/1564
f 1467/1509/1565 1465/1507/1570 1466/1510/1564
f 1465/1507/1570 1463/1505/1564 1466/1510/1564
f 1426/1511/1585 1465/1507/1570 1467/1509/1565
f 1426/1511/1585 1428/1508/1586 1465/1507/1570
f 1467/1509/1565 1466/1510/1564 1468/1512/1564
f 1469/1513/1564 1467/1509/1565 1468/1512/1564
f 1424/1514/1584 1426/1511/1585 1467/1509/1565
f 1424/1514/1584 1467/1509/1565 1469/1513/1564
f 1422/1515/1581 1469/1513/1564 1470/1516/1564
f 1470/1516/1564 1469/1513/1564 1471/1517/1564
f 1469/1513/1564 1468/1512/1564 1471/1517/1564
f 1422/1515/1581 1424/1514/1584 1469/1513/1564
f 1470/1516/1564 1471/1517/1564 1472/1518/1564
f 1472/1518/1564 1471/1517/1564 1474/1519/1611
f 1471/1517/1564 1468/1512/1564 1473/1520/1612
f 1471/1517/1564 1473/1520/1612 1474/1519/1611
f 1475/1521/1613 1476/1522/1614 1474/1519/1611
f 1475/1521/1613 1474/1519/1611 1473/1520/1612
f 1476/1522/1614 1477/1523/1615 1474/1519/1611
f 1472/1518/1564 1474/1519/1611 1477/1523/1615
f 1413/1468/1564 1472/1518/1564 1477/1523/1615
f 1478/1524/1616 1412/1469/1574 1477/1523/1615
f 1413/1468/1564 1477/1523/1615 1412/1469/1574
f 1476/1522/1614 1478/1524/1616 1477/1523/1615
f 1478/1524/1616 1481/1525/1617 1412/1469/1574
f 1479/1526/1618 1478/1524/1616 1476/1522/1614
f 1479/1526/1618 1480/1527/1619 1478/1524/1616
f 1480/1527/1619 1481/1525/1617 1478/1524/1616
f 1483/1528/1620 1482/1529/1621 1481/1525/1617
f 1481/1525/1617 1482/1529/1621 1410/1467/1573
f 1480/1527/1619 1483/1528/1620 1481/1525/1617
f 1481/1525/1617 1410/1467/1573 1412/1469/1574
f 1483/1528/1620 1484/1530/1622 1482/1529/1621
f 1484/1530/1622 1486/1531/1623 1482/1529/1621
f 1484/1530/1622 1485/1532/1624 1486/1531/1623
f 1485/1532/1624 1388/1444/1560 1486/1531/1623
f 1486/1531/1623 1388/1444/1560 1406/1462/1571
f 1486/1531/1623 1406/1462/1571 1407/1463/1572
f 1482/1529/1621 1486/1531/1623 1407/1463/1572
f 1485/1532/1624 1386/1443/1559 1388/1444/1560
f 1482/1529/1621 1407/1463/1572 1410/1467/1573
f 1487/1533/1625 1479/1526/1618 1476/1522/1614
f 1487/1533/1625 1476/1522/1614 1475/1521/1613
f 1488/1534/1626 1487/1533/1625 1475/1521/1613
f 1488/1534/1626 1475/1521/1613 1489/1535/1627
f 1490/1536/1628 1488/1534/1626 1489/1535/1627
f 1490/1536/1628 1489/1535/1627 1491/1537/1629
f 1492/1538/1630 1490/1536/1628 1491/1537/1629
f 1494/1539/1631 1492/1538/1630 1493/1540/1632
f 1492/1538/1630 1491/1537/1629 1493/1540/1632
f 1494/1539/1631 1493/1540/1632 1457/1499/1607
f 1458/1501/1609 1494/1539/1631 1457/1499/1607
f 1493/1540/1632 1495/1541/1633 1461/1504/1610
f 1493/1540/1632 1491/1537/1629 1495/1541/1633
f 1457/1499/1607 1493/1540/1632 1461/1504/1610
f 1466/1510/1564 1495/1541/1633 1496/1542/1634
f 1491/1537/1629 1496/1542/1634 1495/1541/1633
f 1466/1510/1564 1463/1505/1564 1495/1541/1633
f 1463/1505/1564 1461/1504/1610 1495/1541/1633
f 1468/1512/1564 1466/1510/1564 1496/1542/1634
f 1468/1512/1564 1496/1542/1634 1473/1520/1612
f 1489/1535/1627 1473/1520/1612 1496/1542/1634
f 1491/1537/1629 1489/1535/1627 1496/1542/1634
f 1489/1535/1627 1475/1521/1613 1473/1520/1612
f 1416/1471/1565 1472/1518/1564 1413/1468/1564
f 1416/1471/1565 1470/1516/1564 1472/1518/1564
f 1419/1474/1579 1422/1515/1581 1470/1516/1564
f 1419/1474/1579 1470/1516/1564 1416/1471/1565
f 1434/1477/1565 1435/1478/1564 1460/1502/1564
f 1435/1478/1564 1441/1484/1565 1460/1502/1564
f 1460/1502/1564 1441/1484/1565 1452/1494/1602
f 1497/1543/1635 1455/1496/1604 1449/1492/1600
f 1497/1543/1635 1449/1492/1600 1450/1491/1599
f 1498/1544/1636 1497/1543/1635 1450/1491/1599
f 1498/1544/1636 1450/1491/1599 1499/1545/1637
f 1500/1546/1638 1498/1544/1636 1499/1545/1637
f 1502/1547/1639 1500/1546/1638 1501/1548/1640
f 1500/1546/1638 1499/1545/1637 1501/1548/1640
f 1502/1547/1639 1501/1548/1640 1504/1549/1641
f 1503/1550/1642 1502/1547/1639 1504/1549/1641
f 1504/1549/1641 1501/1548/1640 1506/1551/1643
f 1505/1552/1644 1504/1549/1641 1507/1553/1645
f 1503/1550/1642 1504/1549/1641 1505/1552/1644
f 1504/1549/1641 1506/1551/1643 1507/1553/1645
f 1509/1554/1564 1507/1553/1645 1506/1551/1643
f 1508/1555/1570 1510/1556/1646 1507/1553/1645
f 1509/1554/1564 1508/1555/1570 1507/1553/1645
f 1505/1552/1644 1507/1553/1645 1510/1556/1646
f 1512/1557/1570 1511/1558/1647 1510/1556/1646
f 1513/1559/1648 1510/1556/1646 1511/1558/1647
f 1508/1555/1570 1512/1557/1570 1510/1556/1646
f 1513/1559/1648 1505/1552/1644 1510/1556/1646
f 1514/1560/1649 1513/1559/1648 1511/1558/1647
f 1515/1561/1650 1513/1559/1648 1514/1560/1649
f 1515/1561/1650 1516/1562/1651 1513/1559/1648
f 1516/1562/1651 1505/1552/1644 1513/1559/1648
f 1516/1562/1651 1503/1550/1642 1505/1552/1644
f 1517/1563/1652 1515/1561/1650 1514/1560/1649
f 1519/1564/1653 1517/1563/1652 1518/1565/1654
f 1517/1563/1652 1514/1560/1649 1518/1565/1654
f 1520/1566/1655 1519/1564/1653 1521/1567/1656
f 1519/1564/1653 1518/1565/1654 1521/1567/1656
f 1520/1566/1655 1521/1567/1656 1524/1568/1657
f 1521/1567/1656 1518/1565/1654 1522/1569/1658
f 1521/1567/1656 1522/1569/1658 1523/1570/1659
f 1524/1568/1657 1521/1567/1656 1523/1570/1659
f 1520/1566/1655 1524/1568/1657 1525/1571/1660
f 1524/1568/1657 1526/1572/1661 1525/1571/1660
f 1524/1568/1657 1527/1573/1662 1526/1572/1661
f 1524/1568/1657 1523/1570/1659 1527/1573/1662
f 1528/1574/1565 1526/1572/1661 1527/1573/1662
f 1529/1575/1565 1528/1574/1565 1527/1573/1662
f 1529/1575/1565 1527/1573/1662 1523/1570/1659
f 1532/1576/1570 1530/1577/1570 1529/1575/1565
f 1530/1577/1570 1528/1574/1565 1529/1575/1565
f 1531/1578/1564 1529/1575/1565 1523/1570/1659
f 1532/1576/1570 1529/1575/1565 1531/1578/1564
f 1533/1579/1663 1534/1580/1664 1532/1576/1570
f 1533/1579/1663 1532/1576/1570 1535/1581/1564
f 1535/1581/1564 1532/1576/1570 1531/1578/1564
f 1534/1580/1664 1530/1577/1570 1532/1576/1570
f 1535/1581/1564 1531/1578/1564 1538/1582/1565
f 1537/1583/1665 1535/1581/1564 1536/1584/1570
f 1536/1584/1570 1535/1581/1564 1538/1582/1565
f 1537/1583/1665 1533/1579/1663 1535/1581/1564
f 1536/1584/1570 1538/1582/1565 1539/1585/1565
f 1539/1585/1565 1538/1582/1565 1540/1586/1666
f 1538/1582/1565 1531/1578/1564 1522/1569/1658
f 1538/1582/1565 1522/1569/1658 1540/1586/1666
f 1518/1565/1654 1514/1560/1649 1540/1586/1666
f 1518/1565/1654 1540/1586/1666 1522/1569/1658
f 1539/1585/1565 1540/1586/1666 1511/1558/1647
f 1514/1560/1649 1511/1558/1647 1540/1586/1666
f 1541/1587/1565 1536/1584/1570 1539/1585/1565
f 1512/1557/1570 1539/1585/1565 1511/1558/1647
f 1541/1587/1565 1539/1585/1565 1512/1557/1570
f 1542/1588/1565 1541/1587/1565 1512/1557/1570
f 1543/1589/1667 1541/1587/1565 1542/1588/1565
f 1543/1589/1667 1544/1590/1668 1541/1587/1565
f 1544/1590/1668 1536/1584/1570 1541/1587/1565
f 1544/1590/1668 1537/1583/1665 1536/1584/1570
f 1545/4/1669 1537/4/1665 1544/4/1668
f 1546/4/1670 1545/4/1669 1544/4/1668
f 1546/4/1670 1544/4/1668 1543/4/1667
f 1547/4/1671 1546/4/1670 1543/4/1667
f 1549/4/1672 1547/4/1671 1548/4/1673
f 1547/4/1671 1543/4/1667 1548/4/1673
f 1550/4/1674 1549/4/1672 1551/4/1675
f 1549/4/1672 1548/4/1673 1551/4/1675
f 1553/1591/1676 1551/1592/1675 1552/1593/1564
f 1551/1592/1675 1554/1594/1570 1552/1593/1564
f 1550/4/1674 1551/4/1675 1553/4/1676
f 1551/1592/1675 1548/1595/1673 1554/1594/1570
f 1554/1594/1570 1542/1588/1565 1508/1555/1570
f 1554/1594/1570 1508/1555/1570 1509/1554/1564
f 1552/1593/1564 1554/1594/1570 1509/1554/1564
f 1548/1595/1673 1542/1588/1565 1554/1594/1570
f 1553/1591/1676 1552/1593/1564 1555/1596/1570
f 1557/1597/1677 1553/1591/1676 1555/1596/1570
f 1556/4/1678 1550/4/1674 1553/4/1676
f 1556/4/1678 1553/4/1676 1557/4/1677
f 1557/1597/1677 1555/1596/1570 1443/1486/1564
f 1444/1485/1595 1557/1597/1677 1443/1486/1564
f 1558/4/1679 1556/4/1678 1557/4/1677
f 1558/4/1679 1557/4/1677 1444/4/1595
f 1559/4/1680 1558/4/1679 1444/4/1595
f 1437/4/1593 1559/4/1680 1438/4/1594
f 1559/4/1680 1444/4/1595 1438/4/1594
f 1555/1596/1570 1552/1593/1564 1560/1598/1570
f 1555/1596/1570 1560/1598/1570 1447/1489/1564
f 1443/1486/1564 1555/1596/1570 1447/1489/1564
f 1560/1598/1570 1509/1554/1564 1506/1551/1643
f 1560/1598/1570 1506/1551/1643 1561/1599/1681
f 1552/1593/1564 1509/1554/1564 1560/1598/1570
f 1447/1489/1564 1560/1598/1570 1561/1599/1681
f 1447/1489/1564 1561/1599/1681 1446/1490/1598
f 1499/1545/1637 1446/1490/1598 1561/1599/1681
f 1501/1548/1640 1561/1599/1681 1506/1551/1643
f 1501/1548/1640 1499/1545/1637 1561/1599/1681
f 1548/1595/1673 1543/1589/1667 1542/1588/1565
f 1545/4/1669 1562/4/1682 1537/4/1665
f 1562/4/1682 1533/4/1663 1537/4/1665
f 1562/4/1682 1563/4/1683 1533/4/1663
f 1563/4/1683 1534/4/1664 1533/4/1663
f 1563/4/1683 1564/4/1448 1534/4/1664
f 1564/4/1448 1565/4/1684 1534/4/1664
f 1564/4/1448 1566/4/1685 1565/4/1684
f 1566/4/1685 1567/4/1686 1565/4/1684
f 1566/4/1685 1568/4/1687 1567/4/1686
f 1568/4/1687 1569/4/1688 1567/4/1686
f 1568/4/1687 1570/4/1689 1569/4/1688
f 1570/4/1689 1572/4/1690 1571/4/1691
f 1570/4/1689 1571/4/1691 1569/4/1688
f 1572/4/1690 1574/4/1692 1571/4/1691
f 1572/4/1690 1573/4/1693 1574/4/1692
f 1571/1600/1691 1574/1601/1692 1575/1602/1570
f 1574/1601/1692 1576/1603/1570 1575/1602/1570
f 1573/4/1693 1577/4/1694 1574/4/1692
f 1574/1601/1692 1577/1604/1694 1576/1603/1570
f 1577/1604/1694 1578/1605/1695 1579/1606/1570
f 1580/4/1696 1578/4/1695 1577/4/1694
f 1577/1604/1694 1579/1606/1570 1576/1603/1570
f 1573/4/1693 1580/4/1696 1577/4/1694
f 1580/4/1696 1581/4/1697 1578/4/1695
f 1581/4/1697 1583/4/1698 1578/4/1695
f 1581/4/1697 1582/4/1699 1583/4/1698
f 1583/1607/1698 1584/1608/1564 1586/1609/1565
f 1583/1607/1698 1585/1610/1700 1584/1608/1564
f 1582/4/1699 1585/4/1700 1583/4/1698
f 1578/1605/1695 1583/1607/1698 1586/1609/1565
f 1578/1605/1695 1586/1609/1565 1579/1606/1570
f 1586/1609/1565 1588/1611/1564 1587/1612/1564
f 1579/1606/1570 1586/1609/1565 1587/1612/1564
f 1586/1609/1565 1584/1608/1564 1588/1611/1564
f 1588/1611/1564 1590/1613/1565 1589/1614/1701
f 1588/1611/1564 1589/1614/1701 1591/1615/1702
f 1587/1612/1564 1588/1611/1564 1591/1615/1702
f 1584/1608/1564 1590/1613/1565 1588/1611/1564
f 1594/1616/1703 1591/1615/1702 1589/1614/1701
f 1592/1617/1704 1593/1618/1705 1591/1615/1702
f 1594/1616/1703 1592/1617/1704 1591/1615/1702
f 1587/1612/1564 1591/1615/1702 1593/1618/1705
f 1595/1619/1706 1594/1616/1703 1589/1614/1701
f 1596/1620/1707 1594/1616/1703 1595/1619/1706
f 1596/1620/1707 1597/1621/1708 1594/1616/1703
f 1597/1621/1708 1592/1617/1704 1594/1616/1703
f 1597/1621/1708 1598/1622/1709 1592/1617/1704
f 1598/1622/1709 1599/1623/1710 1592/1617/1704
f 1598/1622/1709 1600/1624/1711 1599/1623/1710
f 1600/1624/1711 1601/1625/1712 1599/1623/1710
f 1600/1624/1711 1602/1626/1713 1601/1625/1712
f 1602/1626/1713 1603/1627/1714 1601/1625/1712
f 1602/1626/1713 1604/1628/1715 1603/1627/1714
f 1604/1628/1715 1605/1629/1716 1603/1627/1714
f 1604/1628/1715 1606/1630/1717 1605/1629/1716
f 1606/1630/1717 1607/1631/1718 1605/1629/1716
f 1606/1630/1717 1608/1632/1719 1607/1631/1718
f 1608/1632/1719 1525/1571/1660 1607/1631/1718
f 1608/1632/1719 1609/1633/1720 1525/1571/1660
f 1520/1566/1655 1525/1571/1660 1609/1633/1720
f 1607/1631/1718 1526/1572/1661 1610/1634/1721
f 1605/1629/1716 1607/1631/1718 1610/1634/1721
f 1607/1631/1718 1525/1571/1660 1526/1572/1661
f 1613/1635/1565 1611/1636/1564 1610/1634/1721
f 1611/1636/1564 1612/1637/1722 1610/1634/1721
f 1605/1629/1716 1610/1634/1721 1612/1637/1722
f 1613/1635/1565 1610/1634/1721 1526/1572/1661
f 1528/1574/1565 1613/1635/1565 1526/1572/1661
f 1615/1638/1564 1611/1636/1564 1613/1635/1565
f 1614/1639/1570 1613/1635/1565 1528/1574/1565
f 1614/1639/1570 1615/1638/1564 1613/1635/1565
f 1567/1640/1686 1615/1638/1564 1614/1639/1570
f 1569/1641/1688 1616/1642/1564 1615/1638/1564
f 1567/1640/1686 1569/1641/1688 1615/1638/1564
f 1615/1638/1564 1616/1642/1564 1611/1636/1564
f 1616/1642/1564 1575/1602/1570 1617/1643/1564
f 1571/1600/1691 1575/1602/1570 1616/1642/1564
f 1569/1641/1688 1571/1600/1691 1616/1642/1564
f 1616/1642/1564 1617/1643/1564 1611/1636/1564
f 1617/1643/1564 1618/1644/1723 1612/1637/1722
f 1617/1643/1564 1619/1645/1564 1618/1644/1723
f 1611/1636/1564 1617/1643/1564 1612/1637/1722
f 1575/1602/1570 1619/1645/1564 1617/1643/1564
f 1619/1645/1564 1621/1646/1724 1618/1644/1723
f 1576/1603/1570 1620/1647/1564 1619/1645/1564
f 1619/1645/1564 1620/1647/1564 1621/1646/1724
f 1575/1602/1570 1576/1603/1570 1619/1645/1564
f 1599/1623/1710 1601/1625/1712 1621/1646/1724
f 1599/1623/1710 1621/1646/1724 1593/1618/1705
f 1620/1647/1564 1593/1618/1705 1621/1646/1724
f 1601/1625/1712 1618/1644/1723 1621/1646/1724
f 1620/1647/1564 1587/1612/1564 1593/1618/1705
f 1576/1603/1570 1579/1606/1570 1620/1647/1564
f 1579/1606/1570 1587/1612/1564 1620/1647/1564
f 1603/1627/1714 1612/1637/1722 1618/1644/1723
f 1601/1625/1712 1603/1627/1714 1618/1644/1723
f 1565/1648/1684 1614/1639/1570 1530/1577/1570
f 1530/1577/1570 1614/1639/1570 1528/1574/1565
f 1565/1648/1684 1567/1640/1686 1614/1639/1570
f 1603/1627/1714 1605/1629/1716 1612/1637/1722
f 1592/1617/1704 1599/1623/1710 1593/1618/1705
f 1622/1649/1725 1596/1620/1707 1595/1619/1706
f 1623/1650/1726 1622/1649/1725 1624/1651/1727
f 1622/1649/1725 1595/1619/1706 1624/1651/1727
f 1625/1652/1728 1624/1651/1727 1626/1653/1729
f 1623/1650/1726 1624/1651/1727 1625/1652/1728
f 1624/4/1727 1627/4/1730 1626/4/1729
f 1624/4/1727 1595/4/1706 1627/4/1730
f 1595/1619/1706 1589/1614/1701 1627/1654/1730
f 1590/1613/1565 1627/1654/1730 1589/1614/1701
f 1590/1613/1565 1628/1655/1565 1627/1654/1730
f 1628/1655/1565 1626/1653/1729 1627/1654/1730
f 1631/1656/1570 1629/1657/1565 1628/1655/1565
f 1628/1655/1565 1629/1657/1565 1626/1653/1729
f 1630/1658/1570 1628/1655/1565 1590/1613/1565
f 1630/1658/1570 1631/1656/1570 1628/1655/1565
f 1631/1656/1570 1634/1659/1564 1629/1657/1565
f 1633/1660/1731 1632/1661/1732 1631/1656/1570
f 1632/1661/1732 1634/1659/1564 1631/1656/1570
f 1633/1660/1731 1631/1656/1570 1630/1658/1570
f 1634/1659/1564 1636/1662/1564 1629/1657/1565
f 1632/1661/1732 1635/1663/1733 1634/1659/1564
f 1635/1663/1733 1637/1664/1564 1634/1659/1564
f 1634/1659/1564 1637/1664/1564 1636/1662/1564
f 1640/1665/1734 1638/1666/1570 1637/1664/1564
f 1637/1664/1564 1638/1666/1570 1639/1667/1570
f 1637/1664/1564 1639/1667/1570 1636/1662/1564
f 1635/1663/1733 1640/1665/1734 1637/1664/1564
f 1640/1665/1734 1641/1668/1735 1638/1666/1570
f 1642/1669/1736 1641/1668/1735 1640/1665/1734
f 1643/4/1737 1640/4/1734 1635/4/1733
f 1643/4/1737 1642/4/1736 1640/4/1734
f 1644/4/1738 1643/4/1737 1635/4/1733
f 1645/4/1739 1644/4/1738 1632/4/1732
f 1644/4/1738 1635/4/1733 1632/4/1732
f 1645/4/1739 1632/4/1732 1633/4/1731
f 1646/4/1740 1645/4/1739 1633/4/1731
f 1646/4/1740 1633/4/1731 1585/4/1700
f 1582/4/1699 1646/4/1740 1585/4/1700
f 1642/1669/1736 1647/1670/1741 1641/1668/1735
f 1647/1670/1741 1649/1671/1742 1648/1672/1743
f 1647/1670/1741 1648/1672/1743 1641/1668/1735
f 1649/1671/1742 1651/1673/1744 1650/1674/1745
f 1649/1671/1742 1650/1674/1745 1648/1672/1743
f 1651/1673/1744 1653/1675/1746 1650/1674/1745
f 1651/1673/1744 1652/1676/1747 1653/1675/1746
f 1653/1675/1746 1656/1677/1748 1654/1678/1564
f 1653/1675/1746 1654/1678/1564 1655/1679/1564
f 1650/1674/1745 1653/1675/1746 1655/1679/1564
f 1652/1676/1747 1656/1677/1748 1653/1675/1746
f 1656/1677/1748 1658/1680/1749 1657/1681/1564
f 1656/1677/1748 1657/1681/1564 1654/1678/1564
f 1659/1682/1750 1658/1680/1749 1656/1677/1748
f 1652/1676/1747 1659/1682/1750 1656/1677/1748
f 1659/1682/1750 1660/1683/1751 1658/1680/1749
f 1660/1683/1751 1661/1684/1752 1662/1685/1753
f 1660/1683/1751 1662/1685/1753 1658/1680/1749
f 1658/1680/1749 1662/1685/1753 1663/1686/1564
f 1662/1685/1753 1665/1687/1570 1663/1686/1564
f 1661/1684/1752 1664/1688/1754 1662/1685/1753
f 1662/1685/1753 1664/1688/1754 1665/1687/1570
f 1663/1686/1564 1665/1687/1570 1666/1689/1564
f 1665/1687/1570 1668/1690/1565 1666/1689/1564
f 1664/1688/1754 1667/1691/1564 1665/1687/1570
f 1665/1687/1570 1667/1691/1564 1668/1690/1565
f 1666/1689/1564 1668/1690/1565 1671/1692/1755
f 1668/1690/1565 1670/1693/1570 1669/1694/1756
f 1668/1690/1565 1669/1694/1756 1671/1692/1755
f 1667/1691/1564 1670/1693/1570 1668/1690/1565
f 1374/1430/1546 1672/1695/1757 1671/1692/1755
f 1376/1432/1548 1374/1430/1546 1671/1692/1755
f 1376/1432/1548 1671/1692/1755 1669/1694/1756
f 1666/1689/1564 1671/1692/1755 1672/1695/1757
f 1372/4/1544 1673/4/1758 1672/4/1757
f 1374/4/1546 1372/4/1544 1672/4/1757
f 1674/1696/1564 1672/1695/1757 1673/1697/1758
f 1674/1696/1564 1666/1689/1564 1672/1695/1757
f 1657/1681/1564 1674/1696/1564 1675/1698/1759
f 1675/1698/1759 1674/1696/1564 1673/1697/1758
f 1663/1686/1564 1666/1689/1564 1674/1696/1564
f 1657/1681/1564 1663/1686/1564 1674/1696/1564
f 1654/1678/1564 1675/1698/1759 1676/1699/1564
f 1676/1699/1564 1675/1698/1759 1677/1700/1760
f 1654/1678/1564 1657/1681/1564 1675/1698/1759
f 1675/1698/1759 1673/1697/1758 1677/1700/1760
f 1678/4/1761 1679/4/1762 1677/4/1760
f 1371/4/1543 1678/4/1761 1677/4/1760
f 1371/4/1543 1677/4/1760 1673/4/1758
f 1676/1699/1564 1677/1700/1760 1679/1701/1762
f 1678/1702/1761 1680/1703/1763 1679/1701/1762
f 1680/1703/1763 1681/1704/1764 1679/1701/1762
f 1682/1705/1570 1679/1701/1762 1681/1704/1764
f 1682/1705/1570 1676/1699/1564 1679/1701/1762
f 1683/1706/1565 1682/1705/1570 1681/1704/1764
f 1655/1679/1564 1676/1699/1564 1682/1705/1570
f 1684/1707/1564 1682/1705/1570 1683/1706/1565
f 1684/1707/1564 1655/1679/1564 1682/1705/1570
f 1650/1674/1745 1655/1679/1564 1684/1707/1564
f 1685/1708/1564 1684/1707/1564 1683/1706/1565
f 1648/1672/1743 1684/1707/1564 1685/1708/1564
f 1648/1672/1743 1650/1674/1745 1684/1707/1564
f 1685/1708/1564 1683/1706/1565 1686/1709/1564
f 1638/1666/1570 1685/1708/1564 1686/1709/1564
f 1641/1668/1735 1685/1708/1564 1638/1666/1570
f 1641/1668/1735 1648/1672/1743 1685/1708/1564
f 1686/1709/1564 1683/1706/1565 1687/1710/1765
f 1686/1709/1564 1687/1710/1765 1688/1711/1766
f 1639/1667/1570 1686/1709/1564 1688/1711/1766
f 1638/1666/1570 1686/1709/1564 1639/1667/1570
f 1689/1712/1767 1690/1713/1768 1688/1711/1766
f 1689/1712/1767 1688/1711/1766 1687/1710/1765
f 1690/1713/1768 1691/1714/1769 1688/1711/1766
f 1639/1667/1570 1688/1711/1766 1691/1714/1769
f 1636/1662/1564 1639/1667/1570 1691/1714/1769
f 1636/1662/1564 1691/1714/1769 1692/1715/1770
f 1693/1716/1771 1692/1715/1770 1691/1714/1769
f 1690/4/1768 1693/4/1771 1691/4/1769
f 1694/1717/1772 1693/1718/1771 1690/1713/1768
f 1694/1717/1772 1695/1719/1773 1693/1718/1771
f 1695/1719/1773 1625/1652/1728 1693/1718/1771
f 1693/4/1771 1625/4/1728 1692/4/1770
f 1695/1719/1773 1623/1650/1726 1625/1652/1728
f 1696/1720/1774 1694/1717/1772 1690/1713/1768
f 1696/1720/1774 1690/1713/1768 1689/1712/1767
f 1697/1721/1775 1696/1720/1774 1689/1712/1767
f 1698/1722/1776 1697/1721/1775 1699/1723/1777
f 1697/1721/1775 1689/1712/1767 1699/1723/1777
f 1680/1703/1763 1699/1724/1777 1681/1704/1764
f 1698/4/1776 1699/4/1777 1680/4/1763
f 1699/4/1777 1689/4/1767 1687/4/1765
f 1699/1724/1777 1687/1710/1765 1681/1704/1764
f 1700/1725/1778 1698/1726/1776 1680/1703/1763
f 1700/1725/1778 1680/1703/1763 1678/1702/1761
f 1370/1426/1542 1700/1725/1778 1678/1702/1761
f 1625/1652/1728 1626/1653/1729 1692/1715/1770
f 1629/1657/1565 1636/1662/1564 1692/1715/1770
f 1629/1657/1565 1692/1715/1770 1626/1653/1729
f 1683/1706/1565 1681/1704/1764 1687/1710/1765
f 1370/1426/1542 1678/1702/1761 1371/1427/1543
f 1655/1679/1564 1654/1678/1564 1676/1699/1564
f 1372/4/1544 1371/4/1543 1673/4/1758
f 1670/1693/1570 1701/1727/1779 1669/1694/1756
f 1670/1693/1570 1702/1728/1564 1701/1727/1779
f 1667/1691/1564 1703/1729/1564 1670/1693/1570
f 1703/1729/1564 1702/1728/1564 1670/1693/1570
f 1704/1730/1780 1703/1729/1564 1667/1691/1564
f 1703/1729/1564 1705/1731/1564 1702/1728/1564
f 1704/1730/1780 1706/1732/1781 1703/1729/1564
f 1706/1732/1781 1705/1731/1564 1703/1729/1564
f 1708/1733/1782 1707/1734/1783 1706/1732/1781
f 1707/1734/1783 1709/1735/1784 1706/1732/1781
f 1706/1732/1781 1709/1735/1784 1705/1731/1564
f 1708/1733/1782 1706/1732/1781 1704/1730/1780
f 1709/1735/1784 1395/1451/1565 1705/1731/1564
f 1710/1736/1785 1397/1454/1566 1709/1735/1784
f 1709/1735/1784 1397/1454/1566 1395/1451/1565
f 1707/4/1783 1710/4/1785 1709/4/1784
f 1710/1736/1785 1711/1737/1786 1397/1454/1566
f 1711/4/1786 1398/4/1567 1397/4/1566
f 1711/4/1786 1712/4/1787 1398/4/1567
f 1712/4/1787 1400/4/1568 1398/4/1567
f 1712/4/1787 1713/4/1788 1400/4/1568
f 1713/4/1788 1714/4/1789 1404/4/1569
f 1713/4/1788 1404/4/1569 1400/4/1568
f 1714/4/1789 1716/4/1790 1715/4/1791
f 1714/4/1789 1715/4/1791 1404/4/1569
f 1716/4/1790 1415/4/1575 1715/4/1791
f 1716/4/1790 1418/4/1577 1415/4/1575
f 1715/1738/1791 1415/1472/1575 1409/1465/1570
f 1715/1738/1791 1409/1465/1570 1403/1460/1565
f 1404/1459/1569 1715/1738/1791 1403/1460/1565
f 1717/1739/1792 1708/1733/1782 1704/1730/1780
f 1661/1684/1752 1717/1739/1792 1664/1688/1754
f 1717/1739/1792 1704/1730/1780 1664/1688/1754
f 1705/1731/1564 1395/1451/1565 1394/1450/1564
f 1705/1731/1564 1394/1450/1564 1702/1728/1564
f 1664/1688/1754 1704/1730/1780 1667/1691/1564
f 1702/1728/1564 1394/1450/1564 1718/1740/1793
f 1702/1728/1564 1718/1740/1793 1701/1727/1779
f 1382/1439/1555 1718/1740/1793 1391/1447/1563
f 1382/1439/1555 1380/1436/1552 1718/1740/1793
f 1394/1450/1564 1391/1447/1563 1718/1740/1793
f 1380/4/1552 1701/4/1779 1718/4/1793
f 1378/4/1550 1669/4/1756 1701/4/1779
f 1380/1436/1552 1378/1434/1550 1701/1741/1779
f 1378/1434/1550 1376/1432/1548 1669/1694/1756
f 1658/1680/1749 1663/1686/1564 1657/1681/1564
f 1585/1610/1700 1633/1660/1731 1630/1658/1570
f 1584/1608/1564 1630/1658/1570 1590/1613/1565
f 1585/1610/1700 1630/1658/1570 1584/1608/1564
f 1534/1580/1664 1565/1648/1684 1530/1577/1570
f 1542/1588/1565 1512/1557/1570 1508/1555/1570
f 1531/1578/1564 1523/1570/1659 1522/1569/1658
f 1499/1545/1637 1450/1491/1599 1446/1490/1598
f 1401/1456/1564 1406/1462/1571 1389/1445/1561
f 1388/1444/1560 1389/1445/1561 1406/1462/1571
f 1392/1449/1564 1401/1456/1564 1389/1445/1561
f 1384/1440/1556 1382/1439/1555 1391/1447/1563
usemtl Material.086
f 1724/1742/1794 1720/1743/1795 1719/1744/1796
f 1719/1744/1796 1720/1743/1795 1721/1745/1797
f 1719/1744/1796 1721/1745/1797 1722/1746/1798
f 1723/1747/1799 1719/1744/1796 1722/1746/1798
f 1725/1748/1800 1719/1744/1796 1723/1747/1799
f 1725/1748/1800 1724/1742/1794 1719/1744/1796
f 1726/1749/1801 1724/1742/1794 1725/1748/1800
f 1728/1750/1802 1726/1749/1801 1725/1748/1800
f 1728/1750/1802 1725/1748/1800 1727/1751/1803
f 1727/1751/1803 1725/1748/1800 1723/1747/1799
f 1729/1752/1804 1726/1749/1801 1728/1750/1802
f 1730/1753/1805 1728/1750/1802 1727/1751/1803
f 1731/1754/1806 1729/1752/1804 1728/1750/1802
f 1731/1754/1806 1728/1750/1802 1730/1753/1805
f 1732/1755/1807 1729/1752/1804 1731/1754/1806
f 1733/1756/1808 1731/1754/1806 1730/1753/1805
f 1734/1757/1809 1732/1755/1807 1731/1754/1806
f 1734/1757/1809 1731/1754/1806 1733/1756/1808
f 1735/1758/1810 1734/1757/1809 1733/1756/1808
f 1735/1758/1810 1733/1756/1808 1736/1759/1811
f 1737/1760/1812 1735/1758/1810 1736/1759/1811
f 1737/1760/1812 1736/1759/1811 1738/1761/1813
f 1739/1762/1814 1737/1760/1812 1738/1761/1813
f 1739/1762/1814 1738/1761/1813 1740/1763/1815
f 1741/1764/1816 1739/1762/1814 1740/1763/1815
f 1743/1765/1817 1741/1764/1816 1742/1766/1818
f 1741/1764/1816 1740/1763/1815 1742/1766/1818
f 1743/1765/1817 1742/1766/1818 1744/1767/1819
f 1745/1768/1820 1743/1765/1817 1744/1767/1819
f 1747/1769/1821 1745/1768/1820 1746/1770/1822
f 1745/1768/1820 1744/1767/1819 1746/1770/1822
f 1749/1771/1823 1747/1769/1821 1748/1772/1824
f 1747/1769/1821 1746/1770/1822 1748/1772/1824
f 1751/1773/1825 1749/1771/1823 1750/1774/1826
f 1749/1771/1823 1748/1772/1824 1750/1774/1826
f 1753/1775/1827 1751/1773/1825 1752/1776/1828
f 1751/1773/1825 1750/1774/1826 1752/1776/1828
f 1753/1775/1827 1752/1776/1828 1754/1777/1829
f 1755/1778/1830 1753/1775/1827 1754/1777/1829
f 1756/1779/1831 1755/1778/1830 1757/1780/1832
f 1755/1778/1830 1754/1777/1829 1757/1780/1832
f 1757/1780/1832 1754/1777/1829 1758/1781/1833
f 1757/1780/1832 1758/1781/1833 1759/1782/1834
f 1760/1783/1835 1757/1780/1832 1759/1782/1834
f 1756/1779/1831 1757/1780/1832 1760/1783/1835
f 1762/1784/1836 1756/1779/1831 1760/1783/1835
f 1762/1784/1836 1760/1783/1835 1761/1785/1837
f 1761/1785/1837 1760/1783/1835 1763/1786/1838
f 1760/1783/1835 1759/1782/1834 1763/1786/1838
f 1763/1786/1838 1759/1782/1834 1764/1787/1839
f 1763/1786/1838 1764/1787/1839 1765/1788/1840
f 1766/1789/1841 1763/1786/1838 1765/1788/1840
f 1761/1785/1837 1763/1786/1838 1766/1789/1841
f 1766/1789/1841 1765/1788/1840 1767/1790/1842
f 1768/1791/1843 1766/1789/1841 1767/1790/1842
f 1769/1792/1844 1766/1789/1841 1768/1791/1843
f 1769/1792/1844 1761/1785/1837 1766/1789/1841
f 1771/1793/1845 1769/1792/1844 1768/1791/1843
f 1772/1794/1846 1761/1785/1837 1769/1792/1844
f 1770/1795/1847 1769/1792/1844 1771/1793/1845
f 1770/1795/1847 1772/1794/1846 1769/1792/1844
f 1772/1794/1846 1762/1784/1836 1761/1785/1837
f 1775/1796/1848 1770/1795/1847 1771/1793/1845
f 1773/1797/1849 1771/1793/1845 1774/1798/1850
f 1775/1796/1848 1771/1793/1845 1773/1797/1849
f 1771/1793/1845 1768/1791/1843 1774/1798/1850
f 1776/1799/1851 1775/1796/1848 1773/1797/1849
f 1777/1800/1852 1776/1799/1851 1778/1801/1853
f 1776/1799/1851 1773/1797/1849 1778/1801/1853
f 1778/1801/1853 1773/1797/1849 1779/1802/1854
f 1778/1801/1853 1779/1802/1854 1780/1803/1855
f 1777/1800/1852 1778/1801/1853 1781/1804/1856
f 1781/1804/1856 1778/1801/1853 1780/1803/1855
f 1782/1805/1857 1781/1804/1856 1783/1806/1858
f 1782/1805/1857 1777/1800/1852 1781/1804/1856
f 1783/1806/1858 1781/1804/1856 1784/1807/1859
f 1781/1804/1856 1780/1803/1855 1784/1807/1859
f 1786/1808/1860 1784/1807/1859 1785/1809/1861
f 1784/1807/1859 1787/1810/1862 1785/1809/1861
f 1784/1807/1859 1780/1803/1855 1787/1810/1862
f 1783/1806/1858 1784/1807/1859 1786/1808/1860
f 1780/1803/1855 1788/1811/1863 1787/1810/1862
f 1787/1810/1862 1788/1811/1863 1790/1812/1864
f 1785/1809/1861 1787/1810/1862 1789/1813/1865
f 1787/1810/1862 1790/1812/1864 1789/1813/1865
f 1788/1811/1863 1791/1814/1866 1790/1812/1864
f 1790/1812/1864 1791/1814/1866 1792/1815/1867
f 1790/1812/1864 1792/1815/1867 1793/1816/1868
f 1789/1813/1865 1790/1812/1864 1793/1816/1868
f 1789/1813/1865 1793/1816/1868 1795/1817/1869
f 1794/1818/1870 1796/1819/1871 1793/1816/1868
f 1794/1818/1870 1793/1816/1868 1792/1815/1867
f 1796/1819/1871 1795/1817/1869 1793/1816/1868
f 1796/1819/1871 1798/1820/1872 1795/1817/1869
f 1799/1821/1873 1796/1819/1871 1794/1818/1870
f 1797/1822/1874 1798/1820/1872 1796/1819/1871
f 1799/1821/1873 1797/1822/1874 1796/1819/1871
f 1802/1823/1875 1799/1821/1873 1800/1824/1876
f 1800/1824/1876 1799/1821/1873 1794/1818/1870
f 1801/1825/1877 1797/1822/1874 1799/1821/1873
f 1801/1825/1877 1799/1821/1873 1802/1823/1875
f 1802/1823/1875 1800/1824/1876 1805/1826/1878
f 1802/1823/1875 1804/1827/1879 1801/1825/1877
f 1802/1823/1875 1803/1828/1880 1804/1827/1879
f 1805/1826/1878 1803/1828/1880 1802/1823/1875
f 1805/1826/1878 1800/1824/1876 1806/1829/1881
f 1805/1826/1878 1806/1829/1881 1807/1830/1882
f 1807/1830/1882 1808/1831/1883 1805/1826/1878
f 1805/1826/1878 1808/1831/1883 1803/1828/1880
f 1810/1832/1884 1808/1831/1883 1809/1833/1885
f 1807/1830/1882 1809/1833/1885 1808/1831/1883
f 1810/1832/1884 1811/1834/1886 1808/1831/1883
f 1811/1834/1886 1803/1828/1880 1808/1831/1883
f 1811/1834/1886 1812/1835/1887 1803/1828/1880
f 1812/1835/1887 1813/1836/1888 1804/1827/1879
f 1812/1835/1887 1804/1827/1879 1803/1828/1880
f 1813/1836/1888 1814/1837/1889 1815/1838/1890
f 1813/1836/1888 1815/1838/1890 1804/1827/1879
f 1801/1825/1877 1815/1838/1890 1816/1839/1891
f 1801/1825/1877 1804/1827/1879 1815/1838/1890
f 1816/1839/1891 1815/1838/1890 1817/1840/1892
f 1814/1837/1889 1817/1840/1892 1815/1838/1890
f 1818/1841/1893 1817/1840/1892 1820/1842/1894
f 1816/1839/1891 1817/1840/1892 1818/1841/1893
f 1814/1837/1889 1819/1843/1895 1817/1840/1892
f 1819/1843/1895 1820/1842/1894 1817/1840/1892
f 1822/1844/1896 1820/1842/1894 1821/1845/1897
f 1823/1846/1898 1821/1845/1897 1820/1842/1894
f 1818/1841/1893 1820/1842/1894 1822/1844/1896
f 1819/1843/1895 1823/1846/1898 1820/1842/1894
f 1823/1846/1898 1824/1847/1899 1821/1845/1897
f 1824/1847/1899 1825/1848/1900 1821/1845/1897
f 1824/1847/1899 1826/1849/1901 1825/1848/1900
f 1826/1849/1901 1827/1850/1902 1828/1851/1903
f 1826/1849/1901 1828/1851/1903 1825/1848/1900
f 1827/1850/1902 1830/1852/1904 1828/1851/1903
f 1829/1853/1905 1825/1848/1900 1828/1851/1903
f 1829/1853/1905 1828/1851/1903 1831/1854/1906
f 1831/1854/1906 1828/1851/1903 1830/1852/1904
f 1832/1855/1907 1833/1856/1908 1831/1854/1906
f 1831/1854/1906 1830/1852/1904 1832/1855/1907
f 1831/1854/1906 1833/1856/1908 1834/1857/1909
f 1831/1854/1906 1834/1857/1909 1829/1853/1905
f 1834/1857/1909 1835/1858/1910 1836/1859/1911
f 1834/1857/1909 1833/1856/1908 1835/1858/1910
f 1829/1853/1905 1834/1857/1909 1837/1860/1912
f 1837/1860/1912 1834/1857/1909 1836/1859/1911
f 1840/1861/1913 1837/1860/1912 1838/1862/1914
f 1838/1862/1914 1837/1860/1912 1839/1863/1915
f 1837/1860/1912 1836/1859/1911 1839/1863/1915
f 1829/1853/1905 1837/1860/1912 1840/1861/1913
f 1840/1861/1913 1838/1862/1914 1822/1844/1896
f 1840/1861/1913 1821/1845/1897 1825/1848/1900
f 1840/1861/1913 1825/1848/1900 1829/1853/1905
f 1822/1844/1896 1821/1845/1897 1840/1861/1913
f 1839/1863/1915 1843/1864/1916 1841/1865/1917
f 1842/1866/1918 1839/1863/1915 1841/1865/1917
f 1838/1862/1914 1839/1863/1915 1842/1866/1918
f 1839/1863/1915 1836/1859/1911 1843/1864/1916
f 1845/1867/1919 1843/1864/1916 1844/1868/1920
f 1836/1859/1911 1844/1868/1920 1843/1864/1916
f 1845/1867/1919 1846/1869/1921 1843/1864/1916
f 1846/1869/1921 1841/1865/1917 1843/1864/1916
f 1848/1870/1922 1846/1869/1921 1845/1867/1919
f 1846/1869/1921 1847/1871/1923 1841/1865/1917
f 1849/1872/1924 1847/1871/1923 1846/1869/1921
f 1848/1870/1922 1849/1872/1924 1846/1869/1921
f 1849/1872/1924 1850/1873/1925 1847/1871/1923
f 1851/1874/1926 1850/1873/1925 1849/1872/1924
f 1852/1875/1927 1851/1874/1926 1849/1872/1924
f 1852/1875/1927 1849/1872/1924 1848/1870/1922
f 1854/1876/1928 1852/1875/1927 1848/1870/1922
f 1855/1877/1929 1853/1878/1930 1852/1875/1927
f 1853/1878/1930 1851/1874/1926 1852/1875/1927
f 1855/1877/1929 1852/1875/1927 1854/1876/1928
f 1857/1879/1931 1856/1880/1932 1855/1877/1929
f 1856/1880/1932 1853/1878/1930 1855/1877/1929
f 1857/1879/1931 1855/1877/1929 1858/1881/1933
f 1858/1881/1933 1855/1877/1929 1854/1876/1928
f 1861/1882/1934 1858/1881/1933 1859/1883/1935
f 1858/1881/1933 1854/1876/1928 1859/1883/1935
f 1860/1884/1936 1858/1881/1933 1861/1882/1934
f 1860/1884/1936 1857/1879/1931 1858/1881/1933
f 1861/1882/1934 1859/1883/1935 1862/1885/1937
f 1864/1886/1938 1861/1882/1934 1862/1885/1937
f 1863/1887/1939 1861/1882/1934 1864/1886/1938
f 1863/1887/1939 1860/1884/1936 1861/1882/1934
f 1867/1888/1940 1864/1886/1938 1865/1889/1941
f 1864/1886/1938 1862/1885/1937 1865/1889/1941
f 1866/1890/1942 1863/1887/1939 1864/1886/1938
f 1866/1890/1942 1864/1886/1938 1867/1888/1940
f 1870/1891/1943 1867/1888/1940 1868/1892/1944
f 1868/1892/1944 1867/1888/1940 1869/1893/1945
f 1870/1891/1943 1866/1890/1942 1867/1888/1940
f 1867/1888/1940 1865/1889/1941 1869/1893/1945
f 1871/1894/1946 1870/1891/1943 1868/1892/1944
f 1871/1894/1946 1868/1892/1944 1872/1895/1947
f 1873/1896/1948 1871/1894/1946 1872/1895/1947
f 1873/1896/1948 1872/1895/1947 1875/1897/1949
f 1874/1898/1950 1873/1896/1948 1875/1897/1949
f 1877/1899/1951 1875/1897/1949 1876/1900/1952
f 1875/1897/1949 1878/1901/1953 1876/1900/1952
f 1874/1898/1950 1875/1897/1949 1877/1899/1951
f 1875/1897/1949 1872/1895/1947 1878/1901/1953
f 1876/1900/1952 1878/1901/1953 1881/1902/1954
f 1872/1895/1947 1879/1903/1955 1878/1901/1953
f 1878/1901/1953 1879/1903/1955 1880/1904/1956
f 1878/1901/1953 1880/1904/1956 1881/1902/1954
f 1876/1900/1952 1881/1902/1954 1883/1905/1957
f 1881/1902/1954 1884/1906/1958 1882/1907/1959
f 1883/1905/1957 1881/1902/1954 1882/1907/1959
f 1881/1902/1954 1880/1904/1956 1884/1906/1958
f 1884/1906/1958 1887/1908/1960 1885/1909/1961
f 1882/1907/1959 1884/1906/1958 1885/1909/1961
f 1880/1904/1956 1886/1910/1962 1884/1906/1958
f 1884/1906/1958 1886/1910/1962 1887/1908/1960
f 1888/1911/1963 1887/1908/1960 1890/1912/1964
f 1888/1911/1963 1889/1913/1965 1887/1908/1960
f 1889/1913/1965 1885/1909/1961 1887/1908/1960
f 1886/1910/1962 1890/1912/1964 1887/1908/1960
f 1886/1910/1962 1891/1914/1966 1890/1912/1964
f 1891/1914/1966 1893/1915/1967 1890/1912/1964
f 1892/1916/1968 1890/1912/1964 1893/1915/1967
f 1892/1916/1968 1888/1911/1963 1890/1912/1964
f 1891/1914/1966 1894/1917/1969 1893/1915/1967
f 1894/1917/1969 1896/1918/1970 1893/1915/1967
f 1895/1919/1971 1892/1916/1968 1893/1915/1967
f 1895/1919/1971 1893/1915/1967 1896/1918/1970
f 1897/1920/1972 1895/1919/1971 1896/1918/1970
f 1897/1920/1972 1896/1918/1970 1898/1921/1973
f 1899/1922/1974 1898/1921/1973 1896/1918/1970
f 1894/1917/1969 1899/1922/1974 1896/1918/1970
f 1902/1923/1975 1900/1924/1976 1899/1922/1974
f 1899/1922/1974 1900/1924/1976 1898/1921/1973
f 1901/1925/1977 1902/1923/1975 1899/1922/1974
f 1901/1925/1977 1899/1922/1974 1894/1917/1969
f 1902/1923/1975 1903/1926/1978 1900/1924/1976
f 1859/1883/1935 1903/1926/1978 1902/1923/1975
f 1862/1885/1937 1859/1883/1935 1902/1923/1975
f 1862/1885/1937 1902/1923/1975 1901/1925/1977
f 1903/1926/1978 1845/1867/1919 1900/1924/1976
f 1903/1926/1978 1848/1870/1922 1845/1867/1919
f 1854/1876/1928 1848/1870/1922 1903/1926/1978
f 1859/1883/1935 1854/1876/1928 1903/1926/1978
f 1904/1927/1979 1901/1925/1977 1894/1917/1969
f 1865/1889/1941 1901/1925/1977 1904/1927/1979
f 1865/1889/1941 1862/1885/1937 1901/1925/1977
f 1904/1927/1979 1894/1917/1969 1891/1914/1966
f 1869/1893/1945 1904/1927/1979 1905/1928/1980
f 1905/1928/1980 1904/1927/1979 1891/1914/1966
f 1869/1893/1945 1865/1889/1941 1904/1927/1979
f 1879/1903/1955 1869/1893/1945 1905/1928/1980
f 1879/1903/1955 1905/1928/1980 1880/1904/1956
f 1880/1904/1956 1905/1928/1980 1886/1910/1962
f 1905/1928/1980 1891/1914/1966 1886/1910/1962
f 1900/1924/1976 1845/1867/1919 1844/1868/1920
f 1900/1924/1976 1844/1868/1920 1898/1921/1973
f 1835/1858/1910 1897/1920/1972 1898/1921/1973
f 1835/1858/1910 1898/1921/1973 1844/1868/1920
f 1833/1856/1908 1906/1929/1981 1897/1920/1972
f 1906/1929/1981 1895/1919/1971 1897/1920/1972
f 1833/1856/1908 1897/1920/1972 1835/1858/1910
f 1907/1930/1982 1906/1929/1981 1832/1855/1907
f 1907/1930/1982 1908/1931/1983 1906/1929/1981
f 1832/1855/1907 1906/1929/1981 1833/1856/1908
f 1906/1929/1981 1908/1931/1983 1895/1919/1971
f 1910/1932/1984 1909/1933/1985 1908/1931/1983
f 1908/1931/1983 1909/1933/1985 1892/1916/1968
f 1908/1931/1983 1892/1916/1968 1895/1919/1971
f 1910/1932/1984 1908/1931/1983 1907/1930/1982
f 1911/1934/1986 1909/1933/1985 1910/1932/1984
f 1910/1932/1984 1913/1935/1987 1911/1934/1986
f 1907/1930/1982 1912/1936/1988 1910/1932/1984
f 1910/1932/1984 1912/1936/1988 1913/1935/1987
f 1911/1934/1986 1913/1935/1987 1915/1937/1989
f 1914/1938/1990 1913/1935/1987 1912/1936/1988
f 1914/1938/1990 1916/1939/1991 1913/1935/1987
f 1916/1939/1991 1915/1937/1989 1913/1935/1987
f 1916/1939/1991 1917/1940/1992 1915/1937/1989
f 1917/1940/1992 1919/1941/1993 1918/1942/1994
f 1917/1940/1992 1918/1942/1994 1915/1937/1989
f 1919/1941/1993 1920/1943/1995 1918/1942/1994
f 1919/1941/1993 1921/1944/1996 1920/1943/1995
f 1921/1944/1996 1922/1945/1997 1920/1943/1995
f 1921/1944/1996 1923/1946/1998 1922/1945/1997
f 1923/1946/1998 1924/1947/1999 1922/1945/1997
f 1923/1946/1998 1925/1948/2000 1924/1947/1999
f 1925/1948/2000 1927/1949/2001 1924/1947/1999
f 1925/1948/2000 1926/1950/2002 1927/1949/2001
f 1928/1951/2003 1924/1947/1999 1927/1949/2001
f 1928/1951/2003 1927/1949/2001 1929/1952/2004
f 1929/1952/2004 1927/1949/2001 1930/1953/2005
f 1926/1950/2002 1930/1953/2005 1927/1949/2001
f 1932/1954/2006 1931/1955/2007 1930/1953/2005
f 1933/1956/2008 1930/1953/2005 1931/1955/2007
f 1926/1950/2002 1932/1954/2006 1930/1953/2005
f 1929/1952/2004 1930/1953/2005 1933/1956/2008
f 1935/1957/2009 1934/1958/2010 1933/1956/2008
f 1933/1956/2008 1934/1958/2010 1936/1959/2011
f 1933/1956/2008 1936/1959/2011 1929/1952/2004
f 1933/1956/2008 1931/1955/2007 1935/1957/2009
f 1939/1960/2012 1936/1959/2011 1937/1961/2013
f 1936/1959/2011 1938/1962/2014 1937/1961/2013
f 1936/1959/2011 1934/1958/2010 1938/1962/2014
f 1929/1952/2004 1936/1959/2011 1939/1960/2012
f 1939/1960/2012 1937/1961/2013 1940/1963/2015
f 1941/1964/2016 1939/1960/2012 1940/1963/2015
f 1928/1951/2003 1939/1960/2012 1941/1964/2016
f 1929/1952/2004 1939/1960/2012 1928/1951/2003
f 1943/1965/2017 1941/1964/2016 1942/1966/2018
f 1941/1964/2016 1940/1963/2015 1942/1966/2018
f 1944/1967/2019 1941/1964/2016 1943/1965/2017
f 1928/1951/2003 1941/1964/2016 1944/1967/2019
f 1944/1967/2019 1922/1945/1997 1924/1947/1999
f 1945/1968/2020 1922/1945/1997 1944/1967/2019
f 1944/1967/2019 1924/1947/1999 1928/1951/2003
f 1944/1967/2019 1943/1965/2017 1945/1968/2020
f 1945/1968/2020 1947/1969/2021 1946/1970/2022
f 1946/1970/2022 1920/1943/1995 1945/1968/2020
f 1945/1968/2020 1920/1943/1995 1922/1945/1997
f 1945/1968/2020 1943/1965/2017 1947/1969/2021
f 1950/1971/2023 1947/1969/2021 1948/1972/2024
f 1947/1969/2021 1949/1973/2025 1948/1972/2024
f 1947/1969/2021 1943/1965/2017 1949/1973/2025
f 1946/1970/2022 1947/1969/2021 1950/1971/2023
f 1950/1971/2023 1948/1972/2024 1889/1913/1965
f 1951/1974/2026 1950/1971/2023 1889/1913/1965
f 1952/1975/2027 1950/1971/2023 1951/1974/2026
f 1946/1970/2022 1950/1971/2023 1952/1975/2027
f 1911/1934/1986 1915/1937/1989 1952/1975/2027
f 1952/1975/2027 1951/1974/2026 1911/1934/1986
f 1952/1975/2027 1915/1937/1989 1918/1942/1994
f 1952/1975/2027 1918/1942/1994 1946/1970/2022
f 1951/1974/2026 1889/1913/1965 1888/1911/1963
f 1909/1933/1985 1951/1974/2026 1888/1911/1963
f 1911/1934/1986 1951/1974/2026 1909/1933/1985
f 1949/1973/2025 1942/1966/2018 1953/1976/2028
f 1949/1973/2025 1953/1976/2028 1954/1977/2029
f 1948/1972/2024 1949/1973/2025 1954/1977/2029
f 1943/1965/2017 1942/1966/2018 1949/1973/2025
f 1955/1978/2030 1954/1977/2029 1953/1976/2028
f 1955/1978/2030 1882/1907/1959 1954/1977/2029
f 1948/1972/2024 1954/1977/2029 1885/1909/1961
f 1882/1907/1959 1885/1909/1961 1954/1977/2029
f 1957/1979/2031 1955/1978/2030 1953/1976/2028
f 1883/1905/1957 1882/1907/1959 1955/1978/2030
f 1956/1980/2032 1883/1905/1957 1955/1978/2030
f 1956/1980/2032 1955/1978/2030 1957/1979/2031
f 1960/1981/2033 1957/1979/2031 1958/1982/2034
f 1958/1982/2034 1957/1979/2031 1959/1983/2035
f 1957/1979/2031 1953/1976/2028 1959/1983/2035
f 1960/1981/2033 1956/1980/2032 1957/1979/2031
f 1961/1984/2036 1962/1985/2037 1960/1981/2033
f 1961/1984/2036 1960/1981/2033 1963/1986/2038
f 1963/1986/2038 1960/1981/2033 1958/1982/2034
f 1962/1985/2037 1956/1980/2032 1960/1981/2033
f 1963/1986/2038 1958/1982/2034 1964/1987/2039
f 1965/1988/2040 1963/1986/2038 1964/1987/2039
f 1966/1989/2041 1963/1986/2038 1965/1988/2040
f 1966/1989/2041 1961/1984/2036 1963/1986/2038
f 1969/1990/2042 1966/1989/2041 1965/1988/2040
f 1967/1991/2043 1961/1984/2036 1966/1989/2041
f 1968/1992/2044 1967/1991/2043 1966/1989/2041
f 1968/1992/2044 1966/1989/2041 1969/1990/2042
f 1969/1990/2042 1965/1988/2040 1970/1993/2045
f 1972/1994/2046 1969/1990/2042 1970/1993/2045
f 1971/1995/2047 1968/1992/2044 1969/1990/2042
f 1971/1995/2047 1969/1990/2042 1972/1994/2046
f 1972/1994/2046 1970/1993/2045 1973/1996/2048
f 1975/1997/2049 1972/1994/2046 1973/1996/2048
f 1974/1998/2050 1971/1995/2047 1972/1994/2046
f 1974/1998/2050 1972/1994/2046 1975/1997/2049
f 1975/1997/2049 1973/1996/2048 1976/1999/2051
f 1977/2000/2052 1975/1997/2049 1976/1999/2051
f 1978/2001/2053 1975/1997/2049 1977/2000/2052
f 1978/2001/2053 1974/1998/2050 1975/1997/2049
f 1979/2002/2054 1980/2003/2055 1978/2001/2053
f 1979/2002/2054 1978/2001/2053 1981/2004/2056
f 1980/2003/2055 1974/1998/2050 1978/2001/2053
f 1981/2004/2056 1978/2001/2053 1977/2000/2052
f 1983/2005/2057 1981/2004/2056 1982/2006/2058
f 1982/2006/2058 1981/2004/2056 1984/2007/2059
f 1983/2005/2057 1979/2002/2054 1981/2004/2056
f 1981/2004/2056 1977/2000/2052 1984/2007/2059
f 1984/2007/2059 1987/2008/2060 1985/2009/2061
f 1986/2010/2062 1984/2007/2059 1985/2009/2061
f 1982/2006/2058 1984/2007/2059 1986/2010/2062
f 1984/2007/2059 1977/2000/2052 1987/2008/2060
f 1987/2008/2060 1989/2011/2063 1988/2012/2064
f 1985/2009/2061 1987/2008/2060 1988/2012/2064
f 1977/2000/2052 1976/1999/2051 1987/2008/2060
f 1987/2008/2060 1976/1999/2051 1989/2011/2063
f 1988/2012/2064 1989/2011/2063 1990/2013/2065
f 1989/2011/2063 1991/2014/2066 1990/2013/2065
f 1976/1999/2051 1992/2015/2067 1989/2011/2063
f 1989/2011/2063 1992/2015/2067 1991/2014/2066
f 1992/2015/2067 1993/2016/2068 1991/2014/2066
f 1992/2015/2067 1994/2017/2069 1993/2016/2068
f 1976/1999/2051 1973/1996/2048 1992/2015/2067
f 1973/1996/2048 1994/2017/2069 1992/2015/2067
f 1970/1993/2045 1995/2018/2070 1994/2017/2069
f 1973/1996/2048 1970/1993/2045 1994/2017/2069
f 1994/2017/2069 1996/2019/2071 1993/2016/2068
f 1994/2017/2069 1995/2018/2070 1996/2019/2071
f 1938/1962/2014 1996/2019/2071 1997/2020/2072
f 1995/2018/2070 1997/2020/2072 1996/2019/2071
f 1998/2021/2073 1993/2016/2068 1996/2019/2071
f 1938/1962/2014 1998/2021/2073 1996/2019/2071
f 1934/1958/2010 1999/2022/2074 1998/2021/2073
f 1999/2022/2074 2000/2023/2075 1998/2021/2073
f 1998/2021/2073 2000/2023/2075 1993/2016/2068
f 1934/1958/2010 1998/2021/2073 1938/1962/2014
f 2000/2023/2075 1991/2014/2066 1993/2016/2068
f 2000/2023/2075 2001/2024/2076 1991/2014/2066
f 2002/4/2077 2001/4/2076 2000/4/2075
f 1999/2022/2074 2002/2025/2077 2000/2023/2075
f 2002/4/2077 2003/4/2078 2001/4/2076
f 2004/4/2079 2003/4/2078 2002/4/2077
f 2005/2026/2080 2002/2025/2077 1999/2022/2074
f 2004/4/2079 2002/4/2077 2005/4/2080
f 1935/1957/2009 2007/2027/2081 2005/2026/2080
f 2005/2026/2080 1999/2022/2074 1935/1957/2009
f 2005/2026/2080 2006/2028/2082 2004/2029/2079
f 2005/2026/2080 2007/2027/2081 2006/2028/2082
f 1935/1957/2009 1931/1955/2007 2007/2027/2081
f 2009/2030/2083 2006/2028/2082 2007/2027/2081
f 2008/2031/2084 2007/2027/2081 1931/1955/2007
f 2008/2031/2084 2009/2030/2083 2007/2027/2081
f 2009/2030/2083 2010/2032/2085 2006/2028/2082
f 2010/2032/2085 2012/2033/2086 2011/2034/2087
f 2010/2032/2085 2011/2034/2087 2006/2028/2082
f 2012/2033/2086 2013/2035/2088 2011/2034/2087
f 2012/2033/2086 2014/2036/2089 2013/2035/2088
f 2014/2036/2089 2015/2037/2090 2013/2035/2088
f 2014/2036/2089 2016/2038/2091 2015/2037/2090
f 2016/2038/2091 2017/2039/2092 2015/2037/2090
f 2016/2038/2091 2018/2040/2093 2017/2039/2092
f 2018/2040/2093 2019/2041/2094 2017/2039/2092
f 2018/2040/2093 2020/2042/2095 2019/2041/2094
f 2020/2042/2095 2022/2043/2096 2021/2044/2097
f 2020/2042/2095 2021/2044/2097 2019/2041/2094
f 2022/2043/2096 2024/2045/2098 2023/2046/2099
f 2022/2043/2096 2023/2046/2099 2021/2044/2097
f 2024/2045/2098 2026/2047/2100 2025/2048/2101
f 2024/2045/2098 2025/2048/2101 2023/2046/2099
f 2026/2047/2100 2028/2049/2102 2027/2050/2103
f 2026/2047/2100 2027/2050/2103 2025/2048/2101
f 2028/2049/2102 2029/2051/2104 2027/2050/2103
f 2028/2049/2102 2030/2052/2105 2029/2051/2104
f 2030/2052/2105 2031/2053/2106 2029/2051/2104
f 2030/2052/2105 2032/2054/2107 2031/2053/2106
f 2032/2054/2107 2033/2055/2108 2031/2053/2106
f 2032/2054/2107 2034/2056/2109 2033/2055/2108
f 2034/2056/2109 2035/2057/2110 2036/2058/2111
f 2034/2056/2109 2036/2058/2111 2033/2055/2108
f 2037/2059/2112 2036/2058/2111 2038/2060/2113
f 2039/2061/2114 2036/2058/2111 2037/2059/2112
f 2035/2057/2110 2038/2060/2113 2036/2058/2111
f 2039/2061/2114 2033/2055/2108 2036/2058/2111
f 2039/4/2114 2042/4/2115 2040/4/2116
f 2039/4/2114 2040/4/2116 2041/4/2117
f 2041/2062/2117 2033/2055/2108 2039/2061/2114
f 2037/2059/2112 2042/2063/2115 2039/2061/2114
f 2040/4/2116 2042/4/2115 2045/4/2118
f 2042/4/2115 2044/4/2119 2043/4/2120
f 2042/4/2115 2043/4/2120 2045/4/2118
f 2037/2059/2112 2044/2064/2119 2042/2063/2115
f 2045/2065/2118 2048/2066/2121 2046/2067/2122
f 2047/2068/2123 2045/2065/2118 2046/2067/2122
f 2040/4/2116 2045/4/2118 2047/4/2123
f 2045/2065/2118 2043/2069/2120 2048/2066/2121
f 2049/2070/2124 2046/2067/2122 2048/2066/2121
f 2050/2071/2125 2049/2070/2124 2048/2066/2121
f 2050/2071/2125 2048/2066/2121 2051/2072/2126
f 2043/2069/2120 2051/2072/2126 2048/2066/2121
f 2043/2069/2120 2054/2073/2127 2051/2072/2126
f 2052/2074/2128 2051/2072/2126 2053/2075/2129
f 2052/2074/2128 2050/2071/2125 2051/2072/2126
f 2054/2073/2127 2053/2075/2129 2051/2072/2126
f 2054/2073/2127 2055/2076/2130 2053/2075/2129
f 2044/2064/2119 2054/2073/2127 2043/2069/2120
f 2044/2064/2119 2056/2077/2131 2054/2073/2127
f 2056/2077/2131 2055/2076/2130 2054/2073/2127
f 2056/2077/2131 2058/2078/2132 2055/2076/2130
f 2059/2079/2133 2056/2077/2131 2057/2080/2134
f 2057/2080/2134 2056/2077/2131 2044/2064/2119
f 2059/2079/2133 2058/2078/2132 2056/2077/2131
f 2061/2081/2135 2058/2078/2132 2059/2079/2133
f 2059/2079/2133 2060/2082/2136 2062/2083/2137
f 2057/2080/2134 2060/2082/2136 2059/2079/2133
f 2059/2079/2133 2062/2083/2137 2061/2081/2135
f 2063/2084/2138 2064/2085/2139 2062/2083/2137
f 2063/2084/2138 2062/2083/2137 2060/2082/2136
f 2064/2085/2139 2065/2086/2140 2062/2083/2137
f 2061/2081/2135 2062/2083/2137 2065/2086/2140
f 2068/2087/2141 2066/2088/2142 2065/2086/2140
f 2067/2089/2143 2065/2086/2140 2066/2088/2142
f 2064/2085/2139 2068/2087/2141 2065/2086/2140
f 2061/2081/2135 2065/2086/2140 2067/2089/2143
f 2068/2087/2141 2069/2090/2144 2066/2088/2142
f 2069/2090/2144 2070/2091/2145 2066/2088/2142
f 2069/2090/2144 2071/2092/2146 2070/2091/2145
f 2071/2092/2146 2073/2093/2147 2072/2094/2148
f 2071/2092/2146 2072/2094/2148 2070/2091/2145
f 2073/2093/2147 2074/2095/2149 2072/2094/2148
f 2073/2093/2147 2075/2096/2150 2074/2095/2149
f 2075/2096/2150 2076/2097/2151 2077/2098/2152
f 2075/2096/2150 2077/2098/2152 2074/2095/2149
f 2078/2099/2153 2077/2098/2152 2080/2100/2154
f 2079/2101/2155 2077/2098/2152 2078/2099/2153
f 2079/2101/2155 2074/2095/2149 2077/2098/2152
f 2076/2097/2151 2080/2100/2154 2077/2098/2152
f 2078/2099/2153 2080/2100/2154 2081/2102/2156
f 2081/2102/2156 2080/2100/2154 2082/2103/2157
f 2083/2104/2158 2082/2103/2157 2080/2100/2154
f 2076/2097/2151 2083/2104/2158 2080/2100/2154
f 2083/2104/2158 2084/2105/2159 2082/2103/2157
f 2084/2105/2159 2086/2106/2160 2085/2107/2161
f 2084/2105/2159 2085/2107/2161 2082/2103/2157
f 2086/2106/2160 2087/2108/2162 2088/2109/2163
f 2086/2106/2160 2088/2109/2163 2085/2107/2161
f 2089/2110/2164 2088/2109/2163 2090/2111/2165
f 2089/2110/2164 2085/2107/2161 2088/2109/2163
f 2087/2108/2162 1809/1833/1885 2088/2109/2163
f 2090/2111/2165 2088/2109/2163 1809/1833/1885
f 2090/2111/2165 2092/2112/2166 2091/2113/2167
f 2090/2111/2165 2091/2113/2167 2089/2110/2164
f 2090/2111/2165 1809/1833/1885 1807/1830/1882
f 1807/1830/1882 2092/2112/2166 2090/2111/2165
f 2091/2113/2167 2092/2112/2166 2093/2114/2168
f 1806/1829/1881 2093/2114/2168 2092/2112/2166
f 1807/1830/1882 1806/1829/1881 2092/2112/2166
f 2091/2113/2167 2093/2114/2168 2097/2115/2169
f 2094/2116/2170 2093/2114/2168 2096/2117/2171
f 2094/2116/2170 2095/2118/2172 2093/2114/2168
f 2097/2115/2169 2093/2114/2168 2095/2118/2172
f 1806/1829/1881 2096/2117/2171 2093/2114/2168
f 2097/2115/2169 2095/2118/2172 2098/2119/2173
f 2100/2120/2174 2097/2115/2169 2098/2119/2173
f 2099/2121/2175 2091/2113/2167 2097/2115/2169
f 2099/2121/2175 2097/2115/2169 2100/2120/2174
f 2100/2120/2174 2098/2119/2173 2101/2122/2176
f 2102/2123/2177 2100/2120/2174 2101/2122/2176
f 2103/2124/2178 2100/2120/2174 2102/2123/2177
f 2103/2124/2178 2099/2121/2175 2100/2120/2174
f 2104/2125/2179 2103/2124/2178 2102/2123/2177
f 2081/2102/2156 2103/2124/2178 2104/2125/2179
f 2105/2126/2180 2103/2124/2178 2081/2102/2156
f 2105/2126/2180 2099/2121/2175 2103/2124/2178
f 2089/2110/2164 2099/2121/2175 2105/2126/2180
f 2105/2126/2180 2082/2103/2157 2085/2107/2161
f 2081/2102/2156 2082/2103/2157 2105/2126/2180
f 2105/2126/2180 2085/2107/2161 2089/2110/2164
f 2107/2127/2181 2104/2125/2179 2106/2128/2182
f 2104/2125/2179 2102/2123/2177 2106/2128/2182
f 2078/2099/2153 2104/2125/2179 2107/2127/2181
f 2081/2102/2156 2104/2125/2179 2078/2099/2153
f 2107/2127/2181 2106/2128/2182 2108/2129/2183
f 2078/2099/2153 2107/2127/2181 2079/2101/2155
f 2079/2101/2155 2107/2127/2181 2109/2130/2184
f 2109/2130/2184 2107/2127/2181 2108/2129/2183
f 2109/2130/2184 2108/2129/2183 2112/2131/2185
f 2110/2132/2186 2109/2130/2184 2112/2131/2185
f 2111/2133/2187 2109/2130/2184 2110/2132/2186
f 2079/2101/2155 2109/2130/2184 2111/2133/2187
f 2112/2131/2185 2115/2134/2188 2113/2135/2189
f 2114/2136/2190 2112/2131/2185 2113/2135/2189
f 2110/2132/2186 2112/2131/2185 2114/2136/2190
f 2112/2131/2185 2108/2129/2183 2115/2134/2188
f 2116/2137/2191 2113/2135/2189 2115/2134/2188
f 2117/2138/2192 2116/2137/2191 2115/2134/2188
f 2117/2138/2192 2115/2134/2188 2118/2139/2193
f 2108/2129/2183 2118/2139/2193 2115/2134/2188
f 2119/2140/2194 2117/2138/2192 2118/2139/2193
f 2108/2129/2183 2106/2128/2182 2118/2139/2193
f 2119/2140/2194 2118/2139/2193 2120/2141/2195
f 2106/2128/2182 2120/2141/2195 2118/2139/2193
f 2106/2128/2182 2102/2123/2177 2120/2141/2195
f 2121/2142/2196 2120/2141/2195 2101/2122/2176
f 2121/2142/2196 2119/2140/2194 2120/2141/2195
f 2102/2123/2177 2101/2122/2176 2120/2141/2195
f 2122/2143/2197 2121/2142/2196 2101/2122/2176
f 1764/1787/1839 2121/2142/2196 2122/2143/2197
f 1764/1787/1839 2123/2144/2198 2121/2142/2196
f 2123/2144/2198 2119/2140/2194 2121/2142/2196
f 1758/1781/1833 2124/2145/2199 2123/2144/2198
f 2123/2144/2198 2124/2145/2199 2119/2140/2194
f 1759/1782/1834 1758/1781/1833 2123/2144/2198
f 1759/1782/1834 2123/2144/2198 1764/1787/1839
f 2126/2146/2200 2125/2147/2201 2124/2145/2199
f 2124/2145/2199 2125/2147/2201 2117/2138/2192
f 2124/2145/2199 2117/2138/2192 2119/2140/2194
f 1758/1781/1833 2126/2146/2200 2124/2145/2199
f 2126/2146/2200 2127/2148/2202 2125/2147/2201
f 1752/1776/1828 2127/2148/2202 2126/2146/2200
f 1752/1776/1828 2126/2146/2200 1758/1781/1833
f 1750/1774/1826 2128/2149/2203 2127/2148/2202
f 2127/2148/2202 2128/2149/2203 2129/2150/2204
f 1752/1776/1828 1750/1774/1826 2127/2148/2202
f 2127/2148/2202 2129/2150/2204 2125/2147/2201
f 2129/2150/2204 2130/2151/2205 2116/2137/2191
f 2129/2150/2204 2131/2152/2206 2130/2151/2205
f 2128/2149/2203 2131/2152/2206 2129/2150/2204
f 2125/2147/2201 2129/2150/2204 2116/2137/2191
f 2131/2152/2206 2132/2153/2207 2130/2151/2205
f 2131/2152/2206 2134/2154/2208 2132/2153/2207
f 2128/2149/2203 2133/2155/2209 2131/2152/2206
f 2133/2155/2209 2134/2154/2208 2131/2152/2206
f 2134/2154/2208 2136/2156/2210 2132/2153/2207
f 2137/2157/2211 2135/2158/2212 2134/2154/2208
f 2134/2154/2208 2135/2158/2212 2136/2156/2210
f 2133/2155/2209 2137/2157/2211 2134/2154/2208
f 2137/2157/2211 2138/2159/2213 2135/2158/2212
f 1744/1767/1819 2138/2159/2213 2137/2157/2211
f 1746/1770/1822 1744/1767/1819 2137/2157/2211
f 1746/1770/1822 2137/2157/2211 2133/2155/2209
f 2138/2159/2213 2139/2160/2214 2135/2158/2212
f 2138/2159/2213 2140/2161/2215 2139/2160/2214
f 1744/1767/1819 1742/1766/1818 2138/2159/2213
f 1742/1766/1818 2140/2161/2215 2138/2159/2213
f 2140/2161/2215 2142/2162/2216 2141/2163/2217
f 2140/2161/2215 2141/2163/2217 2139/2160/2214
f 1740/1763/1815 2142/2162/2216 2140/2161/2215
f 1742/1766/1818 1740/1763/1815 2140/2161/2215
f 2142/2162/2216 2144/2164/2218 2143/2165/2219
f 2142/2162/2216 2143/2165/2219 2141/2163/2217
f 1738/1761/1813 2144/2164/2218 2142/2162/2216
f 1740/1763/1815 1738/1761/1813 2142/2162/2216
f 2144/2164/2218 2146/2166/2220 2145/2167/2221
f 2144/2164/2218 2145/2167/2221 2143/2165/2219
f 1736/1759/1811 2146/2166/2220 2144/2164/2218
f 1738/1761/1813 1736/1759/1811 2144/2164/2218
f 2146/2166/2220 2147/2168/2222 2145/2167/2221
f 1736/1759/1811 1733/1756/1808 2146/2166/2220
f 1733/1756/1808 1730/1753/1805 2146/2166/2220
f 2146/2166/2220 1730/1753/1805 2147/2168/2222
f 2145/2167/2221 2147/2168/2222 2049/2070/2124
f 2147/2168/2222 2148/2169/2223 2049/2070/2124
f 2147/2168/2222 1727/1751/1803 2148/2169/2223
f 1730/1753/1805 1727/1751/1803 2147/2168/2222
f 2148/2169/2223 2149/2170/2224 2046/2067/2122
f 2148/2169/2223 1723/1747/1799 2149/2170/2224
f 2049/2070/2124 2148/2169/2223 2046/2067/2122
f 1727/1751/1803 1723/1747/1799 2148/2169/2223
f 2150/4/2225 2047/4/2123 2149/4/2224
f 2150/4/2225 2149/4/2224 1722/4/1798
f 2047/2068/2123 2046/2067/2122 2149/2170/2224
f 1723/1747/1799 1722/1746/1798 2149/2170/2224
f 2152/4/2226 2150/4/2225 2151/4/2227
f 2151/4/2227 2150/4/2225 1722/4/1798
f 2153/4/2228 2047/4/2123 2150/4/2225
f 2152/4/2226 2153/4/2228 2150/4/2225
f 2041/4/2117 2040/4/2116 2153/4/2228
f 2153/4/2228 2040/4/2116 2047/4/2123
f 2041/4/2117 2153/4/2228 2154/4/2229
f 2154/4/2229 2153/4/2228 2152/4/2226
f 2155/4/2230 2029/4/2104 2154/4/2229
f 2154/4/2229 2152/4/2226 2155/4/2230
f 2154/4/2229 2031/4/2106 2041/4/2117
f 2154/2171/2229 2029/2051/2104 2031/2053/2106
f 2156/4/2231 2027/4/2103 2155/4/2230
f 2155/4/2230 2157/4/2232 2156/4/2231
f 2155/4/2230 2027/4/2103 2029/4/2104
f 2155/4/2230 2152/4/2226 2157/4/2232
f 2159/4/2233 2157/4/2232 2158/4/2234
f 2157/4/2232 2151/4/2227 2158/4/2234
f 2156/4/2231 2157/4/2232 2159/4/2233
f 2157/4/2232 2152/4/2226 2151/4/2227
f 2161/4/2235 2159/4/2233 2160/4/2236
f 2159/4/2233 2158/4/2234 2160/4/2236
f 2162/4/2237 2159/4/2233 2161/4/2235
f 2156/4/2231 2159/4/2233 2162/4/2237
f 2162/4/2237 2025/4/2101 2156/4/2231
f 2163/4/2238 2023/4/2099 2162/4/2237
f 2162/4/2237 2161/4/2235 2163/4/2238
f 2162/4/2237 2023/4/2099 2025/4/2101
f 2163/4/2238 2164/4/2239 2165/4/2240
f 2163/4/2238 2161/4/2235 2164/4/2239
f 2163/4/2238 2021/4/2097 2023/4/2099
f 2165/4/2240 2021/4/2097 2163/4/2238
f 2165/4/2240 2164/4/2239 2166/4/2241
f 2165/4/2240 2166/4/2241 2167/4/2242
f 2165/4/2240 2019/4/2094 2021/4/2097
f 2167/4/2242 2019/4/2094 2165/4/2240
f 2167/4/2242 2166/4/2241 2168/4/2243
f 2167/4/2242 2168/4/2243 2169/4/2244
f 2167/4/2242 2017/4/2092 2019/4/2094
f 2169/4/2244 2017/4/2092 2167/4/2242
f 2169/4/2244 2170/4/2245 2171/4/2246
f 2169/4/2244 2168/4/2243 2170/4/2245
f 2169/4/2244 2015/4/2090 2017/4/2092
f 2171/4/2246 2015/4/2090 2169/4/2244
f 2171/4/2246 2172/4/2247 2173/4/2248
f 2171/4/2246 2170/4/2245 2172/4/2247
f 2171/4/2246 2013/4/2088 2015/4/2090
f 2173/4/2248 2013/4/2088 2171/4/2246
f 2173/4/2248 2172/4/2247 2003/4/2078
f 2173/4/2248 2003/4/2078 2004/4/2079
f 2173/4/2248 2011/4/2087 2013/4/2088
f 2004/4/2079 2011/4/2087 2173/4/2248
f 2003/4/2078 2172/4/2247 2175/4/2249
f 2172/4/2247 2170/4/2245 2174/4/2250
f 2172/4/2247 2174/4/2250 2175/4/2249
f 2175/4/2249 2174/4/2250 2176/4/2251
f 2001/4/2076 2175/4/2249 1990/4/2065
f 2175/4/2249 2176/4/2251 1990/4/2065
f 2003/4/2078 2175/4/2249 2001/4/2076
f 2174/4/2250 2177/4/2252 2176/4/2251
f 2178/2172/2253 2176/2173/2251 2177/2174/2252
f 2178/2172/2253 1988/2012/2064 2176/2173/2251
f 1988/2012/2064 1990/2013/2065 2176/2173/2251
f 2180/2175/2254 2178/2172/2253 2177/2174/2252
f 1985/2009/2061 1988/2012/2064 2178/2172/2253
f 2179/2176/2255 1985/2009/2061 2178/2172/2253
f 2179/2176/2255 2178/2172/2253 2180/2175/2254
f 2180/2175/2254 2177/2174/2252 2181/2177/2256
f 2183/2178/2257 2180/2175/2254 2181/2177/2256
f 2182/2179/2258 2179/2176/2255 2180/2175/2254
f 2182/2179/2258 2180/2175/2254 2183/2178/2257
f 2186/2180/2259 2183/2178/2257 2184/2181/2260
f 2184/2181/2260 2183/2178/2257 2185/2182/2261
f 2183/2178/2257 2181/2177/2256 2185/2182/2261
f 2186/2180/2259 2182/2179/2258 2183/2178/2257
f 2186/2180/2259 2184/2181/2260 2187/2183/2262
f 2186/2180/2259 2187/2183/2262 2188/2184/2263
f 2189/2185/2264 2186/2180/2259 2188/2184/2263
f 2189/2185/2264 2182/2179/2258 2186/2180/2259
f 2189/2185/2264 2188/2184/2263 2190/2186/2265
f 2191/2187/2266 2189/2185/2264 2190/2186/2265
f 2191/2187/2266 2193/2188/2267 2189/2185/2264
f 2193/2188/2267 2192/2189/2268 2189/2185/2264
f 2189/2185/2264 2192/2189/2268 2182/2179/2258
f 2194/2190/2269 2196/2191/2270 2193/2188/2267
f 2194/2190/2269 2193/2188/2267 2191/2187/2266
f 2196/2191/2270 2195/2192/2271 2193/2188/2267
f 2193/2188/2267 2195/2192/2271 2192/2189/2268
f 2196/2191/2270 2197/2193/2272 2195/2192/2271
f 2197/2193/2272 1983/2005/2057 1982/2006/2058
f 2197/2193/2272 1982/2006/2058 2195/2192/2271
f 2195/2192/2271 1982/2006/2058 1986/2010/2062
f 2195/2192/2271 1986/2010/2062 2192/2189/2268
f 2198/2194/2273 2194/2190/2269 2191/2187/2266
f 2200/2195/2274 2198/2194/2273 2199/2196/2275
f 2198/2194/2273 2191/2187/2266 2199/2196/2275
f 2202/2197/2276 2200/2195/2274 2201/2198/2277
f 2200/2195/2274 2199/2196/2275 2201/2198/2277
f 2202/2197/2276 2201/2198/2277 2203/2199/2278
f 2204/2200/2279 2202/2197/2276 2203/2199/2278
f 2204/2200/2279 2203/2199/2278 2205/2201/2280
f 2206/2202/2281 2204/2200/2279 2205/2201/2280
f 2206/2202/2281 2205/2201/2280 1729/1752/1804
f 1732/1755/1807 2206/2202/2281 1729/1752/1804
f 2205/2201/2280 2203/2199/2278 2207/2203/2282
f 1729/1752/1804 2205/2201/2280 1726/1749/1801
f 2205/2201/2280 2207/2203/2282 1726/1749/1801
f 1726/1749/1801 2207/2203/2282 1724/1742/1794
f 2207/2203/2282 2208/2204/2283 1724/1742/1794
f 2207/2203/2282 2209/2205/2284 2208/2204/2283
f 2203/2199/2278 2209/2205/2284 2207/2203/2282
f 2209/2205/2284 2211/2206/2285 2210/2207/2286
f 2209/2205/2284 2210/2207/2286 2208/2204/2283
f 2203/2199/2278 2201/2198/2277 2209/2205/2284
f 2201/2198/2277 2211/2206/2285 2209/2205/2284
f 2201/2198/2277 2199/2196/2275 2211/2206/2285
f 2211/2206/2285 2190/2186/2265 2188/2184/2263
f 2211/2206/2285 2188/2184/2263 2210/2207/2286
f 2199/2196/2275 2190/2186/2265 2211/2206/2285
f 2210/2207/2286 2188/2184/2263 2187/2183/2262
f 2210/2207/2286 2187/2183/2262 2212/2208/2287
f 2208/2204/2283 2210/2207/2286 2212/2208/2287
f 2212/2208/2287 2214/2209/2288 2213/2210/2289
f 1720/1743/1795 2212/2208/2287 2213/2210/2289
f 2208/2204/2283 2212/2208/2287 1720/1743/1795
f 2212/2208/2287 2187/2183/2262 2214/2209/2288
f 2160/4/2236 2213/4/2289 2214/4/2288
f 2184/2181/2260 2214/2209/2288 2187/2183/2262
f 2216/4/2290 2160/4/2236 2214/4/2288
f 2184/2181/2260 2215/2211/2291 2214/2209/2288
f 2216/4/2290 2214/4/2288 2215/4/2291
f 2161/4/2235 2160/4/2236 2216/4/2290
f 2217/4/2292 2216/4/2290 2215/4/2291
f 2164/4/2239 2161/4/2235 2216/4/2290
f 2164/4/2239 2216/4/2290 2217/4/2292
f 2166/4/2241 2164/4/2239 2217/4/2292
f 2166/4/2241 2217/4/2292 2218/4/2293
f 2218/4/2293 2217/4/2292 2185/4/2261
f 2217/4/2292 2215/4/2291 2185/4/2261
f 2168/4/2243 2166/4/2241 2218/4/2293
f 2168/4/2243 2218/4/2293 2219/4/2294
f 2219/4/2294 2218/4/2293 2181/4/2256
f 2218/4/2293 2185/4/2261 2181/4/2256
f 2174/4/2250 2219/4/2294 2177/4/2252
f 2219/4/2294 2181/4/2256 2177/4/2252
f 2170/4/2245 2168/4/2243 2219/4/2294
f 2170/4/2245 2219/4/2294 2174/4/2250
f 2184/2181/2260 2185/2182/2261 2215/2211/2291
f 2160/4/2236 2158/4/2234 2213/4/2289
f 2158/4/2234 1721/4/1797 2213/4/2289
f 1720/1743/1795 2213/2210/2289 1721/1745/1797
f 1724/1742/1794 2208/2204/2283 1720/1743/1795
f 2199/2196/2275 2191/2187/2266 2190/2186/2265
f 2192/2189/2268 2179/2176/2255 2182/2179/2258
f 2192/2189/2268 1986/2010/2062 2179/2176/2255
f 1986/2010/2062 1985/2009/2061 2179/2176/2255
f 2158/4/2234 2151/4/2227 1721/4/1797
f 2156/4/2231 2025/4/2101 2027/4/2103
f 2151/4/2227 1722/4/1798 1721/4/1797
f 2143/2165/2219 2145/2167/2221 2050/2071/2125
f 2145/2167/2221 2049/2070/2124 2050/2071/2125
f 2141/2163/2217 2143/2165/2219 2052/2074/2128
f 2143/2165/2219 2050/2071/2125 2052/2074/2128
f 2139/2160/2214 2141/2163/2217 2220/2212/2295
f 2141/2163/2217 2052/2074/2128 2220/2212/2295
f 2220/2212/2295 2053/2075/2129 2221/2213/2296
f 2220/2212/2295 2052/2074/2128 2053/2075/2129
f 2139/2160/2214 2220/2212/2295 2222/2214/2297
f 2222/2214/2297 2220/2212/2295 2221/2213/2296
f 2222/2214/2297 2221/2213/2296 2223/2215/2298
f 2135/2158/2212 2139/2160/2214 2222/2214/2297
f 2135/2158/2212 2222/2214/2297 2136/2156/2210
f 2136/2156/2210 2222/2214/2297 2223/2215/2298
f 2224/2216/2299 2223/2215/2298 2221/2213/2296
f 2224/2216/2299 2226/2217/2300 2223/2215/2298
f 2136/2156/2210 2223/2215/2298 2225/2218/2301
f 2226/2217/2300 2225/2218/2301 2223/2215/2298
f 2226/2217/2300 2228/2219/2302 2225/2218/2301
f 2227/2220/2303 2229/2221/2304 2226/2217/2300
f 2227/2220/2303 2226/2217/2300 2224/2216/2299
f 2229/2221/2304 2228/2219/2302 2226/2217/2300
f 2229/2221/2304 2230/2222/2305 2228/2219/2302
f 2231/2223/2306 2230/2222/2305 2229/2221/2304
f 2231/2223/2306 2229/2221/2304 2067/2089/2143
f 2067/2089/2143 2229/2221/2304 2227/2220/2303
f 2232/2224/2307 2230/2222/2305 2231/2223/2306
f 2067/2089/2143 2066/2088/2142 2231/2223/2306
f 2231/2223/2306 2066/2088/2142 2070/2091/2145
f 2231/2223/2306 2070/2091/2145 2232/2224/2307
f 2232/2224/2307 2070/2091/2145 2072/2094/2148
f 2232/2224/2307 2072/2094/2148 2111/2133/2187
f 2232/2224/2307 2110/2132/2186 2230/2222/2305
f 2111/2133/2187 2110/2132/2186 2232/2224/2307
f 2230/2222/2305 2110/2132/2186 2114/2136/2190
f 2230/2222/2305 2114/2136/2190 2228/2219/2302
f 2228/2219/2302 2114/2136/2190 2233/2225/2308
f 2228/2219/2302 2233/2225/2308 2225/2218/2301
f 2130/2151/2205 2132/2153/2207 2233/2225/2308
f 2132/2153/2207 2225/2218/2301 2233/2225/2308
f 2130/2151/2205 2233/2225/2308 2113/2135/2189
f 2114/2136/2190 2113/2135/2189 2233/2225/2308
f 2061/2081/2135 2227/2220/2303 2058/2078/2132
f 2058/2078/2132 2227/2220/2303 2224/2216/2299
f 2067/2089/2143 2227/2220/2303 2061/2081/2135
f 2132/2153/2207 2136/2156/2210 2225/2218/2301
f 2055/2076/2130 2224/2216/2299 2221/2213/2296
f 2058/2078/2132 2224/2216/2299 2055/2076/2130
f 2055/2076/2130 2221/2213/2296 2053/2075/2129
f 1748/1772/1824 1746/1770/1822 2133/2155/2209
f 1748/1772/1824 2133/2155/2209 2128/2149/2203
f 2116/2137/2191 2130/2151/2205 2113/2135/2189
f 1750/1774/1826 1748/1772/1824 2128/2149/2203
f 2125/2147/2201 2116/2137/2191 2117/2138/2192
f 2122/2143/2197 2101/2122/2176 2098/2119/2173
f 2234/2226/2309 2122/2143/2197 2098/2119/2173
f 1765/1788/1840 2122/2143/2197 2234/2226/2309
f 1765/1788/1840 1764/1787/1839 2122/2143/2197
f 2235/2227/2310 2234/2226/2309 2095/2118/2172
f 2234/2226/2309 2098/2119/2173 2095/2118/2172
f 1767/1790/1842 2234/2226/2309 2235/2227/2310
f 1767/1790/1842 1765/1788/1840 2234/2226/2309
f 2235/2227/2310 2095/2118/2172 2094/2116/2170
f 2236/2228/2311 1767/1790/1842 2235/2227/2310
f 2236/2228/2311 2235/2227/2310 2237/2229/2312
f 2237/2229/2312 2235/2227/2310 2094/2116/2170
f 2238/2230/2313 2236/2228/2311 2237/2229/2312
f 2238/2230/2313 2237/2229/2312 1791/1814/1866
f 2237/2229/2312 2094/2116/2170 2239/2231/2314
f 1791/1814/1866 2237/2229/2312 2239/2231/2314
f 1791/1814/1866 2239/2231/2314 1792/1815/1867
f 2240/2232/2315 1792/1815/1867 2239/2231/2314
f 2096/2117/2171 2240/2232/2315 2239/2231/2314
f 2096/2117/2171 2239/2231/2314 2094/2116/2170
f 1806/1829/1881 1800/1824/1876 2240/2232/2315
f 1800/1824/1876 1794/1818/1870 2240/2232/2315
f 1806/1829/1881 2240/2232/2315 2096/2117/2171
f 2240/2232/2315 1794/1818/1870 1792/1815/1867
f 1788/1811/1863 2238/2230/2313 1791/1814/1866
f 1774/1798/1850 2236/2228/2311 2238/2230/2313
f 1779/1802/1854 1774/1798/1850 2238/2230/2313
f 1779/1802/1854 2238/2230/2313 1788/1811/1863
f 1774/1798/1850 1768/1791/1843 2236/2228/2311
f 1768/1791/1843 1767/1790/1842 2236/2228/2311
f 2111/2133/2187 2072/2094/2148 2074/2095/2149
f 2111/2133/2187 2074/2095/2149 2079/2101/2155
f 2089/2110/2164 2091/2113/2167 2099/2121/2175
f 2087/2108/2162 1810/1832/1884 1809/1833/1885
f 2241/2233/2316 2063/2084/2138 2060/2082/2136
f 2241/2233/2316 2060/2082/2136 2038/2060/2113
f 2035/2057/2110 2241/2233/2316 2038/2060/2113
f 2057/2080/2134 2038/2060/2113 2060/2082/2136
f 2037/2059/2112 2038/2060/2113 2057/2080/2134
f 2057/2080/2134 2044/2064/2119 2037/2059/2112
f 2041/2062/2117 2031/2053/2106 2033/2055/2108
f 2004/2029/2079 2006/2028/2082 2011/2034/2087
f 1932/1954/2006 2008/2031/2084 1931/1955/2007
f 2001/4/2076 1990/4/2065 1991/4/2066
f 1935/1957/2009 1999/2022/2074 1934/1958/2010
f 1995/2018/2070 1964/1987/2039 1997/2020/2072
f 1964/1987/2039 2242/2234/2317 1997/2020/2072
f 1937/1961/2013 1997/2020/2072 2242/2234/2317
f 1937/1961/2013 1938/1962/2014 1997/2020/2072
f 1964/1987/2039 1958/1982/2034 2242/2234/2317
f 1958/1982/2034 1959/1983/2035 2242/2234/2317
f 1940/1963/2015 2242/2234/2317 1959/1983/2035
f 1940/1963/2015 1937/1961/2013 2242/2234/2317
f 1965/1988/2040 1964/1987/2039 1995/2018/2070
f 1970/1993/2045 1965/1988/2040 1995/2018/2070
f 1980/2003/2055 2243/2235/2318 1974/1998/2050
f 2243/2235/2318 2244/2236/2319 1971/1995/2047
f 2243/2235/2318 1971/1995/2047 1974/1998/2050
f 2244/2236/2319 2245/2237/2320 1968/1992/2044
f 2244/2236/2319 1968/1992/2044 1971/1995/2047
f 2245/2237/2320 2246/2238/2321 1967/1991/2043
f 2245/2237/2320 1967/1991/2043 1968/1992/2044
f 2246/2238/2321 2247/2239/2322 1967/1991/2043
f 2246/2238/2321 2248/2240/2323 2247/2239/2322
f 2248/2240/2323 2250/2241/2324 2249/2242/2325
f 2248/2240/2323 2249/2242/2325 2247/2239/2322
f 2250/2241/2324 1874/1898/1950 1877/1899/1951
f 2250/2241/2324 1877/1899/1951 2249/2242/2325
f 2249/2242/2325 1877/1899/1951 2251/2243/2326
f 2249/2242/2325 2251/2243/2326 1962/1985/2037
f 2247/2239/2322 2249/2242/2325 1962/1985/2037
f 2251/2243/2326 1876/1900/1952 1883/1905/1957
f 2251/2243/2326 1883/1905/1957 1956/1980/2032
f 1877/1899/1951 1876/1900/1952 2251/2243/2326
f 1962/1985/2037 2251/2243/2326 1956/1980/2032
f 1967/1991/2043 2247/2239/2322 1961/1984/2036
f 2247/2239/2322 1962/1985/2037 1961/1984/2036
f 1942/1966/2018 1959/1983/2035 1953/1976/2028
f 1942/1966/2018 1940/1963/2015 1959/1983/2035
f 1889/1913/1965 1948/1972/2024 1885/1909/1961
f 1946/1970/2022 1918/1942/1994 1920/1943/1995
f 2252/2244/2327 1914/1938/1990 1912/1936/1988
f 2253/2245/2328 2252/2244/2327 2254/2246/2329
f 2252/2244/2327 1912/1936/1988 2254/2246/2329
f 1832/1855/1907 2254/2246/2329 1907/1930/1982
f 1907/1930/1982 2254/2246/2329 1912/1936/1988
f 1832/1855/1907 1830/1852/1904 2254/2246/2329
f 2253/2245/2328 2254/2246/2329 1830/1852/1904
f 1827/1850/1902 2253/2245/2328 1830/1852/1904
f 1909/1933/1985 1888/1911/1963 1892/1916/1968
f 1872/1895/1947 1868/1892/1944 1879/1903/1955
f 1868/1892/1944 1869/1893/1945 1879/1903/1955
f 1856/1880/1932 2255/2247/2330 1853/1878/1930
f 2255/2247/2330 2257/2248/2331 2256/2249/2332
f 2255/2247/2330 2256/2249/2332 1853/1878/1930
f 2257/2248/2331 2258/2250/2333 2256/2249/2332
f 2257/2248/2331 2259/2251/2334 2258/2250/2333
f 2259/2251/2334 1782/1805/1857 1783/1806/1858
f 2259/2251/2334 1783/1806/1858 2258/2250/2333
f 2258/2250/2333 1786/1808/1860 2260/2252/2335
f 2256/2249/2332 2258/2250/2333 2260/2252/2335
f 2258/2250/2333 1783/1806/1858 1786/1808/1860
f 2256/2249/2332 2260/2252/2335 1851/1874/1926
f 2260/2252/2335 1786/1808/1860 2261/2253/2336
f 2260/2252/2335 2261/2253/2336 1850/1873/1925
f 1851/1874/1926 2260/2252/2335 1850/1873/1925
f 1786/1808/1860 1785/1809/1861 2261/2253/2336
f 2261/2253/2336 1785/1809/1861 2262/2254/2337
f 1850/1873/1925 2261/2253/2336 2263/2255/2338
f 2261/2253/2336 2262/2254/2337 2263/2255/2338
f 1847/1871/1923 2263/2255/2338 2264/2256/2339
f 2263/2255/2338 2265/2257/2340 2264/2256/2339
f 1850/1873/1925 2263/2255/2338 1847/1871/1923
f 2263/2255/2338 2262/2254/2337 2265/2257/2340
f 1798/1820/1872 2266/2258/2341 2265/2257/2340
f 1798/1820/1872 2265/2257/2340 1795/1817/1869
f 2262/2254/2337 1795/1817/1869 2265/2257/2340
f 2266/2258/2341 2264/2256/2339 2265/2257/2340
f 2267/2259/2342 2266/2258/2341 1798/1820/1872
f 2267/2259/2342 2268/2260/2343 2266/2258/2341
f 2268/2260/2343 1842/1866/1918 2266/2258/2341
f 2266/2258/2341 1842/1866/1918 2264/2256/2339
f 1818/1841/1893 2268/2260/2343 2267/2259/2342
f 1822/1844/1896 2268/2260/2343 1818/1841/1893
f 2268/2260/2343 1838/1862/1914 1842/1866/1918
f 1822/1844/1896 1838/1862/1914 2268/2260/2343
f 1797/1822/1874 2267/2259/2342 1798/1820/1872
f 1818/1841/1893 2267/2259/2342 1816/1839/1891
f 1816/1839/1891 2267/2259/2342 1797/1822/1874
f 1842/1866/1918 1841/1865/1917 2264/2256/2339
f 1847/1871/1923 2264/2256/2339 1841/1865/1917
f 1785/1809/1861 1789/1813/1865 2262/2254/2337
f 2262/2254/2337 1789/1813/1865 1795/1817/1869
f 1853/1878/1930 2256/2249/2332 1851/1874/1926
f 1836/1859/1911 1835/1858/1910 1844/1868/1920
f 1816/1839/1891 1797/1822/1874 1801/1825/1877
f 1780/1803/1855 1779/1802/1854 1788/1811/1863
f 1773/1797/1849 1774/1798/1850 1779/1802/1854
f 1752/1776/1828 1758/1781/1833 1754/1777/1829
usemtl Material.087
f 2270/2261/2 2269/2262/1 2272/2263/2344
f 2269/2262/1 2270/2261/2 2271/2264/3
f 2273/4/4 2272/4/2344 2269/4/1
f 2272/4/2344 2273/4/4 2275/4/9
f 2274/4/20 2275/4/9 2273/4/4
f 2272/4/2344 2275/4/9 2278/4/2345
f 2275/4/9 2274/4/20 2276/4/2346
f 2277/2265/10 2275/2266/9 2276/2267/2346
f 2275/2266/9 2277/2265/10 2278/2268/2345
f 2278/2268/2345 2277/2265/10 2279/2269/2347
f 2278/2268/2345 2270/2261/2 2272/2263/2344
f 2270/2261/2 2278/2268/2345 2279/2269/2347
f 2279/2269/2347 2280/2270/29 2281/2271/6
f 2280/2270/29 2279/2269/2347 2283/2272/2348
f 2281/2271/6 2270/2261/2 2279/2269/2347
f 2279/2269/2347 2277/2265/10 2282/2273/2349
f 2279/2269/2347 2282/2273/2349 2283/2272/2348
f 2283/2272/2348 2285/2274/2350 2284/2275/2351
f 2284/2275/2351 2280/2270/29 2283/2272/2348
f 2285/2274/2350 2283/2272/2348 2282/2273/2349
f 2285/2274/2350 2286/2276/2352 2284/2275/2351
f 2286/2276/2352 2285/2274/2350 2287/2277/23
f 2288/4/2353 2285/4/2350 2282/4/2349
f 2288/2278/2353 2287/2277/23 2285/2274/2350
f 2287/2277/23 2288/2278/2353 2289/2279/21
f 2290/4/15 2289/4/21 2288/4/2353
f 2282/2273/2349 2290/2280/15 2288/2281/2353
f 2289/4/21 2290/4/15 2291/4/17
f 2292/4/2354 2291/4/17 2290/4/15
f 2292/4/2354 2290/4/15 2293/4/14
f 2290/2280/15 2282/2273/2349 2293/2282/14
f 2294/2283/12 2293/2282/14 2277/2265/10
f 2282/2273/2349 2277/2265/10 2293/2282/14
f 2293/2282/14 2294/2283/12 2292/2284/2354
f 2294/4/12 2295/4/18 2292/4/2354
f 2295/4/18 2294/4/12 2296/4/19
f 2276/4/2346 2296/4/19 2294/4/12
f 2276/4/2346 2294/4/12 2277/4/10
f 2296/4/19 2276/4/2346 2274/4/20
f 2291/4/17 2292/4/2354 2295/4/18
f 2297/2285/28 2284/2275/2351 2286/2276/2352
f 2298/2286/30 2280/2270/29 2297/2285/28
f 2284/2275/2351 2297/2285/28 2280/2270/29
f 2271/2264/3 2281/2271/6 2298/2286/30
f 2280/2270/29 2298/2286/30 2281/2271/6
f 2281/2271/6 2271/2264/3 2270/2261/2
usemtl Material.088
f 2300/2287/2355 2299/2288/1 2302/2289/2344
f 2299/2288/1 2300/2287/2355 2301/2290/3
f 2303/4/4 2302/4/2344 2299/4/1
f 2302/4/2344 2303/4/4 2305/4/2356
f 2304/4/20 2305/4/2356 2303/4/4
f 2302/2289/2344 2305/2291/2356 2308/2292/7
f 2305/4/2356 2304/4/20 2306/4/2346
f 2307/2293/2357 2305/2294/2356 2306/2295/2346
f 2305/4/2356 2307/4/2357 2308/4/7
f 2300/2287/2355 2308/2292/7 2309/2296/2347
f 2308/2292/7 2307/2297/2357 2309/2296/2347
f 2308/2292/7 2300/2287/2355 2302/2289/2344
f 2309/2296/2347 2313/2298/29 2310/2299/2358
f 2310/2299/2358 2300/2287/2355 2309/2296/2347
f 2309/2296/2347 2307/2297/2357 2311/2300/13
f 2309/2296/2347 2311/2300/13 2312/2301/27
f 2313/2298/29 2309/2296/2347 2312/2301/27
f 2313/2298/29 2314/2302/30 2310/2299/2358
f 2314/2302/30 2313/2298/29 2315/2303/28
f 2316/2304/26 2315/2303/28 2313/2298/29
f 2316/2304/26 2313/2298/29 2312/2301/27
f 2315/2303/28 2316/2304/26 2317/2305/2359
f 2318/2306/2360 2317/2305/2359 2316/2304/26
f 2312/2301/27 2318/2306/2360 2316/2304/26
f 2317/2305/2359 2318/2306/2360 2319/2307/23
f 2320/2308/22 2319/2307/23 2318/2306/2360
f 2320/2308/22 2318/2306/2360 2311/2300/13
f 2318/2306/2360 2312/2301/27 2311/2300/13
f 2311/2300/13 2322/2309/15 2320/2308/22
f 2319/2307/23 2320/2308/22 2321/2310/21
f 2322/4/15 2321/4/21 2320/4/22
f 2321/4/21 2322/4/15 2323/4/17
f 2324/4/2361 2323/4/17 2322/4/15
f 2324/4/2361 2322/4/15 2325/4/14
f 2322/2309/15 2311/2300/13 2325/2311/14
f 2325/2311/14 2326/2312/12 2324/2313/2361
f 2326/2312/12 2325/2311/14 2307/2297/2357
f 2311/2300/13 2307/2297/2357 2325/2311/14
f 2326/4/12 2327/4/18 2324/4/2361
f 2327/4/18 2326/4/12 2328/4/19
f 2306/4/2346 2328/4/19 2326/4/12
f 2306/4/2346 2326/4/12 2307/4/2357
f 2328/4/19 2306/4/2346 2304/4/20
f 2323/4/17 2324/4/2361 2327/4/18
f 2301/2290/3 2310/2299/2358 2314/2302/30
f 2310/2299/2358 2301/2290/3 2300/2287/2355
usemtl Material.089
f 2330/2314/2362 2329/2315/1 2332/2316/2363
f 2329/2315/1 2330/2314/2362 2331/2317/3
f 2333/4/4 2332/4/2363 2329/4/1
f 2332/4/2363 2333/4/4 2335/4/2356
f 2334/4/2364 2335/4/2356 2333/4/4
f 2332/2316/2363 2335/2318/2356 2338/2319/7
f 2335/4/2356 2334/4/2364 2336/4/11
f 2337/2320/2357 2335/2318/2356 2336/2321/11
f 2335/2318/2356 2337/2320/2357 2338/2319/7
f 2330/2314/2362 2338/2319/7 2339/2322/2347
f 2338/2319/7 2337/2320/2357 2339/2322/2347
f 2338/2319/7 2330/2314/2362 2332/2316/2363
f 2339/2322/2347 2337/2320/2357 2340/2323/2349
f 2339/2322/2347 2340/2323/2349 2341/2324/27
f 2342/2325/29 2339/2322/2347 2341/2324/27
f 2343/2326/6 2330/2314/2362 2339/2322/2347
f 2339/2322/2347 2342/2325/29 2343/2326/6
f 2343/2326/6 2331/2317/3 2330/2314/2362
f 2331/2317/3 2343/2326/6 2344/2327/30
f 2342/2325/29 2344/2327/30 2343/2326/6
f 2344/2327/30 2342/2325/29 2345/2328/28
f 2347/2329/2351 2345/2328/28 2342/2325/29
f 2345/2328/28 2347/2329/2351 2346/2330/2365
f 2348/2331/25 2346/2330/2365 2347/2329/2351
f 2341/2324/27 2348/2331/25 2347/2329/2351
f 2347/2329/2351 2342/2325/29 2341/2324/27
f 2346/2330/2365 2348/2331/25 2349/2332/23
f 2348/2331/25 2341/2324/27 2340/2323/2349
f 2350/2333/2353 2348/2331/25 2340/2323/2349
f 2350/2333/2353 2349/2332/23 2348/2331/25
f 2349/2332/23 2350/2333/2353 2351/2334/21
f 2352/4/2366 2351/4/21 2350/4/2353
f 2340/2323/2349 2352/2335/2366 2350/2333/2353
f 2351/4/21 2352/4/2366 2354/4/17
f 2352/2335/2366 2340/2323/2349 2353/2336/2367
f 2355/4/2354 2352/4/2366 2353/4/2367
f 2355/4/2354 2354/4/17 2352/4/2366
f 2354/4/17 2355/4/2354 2356/4/18
f 2357/4/2368 2356/4/18 2355/4/2354
f 2353/2336/2367 2357/2337/2368 2355/2338/2354
f 2356/4/18 2357/4/2368 2358/4/19
f 2336/4/11 2358/4/19 2357/4/2368
f 2336/4/11 2357/4/2368 2337/4/2357
f 2357/2337/2368 2353/2336/2367 2337/2320/2357
f 2358/4/19 2336/4/11 2334/4/2364
f 2340/2323/2349 2337/2320/2357 2353/2336/2367
usemtl Material.090
f 2360/2339/2369 2359/2340/1 2362/2341/2344
f 2359/2340/1 2360/2339/2369 2361/2342/3
f 2363/4/4 2362/4/2344 2359/4/1
f 2362/4/2344 2363/4/4 2365/4/9
f 2364/4/20 2365/4/9 2363/4/4
f 2362/4/2344 2365/4/9 2368/4/7
f 2365/4/9 2364/4/20 2366/4/11
f 2367/2343/2370 2365/2344/9 2366/2345/11
f 2365/2344/9 2367/2343/2370 2368/2346/7
f 2368/2346/7 2367/2343/2370 2369/2347/2371
f 2368/2346/7 2360/2339/2369 2362/2341/2344
f 2360/2339/2369 2368/2346/7 2369/2347/2371
f 2369/2347/2371 2370/2348/2372 2371/2349/2373
f 2370/2348/2372 2369/2347/2371 2373/2350/2374
f 2371/2349/2373 2360/2339/2369 2369/2347/2371
f 2369/2347/2371 2367/2343/2370 2372/2351/13
f 2369/2347/2371 2372/2351/13 2373/2350/2374
f 2373/2350/2374 2375/2352/2350 2374/2353/2375
f 2374/2353/2375 2370/2348/2372 2373/2350/2374
f 2375/2352/2350 2373/2350/2374 2372/2351/13
f 2375/2352/2350 2376/2354/24 2374/2353/2375
f 2376/2354/24 2375/2352/2350 2377/2355/23
f 2378/2356/2353 2377/2355/23 2375/2352/2350
f 2378/2356/2353 2375/2352/2350 2372/2351/13
f 2377/2355/23 2378/2356/2353 2379/2357/21
f 2380/4/2376 2379/4/21 2378/4/2353
f 2372/2351/13 2380/2358/2376 2378/2356/2353
f 2379/4/21 2380/4/2376 2381/4/17
f 2382/4/2377 2381/4/17 2380/4/2376
f 2382/4/2377 2380/4/2376 2383/4/2378
f 2380/2358/2376 2372/2351/13 2383/2359/2378
f 2384/2360/2368 2383/2359/2378 2367/2343/2370
f 2372/2351/13 2367/2343/2370 2383/2359/2378
f 2383/2359/2378 2384/2360/2368 2382/2361/2377
f 2384/4/2368 2385/4/18 2382/4/2377
f 2385/4/18 2384/4/2368 2386/4/19
f 2366/4/11 2384/4/2368 2367/4/2370
f 2366/4/11 2386/4/19 2384/4/2368
f 2386/4/19 2366/4/11 2364/4/20
f 2381/4/17 2382/4/2377 2385/4/18
f 2387/2362/28 2374/2353/2375 2376/2354/24
f 2388/2363/30 2370/2348/2372 2387/2362/28
f 2374/2353/2375 2387/2362/28 2370/2348/2372
f 2361/2342/3 2371/2349/2373 2388/2363/30
f 2370/2348/2372 2388/2363/30 2371/2349/2373
f 2371/2349/2373 2361/2342/3 2360/2339/2369
